Head Tracking Session: phase1_cycle1_1761466190518
Start Time: 2025-10-26T04:09:50.521618
==================================================
Timestamp (ms), Pitch, Yaw, Roll, Direction
1761466193911, 0.00, 0.00, 0.00, Forward
1761466193960, 0.54, 0.17, -0.47, Forward
1761466194011, 0.48, 0.70, -0.66, Forward
1761466194069, 0.55, 0.26, -0.66, Forward
1761466194116, 0.73, 0.74, -0.86, Forward
1761466194172, 0.93, 1.05, -1.02, Forward
1761466194217, 1.07, 1.70, -1.37, Forward
1761466194263, 1.18, 1.50, -1.36, Forward
1761466194326, 1.26, 2.07, -1.72, Forward
1761466194374, 1.42, 2.57, -2.05, Forward
1761466194422, 1.70, 3.20, -2.53, Forward
1761466194467, 1.91, 3.21, -2.87, Forward
1761466194513, 2.27, 3.09, -3.19, Forward
1761466194595, 2.51, 3.47, -3.66, Forward
1761466194650, 2.68, 2.83, -3.83, Forward
1761466194695, 2.74, 2.12, -3.96, Forward
1761466194744, 2.93, -0.37, -3.54, Forward
1761466194792, 3.12, -1.47, -3.63, Forward
1761466194868, 3.44, -4.91, -2.80, Forward
1761466194913, 3.71, -6.98, -2.42, Forward
1761466194962, 3.99, -8.98, -2.07, Forward
1761466195012, 4.18, -9.12, -2.19, Forward
1761466195065, 4.50, -10.04, -2.12, Left
1761466195129, 4.49, -13.36, -1.25, Left
1761466195182, 4.52, -16.18, -0.57, Left
1761466195229, 4.61, -18.93, 0.10, Left
1761466195281, 4.76, -19.88, 0.32, Left
1761466195335, 4.92, -21.50, 0.81, Left
1761466195402, 4.94, -22.15, 0.74, Left
1761466195448, 4.94, -23.97, 1.09, Left
1761466195503, 4.86, -25.86, 1.43, Left
1761466195550, 4.68, -28.03, 1.87, Left
1761466195596, 4.45, -30.06, 2.32, Left
1761466195675, 4.52, -25.45, 0.65, Left
1761466195727, 4.71, -20.53, -1.11, Left
1761466195777, 4.80, -18.85, -1.24, Left
1761466195829, 4.45, -17.46, -1.80, Left
1761466195879, 4.04, -16.27, -2.33, Left
1761466195926, 3.52, -16.46, -2.15, Left
1761466196066, 2.96, -15.70, -2.25, Left
1761466196111, 2.43, -15.17, -2.27, Left
1761466196163, 2.08, -15.63, -1.94, Left
1761466196210, 1.66, -15.45, -1.80, Left
1761466196263, 1.25, -19.74, -0.23, Left
1761466196324, 0.52, -24.28, 1.35, Left
1761466196375, -0.13, -25.83, 1.33, Left
1761466196426, -0.53, -27.38, 1.80, Left
1761466196477, -0.60, -29.44, 2.37, Left
1761466196533, -0.68, -29.48, 2.18, Left
1761466196608, -0.62, -29.68, 2.27, Left
1761466196664, -0.43, -29.94, 2.42, Left
1761466196725, -0.24, -30.21, 2.57, Left
1761466196776, -0.60, -32.08, 2.91, Left
1761466196828, -0.08, -32.40, 3.13, Left
1761466196877, 0.64, -31.18, 2.74, Left
1761466197000, 1.52, -30.87, 2.84, Left
1761466197050, 2.28, -30.74, 2.97, Left
1761466197100, 2.67, -29.66, 2.87, Left
1761466197148, 3.12, -28.71, 2.92, Left
1761466197200, 3.59, -29.00, 3.11, Left
1761466197266, 3.73, -28.94, 3.14, Left
1761466197311, 3.85, -28.83, 3.17, Left
1761466197362, 4.43, -27.18, 2.97, Left
1761466197412, 4.41, -26.87, 2.93, Left
1761466197465, 4.31, -28.23, 3.63, Left
1761466197521, 3.99, -28.47, 3.84, Left
1761466197565, 3.76, -28.40, 3.95, Left
1761466197615, 3.67, -28.72, 4.18, Left
1761466197671, 3.66, -28.85, 4.31, Left
1761466197719, 4.00, -27.59, 3.99, Left
1761466197800, 4.36, -26.75, 3.83, Left
1761466197845, 4.69, -25.57, 3.53, Left
1761466197892, 4.97, -24.44, 3.29, Left
1761466197944, 5.07, -24.23, 3.21, Left
1761466197995, 5.11, -24.12, 3.17, Left
1761466198065, 5.18, -23.67, 2.93, Left
1761466198118, 5.28, -23.34, 2.76, Left
1761466198165, 5.35, -22.84, 2.50, Left
1761466198217, 5.34, -22.00, 2.24, Left
1761466198267, 4.85, -22.35, 2.37, Left
1761466198327, 4.65, -19.35, 1.76, Left
1761466198382, 4.42, -16.99, 1.39, Left
1761466198433, 4.22, -14.53, 0.98, Left
1761466198482, 4.65, -10.51, 0.19, Left
1761466198527, 4.94, -6.24, -0.57, Forward
1761466198595, 5.04, -1.93, -1.31, Forward
1761466198643, 5.21, 2.47, -2.09, Forward
1761466198691, 5.31, 6.71, -2.83, Forward
1761466198741, 5.26, 10.05, -3.65, Right
1761466198792, 5.01, 13.54, -4.43, Right
1761466198868, 4.60, 13.19, -4.92, Right
1761466198914, 4.15, 13.09, -5.48, Right
1761466198965, 3.84, 12.98, -6.04, Right
1761466199012, 3.01, 11.22, -6.51, Right
1761466199060, 2.34, 9.47, -7.13, Forward
1761466199125, 1.85, 7.96, -7.27, Forward
1761466199173, 1.14, 6.20, -7.33, Forward
1761466199222, 0.50, 4.61, -7.40, Forward
1761466199270, 0.33, 4.52, -7.12, Forward
1761466199314, 0.26, 4.20, -6.86, Forward
1761466199398, 0.17, 5.17, -6.23, Forward
1761466199445, -2.70, 5.90, -21.99, Forward
1761466199494, -2.95, 6.78, -21.26, Forward
1761466199544, -3.55, 8.73, -20.40, Forward
1761466199591, -4.19, 10.54, -19.49, Right
1761466199671, -4.71, 11.31, -18.97, Right
1761466199719, -5.40, 12.16, -18.44, Right
1761466199766, -6.13, 12.93, -17.88, Right
1761466199819, -6.93, 12.12, -17.80, Right
1761466199870, -7.56, 11.39, -17.70, Right
1761466199923, -7.78, 9.43, -17.86, Forward
1761466199970, -5.30, 7.82, -1.65, Forward
1761466200020, -5.56, 6.07, -1.91, Forward
1761466200066, -5.59, 4.04, -2.22, Forward
1761466200113, -5.20, 1.63, -2.69, Forward
1761466200194, -5.00, 0.25, -3.10, Forward
1761466200248, -4.54, -0.79, -3.67, Forward
1761466200294, -4.02, -1.94, -4.19, Forward
1761466200345, -3.28, -1.69, -4.52, Forward
1761466200395, -2.87, -1.62, -4.76, Forward
1761466200462, -2.92, 0.12, -4.76, Forward
1761466200509, -2.84, 1.63, -4.77, Forward
1761466200556, -2.72, 3.10, -4.81, Forward
1761466200601, -5.65, 4.76, -21.27, Forward
1761466200648, -5.83, 7.12, -21.21, Forward
1761466200728, -9.27, 9.05, -37.41, Forward
1761466200778, -12.54, 10.83, -53.46, Right
1761466200825, -15.93, 12.58, -69.63, Right
1761466200873, -19.90, 13.98, -85.57, Right
1761466200919, -23.58, 15.47, -101.68, Right
1761466201001, -27.09, 16.21, -117.98, Right
1761466201045, -30.54, 17.22, -134.23, Right
1761466201096, -34.00, 18.22, -150.52, Right
1761466201144, -34.26, 18.58, -150.66, Right
1761466201199, -37.55, 18.86, -167.25, Right
1761466201269, -37.22, 18.80, -167.64, Right
1761466201312, -33.59, 18.62, -151.91, Right
1761466201365, -33.26, 18.63, -152.23, Right
1761466201415, -29.90, 17.88, -136.31, Right
1761466201462, -26.43, 17.22, -120.41, Right
1761466201525, -22.94, 15.93, -104.27, Right
1761466201573, -19.54, 14.56, -88.22, Right
1761466201622, -16.17, 13.24, -72.10, Right
1761466201665, -13.10, 12.12, -55.62, Right
1761466201711, -10.16, 10.88, -39.05, Right
1761466201799, -7.53, 10.21, -22.32, Right
1761466201852, -8.41, 9.38, -21.72, Forward
1761466201896, -5.96, 8.38, -4.96, Forward
1761466201948, -6.41, 7.97, -4.68, Forward
1761466201992, -7.10, 7.31, -4.30, Forward
1761466202089, -7.93, 7.63, -4.07, Forward
1761466202141, -8.70, 7.78, -3.79, Forward
1761466202195, -9.46, 7.97, -3.54, Forward
1761466202253, -13.14, 8.25, -19.88, Down
1761466202303, -16.51, 8.61, -36.30, Down
1761466202351, -19.77, 9.56, -52.33, Down
1761466202468, -23.44, 11.35, -68.12, Right
1761466202514, -26.89, 13.16, -84.03, Right
1761466202562, -30.16, 14.74, -99.92, Right
1761466202610, -33.39, 16.65, -115.99, Right
1761466202659, -36.36, 18.30, -131.99, Right
1761466202725, -38.98, 20.02, -148.33, Right
1761466202778, -41.69, 21.71, -164.62, Right
1761466202832, -41.38, 23.54, -164.38, Right
1761466202880, -40.97, 25.01, -164.41, Right
1761466202997, -40.52, 25.11, -164.99, Right
1761466203043, -39.57, 24.61, -165.80, Right
1761466203123, -38.70, 23.79, -166.67, Right
1761466203171, -38.13, 23.00, -167.45, Right
1761466203218, -37.55, 22.14, -168.10, Right
1761466203266, -33.80, 20.74, -152.52, Right
1761466203392, -30.31, 19.12, -136.63, Right
1761466203441, -26.62, 17.58, -120.82, Right
1761466203522, -22.82, 15.92, -104.95, Right
1761466203567, -19.48, 14.63, -88.73, Right
1761466203611, -16.21, 13.69, -72.44, Right
1761466203661, -12.93, 12.27, -56.11, Right
1761466203794, -9.61, 11.03, -39.59, Right
1761466203850, -6.20, 9.56, -23.11, Forward
1761466203926, -2.43, 8.04, -6.72, Forward
1761466203974, -2.12, 6.94, -6.49, Forward
1761466204022, -1.84, 6.11, -6.33, Forward
1761466204072, -1.60, 5.15, -6.06, Forward
1761466204194, -1.35, 4.40, -5.90, Forward
1761466204247, -1.01, 3.53, -5.75, Forward
1761466204328, -0.65, 2.63, -5.64, Forward
1761466204379, -0.46, 2.19, -5.57, Forward
1761466204426, -0.40, 1.94, -5.52, Forward
1761466204474, -0.24, 2.63, -5.71, Forward
1761466204594, -0.37, 4.01, -5.90, Forward
1761466204644, -0.46, 5.34, -6.07, Forward
1761466204724, -0.68, 7.05, -6.06, Forward
1761466204773, -1.01, 8.78, -6.12, Forward
1761466204824, -4.65, 10.33, -22.18, Right
1761466204875, -7.99, 11.76, -38.46, Right
1761466204993, -11.49, 13.65, -54.60, Right
1761466205043, -14.75, 15.53, -70.78, Right
1761466205123, -17.94, 17.31, -87.05, Right
1761466205170, -17.81, 18.04, -87.14, Right
1761466205214, -17.70, 18.13, -87.16, Right
1761466205264, -17.57, 18.19, -87.23, Right
1761466205394, -17.37, 17.58, -87.37, Right
1761466205442, -17.12, 17.07, -87.58, Right
1761466205520, -13.64, 16.41, -71.67, Right
1761466205565, -10.38, 16.08, -55.53, Right
1761466205611, -6.94, 15.38, -39.51, Right
1761466205657, -3.63, 14.37, -23.32, Right
1761466205794, -0.21, 13.20, -6.96, Right
1761466205843, -0.36, 12.21, -6.55, Right
1761466205929, -0.39, 10.92, -6.00, Right
1761466205980, -0.42, 9.62, -5.49, Forward
1761466206027, -0.43, 8.59, -5.03, Forward
1761466206075, -0.53, 6.89, -4.34, Forward
1761466206195, -0.42, 5.48, -3.89, Forward
1761466206245, -0.29, 3.96, -3.38, Forward
1761466206323, -0.20, 2.52, -2.88, Forward
1761466206371, -0.04, 1.41, -2.60, Forward
1761466206417, -0.06, 0.50, -2.36, Forward
1761466206467, 0.06, -0.17, -2.17, Forward
1761466206592, -0.04, -0.17, -2.23, Forward
1761466206642, -0.04, -0.01, -2.30, Forward
1761466206721, -0.06, 0.60, -2.40, Forward
1761466206775, -0.16, 1.91, -2.69, Forward
1761466206825, -0.38, 3.14, -2.81, Forward
1761466206875, -0.52, 4.69, -3.13, Forward
1761466206993, -4.02, 6.43, -19.66, Forward
1761466207042, -7.44, 8.12, -36.19, Forward
1761466207127, -10.99, 10.05, -52.70, Right
1761466207175, -14.46, 11.81, -69.19, Right
1761466207225, -17.76, 13.27, -85.56, Right
1761466207278, -17.89, 14.45, -85.89, Right
1761466207394, -17.89, 15.02, -86.11, Right
1761466207443, -17.69, 15.43, -86.30, Right
1761466207522, -17.76, 15.70, -86.36, Right
1761466207571, -17.86, 15.69, -86.31, Right
1761466207617, -14.73, 15.32, -69.99, Right
1761466207661, -11.51, 14.47, -53.48, Right
1761466207795, -8.15, 13.26, -37.00, Right
1761466207842, -4.89, 12.10, -20.52, Right
1761466207926, -1.78, 10.50, -3.84, Right
1761466207977, -1.83, 9.20, -3.23, Forward
1761466208027, -2.20, 7.94, -2.61, Forward
1761466208077, -2.39, 6.90, -2.09, Forward
1761466208192, -2.36, 6.19, -1.75, Forward
1761466208243, -2.36, 5.60, -1.42, Forward
1761466208322, -2.43, 5.44, -1.10, Forward
1761466208369, -2.67, 5.61, -0.89, Forward
1761466208415, -2.93, 6.05, -0.73, Forward
1761466208464, -3.25, 6.90, -0.66, Forward
1761466208593, -6.43, 7.97, -17.26, Forward
1761466208642, -6.55, 9.25, -17.54, Forward
1761466208724, -9.60, 10.26, -34.27, Right
1761466208774, -13.02, 11.14, -50.85, Right
1761466208826, -16.45, 11.98, -67.35, Right
1761466208876, -19.70, 12.85, -84.02, Right
1761466208993, -19.47, 13.38, -84.59, Right
1761466209044, -19.36, 14.02, -85.23, Right
1761466209126, -19.14, 14.19, -85.82, Right
1761466209175, -18.97, 13.83, -86.26, Right
1761466209227, -15.74, 13.62, -70.26, Right
1761466209276, -15.68, 12.37, -70.38, Right
1761466209395, -12.14, 9.68, -53.75, Down
1761466209450, -8.65, 7.10, -37.24, Forward
1761466209526, -5.22, 3.41, -20.47, Forward
1761466209575, -2.06, -0.53, -3.47, Forward
1761466209623, -2.19, -4.47, -2.58, Forward
1761466209670, -2.15, -8.59, -1.58, Forward
1761466209791, -2.06, -11.74, -0.67, Left
1761466209841, -2.11, -14.77, 0.19, Left
1761466209929, -1.99, -17.22, 0.96, Left
1761466209976, -1.97, -18.94, 1.60, Left
1761466210028, -2.16, -18.85, 1.83, Left
1761466210074, -2.20, -18.46, 2.07, Left
1761466210194, -2.10, -16.33, 1.72, Left
1761466210241, -1.77, -14.01, 1.33, Left
1761466210325, -1.43, -11.45, 0.82, Left
1761466210376, -1.15, -8.73, 0.20, Forward
1761466210427, -1.04, -6.60, -0.33, Forward
1761466210476, -0.64, -4.51, -0.91, Forward
1761466210595, -0.54, -3.06, -1.37, Forward
1761466210644, -0.34, -1.54, -1.81, Forward
1761466210729, -0.21, 0.21, -2.31, Forward
1761466210775, -0.08, 1.40, -2.72, Forward
1761466210826, -0.04, 1.85, -2.88, Forward
1761466210875, -0.14, 2.51, -3.15, Forward
1761466210993, -0.26, 3.12, -3.36, Forward
1761466211040, -0.38, 3.82, -3.59, Forward
1761466211122, -0.52, 4.38, -3.77, Forward
1761466211173, -0.74, 4.86, -3.90, Forward
1761466211221, -0.94, 5.40, -4.03, Forward
1761466211270, -1.04, 6.19, -4.25, Forward
1761466211392, -1.12, 6.83, -4.47, Forward
1761466211440, -1.17, 7.59, -4.73, Forward
1761466211532, -1.24, 8.55, -5.01, Forward
1761466211585, -1.38, 9.25, -5.20, Forward
1761466211630, -1.48, 9.69, -5.30, Forward
1761466211676, -1.54, 9.90, -5.36, Forward
1761466211793, -1.68, 10.28, -5.51, Right
1761466211849, -1.63, 10.67, -5.67, Right
1761466211926, -1.43, 11.00, -5.86, Right
1761466211973, -1.26, 11.17, -6.03, Right
1761466212024, -1.17, 11.21, -6.10, Right
1761466212072, -1.18, 11.29, -6.07, Right
1761466212192, -1.31, 11.15, -5.98, Right
1761466212239, -1.46, 11.00, -5.90, Right
1761466212321, -1.72, 11.46, -5.91, Right
1761466212374, -1.93, 12.18, -6.02, Right
1761466212424, -2.10, 12.92, -6.06, Right
1761466212475, -2.22, 13.53, -6.15, Right
1761466212594, -2.37, 14.02, -6.21, Right
1761466212642, -2.52, 14.38, -6.21, Right
1761466212729, -2.41, 14.12, -6.10, Right
1761466212777, -2.42, 13.86, -6.00, Right
1761466212826, -2.28, 13.47, -5.88, Right
1761466212876, -2.19, 13.21, -5.87, Right
1761466212992, -2.07, 12.33, -5.78, Right
1761466213047, -2.16, 11.36, -5.54, Right
1761466213128, -2.12, 10.57, -5.45, Right
1761466213177, -2.16, 9.90, -5.30, Forward
1761466213223, -2.31, 9.42, -5.17, Forward
1761466213271, -2.47, 9.04, -5.06, Forward
1761466213398, -2.91, 9.16, -5.06, Forward
1761466213441, -3.15, 9.24, -5.14, Forward
1761466213529, -3.42, 9.35, -5.26, Forward
1761466213581, -3.65, 9.36, -5.20, Forward
1761466213628, -3.74, 9.43, -5.20, Forward
1761466213674, -3.83, 9.64, -5.23, Forward
1761466213791, -3.73, 9.79, -5.23, Forward
1761466213842, -3.62, 9.93, -5.24, Forward
1761466213893, -3.53, 10.07, -5.27, Right
1761466213940, -3.76, 10.14, -5.18, Right
1761466213994, -3.84, 10.27, -5.16, Right
1761466214041, -3.91, 10.41, -5.15, Right
1761466214092, -7.13, 10.41, -21.76, Right
1761466214139, -7.23, 10.59, -21.79, Right
1761466214188, -7.29, 10.92, -21.85, Right
1761466214236, -7.26, 11.12, -21.94, Right
1761466214322, -7.58, 11.14, -21.89, Right
1761466214369, -7.93, 11.16, -21.86, Right
1761466214453, -8.32, 10.87, -21.85, Right
1761466214505, -8.37, 10.39, -21.88, Right
1761466214557, -8.54, 10.12, -21.92, Right
1761466214606, -8.57, 9.60, -21.93, Forward
1761466214723, -5.48, 9.05, -5.27, Forward
1761466214774, -5.42, 8.41, -5.22, Forward
1761466214851, -5.50, 7.56, -5.05, Forward
1761466214900, -5.62, 6.70, -4.89, Forward
1761466214946, -5.61, 5.80, -4.82, Forward
1761466214993, -5.60, 4.91, -4.67, Forward
1761466215123, -5.40, 4.43, -4.56, Forward
1761466215172, -5.26, 4.01, -4.44, Forward
1761466215248, -5.24, 4.06, -4.44, Forward
1761466215292, -5.26, 4.49, -4.46, Forward
1761466215342, -5.20, 5.13, -4.52, Forward
1761466215387, -5.07, 5.69, -4.66, Forward
1761466215524, -4.73, 6.30, -4.88, Forward
1761466215575, -4.36, 6.93, -5.09, Forward
1761466215650, -3.99, 6.92, -5.04, Forward
1761466215698, -3.61, 7.07, -5.09, Forward
1761466215740, -3.61, 7.03, -5.09, Forward
1761466215790, -3.35, 6.92, -5.10, Forward
1761466215926, -3.18, 6.35, -4.90, Forward
1761466215974, -3.05, 5.59, -4.73, Forward
1761466216053, -2.87, 4.93, -4.67, Forward
1761466216102, -2.77, 4.22, -4.48, Forward
1761466216149, -2.83, 3.46, -4.27, Forward
1761466216193, -3.05, 2.69, -4.02, Forward
1761466216324, -3.19, 2.67, -4.02, Forward
1761466216373, -3.32, 2.54, -3.98, Forward
1761466216451, -3.30, 2.21, -3.91, Forward
1761466216496, -3.51, 2.04, -3.83, Forward
1761466216540, -3.50, 1.74, -3.81, Forward
1761466216590, -3.45, 1.58, -3.74, Forward
1761466216722, -3.56, 1.57, -3.64, Forward
1761466216770, -3.69, 1.57, -3.57, Forward
1761466216850, -3.66, 1.60, -3.56, Forward
1761466216895, -3.52, 1.65, -3.64, Forward
1761466216941, -3.48, 1.66, -3.69, Forward
1761466216989, -3.63, 1.73, -3.67, Forward
1761466217123, -3.54, 1.97, -3.64, Forward
1761466217172, -3.27, 2.22, -3.66, Forward
1761466217249, -3.30, 2.26, -3.59, Forward
1761466217293, -3.36, 2.17, -3.58, Forward
1761466217343, -3.35, 1.93, -3.54, Forward
1761466217395, -3.27, 1.90, -3.54, Forward
1761466217523, -3.44, 1.81, -3.44, Forward
1761466217569, -3.43, 1.81, -3.38, Forward
1761466217649, -3.56, 1.79, -3.27, Forward
1761466217696, -3.54, 1.58, -3.20, Forward
1761466217740, -3.71, 1.34, -3.15, Forward
1761466217788, -4.06, 1.25, -3.10, Forward
1761466217923, -3.99, 1.33, -3.11, Forward
1761466217976, -3.98, 1.44, -3.07, Forward
1761466218053, -3.96, 1.51, -3.02, Forward
1761466218103, -4.00, 1.56, -2.99, Forward
1761466218149, -3.95, 1.64, -3.00, Forward
1761466218194, -4.10, 1.56, -2.90, Forward
1761466218322, -4.23, 1.44, -2.85, Forward
1761466218375, -4.33, 1.47, -2.81, Forward
1761466218449, -4.29, 1.77, -2.87, Forward
1761466218493, -4.21, 1.94, -2.93, Forward
1761466218540, -4.25, 2.14, -3.00, Forward
1761466218587, -4.41, 2.13, -2.98, Forward
1761466218724, -4.38, 2.18, -2.96, Forward
1761466218771, -4.28, 2.32, -2.96, Forward
1761466218851, -4.26, 2.39, -3.00, Forward
1761466218901, -4.20, 2.47, -3.06, Forward
1761466218953, -4.02, 2.61, -3.11, Forward
1761466219004, -4.19, 3.28, -3.17, Forward
1761466219122, -4.29, 4.04, -3.28, Forward
1761466219175, -4.23, 4.78, -3.39, Forward
1761466219253, -4.28, 5.51, -3.48, Forward
1761466219301, -4.10, 6.38, -3.71, Forward
1761466219347, -3.99, 7.23, -3.96, Forward
1761466219392, -3.94, 7.81, -4.13, Forward
1761466219522, -3.92, 8.08, -4.12, Forward
1761466219571, -3.77, 8.47, -4.23, Forward
1761466219650, -3.84, 8.47, -4.16, Forward
1761466219694, -3.64, 7.91, -4.14, Forward
1761466219739, -3.62, 7.20, -3.99, Forward
1761466219788, -3.75, 6.41, -3.84, Forward
1761466219923, -3.59, 5.70, -3.72, Forward
1761466219970, -3.58, 4.91, -3.52, Forward
1761466220048, -3.72, 4.09, -3.32, Forward
1761466220092, -3.87, 3.27, -3.12, Forward
1761466220138, -3.92, 2.99, -3.11, Forward
1761466220188, -4.16, 2.47, -2.99, Forward
1761466220323, -4.08, 2.44, -3.01, Forward
1761466220380, -3.90, 2.26, -2.93, Forward
1761466220452, -3.90, 2.17, -2.92, Forward
1761466220500, -3.82, 2.22, -2.97, Forward
1761466220550, -3.99, 2.17, -2.95, Forward
1761466220598, -4.04, 2.19, -2.98, Forward
1761466220725, -4.10, 2.34, -3.06, Forward
1761466220773, -4.16, 2.65, -3.19, Forward
1761466220854, -4.37, 2.62, -3.16, Forward
1761466220904, -4.45, 2.79, -3.10, Forward
1761466220953, -4.65, 2.90, -3.09, Forward
1761466221005, -4.59, 2.96, -3.14, Forward
1761466221126, -4.36, 2.97, -3.20, Forward
1761466221175, -4.19, 2.86, -3.18, Forward
1761466221250, -4.02, 2.95, -3.24, Forward
1761466221296, -3.98, 3.06, -3.27, Forward
1761466221341, -3.89, 3.05, -3.23, Forward
1761466221389, -3.88, 2.90, -3.12, Forward
1761466221525, -3.76, 2.91, -3.19, Forward
1761466221574, -3.61, 2.98, -3.31, Forward
1761466221653, -3.41, 2.90, -3.34, Forward
1761466221700, -3.44, 3.08, -3.37, Forward
1761466221747, -3.49, 3.10, -3.33, Forward
1761466221793, -3.82, 3.14, -3.30, Forward
1761466221926, -4.00, 3.02, -3.24, Forward
1761466221974, -4.03, 2.80, -3.16, Forward
1761466222052, -4.17, 2.80, -3.14, Forward
1761466222106, -4.08, 2.84, -3.19, Forward
1761466222155, -4.08, 2.87, -3.13, Forward
1761466222206, -4.02, 2.81, -3.07, Forward
1761466222327, -4.23, 2.82, -3.02, Forward
1761466222373, -4.33, 2.75, -3.03, Forward
1761466222452, -4.30, 2.77, -3.04, Forward
1761466222501, -4.02, 2.88, -3.06, Forward
1761466222550, -3.80, 2.96, -3.09, Forward
1761466222599, -3.79, 3.24, -3.19, Forward
1761466222724, -3.68, 3.41, -3.24, Forward
1761466222771, -3.67, 3.30, -3.21, Forward
1761466222851, -3.62, 3.24, -3.17, Forward
1761466222898, -3.69, 3.18, -3.11, Forward
1761466222943, -3.54, 3.15, -3.10, Forward
1761466222996, -3.42, 3.19, -3.15, Forward
1761466223125, -3.67, 3.09, -3.13, Forward
1761466223178, -3.92, 3.00, -3.12, Forward
1761466223254, -4.06, 3.11, -3.17, Forward
1761466223302, -4.20, 3.26, -3.14, Forward
1761466223349, -4.21, 3.30, -3.14, Forward
1761466223405, -4.30, 4.19, -3.38, Forward
1761466223526, -4.22, 4.96, -3.65, Forward
1761466223572, -4.25, 5.59, -3.84, Forward
1761466223653, -4.18, 6.39, -4.09, Forward
1761466223702, -4.16, 7.18, -4.24, Forward
1761466223752, -3.93, 8.00, -4.45, Forward
1761466223802, -3.44, 8.23, -4.54, Forward
1761466223925, -3.34, 8.83, -4.69, Forward
1761466223978, -3.21, 9.49, -4.90, Forward
1761466224055, -3.16, 9.84, -4.97, Forward
1761466224104, -3.21, 9.63, -4.83, Forward
1761466224155, -3.24, 9.49, -4.74, Forward
1761466224204, -2.88, 8.75, -4.55, Forward
1761466224326, -2.76, 7.97, -4.37, Forward
1761466224372, -2.69, 7.20, -4.21, Forward
1761466224422, -2.68, 6.41, -4.00, Forward
1761466224471, -2.97, 6.24, -3.92, Forward
1761466224521, -3.12, 5.27, -3.65, Forward
1761466224579, -3.10, 4.35, -3.42, Forward
1761466224624, -3.08, 3.86, -3.37, Forward
1761466224673, -2.96, 3.22, -3.29, Forward
1761466224722, -2.98, 2.57, -3.16, Forward
1761466224771, -3.16, 2.78, -3.20, Forward
1761466224855, -3.29, 2.98, -3.24, Forward
1761466224907, -3.58, 3.13, -3.22, Forward
1761466224959, -3.77, 3.31, -3.25, Forward
1761466225006, -3.92, 3.37, -3.19, Forward
1761466225056, -3.93, 3.73, -3.23, Forward
1761466225108, -4.05, 3.79, -3.19, Forward
1761466225157, -4.19, 3.86, -3.11, Forward
1761466225207, -4.32, 4.05, -3.10, Forward
1761466225256, -4.19, 4.31, -3.15, Forward
1761466225304, -4.25, 4.54, -3.19, Forward
1761466225377, -4.25, 4.50, -3.17, Forward
1761466225425, -4.05, 4.42, -3.14, Forward
1761466225473, -3.83, 4.48, -3.17, Forward
1761466225528, -3.80, 4.48, -3.17, Forward
1761466225576, -3.80, 4.20, -3.09, Forward
1761466225651, -3.64, 4.30, -3.11, Forward
1761466225699, -3.58, 4.29, -3.08, Forward
1761466225748, -3.55, 4.21, -3.00, Forward
1761466225794, -3.79, 4.21, -2.95, Forward
1761466225844, -3.96, 4.08, -2.87, Forward
1761466225908, -4.04, 3.88, -2.76, Forward
1761466225954, -4.08, 3.90, -2.77, Forward
1761466226005, -4.21, 3.78, -2.69, Forward
1761466226053, -4.00, 3.84, -2.76, Forward
1761466226101, -3.89, 3.89, -2.82, Forward
1761466226175, -4.06, 4.36, -2.91, Forward
1761466226224, -4.04, 4.77, -3.01, Forward
1761466226270, -3.87, 5.25, -3.17, Forward
1761466226319, -3.74, 5.72, -3.33, Forward
1761466226368, -3.52, 6.30, -3.57, Forward
1761466226455, -3.45, 6.40, -3.56, Forward
1761466226506, -3.31, 6.34, -3.56, Forward
1761466226555, -3.17, 6.35, -3.61, Forward
1761466226603, -3.25, 6.32, -3.59, Forward
1761466226654, -3.35, 6.50, -3.62, Forward
1761466226711, -3.25, 6.09, -3.59, Forward
1761466226754, -3.24, 5.71, -3.59, Forward
1761466226802, -3.36, 5.24, -3.54, Forward
1761466226850, -3.46, 4.57, -3.41, Forward
1761466226898, -3.61, 3.97, -3.23, Forward
1761466226985, -3.68, 4.17, -3.33, Forward
1761466227034, -3.90, 4.43, -3.39, Forward
1761466227085, -4.04, 4.60, -3.44, Forward
1761466227137, -4.28, 4.83, -3.45, Forward
1761466227187, -4.48, 5.05, -3.47, Forward
1761466227251, -4.56, 5.14, -3.44, Forward
1761466227300, -4.66, 5.15, -3.36, Forward
1761466227351, -4.76, 5.22, -3.29, Forward
1761466227400, -4.79, 5.51, -3.32, Forward
1761466227450, -4.97, 5.66, -3.32, Forward
1761466227509, -5.00, 5.66, -3.30, Forward
1761466227555, -5.11, 5.64, -3.22, Forward
1761466227607, -5.14, 5.60, -3.17, Forward
1761466227655, -5.25, 5.54, -3.11, Forward
1761466227705, -5.22, 5.47, -3.06, Forward
1761466227778, -5.48, 5.57, -3.00, Forward
1761466227822, -5.83, 5.70, -2.98, Forward
1761466227872, -6.16, 5.81, -2.94, Forward
1761466227923, -6.29, 5.74, -2.85, Forward
1761466227972, -6.23, 5.78, -2.83, Forward
1761466228056, -6.45, 5.91, -2.72, Forward
1761466228109, -6.60, 6.03, -2.64, Forward
1761466228157, -6.94, 6.11, -2.51, Forward
1761466228207, -6.91, 6.27, -2.50, Forward
1761466228255, -6.97, 6.33, -2.45, Forward
1761466228308, -6.95, 6.15, -2.41, Forward
1761466228361, -6.74, 6.11, -2.38, Forward
1761466228408, -6.57, 5.99, -2.33, Forward
1761466228459, -6.63, 6.07, -2.31, Forward
1761466228507, -6.72, 6.01, -2.25, Forward
1761466228583, -6.54, 5.81, -2.33, Forward
1761466228633, -6.27, 5.72, -2.40, Forward
1761466228682, -6.05, 5.64, -2.47, Forward
1761466228731, -6.01, 5.37, -2.42, Forward
1761466228777, -5.95, 5.24, -2.46, Forward
1761466228855, -5.68, 5.27, -2.44, Forward
1761466228907, -5.51, 5.22, -2.41, Forward
1761466228956, -5.33, 5.26, -2.42, Forward
1761466229002, -5.15, 4.97, -2.36, Forward
1761466229052, -5.02, 4.70, -2.31, Forward
1761466229115, -4.98, 4.69, -2.18, Forward
1761466229165, -5.08, 4.51, -2.06, Forward
1761466229210, -5.04, 4.31, -1.93, Forward
1761466229254, -4.92, 4.36, -1.91, Forward
1761466229302, -4.74, 4.41, -1.87, Forward
1761466229376, -4.84, 4.35, -1.85, Forward
1761466229423, -4.79, 4.30, -1.85, Forward
1761466229472, -4.79, 4.24, -1.87, Forward
1761466229519, -4.73, 4.20, -1.82, Forward
1761466229571, -4.60, 4.35, -1.81, Forward
1761466229651, -4.56, 4.34, -1.85, Forward
1761466229701, -4.51, 4.34, -1.84, Forward
1761466229750, -4.40, 4.44, -1.92, Forward
1761466229798, -4.18, 4.26, -1.96, Forward
1761466229845, -4.06, 4.08, -1.94, Forward
1761466229915, -3.94, 4.01, -1.95, Forward
1761466229963, -4.02, 3.84, -1.92, Forward
1761466230011, -4.06, 3.66, -1.84, Forward
1761466230062, -4.01, 3.76, -1.86, Forward
1761466230112, -4.01, 3.82, -1.89, Forward
1761466230179, -4.02, 3.93, -1.86, Forward
1761466230225, -4.05, 4.02, -1.87, Forward
1761466230273, -4.11, 4.14, -1.84, Forward
1761466230324, -4.27, 5.02, -2.00, Forward
1761466230372, -4.25, 5.79, -2.17, Forward
1761466230455, -4.25, 6.74, -2.32, Forward
1761466230503, -4.26, 7.52, -2.42, Forward
1761466230556, -4.10, 8.33, -2.61, Forward
1761466230606, -4.23, 8.98, -2.72, Forward
1761466230654, -4.31, 9.32, -2.78, Forward
1761466230708, -4.38, 9.98, -2.99, Forward
1761466230752, -4.33, 10.63, -3.23, Right
1761466230801, -4.18, 11.21, -3.49, Right
1761466230850, -4.09, 11.17, -3.53, Right
1761466230900, -4.22, 10.82, -3.40, Right
1761466230980, -4.27, 10.72, -3.44, Right
1761466231028, -4.29, 10.82, -3.48, Right
1761466231080, -4.43, 11.00, -3.49, Right
1761466231128, -4.50, 11.15, -3.52, Right
1761466231175, -4.49, 11.43, -3.59, Right
1761466231257, -4.40, 11.37, -3.52, Right
1761466231303, -4.34, 11.42, -3.44, Right
1761466231353, -4.47, 11.48, -3.33, Right
1761466231402, -4.53, 11.39, -3.20, Right
1761466231453, -4.45, 11.70, -3.27, Right
1761466231510, -4.33, 11.47, -3.22, Right
1761466231558, -4.11, 11.28, -3.23, Right
1761466231606, -3.95, 10.98, -3.23, Right
1761466231651, -3.80, 10.91, -3.25, Right
1761466231704, -3.70, 10.79, -3.23, Right
1761466231785, -3.78, 10.26, -3.12, Right
1761466231836, -3.68, 9.74, -3.03, Forward
1761466231884, -3.48, 9.22, -2.95, Forward
1761466231932, -3.35, 8.63, -2.89, Forward
1761466231979, -3.28, 8.00, -2.82, Forward
1761466232055, -3.43, 7.41, -2.65, Forward
1761466232103, -3.66, 6.82, -2.47, Forward
1761466232152, -3.88, 6.23, -2.28, Forward
1761466232202, -3.83, 5.62, -2.23, Forward
1761466232250, -3.86, 4.84, -2.12, Forward
1761466232306, -3.97, 4.42, -2.09, Forward
1761466232354, -4.05, 4.03, -2.04, Forward
1761466232403, -4.31, 3.77, -1.98, Forward
1761466232454, -4.57, 3.58, -1.88, Forward
1761466232503, -4.77, 3.49, -1.80, Forward
1761466232582, -4.75, 3.45, -1.84, Forward
1761466232633, -4.69, 3.53, -1.89, Forward
1761466232683, -4.62, 3.60, -1.95, Forward
1761466232732, -4.87, 3.44, -1.78, Forward
1761466232781, -5.10, 3.50, -1.67, Forward
1761466232860, -4.98, 3.65, -1.67, Forward
1761466232904, -5.09, 3.58, -1.60, Forward
1761466232955, -5.05, 3.32, -1.54, Forward
1761466233005, -5.15, 3.26, -1.46, Forward
1761466233057, -5.16, 3.11, -1.38, Forward
1761466233106, -5.12, 3.11, -1.39, Forward
1761466233151, -5.11, 2.94, -1.36, Forward
1761466233199, -5.11, 2.76, -1.33, Forward
1761466233249, -5.02, 2.72, -1.37, Forward
1761466233297, -4.95, 2.65, -1.35, Forward
1761466233378, -4.84, 2.73, -1.36, Forward
1761466233422, -4.70, 2.71, -1.35, Forward
1761466233467, -4.68, 2.83, -1.35, Forward
1761466233514, -4.51, 2.96, -1.41, Forward
1761466233561, -4.41, 3.20, -1.48, Forward
1761466233651, -4.30, 3.34, -1.44, Forward
1761466233701, -4.21, 3.54, -1.43, Forward
1761466233749, -4.12, 3.73, -1.41, Forward
1761466233797, -4.04, 3.76, -1.38, Forward
1761466233843, -3.93, 3.87, -1.40, Forward
1761466233913, -4.02, 3.78, -1.33, Forward
1761466233961, -4.05, 4.03, -1.38, Forward
1761466234013, -3.96, 4.18, -1.43, Forward
1761466234059, -3.83, 4.18, -1.49, Forward
1761466234106, -3.73, 4.07, -1.53, Forward
1761466234181, -3.70, 3.77, -1.45, Forward
1761466234227, -3.66, 3.63, -1.46, Forward
1761466234270, -3.62, 3.50, -1.47, Forward
1761466234322, -3.22, 3.39, -1.58, Forward
1761466234370, -2.83, 3.32, -1.79, Forward
1761466234456, -2.13, 3.23, -2.07, Forward
1761466234507, -1.51, 3.22, -2.29, Forward
1761466234554, -0.88, 3.19, -2.49, Forward
1761466234603, -0.08, 3.05, -2.73, Forward
1761466234649, 0.72, 2.94, -2.97, Forward
1761466234708, 1.63, 3.14, -3.33, Forward
1761466234754, 2.62, 2.96, -3.56, Forward
1761466234808, 3.61, 2.92, -3.85, Forward
1761466234852, 4.34, 2.96, -4.01, Forward
1761466234903, 5.13, 2.89, -4.11, Forward
1761466234979, 5.56, 2.83, -4.09, Forward
1761466235024, 5.90, 2.62, -4.05, Forward
1761466235070, 6.25, 2.40, -4.00, Forward
1761466235125, 6.41, 2.38, -3.96, Forward
1761466235168, 6.40, 2.45, -3.90, Forward
1761466235251, 6.28, 2.55, -3.90, Forward
1761466235301, 5.99, 2.72, -3.86, Forward
1761466235353, 5.75, 3.14, -3.89, Forward
1761466235401, 5.58, 3.31, -3.88, Forward
1761466235453, 5.20, 3.61, -3.87, Forward
1761466235518, 5.18, 3.90, -3.86, Forward
1761466235569, 5.08, 4.34, -3.94, Forward
1761466235620, 4.97, 4.77, -4.02, Forward
1761466235668, 4.71, 5.27, -3.99, Forward
1761466235715, 4.71, 5.53, -3.99, Forward
1761466235782, 4.56, 5.80, -3.92, Forward
1761466235833, 4.64, 6.08, -3.92, Forward
1761466235882, 4.53, 6.04, -3.80, Forward
1761466235933, 4.32, 6.18, -3.71, Forward
1761466235981, 4.19, 6.22, -3.62, Forward
1761466236044, 3.90, 6.24, -3.58, Forward
1761466236089, 3.69, 6.08, -3.45, Forward
1761466236134, 3.46, 5.87, -3.32, Forward
1761466236181, 3.33, 5.95, -3.35, Forward
1761466236229, 3.10, 5.91, -3.29, Forward
1761466236307, 2.96, 5.75, -3.24, Forward
1761466236351, 2.74, 5.80, -3.19, Forward
1761466236402, 2.66, 5.78, -3.15, Forward
1761466236451, 2.70, 5.92, -3.24, Forward
1761466236500, 2.66, 6.00, -3.23, Forward
1761466236578, 2.49, 5.80, -3.12, Forward
1761466236624, 2.42, 5.75, -3.13, Forward
1761466236669, 2.37, 5.75, -3.14, Forward
1761466236717, 2.57, 5.32, -3.08, Forward
1761466236766, 2.69, 5.27, -3.14, Forward
1761466236840, 2.71, 5.33, -3.17, Forward
1761466236886, 2.69, 5.30, -3.17, Forward
1761466236943, 2.62, 5.18, -3.17, Forward
1761466236989, 2.44, 5.38, -3.21, Forward
1761466237035, 2.42, 5.68, -3.31, Forward
1761466237106, 2.55, 6.04, -3.52, Forward
1761466237152, 2.58, 6.29, -3.62, Forward
1761466237203, 2.61, 6.55, -3.72, Forward
1761466237252, 2.49, 6.89, -3.84, Forward
1761466237302, 2.42, 7.14, -3.89, Forward
1761466237382, 2.36, 7.10, -3.93, Forward
1761466237432, 2.27, 7.26, -4.02, Forward
1761466237483, 2.26, 7.38, -4.11, Forward
1761466237530, 2.33, 7.08, -4.08, Forward
1761466237576, 2.24, 6.82, -4.03, Forward
1761466237640, 2.21, 6.82, -4.01, Forward
1761466237687, 2.22, 6.77, -4.03, Forward
1761466237735, 2.23, 6.85, -4.10, Forward
1761466237782, 2.18, 6.88, -4.11, Forward
1761466237834, 2.10, 6.77, -4.09, Forward
1761466237904, 2.10, 6.79, -4.09, Forward
1761466237952, 2.22, 6.68, -4.14, Forward
1761466238001, 2.20, 6.87, -4.21, Forward
1761466238050, 2.30, 7.05, -4.30, Forward
1761466238101, 2.35, 7.21, -4.36, Forward
1761466238180, 2.32, 7.39, -4.43, Forward
1761466238228, 2.33, 7.60, -4.49, Forward
1761466238274, 2.34, 7.63, -4.48, Forward
1761466238318, 2.19, 7.57, -4.39, Forward
1761466238367, 2.19, 7.78, -4.40, Forward
1761466238436, 2.11, 7.90, -4.41, Forward
1761466238489, 1.93, 7.87, -4.33, Forward
1761466238537, 1.83, 7.81, -4.28, Forward
1761466238584, 1.58, 7.93, -4.29, Forward
1761466238634, 1.56, 8.04, -4.33, Forward
1761466238703, 1.30, 7.81, -4.23, Forward
1761466238751, 1.06, 7.68, -4.17, Forward
1761466238800, 0.91, 7.58, -4.16, Forward
1761466238850, 0.94, 7.69, -4.22, Forward
1761466238900, 0.86, 7.67, -4.22, Forward
1761466238977, 0.94, 7.63, -4.26, Forward
1761466239021, 0.89, 7.71, -4.31, Forward
1761466239067, 1.03, 7.54, -4.28, Forward
1761466239115, 1.18, 7.34, -4.25, Forward
1761466239167, 1.29, 7.16, -4.25, Forward
1761466239238, 1.39, 7.42, -4.36, Forward
1761466239284, 1.55, 7.66, -4.43, Forward
1761466239332, 1.58, 7.72, -4.41, Forward
1761466239379, 1.50, 7.83, -4.47, Forward
1761466239427, 1.54, 7.86, -4.55, Forward
1761466239506, 1.52, 7.97, -4.57, Forward
1761466239551, 1.60, 8.15, -4.64, Forward
1761466239597, 1.55, 8.45, -4.74, Forward
1761466239644, 1.45, 8.56, -4.72, Forward
1761466239692, 1.40, 8.73, -4.72, Forward
1761466239789, 1.38, 8.72, -4.74, Forward
1761466239848, 1.27, 8.59, -4.74, Forward
1761466239902, 1.21, 8.70, -4.82, Forward
1761466239961, 1.18, 8.87, -4.88, Forward
1761466240037, 1.13, 8.99, -4.90, Forward
1761466240088, 1.01, 9.19, -4.95, Forward
1761466240178, 1.01, 9.67, -5.08, Forward
1761466240226, 0.92, 10.08, -5.19, Right
1761466240271, 0.74, 10.52, -5.34, Right
1761466240316, 0.61, 10.94, -5.53, Right
1761466240364, 0.60, 11.21, -5.58, Right
1761466240441, 0.50, 11.66, -5.62, Right
1761466240489, 0.41, 12.10, -5.76, Right
1761466240534, 0.33, 12.42, -5.80, Right
1761466240583, 0.29, 12.74, -5.92, Right
1761466240634, 0.25, 12.84, -5.99, Right
1761466240702, 0.32, 12.68, -5.94, Right
1761466240751, 0.38, 12.56, -5.90, Right
1761466240801, 0.49, 12.50, -5.90, Right
1761466240848, 0.36, 11.87, -5.66, Right
1761466240896, 0.22, 11.41, -5.50, Right
1761466240978, 0.09, 10.72, -5.29, Right
1761466241021, -0.06, 10.16, -5.03, Right
1761466241071, -0.21, 9.55, -4.82, Forward
1761466241116, -0.49, 8.73, -4.50, Forward
1761466241164, -0.70, 8.13, -4.23, Forward
1761466241239, -1.28, 7.42, -3.93, Forward
1761466241284, -1.71, 6.72, -3.60, Forward
1761466241335, -2.13, 6.02, -3.26, Forward
1761466241383, -2.48, 5.83, -3.11, Forward
1761466241432, -2.84, 5.71, -2.99, Forward
1761466241511, -3.19, 5.83, -2.96, Forward
1761466241556, -3.42, 5.66, -2.86, Forward
1761466241600, -3.64, 5.53, -2.77, Forward
1761466241648, -3.83, 5.87, -2.78, Forward
1761466241696, -4.06, 6.04, -2.74, Forward
1761466241777, -4.16, 6.15, -2.63, Forward
1761466241821, -4.20, 6.28, -2.62, Forward
1761466241866, -4.26, 6.37, -2.59, Forward
1761466241917, -4.28, 6.50, -2.57, Forward
1761466241969, -4.30, 6.52, -2.49, Forward
1761466242040, -4.27, 6.44, -2.40, Forward
1761466242083, -4.42, 6.36, -2.32, Forward
1761466242133, -4.58, 6.29, -2.23, Forward
1761466242179, -4.65, 6.18, -2.09, Forward
1761466242226, -4.70, 6.02, -1.93, Forward
1761466242304, -4.64, 6.06, -1.95, Forward
1761466242351, -4.64, 6.15, -1.95, Forward
1761466242400, -4.57, 6.31, -2.00, Forward
1761466242447, -4.45, 6.35, -2.03, Forward
1761466242495, -4.36, 6.46, -2.11, Forward
1761466242579, -4.23, 6.59, -2.12, Forward
1761466242626, -4.08, 6.69, -2.11, Forward
1761466242671, -3.93, 6.79, -2.09, Forward
1761466242718, -3.87, 6.96, -2.17, Forward
1761466242768, -3.83, 7.15, -2.26, Forward
1761466242839, -3.83, 7.28, -2.28, Forward
1761466242883, -3.85, 7.37, -2.28, Forward
1761466242932, -3.88, 7.45, -2.23, Forward
1761466242989, -3.89, 7.57, -2.21, Forward
1761466243032, -3.95, 7.66, -2.14, Forward
1761466243104, -4.06, 7.62, -2.19, Forward
1761466243149, -4.21, 7.79, -2.26, Forward
1761466243198, -4.36, 7.95, -2.33, Forward
1761466243246, -4.43, 8.01, -2.36, Forward
1761466243295, -4.47, 8.14, -2.42, Forward
1761466243380, -4.47, 8.28, -2.48, Forward
1761466243430, -4.55, 8.34, -2.52, Forward
1761466243480, -4.69, 8.23, -2.51, Forward
1761466243527, -4.81, 8.26, -2.49, Forward
1761466243573, -4.87, 8.21, -2.47, Forward
1761466243634, -4.78, 8.29, -2.38, Forward
1761466243680, -4.66, 8.37, -2.38, Forward
1761466243734, -4.49, 8.53, -2.39, Forward
1761466243786, -4.34, 8.51, -2.34, Forward
1761466243831, -4.17, 8.56, -2.39, Forward
1761466243904, -4.09, 8.52, -2.39, Forward
1761466243950, -3.96, 8.56, -2.43, Forward
1761466243996, -3.80, 8.76, -2.53, Forward
1761466244042, -3.79, 8.71, -2.49, Forward
1761466244086, -3.87, 8.82, -2.47, Forward
1761466244179, -4.03, 8.80, -2.50, Forward
1761466244224, -4.02, 8.75, -2.50, Forward
1761466244267, -4.20, 8.61, -2.45, Forward
1761466244324, -4.28, 8.68, -2.48, Forward
1761466244369, -4.43, 8.60, -2.41, Forward
1761466244447, -4.53, 8.52, -2.32, Forward
1761466244493, -4.46, 8.50, -2.32, Forward
1761466244537, -4.47, 8.41, -2.25, Forward
1761466244584, -4.54, 8.62, -2.32, Forward
1761466244637, -4.53, 8.75, -2.41, Forward
1761466244706, -4.54, 8.87, -2.41, Forward
1761466244757, -4.66, 8.93, -2.36, Forward
1761466244802, -4.73, 9.00, -2.36, Forward
1761466244851, -4.81, 8.94, -2.30, Forward
1761466244898, -4.85, 8.96, -2.26, Forward
1761466244978, -4.85, 9.15, -2.35, Forward
1761466245025, -5.03, 9.28, -2.35, Forward
1761466245069, -5.09, 9.45, -2.38, Forward
1761466245118, -5.02, 9.28, -2.31, Forward
1761466245163, -4.92, 9.14, -2.24, Forward
1761466245238, -4.84, 9.19, -2.29, Forward
1761466245284, -4.56, 9.24, -2.41, Forward
1761466245333, -4.41, 9.33, -2.45, Forward
1761466245384, -4.40, 9.44, -2.48, Forward
1761466245432, -4.35, 9.53, -2.52, Forward
1761466245505, -4.30, 9.48, -2.54, Forward
1761466245550, -4.27, 9.42, -2.57, Forward
1761466245596, -4.26, 9.40, -2.65, Forward
1761466245646, -4.39, 9.47, -2.68, Forward
1761466245694, -4.57, 9.48, -2.69, Forward
1761466245778, -4.66, 9.45, -2.74, Forward
1761466245824, -4.92, 9.29, -2.69, Forward
1761466245867, -4.92, 9.16, -2.71, Forward
1761466245917, -4.91, 9.13, -2.71, Forward
1761466245970, -4.84, 9.17, -2.83, Forward
1761466246034, -4.96, 9.33, -2.84, Forward
1761466246083, -4.92, 9.47, -2.82, Forward
1761466246129, -4.90, 9.61, -2.80, Forward
1761466246182, -4.72, 9.88, -2.91, Forward
1761466246232, -4.67, 10.20, -2.95, Right
1761466246304, -4.76, 10.77, -2.98, Right
1761466246352, -4.69, 11.85, -3.19, Right
1761466246404, -4.71, 12.87, -3.41, Right
1761466246454, -4.86, 13.40, -3.52, Right
1761466246499, -5.00, 13.90, -3.52, Right
1761466246563, -5.16, 14.39, -3.51, Right
1761466246611, -5.35, 14.85, -3.55, Right
1761466246658, -5.62, 15.36, -3.56, Right
1761466246702, -5.84, 15.85, -3.56, Right
1761466246748, -5.91, 16.13, -3.61, Right
1761466246833, -5.84, 16.22, -3.63, Right
1761466246881, -5.93, 15.81, -3.48, Right
1761466246933, -5.98, 15.37, -3.30, Right
1761466246980, -5.93, 15.51, -3.37, Right
1761466247032, -5.98, 15.53, -3.38, Right
1761466247104, -6.07, 14.98, -3.29, Right
1761466247150, -6.35, 14.40, -3.10, Right
1761466247199, -6.59, 13.71, -2.93, Right
1761466247252, -10.15, 12.54, -19.55, Right
1761466247298, -13.82, 11.53, -36.27, Right
1761466247365, -17.65, 10.67, -52.78, Right
1761466247417, -21.47, 9.95, -69.34, Down
1761466247470, -25.32, 9.26, -85.87, Down
1761466247516, -29.30, 8.00, -102.43, Down
1761466247565, -33.11, 6.78, -119.02, Down
1761466247637, -36.73, 6.19, -135.69, Down
1761466247683, -40.16, 5.62, -152.48, Down
1761466247734, -43.69, 5.06, -169.27, Down
1761466247783, -43.78, 4.88, -169.18, Down
1761466247833, -43.59, 4.75, -169.08, Down
1761466247905, -43.47, 4.36, -169.08, Down
1761466247953, -43.24, 4.01, -169.03, Down
1761466248000, -42.94, 3.65, -168.98, Down
1761466248048, -42.35, 3.46, -168.85, Down
1761466248092, -41.95, 3.24, -168.77, Down
1761466248159, -41.59, 2.74, -168.84, Down
1761466248208, -41.38, 2.31, -168.81, Down
1761466248255, -41.04, 1.93, -168.80, Down
1761466248302, -40.80, 1.58, -168.83, Down
1761466248348, -40.71, 1.22, -168.85, Down
1761466248430, -40.54, 0.61, -168.94, Down
1761466248477, -40.62, -0.08, -169.07, Down
1761466248525, -40.82, -0.77, -169.18, Down
1761466248570, -40.81, -1.05, -169.20, Down
1761466248613, -40.53, -1.24, -169.18, Down
1761466248704, -40.90, -1.49, -169.08, Down
1761466248747, -41.17, -1.76, -169.00, Down
1761466248798, -41.57, -1.98, -168.87, Down
1761466248845, -41.68, -1.97, -168.76, Down
1761466248892, -41.86, -1.88, -168.56, Down
1761466248963, -39.50, -1.04, -151.34, Down
1761466249012, -39.24, -0.98, -151.27, Down
1761466249063, -39.00, -0.98, -151.27, Down
1761466249111, -39.14, -1.09, -151.22, Down
1761466249160, -39.57, -1.18, -151.15, Down
1761466249231, -39.20, -1.14, -151.07, Down
1761466249278, -38.90, -1.09, -151.02, Down
1761466249327, -38.30, -1.09, -151.07, Down
1761466249372, -38.12, -1.21, -151.06, Down
1761466249416, -37.86, -1.39, -151.12, Down
1761466249501, -40.17, -2.12, -168.19, Down
1761466249545, -37.64, -1.09, -151.07, Down
1761466249592, -35.13, -0.03, -133.88, Down
1761466249637, -32.71, 0.86, -116.73, Down
1761466249685, -30.12, 1.71, -99.60, Down
1761466249758, -30.33, 1.72, -99.62, Down
1761466249802, -30.33, 1.86, -99.56, Down
1761466249846, -30.50, 1.99, -99.47, Down
1761466249893, -30.59, 2.03, -99.40, Down
1761466249941, -30.29, 2.40, -99.46, Down
1761466250031, -29.91, 2.83, -99.49, Down
1761466250074, -32.09, 2.37, -116.52, Down
1761466250120, -34.12, 1.74, -133.67, Down
1761466250163, -33.23, 1.99, -133.97, Down
1761466250209, -32.37, 2.19, -134.30, Down
1761466250303, -28.74, 3.38, -117.53, Down
1761466250347, -25.51, 4.30, -100.80, Down
1761466250390, -22.16, 5.28, -84.10, Down
1761466250437, -18.85, 6.24, -67.41, Down
1761466250480, -15.91, 6.92, -50.56, Down
1761466250558, -13.06, 7.51, -33.74, Down
1761466250605, -10.27, 8.09, -16.94, Down
1761466250649, -7.50, 8.91, -0.06, Forward
1761466250694, -7.48, 8.94, -0.13, Forward
1761466250741, -7.44, 9.00, -0.14, Forward
1761466250832, -7.62, 8.95, -0.10, Forward
1761466250874, -7.58, 8.97, -0.13, Forward
1761466250917, -7.66, 8.93, -0.13, Forward
1761466250962, -7.65, 9.00, -0.13, Forward
1761466251013, -7.63, 9.07, -0.19, Forward
1761466251103, -7.35, 9.32, -0.34, Forward
1761466251148, -7.18, 9.42, -0.43, Forward
1761466251191, -7.06, 9.42, -0.48, Forward
1761466251236, -7.02, 9.46, -0.46, Forward
1761466251280, -7.07, 9.37, -0.43, Forward
1761466251359, -9.83, 8.78, -17.24, Forward
1761466251404, -9.55, 9.02, -17.26, Forward
1761466251449, -9.31, 9.09, -17.24, Forward
1761466251497, -9.14, 9.06, -17.22, Forward
1761466251542, -8.88, 8.83, -17.15, Forward
1761466251632, -8.80, 8.55, -17.03, Forward
1761466251679, -8.56, 8.45, -17.01, Forward
1761466251728, -8.32, 8.40, -17.02, Forward
1761466251777, -8.01, 8.25, -17.02, Forward
1761466251825, -7.80, 8.11, -17.03, Forward
1761466251902, -4.72, 8.74, -0.24, Forward
1761466251946, -4.70, 8.65, -0.19, Forward
1761466251992, -4.65, 8.73, -0.17, Forward
1761466252037, -4.64, 8.55, -0.08, Forward
1761466252084, -4.69, 8.56, -0.03, Forward
1761466252158, -4.60, 8.52, 0.05, Forward
1761466252204, -4.59, 8.32, 0.19, Forward
1761466252248, -4.54, 8.20, 0.29, Forward
1761466252291, -4.45, 8.16, 0.30, Forward
1761466252338, -4.47, 7.77, 0.45, Forward
1761466252431, -4.36, 7.69, 0.41, Forward
1761466252477, -4.24, 7.55, 0.43, Forward
1761466252525, -4.13, 7.15, 0.52, Forward
1761466252571, -4.06, 7.23, 0.45, Forward
1761466252616, -3.91, 7.47, 0.37, Forward
1761466252703, -4.00, 7.50, 0.36, Forward
1761466252746, -4.05, 7.66, 0.32, Forward
1761466252794, -4.10, 7.77, 0.28, Forward
1761466252862, -4.11, 7.85, 0.30, Forward
1761466252922, -3.96, 8.33, 0.17, Forward
1761466252980, -3.97, 8.36, 0.21, Forward
1761466253111, -4.02, 8.32, 0.23, Forward
1761466253156, -4.02, 8.62, 0.19, Forward
1761466253202, -3.95, 8.67, 0.22, Forward
1761466253246, -4.10, 8.37, 0.31, Forward
1761466253293, -4.15, 8.24, 0.34, Forward
1761466253361, -4.12, 7.57, 0.50, Forward
1761466253409, -4.09, 6.93, 0.70, Forward
1761466253454, -4.12, 6.30, 0.86, Forward
1761466253502, -4.16, 5.74, 0.99, Forward
1761466253546, -4.36, 5.65, 1.10, Forward
1761466253631, -4.37, 5.65, 1.09, Forward
1761466253674, -4.44, 5.60, 1.10, Forward
1761466253722, -4.48, 5.46, 1.12, Forward
1761466253769, -4.49, 5.60, 1.08, Forward
1761466253813, -4.50, 5.75, 1.05, Forward
1761466253903, -4.59, 6.32, 0.95, Forward
1761466253948, -4.71, 6.83, 0.84, Forward
1761466253991, -4.81, 7.36, 0.75, Forward
1761466254037, -4.73, 7.54, 0.68, Forward
1761466254081, -4.56, 7.19, 0.70, Forward
1761466254159, -4.56, 7.19, 0.72, Forward
1761466254209, -4.49, 7.16, 0.74, Forward
1761466254256, -4.48, 7.21, 0.73, Forward
1761466254301, -4.38, 7.14, 0.75, Forward
1761466254348, -4.30, 6.84, 0.86, Forward
1761466254431, -4.10, 6.71, 0.86, Forward
1761466254478, -3.92, 6.43, 0.89, Forward
1761466254528, -3.74, 6.19, 0.89, Forward
1761466254577, -3.97, 6.09, 1.04, Forward
1761466254623, -4.09, 5.89, 1.17, Forward
1761466254704, -4.12, 5.70, 1.22, Forward
1761466254748, -4.17, 5.52, 1.26, Forward
1761466254793, -4.18, 5.36, 1.31, Forward
1761466254841, -4.16, 5.18, 1.39, Forward
1761466254886, -3.95, 5.42, 1.29, Forward
1761466254960, -4.02, 5.55, 1.28, Forward
1761466255005, -4.03, 5.87, 1.22, Forward
1761466255050, -4.03, 6.21, 1.20, Forward
1761466255093, -3.79, 6.72, 1.02, Forward
1761466255140, -3.59, 7.11, 0.88, Forward
1761466255231, -3.45, 7.31, 0.84, Forward
1761466255276, -3.35, 7.37, 0.83, Forward
1761466255322, -3.25, 7.43, 0.81, Forward
1761466255367, -3.14, 7.51, 0.77, Forward
1761466255412, -3.22, 7.62, 0.75, Forward
1761466255504, -3.40, 7.02, 0.84, Forward
1761466255549, -3.46, 6.28, 0.99, Forward
1761466255594, -3.64, 5.75, 1.06, Forward
1761466255642, -3.76, 5.69, 1.01, Forward
1761466255692, -3.85, 5.79, 0.92, Forward
1761466255762, -3.90, 5.87, 0.88, Forward
1761466255808, -3.86, 6.09, 0.78, Forward
1761466255856, -3.89, 6.17, 0.69, Forward
1761466255899, -3.95, 6.22, 0.62, Forward
1761466255943, -4.00, 6.05, 0.70, Forward
1761466256031, -3.87, 6.60, 0.61, Forward
1761466256076, -3.93, 7.16, 0.54, Forward
1761466256122, -3.82, 7.62, 0.46, Forward
1761466256167, -3.82, 7.49, 0.56, Forward
1761466256210, -3.90, 7.39, 0.68, Forward
1761466256303, -3.97, 6.67, 0.84, Forward
1761466256349, -4.05, 6.13, 0.97, Forward
1761466256394, -4.15, 5.51, 1.14, Forward
1761466256438, -4.19, 5.35, 1.22, Forward
1761466256483, -4.12, 5.30, 1.17, Forward
1761466256559, -4.14, 5.02, 1.29, Forward
1761466256608, -4.04, 4.97, 1.27, Forward
1761466256656, -3.99, 4.77, 1.32, Forward
1761466256701, -3.91, 4.67, 1.33, Forward
1761466256746, -3.76, 4.57, 1.29, Forward
1761466256831, -3.74, 4.51, 1.36, Forward
1761466256875, -3.83, 4.28, 1.43, Forward
1761466256920, -3.77, 4.16, 1.46, Forward
1761466256965, -3.80, 4.40, 1.43, Forward
1761466257008, -3.92, 4.31, 1.50, Forward
1761466257103, -3.88, 4.49, 1.41, Forward
1761466257145, -3.84, 4.60, 1.37, Forward
1761466257188, -3.83, 4.65, 1.36, Forward
1761466257234, -3.92, 4.67, 1.38, Forward
1761466257278, -4.02, 4.76, 1.40, Forward
1761466257360, -4.01, 4.71, 1.41, Forward
1761466257413, -3.86, 4.39, 1.52, Forward
1761466257459, -3.93, 4.19, 1.60, Forward
1761466257508, -3.92, 4.05, 1.66, Forward
1761466257552, -3.87, 3.90, 1.69, Forward
1761466257633, -3.91, 3.55, 1.73, Forward
1761466257677, -4.00, 3.01, 1.83, Forward
1761466257724, -3.95, 2.83, 1.81, Forward
1761466257769, -3.88, 2.73, 1.81, Forward
1761466257815, -3.83, 2.54, 1.80, Forward
1761466257887, -3.79, 3.19, 1.59, Forward
1761466257931, -3.87, 3.86, 1.38, Forward
1761466257976, -3.81, 4.41, 1.24, Forward
1761466258026, -3.79, 4.38, 1.18, Forward
1761466258076, -3.73, 4.03, 1.23, Forward
1761466258160, -3.63, 4.58, 1.10, Forward
1761466258210, -3.64, 5.08, 1.00, Forward
1761466258256, -3.66, 5.29, 0.98, Forward
1761466258307, -3.83, 5.31, 1.00, Forward
1761466258355, -3.97, 5.56, 0.98, Forward
1761466258434, -4.00, 5.79, 0.98, Forward
1761466258478, -4.02, 6.07, 0.97, Forward
1761466258524, -4.05, 6.54, 0.86, Forward
1761466258571, -4.14, 6.41, 0.97, Forward
1761466258618, -4.31, 6.83, 0.93, Forward
1761466258694, -4.41, 6.85, 0.95, Forward
1761466258742, -4.39, 6.94, 0.93, Forward
1761466258792, -4.47, 7.01, 0.92, Forward
1761466258841, -4.34, 7.40, 0.81, Forward
1761466258887, -4.15, 7.15, 0.86, Forward
1761466258962, -4.01, 6.99, 0.79, Forward
1761466259008, -4.05, 6.89, 0.77, Forward
1761466259057, -4.06, 6.63, 0.80, Forward
1761466259103, -4.04, 6.68, 0.76, Forward
1761466259147, -4.03, 6.48, 0.79, Forward
1761466259231, -3.87, 6.15, 0.84, Forward
1761466259275, -3.98, 5.82, 0.92, Forward
1761466259324, -4.09, 5.49, 1.01, Forward
1761466259369, -4.19, 4.86, 1.11, Forward
1761466259414, -4.29, 4.68, 1.12, Forward
1761466259492, -4.64, 4.71, 1.21, Forward
1761466259540, -4.74, 4.63, 1.22, Forward
1761466259590, -4.93, 4.89, 1.24, Forward
1761466259635, -5.17, 4.62, 1.31, Forward
1761466259683, -5.27, 4.60, 1.23, Forward
1761466259760, -6.01, 5.31, 1.25, Forward
1761466259808, -9.28, 5.43, -15.50, Forward
1761466259855, -12.57, 5.49, -32.23, Down
1761466259902, -16.84, 5.91, -49.00, Down
1761466259946, -20.87, 6.37, -65.78, Down
1761466260032, -25.10, 6.31, -82.38, Down
1761466260075, -29.46, 6.56, -98.96, Down
1761466260125, -33.76, 6.58, -115.57, Down
1761466260171, -38.09, 6.88, -132.44, Down
1761466260215, -42.47, 7.23, -149.19, Down
1761466260287, -46.80, 6.91, -165.60, Down
1761466260331, -48.19, 7.30, -165.34, Down
1761466260374, -49.71, 7.70, -165.04, Down
1761466260422, -50.16, 7.89, -164.73, Down
1761466260466, -51.09, 8.95, -163.70, Down
1761466260832, -47.54, 10.64, -161.71, Right
1761466260878, -45.77, 8.58, -159.44, Down
1761466260921, -42.02, 10.35, -157.57, Right
1761466260963, -36.56, 13.29, -138.39, Right
1761466261006, -33.34, 14.22, -135.72, Right
1761466261086, -30.11, 14.66, -133.50, Right
1761466261132, -25.00, 17.08, -114.61, Right
1761466261176, -19.79, 19.55, -95.79, Right
1761466261224, -14.68, 22.05, -76.93, Right
1761466261530, -13.53, 20.38, -76.39, Right
1761466261630, -14.44, 19.75, -61.08, Right
1761466261676, -20.03, 18.80, -62.61, Right
1761466261722, -24.33, 15.96, -63.32, Right
1761466261766, -26.48, 14.62, -65.32, Right
1761466261813, -29.70, 13.90, -67.04, Right
1761466261887, -29.85, 13.78, -52.69, Right
1761466261946, -31.99, 11.63, -54.61, Right
1761466262000, -34.03, 9.37, -56.58, Down
1761466263489, -35.47, 7.27, -59.32, Down
1761466263533, -32.61, 8.51, -44.69, Down
1761466263578, -31.69, 8.11, -45.90, Down
1761466263623, -24.27, 11.75, -30.59, Right
1761466263674, -22.20, 13.41, -32.42, Right
1761466263760, -23.53, 13.02, -50.21, Right
1761466263803, -21.78, 14.08, -51.72, Right
1761466263846, -19.51, 14.60, -53.18, Right
1761466263889, -16.95, 15.18, -54.97, Right
1761466263935, -14.51, 16.04, -56.73, Right
1761466264030, -12.59, 16.32, -57.65, Right
1761466264074, -10.76, 16.50, -58.30, Right
1761466264122, -9.17, 16.69, -58.95, Right
1761466264165, -7.36, 16.54, -59.45, Right
1761466264207, -3.52, 16.42, -43.23, Right
1761466264287, -0.02, 15.79, -26.77, Right
1761466264332, 3.58, 15.14, -10.46, Right
1761466264375, 3.96, 14.75, -10.19, Right
1761466264422, 3.99, 14.31, -9.93, Right
1761466264467, 4.10, 13.25, -9.43, Right
1761466264558, 4.40, 12.20, -8.96, Right
1761466264607, 4.73, 10.87, -8.43, Right
1761466264655, 5.05, 9.56, -7.91, Forward
1761466264698, 5.31, 8.84, -7.72, Forward
1761466264743, 5.74, 7.88, -7.47, Forward
1761466264831, 6.15, 7.45, -7.58, Forward
1761466264873, 6.48, 7.20, -7.70, Forward
1761466264921, 6.84, 6.81, -7.77, Forward
1761466264968, 7.28, 6.50, -7.93, Forward
1761466265014, 7.79, 6.57, -8.32, Forward
1761466265090, 7.88, 7.43, -8.87, Forward
1761466265135, 7.97, 8.20, -9.40, Forward
1761466265182, 8.23, 8.90, -9.97, Forward
1761466265226, 8.38, 9.43, -10.39, Forward
1761466265270, 8.32, 10.46, -10.87, Right
1761466265359, 8.28, 10.86, -10.99, Right
1761466265405, 8.41, 11.12, -11.09, Right
1761466265451, 8.46, 11.48, -11.19, Right
1761466265495, 8.41, 11.87, -11.18, Right
1761466265538, 8.29, 12.45, -11.17, Right
1761466265631, 8.30, 12.59, -11.03, Right
1761466265674, 8.24, 13.09, -10.97, Right
1761466265721, 8.12, 13.60, -10.85, Right
1761466265766, 7.88, 14.41, -10.81, Right
1761466265810, 7.80, 14.50, -10.72, Right
1761466265887, 7.87, 14.89, -10.76, Right
1761466265930, 7.86, 15.15, -10.73, Right
1761466265974, 7.89, 15.23, -10.67, Right
1761466266022, 7.97, 15.22, -10.65, Right
1761466266066, 7.97, 15.50, -10.77, Right
1761466266158, 8.04, 15.73, -10.99, Right
1761466266205, 4.68, 16.25, -27.19, Right
1761466266250, 1.35, 16.70, -43.43, Right
1761466266292, 1.61, 16.45, -43.52, Right
1761466266339, 1.76, 16.70, -43.65, Right
1761466266431, 1.70, 16.87, -43.76, Right
1761466266474, 1.63, 17.10, -43.89, Right
1761466266522, 1.62, 17.49, -44.08, Right
1761466266567, 1.60, 17.69, -44.21, Right
1761466266610, 1.63, 17.58, -44.14, Right
1761466266686, -1.63, 17.56, -60.15, Right
1761466266731, -1.56, 17.23, -60.17, Right
1761466266775, -1.45, 16.96, -60.18, Right
1761466266820, -1.58, 16.81, -60.02, Right
1761466266865, -1.59, 16.49, -60.13, Right
1761466266959, -4.92, 16.48, -40.51, Right
1761466267005, -8.38, 16.58, -56.82, Right
1761466267050, -11.91, 16.65, -73.13, Right
1761466267094, -15.16, 16.83, -53.64, Right
1761466267137, -18.50, 17.04, -34.15, Right
1761466267231, -18.49, 17.05, 1.40, Right
1761466267274, -18.42, 17.14, 36.91, Right
1761466267321, -15.12, 16.77, 52.67, Right
1761466267365, -18.25, 16.79, 71.95, Right
1761466267410, -21.46, 16.91, 91.47, Right
1761466267489, -21.33, 16.67, 91.31, Right
1761466267535, -20.96, 16.22, 127.07, Right
1761466267581, -17.16, 14.93, 143.46, Right
1761466267625, -17.08, 14.57, 143.40, Right
1761466267673, -16.84, 14.16, 143.35, Right
1761466267759, -13.54, 13.41, 123.81, Right
1761466267804, -10.08, 12.45, 104.30, Right
1761466267849, -9.88, 11.68, 104.67, Right
1761466267893, -6.44, 10.61, 85.45, Right
1761466267939, -2.90, 9.14, 66.35, Forward
1761466268030, 0.47, 8.06, 47.08, Forward
1761466268074, 3.83, 6.98, 27.79, Forward
1761466268120, 3.70, 6.88, 27.88, Forward
1761466268164, 6.95, 5.14, 8.91, Forward
1761466268208, 10.14, 3.89, -10.33, Up
1761466268287, 9.85, 2.56, -9.69, Forward
1761466268332, 9.34, 1.45, -9.08, Forward
1761466268375, 8.84, 0.58, -8.59, Forward
1761466268419, 8.34, -0.82, -8.04, Forward
1761466268465, 7.50, -1.21, -7.77, Forward
1761466268559, 7.02, -2.23, -7.34, Forward
1761466268602, 6.41, -3.20, -6.88, Forward
1761466268646, 5.87, -4.26, -6.42, Forward
1761466268689, 5.23, -3.90, -6.52, Forward
1761466268736, 4.60, -3.96, -6.42, Forward
1761466268816, 4.27, -3.36, -6.72, Forward
1761466268858, 4.03, -2.64, -7.07, Forward
1761466268907, 3.73, -1.97, -7.40, Forward
1761466268955, 3.35, -0.80, -7.84, Forward
1761466269000, 3.35, -0.38, -8.21, Forward
1761466269087, 3.19, 0.41, -8.62, Forward
1761466269170, 3.17, 1.16, -9.06, Forward
1761466269216, 3.17, 1.78, -9.42, Forward
1761466269260, 3.21, 1.87, -9.62, Forward
1761466269305, 3.26, 2.04, -9.84, Forward
1761466269359, 3.42, 1.75, -9.88, Forward
1761466269403, 3.57, 1.61, -9.97, Forward
1761466269450, 3.73, 1.31, -10.00, Forward
1761466269494, 3.96, 1.17, -10.04, Forward
1761466269537, 3.97, 1.40, -10.08, Forward
1761466269614, 3.99, 1.44, -10.07, Forward
1761466269658, 3.95, 1.55, -10.04, Forward
1761466269701, 3.90, 1.78, -10.08, Forward
1761466269745, 3.93, 1.83, -10.05, Forward
1761466269789, 3.86, 1.79, -9.99, Forward
1761466269887, 4.07, 1.38, -9.79, Forward
1761466269931, 4.28, 1.03, -9.61, Forward
1761466269975, 4.50, 0.90, -9.50, Forward
1761466270021, 4.36, 0.98, -9.48, Forward
1761466270069, 4.33, 0.78, -9.39, Forward
1761466270159, 4.25, 0.93, -9.35, Forward
1761466270206, 4.18, 1.12, -9.35, Forward
1761466270256, 4.14, 1.31, -9.38, Forward
1761466270303, 3.90, 1.50, -9.35, Forward
1761466270348, 3.89, 1.78, -9.35, Forward
1761466270418, 3.52, 2.88, -9.64, Forward
1761466270464, 3.24, 3.36, -9.69, Forward
1761466270508, 2.95, 4.03, -9.79, Forward
1761466270555, 3.00, 4.42, -9.84, Forward
1761466270603, 2.97, 5.03, -9.92, Forward
1761466270686, 2.92, 5.31, -9.94, Forward
1761466270732, 2.98, 5.36, -9.93, Forward
1761466270775, 2.99, 5.43, -9.88, Forward
1761466270819, 3.16, 5.79, -9.94, Forward
1761466270863, 3.25, 5.87, -9.96, Forward
1761466270959, 3.29, 5.83, -9.89, Forward
1761466271003, 3.21, 6.13, -9.96, Forward
1761466271047, 3.14, 6.24, -9.97, Forward
1761466271090, 3.07, 6.40, -10.00, Forward
1761466271138, 3.07, 6.54, -10.06, Forward
1761466271215, 3.61, 6.08, -10.09, Forward
1761466271258, 3.86, 5.68, -10.09, Forward
1761466271304, 4.09, 5.19, -10.08, Forward
1761466271354, 4.40, 4.63, -10.07, Forward
1761466271398, 4.63, 4.10, -9.98, Forward
1761466271487, 4.66, 3.97, -10.01, Forward
1761466271533, 4.75, 3.64, -10.01, Forward
1761466271579, 4.84, 3.32, -10.01, Forward
1761466271623, 4.98, 2.94, -9.95, Forward
1761466271666, 5.01, 2.52, -9.90, Forward
1761466271760, 4.55, 2.69, -9.83, Forward
1761466271803, 4.34, 2.88, -9.81, Forward
1761466271849, 4.16, 3.15, -9.82, Forward
1761466271894, 3.92, 3.35, -9.80, Forward
1761466271938, 3.67, 3.43, -9.80, Forward
1761466272015, 3.85, 3.83, -9.94, Forward
1761466272058, 3.93, 4.10, -10.00, Forward
1761466272104, 4.01, 4.38, -10.07, Forward
1761466272147, 4.03, 4.69, -10.18, Forward
1761466272192, 4.16, 5.17, -10.26, Forward
1761466272286, 4.20, 5.99, -10.52, Forward
1761466272330, 4.23, 6.71, -10.73, Forward
1761466272374, 4.27, 7.47, -10.96, Forward
1761466272419, 4.15, 7.80, -11.01, Forward
1761466272463, 4.05, 8.29, -11.09, Forward
1761466272558, 3.78, 8.14, -11.01, Forward
1761466272603, 3.60, 8.09, -10.99, Forward
1761466272647, 3.46, 8.05, -10.96, Forward
1761466272691, 3.38, 8.31, -10.97, Forward
1761466272737, 3.28, 8.37, -10.99, Forward
1761466272816, 3.05, 8.24, -10.82, Forward
1761466272861, 2.82, 8.22, -10.71, Forward
1761466272905, 2.59, 8.16, -10.57, Forward
1761466272954, 2.54, 8.47, -10.61, Forward
1761466273004, 2.18, 8.32, -10.52, Forward
1761466273087, 1.12, 8.55, -10.32, Forward
1761466273132, -3.10, 8.93, -26.69, Forward
1761466273179, -7.30, 9.14, -43.17, Forward
1761466273222, -12.00, 9.14, -59.46, Down
1761466273271, -13.40, 9.00, -59.11, Down
1761466273358, -18.18, 8.90, -75.25, Down
1761466273402, -22.91, 8.78, -91.39, Down
1761466273445, -27.68, 8.68, -107.53, Down
1761466273489, -32.45, 8.71, -122.87, Down
1761466273536, -36.82, 9.03, -138.34, Down
1761466273616, -28.94, 6.44, -139.83, Down
1761466273662, -29.01, 7.31, -137.57, Down
1761466273705, -28.82, 5.38, -136.29, Down
1761466273752, -28.66, 6.35, -133.95, Down
1761466273797, -20.22, 7.14, -135.12, Down
1761466273887, -12.64, 11.87, -118.72, Right
1761466273932, -9.44, 13.37, -116.04, Right
1761466273977, -6.21, 14.78, -113.37, Right
1761466274020, -2.57, 17.08, -93.55, Right
1761466274067, 0.90, 19.54, -73.69, Right
1761466274158, -7.28, 24.71, -68.21, Right
1761466274203, -4.31, 26.39, -49.93, Right
1761466274249, -1.64, 31.02, -30.56, Right
1761466274295, 1.39, 31.80, -13.29, Right
1761466274338, -9.10, 31.06, -25.80, Right
1761466274415, -15.78, 26.39, -40.54, Right
1761466274459, -14.73, 26.37, -25.19, Right
1761466274503, -13.76, 26.29, -9.78, Right
1761466274548, -13.18, 25.27, -12.36, Right
1761466274591, -16.09, 22.90, -32.01, Right
1761466274687, -19.05, 20.20, -51.62, Right
1761466274732, -21.97, 17.75, -71.21, Right
1761466274775, -24.97, 15.32, -90.81, Right
1761466274819, -28.33, 14.03, -109.56, Right
1761466274863, -29.74, 14.51, -111.76, Right
1761466274959, -31.17, 14.87, -112.86, Right
1761466275002, -36.00, 13.82, -130.32, Right
1761466275047, -40.83, 12.94, -147.77, Right
1761466275090, -45.69, 11.92, -165.19, Right
1761466275135, -47.06, 12.18, -165.65, Right
1761466275215, -48.37, 12.58, -165.88, Right
1761466275259, -49.88, 12.61, -166.15, Right
1761466275302, -51.09, 12.75, -166.45, Right
1761466275347, -51.97, 12.50, -166.74, Right
1761466275389, -52.67, 12.42, -166.79, Right
1761466275490, -52.71, 12.40, -166.96, Right
1761466275534, -52.68, 12.42, -167.08, Right
1761466275580, -52.57, 12.40, -167.32, Right
1761466275622, -52.51, 12.32, -167.47, Right
1761466275668, -52.41, 12.31, -167.54, Right
1761466275758, -52.45, 12.18, -167.52, Right
1761466275801, -52.38, 12.20, -167.45, Right
1761466275845, -52.55, 12.01, -167.40, Right
1761466275891, -52.42, 11.98, -167.38, Right
1761466275936, -52.46, 11.82, -167.48, Right
1761466276015, -52.60, 11.82, -167.32, Right
1761466276060, -52.75, 11.70, -167.20, Right
1761466276103, -52.73, 11.60, -167.10, Right
1761466276151, -52.72, 11.61, -167.06, Right
1761466276195, -53.30, 11.45, -166.93, Right
1761466276287, -53.14, 11.27, -166.79, Right
1761466276336, -53.04, 11.13, -166.69, Right
1761466276381, -52.95, 11.10, -166.47, Right
1761466276425, -53.13, 11.19, -166.21, Right
1761466276470, -53.46, 11.24, -165.83, Right
1761466276559, -53.66, 11.24, -165.83, Right
1761466276602, -53.98, 11.25, -165.79, Right
1761466276646, -54.48, 11.26, -165.71, Right
1761466276689, -54.84, 11.03, -165.67, Right
1761466276736, -54.66, 11.14, -165.64, Right
1761466276820, -54.82, 11.19, -165.76, Right
1761466276870, -55.05, 11.36, -165.81, Right
1761466276915, -55.24, 11.51, -165.90, Right
1761466276958, -55.29, 11.59, -166.02, Right
1761466277001, -55.08, 11.69, -166.20, Right
1761466277087, -55.24, 11.51, -166.21, Right
1761466277133, -55.46, 11.26, -166.28, Right
1761466277178, -55.67, 10.98, -166.29, Right
1761466277221, -55.60, 11.21, -166.20, Right
1761466277268, -55.45, 11.23, -166.26, Right
1761466277360, -55.65, 11.48, -166.15, Right
1761466277403, -55.79, 11.47, -166.06, Right
1761466277451, -55.89, 11.51, -165.98, Right
1761466277496, -55.91, 11.57, -165.93, Right
1761466277540, -56.07, 11.52, -165.92, Right
1761466277615, -55.95, 11.68, -165.88, Right
1761466277661, -55.54, 11.91, -165.84, Right
1761466277703, -55.09, 12.15, -165.84, Right
1761466277751, -54.99, 12.13, -165.89, Right
1761466277794, -54.96, 12.11, -166.01, Right
1761466277887, -54.93, 11.76, -166.16, Right
1761466277934, -54.69, 11.67, -166.29, Right
1761466277978, -54.54, 11.57, -166.45, Right
1761466278020, -54.46, 11.42, -166.51, Right
1761466278069, -54.46, 11.18, -166.62, Right
1761466278160, -54.34, 11.06, -166.69, Right
1761466278203, -54.29, 10.76, -166.78, Right
1761466278245, -54.30, 10.62, -166.84, Right
1761466278289, -54.43, 10.50, -166.89, Right
1761466278333, -54.42, 10.45, -166.89, Right
1761466278415, -54.25, 10.72, -166.85, Right
1761466278461, -54.02, 10.75, -166.94, Right
1761466278504, -53.76, 10.81, -166.99, Right
1761466278551, -53.56, 10.78, -167.09, Right
1761466278597, -53.53, 10.87, -167.15, Right
1761466278640, -53.60, 10.94, -167.13, Right
1761466278687, -53.71, 11.16, -167.15, Right
1761466278735, -53.89, 11.21, -167.14, Right
1761466278779, -53.99, 11.15, -167.19, Right
1761466278822, -54.10, 11.19, -167.13, Right
1761466278958, -54.11, 11.15, -167.15, Right
1761466279002, -54.18, 11.20, -167.05, Right
1761466279049, -54.27, 11.18, -166.99, Right
1761466279092, -54.67, 11.65, -166.71, Right
1761466279135, -54.92, 12.18, -166.46, Right
1761466279215, -54.93, 12.50, -166.43, Right
1761466279258, -55.11, 12.70, -166.31, Right
1761466279301, -55.25, 13.02, -166.24, Right
1761466279349, -55.47, 13.41, -166.11, Right
1761466279489, -55.16, 13.67, -166.22, Right
1761466279535, -54.67, 14.08, -166.41, Right
1761466279615, -54.76, 14.09, -166.54, Right
1761466279659, -54.64, 14.12, -166.69, Right
1761466279702, -54.18, 13.57, -167.10, Right
1761466279746, -53.64, 13.08, -167.41, Right
1761466279887, -53.58, 12.72, -167.51, Right
1761466279935, -53.53, 12.55, -167.57, Right
1761466280014, -53.10, 12.47, -167.68, Right
1761466280058, -52.64, 12.44, -167.83, Right
1761466280101, -52.75, 12.23, -167.77, Right
1761466280145, -53.15, 11.90, -167.57, Right
1761466280287, -52.86, 11.93, -167.41, Right
1761466280333, -52.85, 11.77, -167.33, Right
1761466280415, -53.07, 11.80, -167.22, Right
1761466280460, -53.21, 11.84, -167.15, Right
1761466280505, -53.14, 11.77, -167.19, Right
1761466280551, -53.02, 11.75, -167.20, Right
1761466280690, -52.84, 11.47, -167.34, Right
1761466280738, -52.73, 11.21, -167.40, Right
1761466280816, -53.10, 11.63, -167.04, Right
1761466280861, -53.40, 11.99, -166.92, Right
1761466280905, -54.00, 12.27, -166.77, Right
1761466280950, -54.61, 12.53, -166.62, Right
1761466281086, -54.87, 12.96, -166.34, Right
1761466281133, -55.01, 13.41, -166.14, Right
1761466281214, -55.42, 13.66, -165.93, Right
1761466281259, -55.70, 13.97, -165.77, Right
1761466281304, -56.43, 14.36, -165.44, Right
1761466281348, -56.46, 14.48, -165.38, Right
1761466281487, -55.80, 13.99, -165.73, Right
1761466281533, -55.31, 13.52, -165.96, Right
1761466281614, -54.82, 13.13, -166.30, Right
1761466281659, -54.10, 12.98, -166.54, Right
1761466281702, -53.50, 12.56, -166.89, Right
1761466281750, -52.93, 12.13, -167.11, Right
1761466281886, -52.07, 11.83, -167.39, Right
1761466281932, -51.33, 11.48, -167.64, Right
1761466282014, -50.96, 11.51, -167.61, Right
1761466282063, -51.15, 11.73, -167.40, Right
1761466282106, -51.50, 12.01, -167.18, Right
1761466282152, -51.84, 12.45, -166.87, Right
1761466282287, -51.69, 12.49, -166.85, Right
1761466282335, -51.81, 12.55, -166.66, Right
1761466282415, -51.93, 12.63, -166.60, Right
1761466282461, -52.43, 12.38, -166.60, Right
1761466282504, -52.93, 12.33, -166.52, Right
1761466282549, -53.41, 12.40, -166.41, Right
1761466282687, -53.38, 11.94, -166.61, Right
1761466282732, -53.35, 11.62, -166.73, Right
1761466282815, -53.02, 11.53, -166.91, Right
1761466282858, -52.82, 11.32, -167.13, Right
1761466282901, -52.76, 11.47, -167.09, Right
1761466282947, -52.65, 11.66, -167.13, Right
1761466283087, -52.92, 11.77, -167.01, Right
1761466283133, -53.14, 12.04, -166.84, Right
1761466283215, -52.94, 12.08, -166.87, Right
1761466283260, -52.65, 12.06, -166.90, Right
1761466283303, -52.55, 12.09, -167.00, Right
1761466283350, -52.25, 12.08, -167.06, Right
1761466283487, -52.41, 11.71, -167.07, Right
1761466283532, -52.28, 11.39, -167.09, Right
1761466283615, -52.48, 11.11, -166.97, Right
1761466283660, -52.59, 10.75, -166.89, Right
1761466283704, -52.35, 10.44, -166.89, Right
1761466283750, -52.14, 10.25, -166.91, Right
1761466283888, -51.79, 10.10, -166.86, Right
1761466283933, -51.95, 9.80, -166.83, Down
1761466284015, -51.59, 9.83, -166.90, Down
1761466284059, -51.68, 9.63, -166.99, Down
1761466284103, -51.74, 9.55, -167.06, Down
1761466284146, -51.88, 9.42, -167.00, Down
1761466284286, -51.72, 9.48, -167.04, Down
1761466284332, -51.58, 9.45, -167.11, Down
1761466284415, -51.41, 9.41, -167.25, Down
1761466284459, -51.04, 9.30, -167.41, Down
1761466284502, -51.15, 9.44, -167.41, Down
1761466284548, -51.13, 9.75, -167.34, Down
1761466284686, -51.31, 9.91, -167.00, Down
1761466284735, -51.19, 10.04, -166.81, Right
1761466284814, -51.54, 10.24, -166.63, Right
1761466284858, -51.72, 10.53, -166.51, Right
1761466284902, -52.21, 10.61, -166.39, Right
1761466284951, -52.30, 10.89, -166.29, Right
1761466285087, -52.65, 11.12, -166.04, Right
1761466285133, -53.07, 11.17, -165.85, Right
1761466285215, -53.56, 11.21, -165.68, Right
1761466285262, -53.63, 11.17, -165.58, Right
1761466285306, -53.94, 11.04, -165.60, Right
1761466285349, -54.05, 11.07, -165.64, Right
1761466285488, -53.57, 10.99, -165.79, Right
1761466285531, -53.25, 10.75, -166.00, Right
1761466285615, -52.77, 10.46, -166.31, Right
1761466285660, -52.90, 10.03, -166.49, Right
1761466285704, -52.85, 9.71, -166.72, Down
1761466285749, -52.72, 9.74, -166.80, Down
1761466285889, -52.33, 9.90, -166.82, Down
1761466285933, -52.06, 9.79, -166.94, Down
1761466286014, -51.67, 9.72, -167.09, Down
1761466286059, -51.76, 9.65, -167.03, Down
1761466286101, -51.76, 9.71, -167.02, Down
1761466286147, -51.80, 9.73, -166.92, Down
1761466286287, -52.03, 9.85, -166.80, Down
1761466286334, -52.07, 10.03, -166.64, Right
1761466286414, -52.04, 10.29, -166.55, Right
1761466286460, -52.00, 10.42, -166.54, Right
1761466286503, -52.39, 10.26, -166.61, Right
1761466286547, -52.33, 10.31, -166.67, Right
1761466286687, -52.52, 10.30, -166.64, Right
1761466286732, -52.28, 10.32, -166.72, Right
1761466286815, -52.27, 10.42, -166.59, Right
1761466286860, -52.22, 10.63, -166.54, Right
1761466286903, -52.15, 10.80, -166.40, Right
1761466286949, -52.01, 10.91, -166.49, Right
1761466287086, -52.18, 10.89, -166.28, Right
1761466287131, -51.99, 10.86, -166.24, Right
1761466287215, -52.00, 10.78, -166.16, Right
1761466287260, -52.33, 10.74, -166.09, Right
1761466287305, -52.50, 10.84, -165.96, Right
1761466287349, -52.34, 10.82, -166.11, Right
1761466287486, -52.54, 10.61, -166.16, Right
1761466287533, -52.46, 10.51, -166.22, Right
1761466287614, -52.57, 10.51, -166.26, Right
1761466287659, -52.70, 10.47, -166.20, Right
1761466287702, -52.52, 10.50, -166.38, Right
1761466287749, -52.58, 10.43, -166.47, Right
1761466287887, -52.51, 10.50, -166.60, Right
1761466287934, -49.44, 10.74, -150.21, Right
1761466288015, -49.25, 10.63, -150.42, Right
1761466288058, -49.59, 10.68, -150.30, Right
1761466288102, -49.41, 10.86, -150.35, Right
1761466288147, -49.89, 10.86, -150.40, Right
1761466288287, -49.84, 10.84, -150.46, Right
1761466288331, -50.00, 10.85, -150.51, Right
1761466288415, -50.13, 11.05, -150.44, Right
1761466288460, -50.24, 11.39, -150.27, Right
1761466288503, -50.25, 11.65, -150.09, Right
1761466288548, -53.18, 11.66, -166.44, Right
1761466288687, -53.41, 11.89, -166.30, Right
1761466288733, -53.44, 12.17, -166.12, Right
1761466288815, -53.58, 12.45, -165.96, Right
1761466288859, -53.34, 12.83, -165.80, Right
1761466288902, -53.42, 13.04, -165.69, Right
1761466288950, -53.26, 13.32, -165.52, Right
1761466289086, -53.46, 13.15, -165.48, Right
1761466289133, -53.62, 13.05, -165.46, Right
1761466289215, -53.64, 13.00, -165.35, Right
1761466289260, -53.54, 13.04, -165.30, Right
1761466289304, -53.51, 13.13, -165.15, Right
1761466289349, -53.51, 13.30, -165.18, Right
1761466289486, -53.23, 13.24, -165.21, Right
1761466289531, -53.11, 13.16, -165.21, Right
1761466289576, -52.96, 13.01, -165.24, Right
1761466289620, -52.91, 12.88, -165.36, Right
1761466289664, -52.61, 12.85, -165.51, Right
1761466289708, -52.36, 12.89, -165.59, Right
1761466289751, -52.26, 12.91, -165.68, Right
1761466289800, -52.61, 12.87, -165.61, Right
1761466289846, -52.67, 12.72, -165.66, Right
1761466289891, -52.89, 12.41, -165.61, Right
1761466290014, -53.29, 12.47, -165.49, Right
1761466290060, -53.41, 12.50, -165.44, Right
1761466290143, -53.78, 12.49, -165.40, Right
1761466290187, -54.01, 12.53, -165.29, Right
1761466290234, -54.22, 12.67, -165.15, Right
1761466290284, -54.29, 12.41, -165.22, Right
1761466290415, -54.53, 12.31, -165.33, Right
1761466290459, -54.37, 12.29, -165.47, Right
1761466290543, -54.22, 12.39, -165.56, Right
1761466290587, -54.19, 12.38, -165.63, Right
1761466290631, -54.20, 12.09, -165.81, Right
1761466290676, -54.23, 12.16, -165.80, Right
1761466290816, -54.21, 12.19, -165.76, Right
1761466290861, -54.22, 11.85, -165.85, Right
1761466290942, -54.21, 11.58, -165.83, Right
1761466290985, -54.35, 11.70, -165.63, Right
1761466291031, -54.18, 11.54, -165.58, Right
1761466291074, -54.15, 11.38, -165.56, Right
1761466291216, -54.24, 11.36, -165.58, Right
1761466291262, -54.41, 11.42, -165.57, Right
1761466291343, -54.38, 11.48, -165.55, Right
1761466291387, -54.31, 11.30, -165.68, Right
1761466291432, -54.25, 11.36, -165.72, Right
1761466291477, -54.50, 11.27, -165.64, Right
1761466291615, -41.93, 8.82, -147.33, Down
1761466291661, -38.73, 9.10, -131.08, Down
1761466291742, -38.39, 8.99, -131.23, Down
1761466291786, -38.25, 8.83, -131.30, Down
1761466291831, -37.98, 8.61, -131.42, Down
1761466291876, -37.87, 8.58, -131.43, Down
1761466292016, -38.17, 8.41, -131.36, Down
1761466292060, -38.52, 8.04, -131.29, Down
1761466292142, -38.71, 7.93, -131.24, Down
1761466292185, -38.56, 8.42, -131.18, Down
1761466292231, -51.32, 11.12, -149.44, Right
1761466292278, -54.65, 10.95, -165.72, Right
1761466292414, -55.15, 11.19, -165.62, Right
1761466292461, -55.52, 11.74, -165.54, Right
1761466292544, -55.88, 11.97, -165.40, Right
1761466292587, -55.91, 11.96, -165.44, Right
1761466292630, -55.84, 12.14, -165.42, Right
1761466292676, -55.65, 12.34, -165.44, Right
1761466292815, -55.50, 12.57, -165.41, Right
1761466292861, -55.28, 12.66, -165.43, Right
1761466292942, -55.03, 12.68, -165.54, Right
1761466292985, -54.99, 12.78, -165.49, Right
1761466293032, -54.96, 13.04, -165.36, Right
1761466293078, -55.06, 12.66, -165.33, Right
1761466293214, -51.78, 12.89, -149.01, Right
1761466293259, -52.08, 12.73, -148.90, Right
1761466293343, -52.15, 12.78, -148.84, Right
1761466293389, -52.29, 12.96, -148.83, Right
1761466293431, -52.40, 12.87, -148.82, Right
1761466293477, -49.01, 12.96, -132.76, Right
1761466293615, -45.54, 13.22, -116.64, Right
1761466293661, -45.42, 13.09, -116.71, Right
1761466293743, -45.42, 12.77, -116.82, Right
1761466293787, -45.28, 12.86, -116.88, Right
1761466293832, -48.56, 12.48, -133.21, Right
1761466293878, -48.29, 12.50, -133.37, Right
1761466294015, -44.85, 12.64, -117.31, Right
1761466294060, -44.99, 12.35, -117.48, Right
1761466294142, -41.45, 12.71, -101.41, Right
1761466294186, -44.88, 12.57, -117.55, Right
1761466294231, -48.64, 12.10, -133.72, Right
1761466294277, -43.57, 10.54, -117.75, Right
1761466294415, -40.08, 10.93, -101.55, Right
1761466294460, -36.50, 11.33, -85.40, Right
1761466294543, -36.77, 11.25, -85.42, Right
1761466294586, -37.00, 11.29, -85.32, Right
1761466294631, -40.51, 11.00, -101.53, Right
1761466294677, -40.36, 11.26, -101.40, Right
1761466294815, -43.96, 10.69, -117.51, Right
1761466294861, -44.27, 10.36, -117.52, Right
1761466294944, -43.93, 10.45, -117.52, Right
1761466294992, -48.95, 11.83, -133.58, Right
1761466295037, -39.78, 8.98, -130.83, Down
1761466295082, -43.54, 8.64, -147.00, Down
1761466295216, -43.39, 8.75, -147.06, Down
1761466295264, -43.23, 8.82, -147.14, Down
1761466295342, -43.65, 8.27, -147.26, Down
1761466295386, -44.30, 7.73, -147.37, Down
1761466295431, -38.64, 6.33, -131.25, Down
1761466295478, -38.61, 6.25, -131.21, Down
1761466295615, -39.08, 5.98, -131.33, Down
1761466295660, -39.51, 5.68, -131.36, Down
1761466295744, -52.48, 8.14, -150.27, Down
1761466295788, -51.34, 5.69, -115.55, Down
1761466295831, -51.58, 5.56, -115.48, Down
1761466295875, -51.89, 5.41, -115.39, Down
1761466296014, -51.28, 6.14, -115.15, Down
1761466296061, -50.71, 6.85, -114.95, Down
1761466296143, -56.46, 8.36, -131.17, Down
1761466296186, -52.96, 8.81, -115.03, Down
1761466296230, -52.93, 9.07, -114.96, Down
1761466296274, -40.17, 6.99, -93.75, Down
1761466296416, -40.06, 7.34, -93.61, Down
1761466296475, -41.28, 9.98, -128.13, Down
1761466296543, -41.11, 10.12, -127.96, Right
1761466296586, -40.78, 10.13, -127.93, Right
1761466296631, -40.69, 9.91, -128.03, Down
1761466296675, -37.03, 10.18, -111.99, Right
1761466296815, -36.79, 10.06, -111.95, Right
1761466296859, -39.82, 10.07, -128.11, Right
1761466296943, -26.98, 7.59, -107.93, Down
1761466296990, -39.71, 9.71, -129.11, Down
1761466297032, -39.67, 9.27, -129.23, Down
1761466297078, -40.12, 8.58, -129.37, Down
1761466297214, -40.05, 8.48, -129.52, Down
1761466297259, -38.61, 7.01, -94.66, Down
1761466297342, -38.96, 6.87, -94.69, Down
1761466297387, -33.73, 1.04, -97.50, Down
1761466297430, -34.10, 0.95, -97.53, Down
1761466297476, -34.76, 0.60, -97.44, Down
1761466297615, -47.30, 3.12, -117.60, Down
1761466297664, -47.13, 3.53, -117.58, Down
1761466297743, -47.19, 3.73, -117.63, Down
1761466297789, -46.50, 4.19, -117.71, Down
1761466297834, -46.59, 4.26, -117.74, Down
1761466297879, -47.72, 5.97, -152.66, Down
1761466298016, -34.73, 3.59, -135.43, Down
1761466298065, -43.45, 8.88, -148.80, Down
1761466298143, -43.00, 9.15, -148.72, Down
1761466298186, -42.71, 9.18, -148.82, Down
1761466298229, -42.60, 9.16, -148.85, Down
1761466298274, -38.97, 9.37, -132.58, Down
1761466298415, -26.17, 6.86, -112.44, Down
1761466298462, -26.24, 6.75, -112.54, Down
1761466298543, -25.96, 6.70, -112.56, Down
1761466298588, -26.02, 6.64, -112.59, Down
1761466298631, -38.51, 9.40, -129.81, Down
1761466298679, -38.39, 9.55, -129.80, Down
1761466298816, -35.08, 9.75, -113.70, Down
1761466298862, -31.60, 10.18, -97.57, Right
1761466298943, -28.18, 10.50, -81.38, Right
1761466298990, -31.71, 10.38, -97.61, Right
1761466299033, -44.10, 13.07, -117.76, Right
1761466299080, -44.39, 13.01, -117.68, Right
1761466299214, -44.38, 12.98, -117.73, Right
1761466299260, -44.41, 12.92, -117.80, Right
1761466299343, -31.95, 10.24, -99.22, Right
1761466299388, -30.63, 7.97, -64.32, Down
1761466299430, -21.36, 5.01, -63.91, Down
1761466299476, -24.74, 4.67, -80.13, Down
1761466299615, -28.52, 4.14, -96.21, Down
1761466299662, -29.07, 3.84, -96.19, Down
1761466299742, -25.79, 4.01, -80.10, Down
1761466299786, -22.11, 4.62, -63.97, Down
1761466299829, -18.85, 5.11, -47.82, Down
1761466299874, -6.33, 2.46, -30.94, Forward
1761466300014, -18.90, 4.97, -49.55, Down
1761466300074, -14.39, 4.49, -67.59, Down
1761466300150, -23.80, 7.39, -67.92, Down
1761466300201, -11.17, 4.63, -51.94, Down
1761466300244, -7.70, 4.99, -35.70, Forward
1761466300296, -7.49, 5.00, -35.76, Forward
1761466300414, -11.15, 4.60, -51.81, Down
1761466300463, -14.64, 4.23, -67.77, Down
1761466300508, -18.17, 3.88, -83.84, Down
1761466300550, -27.40, 6.92, -84.48, Down
1761466300594, -24.06, 7.34, -68.24, Down
1761466300671, -30.40, 9.69, -85.03, Down
1761466300715, -33.97, 9.33, -101.16, Down
1761466300761, -46.78, 11.98, -116.92, Right
1761466300805, -46.57, 12.10, -116.92, Right
1761466300849, -46.17, 12.11, -116.95, Right
1761466300943, -39.94, 9.47, -100.47, Down
1761466300989, -36.46, 9.64, -84.31, Down
1761466301031, -32.87, 9.91, -68.14, Down
1761466301080, -32.69, 10.00, -68.27, Down
1761466301126, -36.26, 9.64, -84.50, Down
1761466301198, -32.34, 10.43, -68.49, Right
1761466301247, -28.33, 11.17, -52.67, Right
1761466301292, -28.13, 11.51, -52.82, Right
1761466301336, -28.01, 11.76, -53.10, Right
1761466301379, -24.29, 12.53, -37.07, Right
1761466301470, -30.61, 14.94, -53.63, Right
1761466301514, -30.71, 14.77, -53.62, Right
1761466301563, -30.79, 14.54, -53.48, Right
1761466301608, -34.37, 14.06, -69.47, Right
1761466301653, -30.71, 14.29, -53.29, Right
1761466301743, -30.92, 14.10, -53.11, Right
1761466301789, -31.37, 13.89, -52.82, Right
1761466301834, -18.91, 11.15, -32.01, Right
1761466301882, -19.17, 10.88, -31.77, Right
1761466301929, -23.26, 10.14, -47.72, Right
1761466301999, -19.40, 10.87, -31.55, Right
1761466302047, -19.22, 11.08, -31.73, Right
1761466302096, -21.41, 9.41, -13.21, Down
1761466302145, -21.85, 9.28, -13.27, Down
1761466302188, -21.91, 9.30, -13.24, Down
1761466302270, -25.40, 8.96, -29.42, Down
1761466302314, -28.89, 8.51, -45.62, Down
1761466302361, -37.96, 11.22, -50.15, Right
1761466302406, -28.68, 8.40, -47.34, Down
1761466302451, -27.01, 6.54, -12.54, Down
1761466302543, -27.33, 6.24, -12.38, Down
1761466302588, -27.55, 6.19, -12.23, Down
1761466302631, -25.51, 7.98, -30.78, Down
1761466302674, -21.74, 8.44, -14.60, Down
1761466302716, -21.68, 8.49, -14.69, Down
1761466302798, -21.53, 8.70, -14.71, Down
1761466302845, -21.35, 8.82, -14.68, Down
1761466302891, -24.72, 8.57, -30.97, Down
1761466302939, -37.33, 11.16, -49.91, Right
1761466302982, -38.66, 13.04, -84.74, Right
1761466303070, -38.69, 13.12, -84.82, Right
1761466303114, -38.54, 13.16, -84.87, Right
1761466303162, -38.29, 13.34, -85.07, Right
1761466303210, -35.60, 10.28, -85.04, Right
1761466303255, -26.41, 7.29, -84.71, Down
1761466303344, -26.43, 7.34, -84.70, Down
1761466303390, -26.44, 7.38, -84.71, Down
1761466303432, -26.44, 7.53, -84.72, Down
1761466303477, -26.44, 7.44, -84.74, Down
1761466303521, -26.52, 7.46, -84.68, Down
1761466303598, -26.17, 7.47, -84.79, Down
1761466303645, -25.85, 7.62, -84.97, Down
1761466303690, -25.57, 7.72, -85.08, Down
1761466303733, -27.90, 10.88, -85.24, Right
1761466303777, -27.93, 10.97, -83.59, Right
1761466303872, -27.27, 9.41, -48.86, Down
1761466303915, -23.68, 9.70, -32.79, Down
1761466303961, -20.30, 9.90, -16.65, Down
1761466304006, -16.83, 10.42, -0.60, Right
1761466304049, -16.96, 10.58, -0.59, Right
1761466304143, -20.90, 10.05, -16.71, Right
1761466304187, -12.03, 7.11, -12.21, Down
1761466304233, -16.21, 6.42, -28.16, Down
1761466304280, -19.93, 6.32, -44.02, Down
1761466304325, -32.68, 9.32, -61.92, Down
1761466304673, -31.90, 13.09, -95.63, Right
1761466304717, -33.34, 12.05, -111.97, Right
1761466304761, -35.18, 14.66, -127.06, Right
1761466304807, -36.26, 17.70, -142.19, Right
1761466304854, -33.47, 21.14, -141.52, Right
1761466304943, -30.33, 21.28, -141.58, Right
1761466304988, -39.82, 21.35, -144.68, Right
1761466305033, -37.48, 20.01, -110.31, Right
1761466305076, -34.64, 23.12, -110.16, Right
1761466305120, -31.96, 26.43, -109.63, Right
1761466305199, -31.13, 27.13, -110.25, Right
1761466305245, -20.72, 25.23, -89.48, Right
1761466305291, -20.36, 25.08, -89.91, Right
1761466305338, -20.94, 24.39, -90.04, Right
1761466305382, -22.23, 22.53, -90.53, Right
1761466305472, -23.72, 23.88, -90.21, Right
1761466305514, -25.77, 27.41, -107.32, Right
1761466305564, -26.65, 30.01, -141.50, Right
1761466305612, -28.53, 27.42, -141.53, Right
1761466305659, -30.09, 24.53, -141.99, Right
1761466305742, -31.78, 21.80, -142.32, Right
1761466305786, -43.56, 24.71, -162.71, Right
1761466305829, -44.80, 22.26, -163.16, Right
1761466305875, -45.82, 19.62, -164.04, Right
1761466305918, -46.48, 18.06, -164.27, Right
1761466305998, -46.97, 17.15, -164.39, Right
1761466306045, -47.21, 16.25, -164.54, Right
1761466306092, -47.42, 15.51, -164.63, Right
1761466306137, -47.61, 14.92, -164.75, Right
1761466306181, -48.04, 14.20, -164.90, Right
1761466306271, -48.12, 13.68, -165.03, Right
1761466306315, -48.30, 13.17, -165.24, Right
1761466306361, -48.50, 12.66, -165.47, Right
1761466306407, -48.71, 12.25, -165.54, Right
1761466306450, -48.87, 11.85, -165.68, Right
1761466306543, -48.88, 11.22, -165.95, Right
1761466306588, -49.45, 10.57, -166.12, Right
1761466306631, -49.79, 9.89, -166.35, Down
1761466306674, -50.28, 9.03, -166.59, Down
1761466306718, -50.57, 8.43, -166.74, Down
1761466306798, -50.79, 8.00, -166.73, Down
1761466306846, -51.16, 7.64, -166.68, Down
1761466306893, -51.45, 7.26, -166.68, Down
1761466306940, -51.86, 6.91, -166.62, Down
1761466306985, -52.33, 6.45, -166.58, Down
1761466307071, -52.63, 6.37, -166.54, Down
1761466307116, -52.19, 6.31, -166.66, Down
1761466307161, -52.06, 6.27, -166.69, Down
1761466307208, -51.83, 6.44, -166.75, Down
1761466307256, -51.69, 6.51, -166.79, Down
1761466307343, -51.79, 6.56, -166.80, Down
1761466307390, -51.73, 6.70, -166.82, Down
1761466307434, -51.70, 6.80, -166.80, Down
1761466307477, -51.31, 7.08, -166.83, Down
1761466307520, -50.93, 7.61, -166.77, Down
1761466307599, -50.89, 7.62, -166.70, Down
1761466307645, -51.06, 7.77, -166.58, Down
1761466307694, -51.19, 7.85, -166.48, Down
1761466307739, -51.22, 7.93, -166.36, Down
1761466307782, -51.32, 7.82, -166.33, Down
1761466307871, -51.30, 7.80, -166.33, Down
1761466307914, -51.26, 7.68, -166.37, Down
1761466307960, -51.30, 7.59, -166.34, Down
1761466308006, -51.31, 7.40, -166.44, Down
1761466308049, -51.40, 7.00, -166.60, Down
1761466308144, -51.32, 7.13, -166.59, Down
1761466308192, -51.20, 7.12, -166.70, Down
1761466308237, -51.06, 7.05, -166.77, Down
1761466308281, -51.26, 7.06, -166.82, Down
1761466308329, -51.30, 7.23, -166.86, Down
1761466308398, -51.15, 7.46, -166.93, Down
1761466308444, -51.10, 7.75, -166.87, Down
1761466308487, -50.89, 7.98, -166.94, Down
1761466308531, -51.09, 8.26, -166.77, Down
1761466308577, -51.00, 8.53, -166.69, Down
1761466308670, -51.22, 8.58, -166.64, Down
1761466308712, -51.52, 8.71, -166.56, Down
1761466308760, -51.57, 8.79, -166.57, Down
1761466308806, -51.49, 8.76, -166.52, Down
1761466308849, -51.40, 8.79, -166.53, Down
1761466308944, -51.38, 8.86, -166.51, Down
1761466308989, -51.37, 8.82, -166.59, Down
1761466309033, -51.49, 8.84, -166.59, Down
1761466309078, -51.54, 8.72, -166.65, Down
1761466309124, -51.66, 8.75, -166.63, Down
1761466309198, -51.73, 8.76, -166.64, Down
1761466309243, -51.74, 8.76, -166.59, Down
1761466309287, -51.92, 8.86, -166.54, Down
1761466309331, -52.00, 8.96, -166.54, Down
1761466309376, -51.93, 8.94, -166.62, Down
1761466309471, -51.66, 8.93, -166.77, Down
1761466309517, -51.61, 8.92, -166.80, Down
1761466309562, -51.36, 8.99, -166.85, Down
1761466309606, -51.30, 8.82, -166.87, Down
1761466309648, -51.31, 8.65, -166.89, Down
1761466309743, -50.94, 8.79, -167.05, Down
1761466309788, -50.66, 8.63, -167.20, Down
1761466309832, -50.51, 8.58, -167.34, Down
1761466309876, -49.98, 8.67, -167.42, Down
1761466309919, -49.97, 8.92, -167.24, Down
1761466309999, -50.08, 8.88, -167.12, Down
1761466310041, -50.06, 8.87, -167.14, Down
1761466310085, -50.18, 8.90, -167.09, Down
1761466310128, -50.29, 9.20, -167.09, Down
1761466310172, -50.43, 9.50, -167.00, Down
1761466310271, -50.84, 9.36, -166.97, Down
1761466310315, -51.09, 9.42, -166.95, Down
1761466310359, -51.34, 9.39, -166.87, Down
1761466310403, -51.65, 9.42, -166.81, Down
1761466310447, -51.81, 9.44, -166.86, Down
1761466310542, -52.05, 9.58, -166.78, Down
1761466310589, -52.13, 9.71, -166.73, Down
1761466310633, -52.28, 9.74, -166.72, Down
1761466310678, -52.44, 9.64, -166.65, Down
1761466310723, -52.61, 9.66, -166.65, Down
1761466310798, -52.81, 9.74, -166.51, Down
1761466310844, -53.08, 9.81, -166.33, Down
1761466310891, -53.05, 9.92, -166.29, Down
1761466310934, -53.45, 9.86, -166.17, Down
1761466310978, -53.65, 9.80, -166.10, Down
1761466311072, -53.56, 9.99, -166.05, Down
1761466311117, -53.68, 10.03, -165.99, Right
1761466311161, -53.80, 10.03, -165.89, Right
1761466311206, -53.50, 10.09, -166.04, Right
1761466311249, -53.08, 10.02, -166.17, Right
1761466311344, -52.60, 10.03, -166.17, Right
1761466311387, -52.29, 10.15, -166.22, Right
1761466311430, -52.03, 10.10, -166.17, Right
1761466311476, -51.80, 10.09, -166.37, Right
1761466311520, -51.81, 9.99, -166.49, Down
1761466311598, -51.98, 9.66, -166.51, Down
1761466311642, -51.84, 9.61, -166.44, Down
1761466311688, -51.55, 9.61, -166.46, Down
1761466311730, -51.65, 9.84, -166.28, Down
1761466311777, -51.67, 10.11, -166.16, Right
1761466311872, -51.73, 10.35, -166.10, Right
1761466311915, -51.50, 10.66, -166.03, Right
1761466311963, -51.61, 11.03, -165.93, Right
1761466312008, -51.71, 11.29, -165.73, Right
1761466312052, -51.44, 11.59, -165.60, Right
1761466312126, -51.40, 11.87, -165.62, Right
1761466312173, -51.70, 11.90, -165.64, Right
1761466312217, -52.29, 11.79, -165.58, Right
1761466312261, -52.61, 11.62, -165.59, Right
1761466312310, -52.97, 11.36, -165.61, Right
1761466312399, -53.12, 11.03, -165.75, Right
1761466312442, -53.72, 10.59, -165.80, Right
1761466312488, -54.03, 10.20, -165.90, Right
1761466312533, -53.93, 9.91, -165.97, Down
1761466312577, -53.88, 9.70, -166.02, Down
1761466312672, -53.91, 9.66, -165.89, Down
1761466312720, -53.75, 9.70, -165.92, Down
1761466312764, -53.49, 9.74, -165.98, Down
1761466312809, -53.06, 9.69, -166.08, Down
1761466312854, -52.85, 9.80, -166.02, Down
1761466312926, -53.06, 9.81, -165.84, Down
1761466312969, -52.93, 9.84, -165.73, Down
1761466313012, -52.94, 9.92, -165.59, Down
1761466313059, -53.16, 9.92, -165.49, Down
1761466313106, -53.00, 10.05, -165.41, Right
1761466313202, -52.60, 9.90, -165.49, Down
1761466313255, -52.28, 9.78, -165.54, Down
1761466313305, -52.05, 9.69, -165.60, Down
1761466313350, -51.95, 9.75, -165.49, Down
1761466313395, -51.89, 9.58, -165.54, Down
1761466313473, -51.85, 9.59, -165.62, Down
1761466313517, -51.66, 9.65, -165.79, Down
1761466313560, -51.59, 9.72, -165.90, Down
1761466313608, -51.39, 9.94, -165.93, Down
1761466313654, -51.53, 9.91, -165.99, Down
1761466313727, -51.86, 9.97, -165.90, Down
1761466313772, -52.28, 10.11, -165.77, Right
1761466313816, -52.45, 10.30, -165.61, Right
1761466313861, -52.77, 10.37, -165.55, Right
1761466313910, -52.93, 10.66, -165.33, Right
1761466313999, -52.82, 10.87, -165.29, Right
1761466314043, -52.94, 10.95, -165.22, Right
1761466314087, -52.75, 11.10, -165.20, Right
1761466314130, -52.87, 10.96, -165.22, Right
1761466314176, -53.30, 11.01, -165.14, Right
1761466314271, -53.40, 10.93, -165.21, Right
1761466314314, -53.27, 10.67, -165.26, Right
1761466314358, -53.34, 10.52, -165.28, Right
1761466314403, -53.42, 10.54, -165.28, Right
1761466314446, -53.53, 10.53, -165.42, Right
1761466314527, -53.65, 10.46, -165.30, Right
1761466314570, -53.49, 10.42, -165.19, Right
1761466314613, -53.45, 10.32, -165.09, Right
1761466314657, -53.15, 10.23, -165.12, Right
1761466314700, -53.15, 9.95, -165.10, Down
1761466314799, -53.24, 10.09, -165.02, Right
1761466314844, -53.52, 10.33, -164.97, Right
1761466314890, -53.89, 10.62, -164.89, Right
1761466314935, -54.12, 10.51, -164.89, Right
1761466314979, -54.23, 10.36, -164.97, Right
1761466315072, -54.11, 10.16, -165.13, Right
1761466315117, -54.07, 9.97, -165.22, Down
1761466315162, -54.16, 9.81, -165.33, Down
1761466315209, -54.56, 9.70, -165.31, Down
1761466315254, -54.43, 9.68, -165.41, Down
1761466315327, -54.38, 9.66, -165.48, Down
1761466315371, -54.21, 9.63, -165.53, Down
1761466315415, -54.02, 9.37, -165.61, Down
1761466315458, -53.97, 9.39, -165.60, Down
1761466315503, -53.74, 9.30, -165.51, Down
1761466315598, -53.77, 9.38, -165.49, Down
1761466315642, -53.93, 9.53, -165.44, Down
1761466315685, -54.14, 9.69, -165.34, Down
1761466315729, -54.28, 9.66, -165.33, Down
1761466315773, -54.39, 9.68, -165.25, Down
1761466315871, -54.23, 9.70, -165.25, Down
1761466315915, -54.06, 9.56, -165.30, Down
1761466315959, -53.74, 9.62, -165.37, Down
1761466316004, -53.36, 9.66, -165.44, Down
1761466316048, -53.13, 9.77, -165.46, Down
1761466316127, -53.06, 9.64, -165.57, Down
1761466316175, -53.28, 9.57, -165.56, Down
1761466316219, -53.28, 9.54, -165.58, Down
1761466316262, -53.21, 9.66, -165.54, Down
1761466316309, -52.67, 9.99, -165.61, Down
1761466316398, -52.51, 9.99, -165.64, Down
1761466316442, -52.46, 10.07, -165.66, Right
1761466316489, -52.40, 10.10, -165.70, Right
1761466316534, -52.41, 10.01, -165.70, Right
1761466316576, -52.59, 9.94, -165.69, Down
1761466316672, -52.71, 10.14, -165.51, Right
1761466316718, -52.57, 10.34, -165.46, Right
1761466316761, -52.47, 10.49, -165.49, Right
1761466316807, -51.97, 10.50, -165.68, Right
1761466316853, -52.09, 10.19, -165.84, Right
1761466316927, -52.26, 10.16, -165.85, Right
1761466316973, -52.20, 10.30, -165.77, Right
1761466317015, -52.12, 10.43, -165.73, Right
1761466317059, -51.95, 10.66, -165.71, Right
1761466317103, -51.92, 10.71, -165.74, Right
1761466317199, -51.61, 10.79, -165.89, Right
1761466317244, -51.51, 10.74, -165.99, Right
1761466317289, -51.49, 10.72, -166.02, Right
1761466317334, -51.76, 10.69, -165.89, Right
1761466317377, -52.19, 10.57, -165.81, Right
1761466317470, -52.24, 10.59, -165.79, Right
1761466317516, -52.31, 10.38, -165.82, Right
1761466317559, -52.38, 10.14, -165.84, Right
1761466317603, -52.51, 10.01, -165.81, Right
1761466317646, -52.49, 9.98, -165.78, Down
1761466317726, -52.61, 10.10, -165.74, Right
1761466317774, -52.61, 10.13, -165.78, Right
1761466317820, -52.54, 10.16, -165.83, Right
1761466317867, -52.51, 10.44, -165.90, Right
1761466317910, -52.40, 10.87, -165.75, Right
1761466317998, -52.11, 11.01, -165.76, Right
1761466318042, -52.12, 11.16, -165.72, Right
1761466318087, -52.09, 11.47, -165.66, Right
1761466318131, -52.22, 11.60, -165.61, Right
1761466318174, -52.48, 11.57, -165.55, Right
1761466318271, -52.70, 11.18, -165.42, Right
1761466318315, -52.62, 10.99, -165.33, Right
1761466318358, -52.64, 10.63, -165.29, Right
1761466318404, -53.03, 10.23, -165.16, Right
1761466318448, -53.14, 9.86, -165.19, Down
1761466318527, -53.31, 9.83, -165.19, Down
1761466318573, -53.27, 10.01, -165.20, Right
1761466318618, -53.33, 10.09, -165.13, Right
1761466318660, -53.14, 10.29, -165.12, Right
1761466318707, -53.04, 10.42, -165.19, Right
1761466318799, -52.80, 10.71, -165.27, Right
1761466318841, -52.92, 10.79, -165.33, Right
1761466318888, -52.87, 11.03, -165.34, Right
1761466318931, -52.53, 11.29, -165.36, Right
1761466318974, -52.40, 11.46, -165.41, Right
1761466319070, -52.66, 11.27, -165.39, Right
1761466319117, -53.02, 10.98, -165.35, Right
1761466319160, -53.26, 10.62, -165.40, Right
1761466319206, -53.41, 10.31, -165.38, Right
1761466319251, -53.47, 10.10, -165.33, Right
1761466319327, -53.80, 9.90, -165.35, Down
1761466319372, -54.00, 9.95, -165.28, Down
1761466319417, -54.28, 9.92, -165.20, Down
1761466319466, -54.45, 9.97, -165.19, Down
1761466319509, -54.58, 9.93, -165.15, Down
1761466319599, -54.79, 9.94, -165.07, Down
1761466319642, -54.78, 10.18, -165.07, Right
1761466319687, -54.89, 10.46, -165.08, Right
1761466319729, -54.95, 10.55, -165.18, Right
1761466319775, -54.78, 10.65, -165.32, Right
1761466319872, -54.59, 10.94, -165.26, Right
1761466319914, -54.34, 11.04, -165.34, Right
1761466319960, -54.17, 11.09, -165.40, Right
1761466320007, -54.36, 11.07, -165.35, Right
1761466320054, -54.41, 11.20, -165.32, Right
1761466320126, -54.29, 11.18, -165.38, Right
1761466320174, -54.25, 10.97, -165.43, Right
1761466320218, -54.22, 10.70, -165.47, Right
1761466320262, -54.41, 10.53, -165.44, Right
1761466320307, -54.50, 10.68, -165.32, Right
1761466320399, -54.79, 10.43, -165.24, Right
1761466320442, -54.79, 10.38, -165.18, Right
1761466320490, -54.83, 10.45, -165.08, Right
1761466320534, -54.55, 10.40, -165.09, Right
1761466320578, -54.56, 10.41, -164.95, Right
1761466320671, -54.28, 10.65, -164.89, Right
1761466320716, -54.35, 10.78, -164.78, Right
1761466320758, -54.21, 10.94, -164.73, Right
1761466320803, -53.94, 11.13, -164.61, Right
1761466320851, -53.94, 10.84, -164.62, Right
1761466320927, -50.58, 11.27, -148.37, Right
1761466320973, -50.90, 11.00, -148.46, Right
1761466321019, -51.25, 10.86, -148.48, Right
1761466321062, -51.33, 10.98, -148.49, Right
1761466321108, -51.29, 10.69, -148.73, Right
1761466321199, -51.62, 10.38, -148.71, Right
1761466321242, -51.51, 10.41, -148.69, Right
1761466321286, -51.45, 10.49, -148.58, Right
1761466321331, -51.61, 10.52, -148.62, Right
1761466321377, -51.82, 10.86, -148.52, Right
1761466321470, -55.02, 10.48, -164.90, Right
1761466321516, -55.08, 10.47, -164.79, Right
1761466321560, -54.79, 10.35, -164.90, Right
1761466321608, -54.86, 10.27, -164.93, Right
1761466321651, -54.93, 10.60, -164.82, Right
1761466321726, -54.85, 10.60, -164.85, Right
1761466321772, -54.99, 10.39, -164.92, Right
1761466321817, -55.14, 10.20, -164.97, Right
1761466321859, -55.23, 9.95, -164.95, Down
1761466321907, -54.93, 9.71, -165.07, Down
1761466322004, -54.99, 9.73, -165.08, Down
1761466322050, -54.83, 9.87, -165.12, Down
1761466322105, -54.90, 9.97, -165.08, Down
1761466322153, -54.85, 10.06, -165.12, Right
1761466322197, -54.85, 10.10, -165.11, Right
1761466322271, -54.57, 10.35, -165.09, Right
1761466322317, -52.85, 8.74, -130.19, Down
1761466322361, -52.59, 8.81, -130.25, Down
1761466322405, -52.71, 8.95, -130.36, Down
1761466322450, -49.63, 9.36, -114.08, Down
1761466322526, -49.73, 9.20, -114.06, Down
1761466322574, -37.27, 6.94, -92.68, Down
1761466322620, -33.75, 7.47, -76.38, Down
1761466322664, -33.77, 7.26, -76.32, Down
1761466322708, -33.67, 7.10, -76.37, Down
1761466322798, -33.84, 7.09, -76.45, Down
1761466322842, -35.33, 8.80, -111.44, Down
1761466322890, -35.41, 8.85, -111.50, Down
1761466322935, -34.97, 8.92, -111.49, Down
1761466322978, -37.95, 8.61, -127.81, Down
1761466323055, -38.30, 8.57, -127.78, Down
1761466323101, -51.17, 10.69, -149.15, Right
1761466323145, -55.03, 10.09, -165.43, Right
1761466323191, -55.24, 10.17, -165.42, Right
1761466323236, -55.29, 10.19, -165.36, Right
1761466323326, -55.40, 10.10, -165.29, Right
1761466323373, -55.67, 10.09, -165.14, Right
1761466323417, -56.11, 9.98, -165.00, Down
1761466323462, -56.37, 9.94, -164.90, Down
1761466323507, -56.63, 9.97, -164.76, Down
1761466323599, -56.11, 10.05, -164.86, Right
1761466323642, -55.82, 10.07, -164.90, Right
1761466323686, -55.55, 10.07, -164.94, Right
1761466323729, -55.40, 9.99, -164.96, Down
1761466323773, -55.21, 9.99, -165.01, Down
1761466323855, -51.64, 10.65, -148.86, Right
1761466323901, -51.59, 10.87, -148.84, Right
1761466323944, -51.21, 11.12, -148.87, Right
1761466323994, -51.18, 11.29, -148.83, Right
1761466324041, -51.10, 11.39, -148.95, Right
1761466324126, -51.15, 11.64, -148.88, Right
1761466324173, -51.00, 12.05, -148.81, Right
1761466324218, -50.91, 12.37, -148.74, Right
1761466324262, -50.76, 12.58, -148.76, Right
1761466324307, -50.90, 12.65, -148.79, Right
1761466324398, -54.37, 12.12, -164.92, Right
1761466324441, -54.18, 11.90, -165.00, Right
1761466324489, -54.22, 11.72, -165.00, Right
1761466324534, -54.49, 11.16, -165.19, Right
1761466324577, -54.72, 10.82, -165.18, Right
1761466324655, -54.43, 10.98, -165.13, Right
1761466324699, -54.23, 10.99, -165.10, Right
1761466324743, -54.08, 11.00, -165.12, Right
1761466324791, -53.98, 10.98, -165.10, Right
1761466324834, -53.84, 10.92, -165.09, Right
1761466324927, -54.28, 10.44, -165.15, Right
1761466324971, -54.72, 10.15, -165.07, Right
1761466325017, -55.14, 9.73, -165.12, Down
1761466325061, -51.30, 10.58, -148.83, Right
1761466325106, -47.66, 11.23, -132.57, Right
1761466325199, -47.66, 10.98, -132.49, Right
1761466325244, -47.57, 10.83, -132.42, Right
1761466325295, -47.58, 10.71, -132.28, Right
1761466325341, -47.97, 10.62, -132.15, Right
1761466325386, -48.31, 10.58, -132.06, Right
1761466325457, -44.89, 11.18, -115.62, Right
1761466325506, -44.64, 11.26, -115.71, Right
1761466325551, -44.49, 11.41, -115.71, Right
1761466325596, -44.81, 11.20, -115.55, Right
1761466325641, -48.39, 10.70, -131.74, Right
1761466325727, -48.70, 10.83, -131.80, Right
1761466325774, -48.94, 10.95, -131.89, Right
1761466325817, -49.25, 11.03, -131.97, Right
1761466325860, -48.86, 11.21, -132.12, Right
1761466325906, -48.57, 11.34, -132.16, Right
1761466325999, -51.49, 10.95, -148.67, Right
1761466326042, -51.33, 11.19, -148.72, Right
1761466326089, -51.27, 11.41, -148.76, Right
1761466326134, -54.82, 11.19, -165.03, Right
1761466326175, -55.04, 11.24, -165.00, Right
1761466326254, -42.42, 8.51, -148.25, Down
1761466326298, -29.86, 5.76, -131.29, Down
1761466326342, -17.19, 3.18, -112.30, Down
1761466326391, -15.38, 1.15, -77.83, Down
1761466326438, -15.54, 1.03, -77.84, Down
1761466326526, -15.51, 1.22, -77.74, Down
1761466326574, -15.52, 1.21, -77.69, Down
1761466326625, -15.25, 1.25, -77.67, Down
1761466326674, -15.22, 1.18, -77.73, Down
1761466326722, -15.27, 1.14, -77.79, Down
1761466326798, -27.86, 3.73, -94.57, Down
1761466326842, -40.40, 6.39, -111.51, Down
1761466326891, -52.91, 8.82, -130.56, Down
1761466326935, -42.25, 8.14, -148.21, Down
1761466326982, -42.25, 8.02, -148.25, Down
1761466327053, -42.59, 7.76, -148.22, Down
1761466327099, -42.69, 7.61, -148.19, Down
1761466327143, -42.88, 7.43, -148.14, Down
1761466327189, -42.67, 7.28, -148.15, Down
1761466327231, -42.27, 7.29, -148.18, Down
1761466327327, -42.21, 7.31, -148.15, Down
1761466327370, -42.24, 7.08, -148.15, Down
1761466327414, -42.12, 7.05, -148.14, Down
1761466327460, -49.95, 8.58, -149.46, Down
1761466327506, -42.59, 3.21, -131.30, Down
1761466327600, -42.42, 3.39, -131.37, Down
1761466327643, -42.48, 3.45, -131.46, Down
1761466327687, -42.44, 3.51, -131.52, Down
1761466327732, -42.57, 3.75, -131.44, Down
1761466327775, -42.76, 3.90, -131.37, Down
1761466327855, -42.82, 3.72, -131.42, Down
1761466327902, -43.06, 3.52, -131.48, Down
1761466327947, -43.23, 3.51, -131.42, Down
1761466327991, -47.81, 4.57, -146.91, Down
1761466328040, -55.16, 9.91, -165.05, Down
1761466328126, -55.35, 9.95, -164.98, Down
1761466328173, -55.50, 9.99, -164.88, Down
1761466328219, -55.71, 10.06, -164.79, Right
1761466328266, -43.10, 7.63, -144.07, Down
1761466328311, -39.53, 7.99, -127.85, Down
1761466328399, -38.11, 5.81, -93.13, Down
1761466328443, -38.16, 6.03, -93.03, Down
1761466328489, -38.48, 5.82, -92.99, Down
1761466328532, -38.70, 5.78, -93.02, Down
1761466328575, -38.84, 5.88, -93.04, Down
1761466328655, -38.68, 5.88, -93.08, Down
1761466328701, -38.44, 6.00, -93.03, Down
1761466328750, -38.70, 2.64, -92.87, Down
1761466328796, -38.69, 2.64, -92.88, Down
1761466328839, -42.39, 2.19, -109.17, Down
1761466328927, -43.98, 4.44, -143.91, Down
1761466328973, -31.12, 1.98, -127.39, Down
1761466329018, -18.15, -0.32, -110.67, Down
1761466329062, -18.45, -0.53, -110.68, Down
1761466329106, -18.52, -0.57, -110.71, Down
1761466329199, -18.57, -0.69, -110.64, Down
1761466329244, -6.09, -3.14, -90.19, Forward
1761466329291, -5.83, -0.02, -90.39, Forward
1761466329336, -18.49, 2.31, -111.15, Down
1761466329380, -18.28, 2.22, -111.14, Down
1761466329455, -18.31, 2.19, -111.05, Down
1761466329501, -31.07, 4.66, -127.56, Down
1761466329546, -43.91, 7.10, -144.33, Down
1761466329591, -43.68, 7.28, -144.23, Down
1761466329638, -41.35, 6.03, -132.93, Down
1761466329726, -41.70, 6.00, -133.05, Down
1761466329772, -54.57, 8.35, -153.56, Down
1761466329819, -54.86, 8.59, -153.60, Down
1761466329863, -54.83, 8.76, -153.74, Down
1761466329908, -55.18, 8.87, -153.76, Down
1761466329998, -51.75, 9.30, -137.55, Down
1761466330041, -48.41, 9.72, -121.33, Down
1761466330087, -44.96, 10.18, -105.11, Right
1761466330131, -44.98, 10.18, -105.15, Right
1761466330176, -47.12, 11.53, -116.31, Right
1761466330255, -46.96, 11.51, -116.23, Right
1761466330300, -44.73, 9.40, -81.55, Down
1761466330342, -44.63, 9.46, -81.46, Down
1761466330386, -44.80, 9.31, -81.31, Down
1761466330431, -44.55, 9.29, -81.19, Down
1761466330527, -48.03, 8.64, -97.49, Down
1761466330574, -51.51, 8.00, -113.79, Down
1761466330622, -54.89, 7.38, -130.08, Down
1761466330666, -55.38, 7.21, -130.04, Down
1761466330712, -55.87, 7.01, -130.05, Down
1761466330798, -52.29, 7.81, -113.94, Down
1761466330841, -50.92, 10.52, -132.42, Right
1761466330891, -47.23, 11.10, -116.28, Right
1761466330939, -46.91, 11.32, -116.30, Right
1761466330983, -43.27, 11.85, -100.32, Right
1761466331055, -39.91, 12.40, -84.04, Right
1761466331100, -40.22, 12.55, -84.08, Right
1761466331142, -40.68, 12.46, -84.14, Right
1761466331187, -36.85, 13.02, -68.01, Right
1761466331230, -36.69, 13.40, -67.96, Right
1761466331327, -36.68, 13.26, -67.88, Right
1761466331372, -36.73, 13.12, -67.87, Right
1761466331415, -36.89, 12.89, -67.76, Right
1761466331458, -33.76, 13.13, -51.53, Right
1761466331504, -34.15, 13.03, -51.35, Right
1761466331600, -37.14, 10.49, -68.50, Right
1761466331644, -35.49, 8.71, -69.46, Down
1761466331689, -22.28, 6.54, -52.16, Down
1761466331734, -21.94, 3.78, -51.39, Down
1761466331780, -21.50, 3.69, -51.37, Down
1761466331856, -21.34, 3.73, -51.48, Down
1761466331906, -21.03, 3.87, -51.65, Down
1761466331951, -20.49, 4.23, -51.94, Down
1761466331999, -19.85, 4.43, -52.20, Down
1761466332043, -23.45, 4.09, -68.26, Down
1761466332127, -24.12, 6.06, -67.38, Down
1761466332172, -25.76, 7.54, -66.38, Down
1761466332215, -35.28, 10.31, -67.24, Right
1761466332259, -26.35, 10.32, -64.41, Right
1761466332305, -13.81, 7.82, -45.72, Down
1761466332398, -17.62, 7.44, -61.72, Down
1761466332442, -21.42, 6.94, -77.72, Down
1761466332488, -24.14, 4.92, -94.54, Down
1761466332536, -28.08, 4.18, -110.54, Down
1761466332580, -27.75, 4.00, -110.69, Down
1761466332655, -14.68, 1.86, -91.63, Down
1761466332699, -14.05, 2.61, -91.46, Down
1761466332742, -17.11, 2.67, -107.66, Down
1761466332787, -29.49, 5.41, -127.25, Down
1761466332833, -38.73, 8.27, -129.66, Down
1761466332926, -34.59, 8.79, -113.73, Down
1761466332970, -34.26, 8.84, -113.72, Down
1761466333014, -35.34, 10.11, -112.89, Right
1761466333056, -33.52, 10.94, -112.99, Right
1761466333106, -31.48, 11.94, -113.16, Right
1761466333199, -41.13, 15.15, -132.81, Right
1761466333243, -38.26, 16.31, -133.27, Right
1761466333289, -35.08, 17.54, -133.70, Right
1761466333338, -32.20, 18.34, -134.30, Right
1761466333385, -32.94, 18.72, -150.77, Right
1761466333454, -31.40, 18.80, -150.63, Right
1761466333499, -26.35, 19.16, -134.32, Right
1761466333544, -21.13, 19.67, -117.95, Right
1761466333589, -17.91, 19.48, -101.39, Right
1761466333636, -18.02, 18.29, -101.30, Right
1761466333727, -19.61, 17.20, -100.78, Right
1761466333770, -21.16, 15.41, -100.58, Right
1761466333815, -22.97, 13.50, -100.46, Right
1761466333859, -25.10, 12.09, -100.12, Right
1761466333902, -26.61, 10.89, -100.19, Right
1761466333983, -31.32, 9.91, -116.35, Down
1761466334027, -35.48, 8.97, -132.73, Down
1761466334072, -39.61, 8.14, -149.17, Down
1761466334123, -43.51, 7.23, -165.69, Down
1761466334170, -44.70, 6.97, -165.67, Down
1761466334255, -45.78, 7.17, -165.51, Down
1761466334299, -46.81, 7.42, -165.38, Down
1761466334343, -48.05, 7.71, -165.07, Down
1761466334393, -36.36, 5.53, -146.25, Down
1761466334446, -33.84, 6.63, -129.93, Down
1761466334527, -34.42, 6.91, -129.81, Down
1761466334574, -22.80, 4.97, -110.04, Down
1761466334622, -20.30, 5.87, -93.76, Down
1761466334668, -21.42, 6.12, -93.51, Down
1761466334712, -16.09, 4.08, -76.55, Down
1761466334783, -13.05, 4.58, -60.40, Down
1761466334828, -9.94, 5.25, -44.17, Forward
1761466334872, -6.59, 6.01, -28.16, Forward
1761466334924, -15.46, 9.18, -30.77, Down
1761466334970, -15.61, 9.12, -30.75, Down
1761466335055, -12.24, 9.84, -14.80, Down
1761466335100, -21.45, 13.00, -18.48, Right
1761466335143, -21.49, 13.24, -18.62, Right
1761466335189, -19.55, 11.51, 16.03, Right
1761466335237, -22.06, 14.74, 15.35, Right
1761466335327, -22.08, 14.77, 15.31, Right
1761466335370, -22.33, 14.64, 15.31, Right
1761466335414, -22.62, 14.50, 15.42, Right
1761466335458, -26.85, 13.50, -0.66, Right
1761466335503, -27.06, 13.27, -0.54, Right
1761466335583, -30.99, 12.58, -16.47, Right
1761466335626, -34.75, 11.80, -32.48, Right
1761466335671, -38.54, 11.14, -48.47, Right
1761466335714, -36.82, 13.66, -67.21, Right
1761466335758, -27.60, 10.45, -66.72, Right
1761466335856, -31.10, 10.23, -82.78, Right
1761466335907, -34.45, 10.15, -98.88, Right
1761466335954, -34.25, 10.33, -99.09, Right
1761466335999, -34.37, 10.29, -99.15, Right
1761466336042, -34.62, 10.13, -99.13, Right
1761466336128, -34.76, 9.79, -99.27, Down
1761466336171, -34.87, 9.56, -99.40, Down
1761466336220, -31.46, 9.68, -83.18, Down
1761466336264, -31.61, 9.36, -82.98, Down
1761466336308, -40.88, 12.35, -83.44, Right
1761466336388, -37.23, 12.78, -67.35, Right
1761466336433, -33.59, 13.11, -51.34, Right
1761466336475, -33.56, 13.11, -51.21, Right
1761466336523, -29.26, 14.25, -35.18, Right
1761466336570, -32.62, 13.97, -51.47, Right
1761466336654, -28.81, 14.65, -35.15, Right
1761466336699, -28.90, 14.58, -35.02, Right
1761466336742, -32.40, 14.20, -51.25, Right
1761466336789, -23.13, 11.32, -49.72, Right
1761466336836, -23.12, 11.48, -49.75, Right
1761466336927, -22.90, 11.69, -50.02, Right
1761466336970, -22.76, 11.89, -50.21, Right
1761466337015, -22.61, 12.12, -50.46, Right
1761466337059, -22.69, 12.03, -50.43, Right
1761466337102, -18.89, 12.67, -34.39, Right
1761466337183, -22.38, 12.42, -50.52, Right
1761466337227, -18.29, 13.37, -34.43, Right
1761466337270, -14.17, 14.20, -18.43, Right
1761466337318, -23.19, 17.40, -20.11, Right
1761466337367, -23.26, 17.37, -20.19, Right
1761466337454, -27.47, 16.32, -36.18, Right
1761466337499, -27.99, 15.77, -35.86, Right
1761466337543, -28.51, 15.16, -35.56, Right
1761466337587, -19.47, 11.93, -33.72, Right
1761466337631, -19.64, 11.80, -33.50, Right
1761466337727, -20.32, 11.35, -33.59, Right
1761466337771, -24.75, 10.41, -49.74, Right
1761466337817, -29.39, 9.42, -65.80, Down
1761466337864, -33.49, 8.53, -81.91, Down
1761466337907, -33.35, 8.47, -81.92, Down
1761466337982, -29.16, 9.44, -65.84, Down
1761466338025, -28.61, 9.84, -66.14, Down
1761466338069, -28.12, 10.43, -66.37, Right
1761466338116, -37.10, 13.84, -68.34, Right
1761466338161, -37.01, 14.02, -68.54, Right
1761466338255, -36.67, 14.52, -68.42, Right
1761466338302, -36.25, 14.99, -68.25, Right
1761466338348, -35.91, 15.36, -68.09, Right
1761466338391, -35.82, 15.58, -68.03, Right
1761466338437, -36.06, 15.52, -67.91, Right
1761466338528, -40.16, 14.63, -83.93, Right
1761466338571, -31.33, 11.53, -79.44, Right
1761466338616, -35.48, 10.61, -95.37, Right
1761466338662, -35.70, 10.30, -95.15, Right
1761466338706, -35.67, 10.38, -95.13, Right
1761466338782, -31.74, 10.78, -79.16, Right
1761466338825, -27.78, 11.27, -63.27, Right
1761466338870, -27.62, 11.41, -63.28, Right
1761466338914, -23.76, 12.01, -47.28, Right
1761466338957, -23.45, 12.33, -47.41, Right
1761466339056, -10.36, 10.01, -28.56, Right
1761466339103, -19.44, 12.98, -32.89, Right
1761466339146, -6.30, 10.58, -13.73, Right
1761466339189, -6.30, 10.64, -13.71, Right
1761466339236, -6.32, 10.58, -13.61, Right
1761466339328, -9.76, 10.07, -29.70, Right
1761466339370, -13.27, 9.56, -45.67, Down
1761466339413, -12.70, 9.51, -45.83, Down
1761466339456, -16.23, 8.95, -61.97, Down
1761466339503, -16.51, 8.65, -61.95, Down
1761466339583, -25.54, 11.60, -64.78, Right
1761466339626, -25.45, 11.54, -64.77, Right
1761466339670, -34.56, 14.44, -67.93, Right
1761466339721, -38.11, 13.87, -84.11, Right
1761466339771, -37.84, 13.79, -84.19, Right
1761466339854, -34.35, 14.27, -68.14, Right
1761466339900, -30.80, 14.72, -52.12, Right
1761466339945, -31.26, 14.62, -52.00, Right
1761466339988, -27.89, 15.04, -35.67, Right
1761466340036, -27.89, 14.91, -35.53, Right
1761466340126, -27.99, 15.08, -35.53, Right
1761466340170, -28.06, 15.25, -35.51, Right
1761466340216, -27.91, 15.62, -35.53, Right
1761466340260, -24.29, 16.11, -19.43, Right
1761466340304, -24.48, 16.14, -19.43, Right
1761466340384, -24.70, 16.08, -19.34, Right
1761466340428, -28.58, 15.45, -35.33, Right
1761466340471, -28.65, 15.40, -35.30, Right
1761466340519, -32.27, 14.97, -51.42, Right
1761466340564, -31.97, 15.45, -51.61, Right
1761466340655, -31.88, 15.36, -51.51, Right
1761466340702, -31.94, 15.25, -51.54, Right
1761466340748, -32.10, 14.92, -51.44, Right
1761466340793, -32.12, 15.09, -51.56, Right
1761466340835, -36.00, 14.62, -67.57, Right
1761466340926, -35.59, 14.50, -67.57, Right
1761466340969, -31.55, 15.03, -51.55, Right
1761466341016, -27.79, 15.38, -35.50, Right
1761466341061, -24.01, 16.17, -19.71, Right
1761466341106, -24.03, 16.21, -19.91, Right
1761466341184, -24.26, 16.16, -19.88, Right
1761466341228, -24.46, 16.09, -19.88, Right
1761466341275, -24.66, 16.08, -19.88, Right
1761466341320, -24.91, 15.79, -19.70, Right
1761466341370, -24.71, 15.86, -19.84, Right
1761466341455, -28.71, 15.29, -36.12, Right
1761466341502, -32.64, 14.77, -52.26, Right
1761466341547, -36.38, 14.42, -68.41, Right
1761466341591, -36.37, 14.36, -68.42, Right
1761466341635, -36.31, 14.39, -68.41, Right
1761466341727, -27.09, 11.43, -65.14, Right
1761466341770, -30.80, 11.08, -81.13, Right
1761466341816, -34.51, 10.80, -97.19, Right
1761466341861, -37.96, 10.82, -113.20, Right
1761466341905, -34.16, 11.61, -97.28, Right
1761466341986, -30.30, 12.38, -81.13, Right
1761466342030, -26.77, 12.83, -64.90, Right
1761466342075, -13.52, 7.64, -44.87, Down
1761466342119, -4.47, 4.50, -40.08, Forward
1761466342163, -8.40, 3.80, -55.93, Forward
1761466342254, -21.11, 6.44, -75.30, Down
1761466342301, -20.75, 6.47, -75.42, Down
1761466342345, -20.44, 6.69, -75.44, Down
1761466342388, -16.77, 6.91, -59.65, Down
1761466342437, -16.72, 6.80, -59.61, Down
1761466342526, -16.49, 6.97, -59.70, Down
1761466342570, -19.80, 6.80, -75.89, Down
1761466342618, -29.17, 12.51, -79.96, Right
1761466342663, -41.97, 15.26, -100.53, Right
1761466342707, -29.02, 12.59, -82.87, Right
1761466342783, -29.50, 12.23, -82.96, Right
1761466342827, -30.10, 11.95, -82.91, Right
1761466342869, -28.44, 8.54, -48.56, Down
1761466342914, -30.33, 4.86, -30.08, Down
1761466342959, -34.13, 4.30, -45.80, Down
1761466343055, -24.87, -2.08, -40.96, Down
1761466343101, -12.30, -4.68, -20.30, Down
1761466343146, -12.23, -4.61, -20.25, Down
1761466343190, -8.21, -4.40, -4.40, Forward
1761466343236, -17.28, -1.29, -6.11, Down
1761466343326, -4.18, -3.50, 14.91, Forward
1761466343370, 9.19, -5.90, 33.60, Forward
1761466343418, 11.34, -1.98, 15.15, Up
1761466343466, 9.46, 1.10, -19.22, Forward
1761466343510, 9.26, 0.87, -19.42, Forward
1761466343585, -0.03, 7.13, -24.27, Forward
1761466343628, -8.80, 10.18, -28.99, Right
1761466343672, -8.69, 10.18, -29.10, Right
1761466343720, -8.94, 10.26, -29.03, Right
1761466343770, -8.90, 10.54, -29.09, Right
1761466343816, -15.53, 11.46, -33.93, Right
1761466343861, -28.21, 14.08, -52.56, Right
1761466343903, -28.25, 13.84, -52.46, Right
1761466343951, -24.22, 14.46, -36.49, Right
1761466343997, -20.19, 15.17, -20.51, Right
1761466344126, -20.24, 15.43, -20.64, Right
1761466344170, -17.98, 12.15, -20.01, Right
1761466344217, -18.05, 12.43, -20.01, Right
1761466344262, -17.84, 12.67, -20.08, Right
1761466344305, -17.72, 12.63, -20.03, Right
1761466344385, -23.80, 14.24, -36.13, Right
1761466344429, -20.21, 14.63, -20.13, Right
1761466344472, -20.30, 14.57, -20.19, Right
1761466344519, -20.42, 14.67, -20.21, Right
1761466344655, -20.57, 14.63, -20.15, Right
1761466344702, -20.55, 14.37, -19.97, Right
1761466344782, -26.65, 17.01, -36.67, Right
1761466344828, -26.73, 16.61, -36.56, Right
1761466344872, -26.97, 16.18, -36.45, Right
1761466344916, -27.11, 16.20, -36.50, Right
1761466345056, -23.51, 16.66, -20.45, Right
1761466345103, -23.68, 16.83, -20.48, Right
1761466345183, -23.97, 16.77, -20.34, Right
1761466345227, -28.03, 15.99, -36.20, Right
1761466345271, -32.18, 15.23, -52.12, Right
1761466345317, -32.13, 15.35, -52.13, Right
1761466345455, -28.20, 16.10, -35.98, Right
1761466345498, -28.06, 16.23, -35.91, Right
1761466345582, -28.07, 16.22, -35.87, Right
1761466345626, -31.94, 15.47, -51.75, Right
1761466345669, -31.78, 15.45, -51.77, Right
1761466345717, -31.49, 15.51, -51.85, Right
1761466345854, -35.05, 14.84, -67.99, Right
1761466345900, -31.00, 15.26, -51.97, Right
1761466345983, -26.85, 16.00, -36.18, Right
1761466346029, -24.52, 12.63, -36.03, Right
1761466346073, -24.85, 12.52, -36.04, Right
1761466346117, -25.16, 12.53, -36.11, Right
1761466346257, -24.97, 12.84, -36.21, Right
1761466346300, -21.12, 13.43, -20.21, Right
1761466346383, -20.97, 13.57, -20.25, Right
1761466346428, -24.77, 12.89, -36.08, Right
1761466346470, -20.85, 13.69, -20.02, Right
1761466346519, -20.73, 14.10, -20.17, Right
1761466346655, -20.51, 14.24, -20.19, Right
1761466346700, -22.73, 17.79, -20.50, Right
1761466346783, -22.54, 17.92, -20.49, Right
1761466346828, -26.00, 17.35, -36.38, Right
1761466346871, -26.01, 17.27, -36.26, Right
1761466346918, -29.86, 16.69, -52.34, Right
1761466347054, -29.98, 16.38, -52.20, Right
1761466347102, -30.05, 16.22, -52.34, Right
1761466347182, -30.50, 16.18, -52.29, Right
1761466347227, -34.64, 15.47, -68.17, Right
1761466347269, -38.81, 14.79, -83.93, Right
1761466347317, -38.91, 14.60, -83.81, Right
1761466347455, -38.72, 14.79, -83.98, Right
1761466347500, -34.77, 15.70, -68.28, Right
1761466347582, -34.97, 15.42, -68.29, Right
1761466347626, -31.27, 15.91, -52.17, Right
1761466347670, -31.42, 16.02, -52.26, Right
1761466347717, -27.70, 16.72, -36.10, Right
1761466347855, -31.02, 16.37, -52.00, Right
1761466347898, -26.77, 17.00, -36.10, Right
1761466347983, -13.76, 14.44, -16.19, Right
1761466348029, -17.87, 13.79, -32.13, Right
1761466348074, -22.02, 12.89, -48.03, Right
1761466348118, -22.31, 12.63, -47.86, Right
1761466348255, -25.77, 12.29, -64.04, Right
1761466348299, -25.56, 12.33, -64.13, Right
1761466348383, -25.27, 12.50, -64.24, Right
1761466348429, -25.27, 12.35, -64.25, Right
1761466348472, -25.29, 12.05, -64.45, Right
1761466348518, -25.91, 11.54, -64.25, Right
1761466348655, -35.09, 14.45, -68.36, Right
1761466348700, -31.19, 14.87, -52.44, Right
1761466348782, -27.50, 15.39, -36.34, Right
1761466348827, -27.62, 15.31, -36.32, Right
1761466348871, -24.27, 15.86, -20.19, Right
1761466348919, -24.39, 15.66, -20.08, Right
1761466349055, -28.47, 15.08, -35.93, Right
1761466349102, -32.16, 14.97, -51.89, Right
1761466349183, -26.04, 12.38, -35.50, Right
1761466349229, -25.60, 13.01, -35.80, Right
1761466349279, -23.01, 9.90, -35.12, Down
1761466349323, -22.77, 10.09, -35.06, Right
1761466349454, -26.46, 9.72, -51.03, Down
1761466349498, -30.16, 9.42, -67.00, Down
1761466349583, -20.90, 6.37, -63.71, Down
1761466349628, -24.54, 6.17, -79.76, Down
1761466349671, -24.32, 6.21, -79.85, Down
1761466349716, -20.57, 6.45, -63.99, Down
1761466349854, -26.75, 9.63, -80.18, Down
1761466349900, -26.69, 9.65, -80.21, Down
1761466349983, -32.98, 12.46, -96.72, Right
1761466350025, -33.24, 12.32, -96.72, Right
1761466350069, -33.38, 12.21, -96.80, Right
1761466350115, -33.39, 12.05, -96.73, Right
1761466350257, -46.14, 14.78, -115.95, Right
1761466350300, -46.07, 14.96, -115.91, Right
1761466350384, -46.46, 14.87, -115.99, Right
1761466350430, -50.36, 14.36, -132.06, Right
1761466350476, -50.58, 13.99, -132.31, Right
1761466350521, -50.71, 13.89, -132.35, Right
1761466350655, -50.73, 14.22, -132.24, Right
1761466350701, -50.47, 14.44, -132.32, Right
1761466350783, -50.33, 14.65, -132.17, Right
1761466350830, -50.27, 14.68, -132.18, Right
1761466350874, -50.23, 14.71, -132.23, Right
1761466350918, -46.77, 15.02, -116.30, Right
1761466351053, -42.77, 15.38, -100.12, Right
1761466351100, -38.96, 15.74, -83.94, Right
1761466351182, -38.68, 15.65, -83.75, Right
1761466351228, -36.28, 12.24, -82.80, Right
1761466351272, -29.98, 9.09, -66.27, Down
1761466351318, -21.10, 5.85, -62.56, Down
1761466351454, -20.87, 5.85, -62.29, Down
1761466351500, -16.89, 6.41, -46.08, Down
1761466351583, -17.05, 6.77, -45.55, Down
1761466351629, -7.97, 3.69, -40.09, Forward
1761466351676, 1.11, 0.87, -35.10, Forward
1761466368011, -1.77, 2.80, -49.48, Forward
1761466368270, -1.78, 2.97, -49.26, Forward
1761466368366, -7.46, 5.99, -66.03, Forward
1761466368412, -13.16, 8.83, -82.81, Down
1761466368457, -25.30, 11.49, -102.51, Right
1761466368508, -24.72, 11.35, -102.98, Right
1761466368558, -27.94, 10.83, -119.25, Right
1761466368643, -27.56, 9.78, -119.86, Down
1761466368687, -39.92, 12.01, -141.31, Right
1761466368743, -52.31, 14.17, -162.45, Right
1761466368786, -52.84, 11.51, -163.98, Right
1761466368833, -52.31, 11.21, -164.23, Right
1761466368910, -52.90, 10.38, -164.00, Right
1761466368956, -47.20, 7.55, -146.99, Down
1761466369001, -35.19, 4.98, -125.56, Down
1761466369046, -32.79, 5.03, -108.91, Down
1761466369092, -20.65, 2.22, -92.18, Down
1761466369166, -17.48, 3.07, -75.68, Down
1761466369210, -14.28, 3.66, -59.21, Down
1761466369255, -11.17, 4.35, -42.66, Down
1761466369300, -7.97, 5.00, -26.38, Forward
1761466369345, 4.32, 2.46, -9.57, Forward
1761466369439, 4.39, 2.35, -9.62, Forward
1761466369485, -1.90, 4.34, -26.44, Forward
1761466369531, -14.61, 6.20, -47.64, Down
1761466369577, -17.99, 5.45, -64.03, Down
1761466369624, -31.06, 7.95, -80.54, Down
1761466369711, -34.61, 7.12, -96.83, Down
1761466369754, -38.25, 6.45, -113.11, Down
1761466369798, -41.74, 5.85, -129.45, Down
1761466369844, -45.33, 4.98, -145.76, Down
1761466369890, -54.78, 7.96, -146.10, Down
1761466369966, -55.21, 7.97, -146.00, Down
1761466370010, -55.54, 8.16, -145.85, Down
1761466370054, -55.69, 8.18, -145.85, Down
1761466370097, -55.84, 8.24, -145.79, Down
1761466370145, -55.84, 8.12, -145.70, Down
1761466370238, -56.08, 7.95, -145.74, Down
1761466370283, -56.41, 7.61, -145.83, Down
1761466370328, -56.84, 7.23, -145.83, Down
1761466370374, -57.18, 7.06, -145.95, Down
1761466370418, -61.06, 5.95, -162.47, Down
1761466370512, -61.11, 5.92, -162.48, Down
1761466370557, -60.94, 5.74, -162.53, Down
1761466370600, -60.78, 5.61, -162.49, Down
1761466370647, -60.71, 5.28, -162.61, Down
1761466370695, -61.06, 4.62, -162.83, Down
1761466370767, -61.15, 4.41, -162.82, Down
1761466370811, -60.81, 4.32, -162.73, Down
1761466370858, -60.52, 4.21, -162.68, Down
1761466370907, -60.17, 4.23, -162.52, Down
1761466370958, -60.26, 4.46, -162.30, Down
1761466371039, -60.15, 4.46, -162.28, Down
1761466371083, -60.17, 4.46, -162.31, Down
1761466371128, -60.44, 4.30, -162.34, Down
1761466371174, -60.35, 4.39, -162.19, Down
1761466371223, -56.47, 5.56, -145.64, Down
1761466371311, -56.24, 5.81, -145.57, Down
1761466371355, -56.30, 6.02, -145.48, Down
1761466371399, -56.34, 6.14, -145.44, Down
1761466371443, -56.72, 6.02, -145.63, Down
1761466371486, -56.57, 5.76, -145.80, Down
1761466371566, -56.58, 5.65, -146.03, Down
1761466371611, -56.77, 5.61, -146.09, Down
1761466371655, -56.93, 5.77, -146.11, Down
1761466371698, -57.22, 5.79, -146.28, Down
1761466371744, -61.00, 4.99, -162.86, Down
1761466371839, -61.24, 5.02, -162.86, Down
1761466371883, -61.50, 5.14, -162.88, Down
1761466371928, -61.79, 5.19, -162.89, Down
1761466371971, -61.71, 5.36, -162.87, Down
1761466372014, -61.68, 5.71, -162.84, Down
1761466411707, -54.42, 7.68, -147.98, Down
1761466411753, -47.34, 9.81, -133.15, Down
1761466411799, -40.22, 11.81, -118.30, Right
1761466411845, -33.01, 13.58, -103.30, Right
1761466411889, -25.82, 15.16, -88.17, Right
1761466411952, -18.69, 16.60, -73.19, Right
1761466411994, -11.62, 17.96, -58.16, Right
1761466412037, -4.50, 19.43, -43.07, Right
1761466412081, 2.57, 21.07, -27.78, Right
1761466412222, 9.47, 22.37, -12.54, Right
1761466412268, 9.15, 21.98, -12.07, Right
1761466412349, 5.90, 21.31, -27.84, Right
1761466412395, 2.64, 20.76, -43.64, Right
1761466412438, -0.81, 20.42, -59.55, Right
1761466412484, -1.14, 20.03, -59.25, Right
1761466412624, -1.48, 19.41, -58.79, Right
1761466412667, -1.76, 18.78, -58.44, Right
1761466412752, -2.08, 18.00, -57.97, Right
1761466412796, -2.50, 17.24, -57.49, Right
1761466412839, -2.80, 16.59, -57.05, Right
1761466412884, -3.14, 15.96, -56.62, Right
1761466413026, -0.31, 15.19, -39.89, Right
1761466413070, 2.53, 14.45, -23.15, Right
1761466413150, 5.48, 13.84, -6.45, Right
1761466413196, 5.17, 13.42, -5.98, Right
1761466413238, 4.88, 13.33, -5.70, Right
1761466413284, 4.57, 13.43, -5.45, Right
1761466413422, 5.07, 14.82, -6.54, Right
1761466413466, 1.67, 15.89, -22.79, Right
1761466413552, 0.99, 16.91, -22.62, Right
1761466413594, -3.22, 17.14, -38.28, Right
1761466413638, -7.44, 17.61, -54.07, Right
1761466413685, -12.21, 17.97, -69.71, Right
1761466413824, -17.40, 17.84, -85.42, Right
1761466413868, -22.61, 17.52, -101.23, Right
1761466413951, -27.85, 16.88, -117.27, Right
1761466413996, -32.81, 15.98, -133.30, Right
1761466414040, -38.39, 14.13, -148.13, Right
1761466414085, -40.34, 12.71, -147.82, Right
1761466414222, -45.17, 11.13, -163.92, Right
1761466414268, -46.30, 10.44, -164.17, Right
1761466414350, -47.58, 10.05, -164.43, Right
1761466414395, -48.45, 9.51, -164.86, Down
1761466414440, -49.05, 9.46, -165.21, Down
1761466414486, -49.33, 9.69, -165.45, Down
1761466414624, -49.93, 10.14, -165.41, Right
1761466414667, -50.77, 10.52, -165.40, Right
1761466414750, -51.78, 10.81, -165.18, Right
1761466414794, -52.42, 11.07, -165.00, Right
1761466414838, -52.90, 11.47, -164.84, Right
1761466414886, -42.99, 4.30, -140.29, Down
1761466415024, -43.90, 3.99, -140.16, Down
1761466415067, -44.72, 3.88, -139.98, Down
1761466415152, -43.31, 1.62, -140.97, Down
1761466415195, -43.71, 1.50, -140.93, Down
1761466415238, -43.75, 1.48, -140.89, Down
1761466415283, -40.29, 2.02, -124.66, Down
1761466415422, -36.65, 2.60, -108.86, Down
1761466415468, -32.99, 3.15, -93.10, Down
1761466415551, -33.47, 3.35, -93.09, Down
1761466415598, -37.92, 9.24, -101.77, Down
1761466415644, -37.92, 9.88, -101.72, Down
1761466415689, -37.58, 10.22, -101.87, Right
1761466415824, -39.68, 12.78, -100.89, Right
1761466415867, -36.23, 13.27, -85.13, Right
1761466415952, -36.76, 13.21, -85.29, Right
1761466416000, -40.75, 12.85, -101.57, Right
1761466416043, -44.80, 12.29, -117.65, Right
1761466416087, -48.48, 11.81, -133.43, Right
1761466416223, -48.36, 11.39, -133.62, Right
1761466416267, -54.96, 12.72, -149.51, Right
1761466416350, -51.09, 12.65, -133.66, Right
1761466416401, -51.57, 12.53, -133.66, Right
1761466416445, -51.64, 12.25, -133.62, Right
1761466416489, -55.34, 11.50, -149.49, Right
1761466416624, -55.30, 11.16, -149.48, Right
1761466424481, -54.91, 9.99, -149.11, Down
1761466424527, -51.45, 9.54, -131.79, Down
1761466424571, -51.70, 7.62, -131.61, Down
1761466424614, -48.55, 7.28, -114.27, Down
1761466424752, -48.51, 5.79, -114.06, Down
1761466424798, -52.44, 3.81, -129.83, Down
1761466424878, -52.03, 2.44, -129.64, Down
1761466424923, -51.62, 1.10, -129.46, Down
1761466424969, -51.66, -0.06, -129.27, Down
1761466425015, -50.95, -0.88, -128.97, Down
1761466425151, -50.52, -0.65, -129.11, Down
1761466425196, -50.32, -0.33, -129.40, Down
1761466425279, -46.84, 1.40, -112.85, Down
1761466425324, -46.59, 1.60, -113.22, Down
1761466425366, -42.85, 3.11, -96.57, Down
1761466425414, -42.36, 3.84, -96.61, Down
1761466425551, -38.90, 5.67, -80.08, Down
1761466425598, -38.75, 6.52, -79.94, Down
1761466425679, -38.50, 7.09, -79.97, Down
1761466425725, -39.03, 7.33, -80.01, Down
1761466425767, -39.53, 7.30, -80.09, Down
1761466425815, -42.79, 6.69, -96.83, Down
1761466425951, -46.42, 6.04, -113.44, Down
1761466425996, -49.80, 5.73, -130.17, Down
1761466426078, -53.59, 5.13, -146.86, Down
1761466426123, -54.24, 5.21, -146.96, Down
1761466426166, -58.15, 4.02, -163.58, Down
1761466426211, -58.56, 3.95, -163.66, Down
1761466426351, -59.21, 4.20, -163.52, Down
1761466511234, -54.98, 5.25, -146.95, Down
1761466511276, -53.87, 6.27, -146.80, Down
1761466511321, -52.88, 6.98, -146.68, Down
1761466511366, -51.34, 7.54, -146.56, Down
1761466511410, -49.58, 8.19, -146.53, Down
1761466511502, -47.30, 8.88, -146.49, Down
1761466511549, -44.78, 9.70, -146.35, Down
1761466511593, -42.34, 10.73, -146.20, Right
1761466511639, -36.75, 12.20, -130.07, Right
1761466511684, -31.06, 13.57, -113.93, Right
1761466511774, -29.79, 14.41, -114.45, Right
1761466511818, -25.51, 15.29, -98.45, Right
1761466511861, -21.38, 16.24, -82.50, Right
1761466511911, -17.35, 17.34, -66.65, Right
1761466511958, -13.52, 18.39, -50.69, Right
1761466512031, -13.36, 19.06, -50.64, Right
1761466512075, -13.02, 19.71, -50.75, Right
1761466512120, -12.79, 19.96, -50.82, Right
1761466512164, -15.82, 19.62, -67.04, Right
1761466512209, -18.94, 19.33, -83.30, Right
1761466512301, -22.47, 19.34, -99.38, Right
1761466512345, -25.84, 19.10, -115.57, Right
1761466512393, -29.22, 18.86, -131.74, Right
1761466512437, -33.05, 18.62, -147.79, Right
1761466512480, -36.82, 18.22, -163.89, Right
1761466512573, -34.15, 19.04, -148.06, Right
1761466512619, -35.27, 19.39, -147.74, Right
1761466512662, -36.13, 19.92, -147.51, Right
1761466512710, -33.31, 21.51, -131.72, Right
1761466512756, -34.20, 23.00, -130.82, Right
1761466512831, -30.44, 24.94, -115.30, Right
1761466512879, -19.84, 21.66, -94.09, Right
1761466512928, -9.08, 18.42, -74.35, Right
1761466512978, -9.63, 20.52, -72.78, Right
1761466513027, -10.33, 22.83, -70.98, Right
1761466513103, -13.05, 15.60, -52.64, Right
1761466513147, -12.28, 15.34, -51.47, Right
1761466513197, -9.14, 12.11, -34.08, Right
1761466513244, -12.98, 12.35, -48.92, Right
1761466513287, -13.32, 13.04, -48.24, Right
1761466513375, -17.77, 12.34, -63.21, Right
1761466513420, -28.07, 12.37, -49.90, Right
1761466513463, -39.69, 17.23, -69.00, Right
1761466513508, -39.60, 16.30, -70.41, Right
1761466513551, -39.17, 12.13, -37.40, Right
1761466513631, -40.56, 19.48, -71.32, Right
1761466513675, -41.67, 20.30, -72.72, Right
1761466513720, -45.16, 23.96, -90.40, Right
1761466513765, -45.49, 23.06, -91.35, Right
1761466513809, -45.89, 21.41, -92.63, Right
1761466513903, -47.27, 19.88, -92.91, Right
1761466513946, -49.72, 23.05, -126.89, Right
1761466513991, -50.94, 21.50, -127.07, Right
1761466514035, -52.09, 19.99, -126.77, Right
1761466514080, -40.83, 18.68, -141.35, Right
1761466514177, -41.78, 17.04, -141.21, Right
1761466514225, -43.00, 15.49, -140.77, Right
1761466514275, -44.29, 13.99, -140.34, Right
1761466514324, -45.39, 12.92, -139.99, Right
1761466514372, -45.96, 12.37, -139.80, Right
1761466514442, -45.82, 12.27, -139.91, Right
1761466514497, -32.95, 9.09, -120.18, Down
1761466514544, -20.02, 5.79, -101.91, Down
1761466514592, -7.00, -0.40, -82.97, Forward
1761466514637, -6.61, -3.93, -83.60, Forward
1761466529633, -2.12, -3.50, -69.75, Forward
1761466529676, -1.32, -2.62, -35.76, Forward
1761466529721, -0.55, -1.72, -1.71, Forward
1761466529767, 1.50, -3.15, 31.16, Forward
1761466529810, 3.21, -4.30, 64.16, Forward
1761466529888, 7.78, -5.82, 78.58, Forward
1761466529932, -0.50, -3.84, 72.85, Forward
1761466529975, -8.86, -2.01, 68.69, Forward
1761466530023, -20.38, 3.58, 83.11, Down
1761466530071, -28.89, 8.49, 78.31, Down
1761466530158, -27.59, 7.28, 78.78, Down
1761466530202, -22.80, 4.82, 59.31, Down
1761466530246, -18.19, 2.08, 39.90, Down
1761466530289, -14.24, 1.18, 21.61, Down
1761466530337, -9.92, 0.27, 3.06, Forward
1761466530429, -8.33, 1.05, 2.97, Forward
1761466530473, -7.13, 1.35, 3.15, Forward
1761466530521, -6.05, 2.00, 3.30, Forward
1761466530566, -1.33, -0.55, -15.48, Forward
1761466530610, -2.42, 3.49, -30.83, Forward
1761466530687, -1.83, 1.64, -29.62, Forward
1761466530731, 0.58, 4.80, -29.80, Forward
1761466530775, 3.20, 8.37, -30.07, Forward
1761466530823, 4.99, 12.01, -30.27, Right
1761466530870, 5.19, 10.94, -28.24, Right
1761466530959, 1.56, 10.12, -42.74, Right
1761466531005, -0.98, 8.91, -58.17, Forward
1761466531051, -1.70, 7.70, -73.40, Forward
1761466531099, 0.85, 12.72, -74.09, Right
1761466531142, 2.51, 13.01, -74.22, Right
1761466531490, -0.47, 18.91, -56.22, Right
1761466531538, -5.48, 17.18, -37.49, Right
1761466531581, -10.52, 18.86, -17.84, Right
1761466531627, -15.41, 20.49, 1.74, Right
1761466531671, -12.50, 13.27, 2.19, Right
1761466531758, -13.49, 18.27, 1.73, Right
1761466531805, -7.50, 9.86, 21.25, Forward
1761466531851, -3.17, 1.35, 40.79, Forward
1761466531895, -2.48, -10.90, 44.12, Left
1761466531938, -6.97, -10.04, 44.74, Left
1761466532030, -9.44, -9.38, 10.91, Forward
1761466532074, -11.84, -5.36, -22.16, Down
1761466532122, -14.36, -4.80, -55.94, Down
1761466532170, -15.37, -4.76, -90.84, Down
1761466532213, -15.12, -4.73, -90.21, Down
1761466532446, -11.04, -8.07, -73.08, Down
1761466532558, -17.56, 2.52, -91.36, Down
1761466532604, -23.50, 13.37, -109.83, Right
1761466532650, -29.57, 24.43, -126.91, Right
1761466532693, -26.56, 20.03, -127.28, Right
1761466532736, -21.28, 16.48, -110.84, Right
1761466532874, -16.66, 12.70, -93.39, Right
1761466532919, -11.86, 9.23, -76.29, Down
1761466532963, -8.14, 5.06, -57.42, Forward
1761466533007, -12.74, 10.99, -56.71, Right
1761466533087, -12.37, 10.13, -55.21, Right
1761466533132, -9.59, 7.01, -37.17, Forward
1761466533178, -7.30, 3.73, -19.23, Forward
1761466533221, -5.12, 0.63, -1.40, Forward
1761466533270, -3.72, -0.41, 18.09, Forward
1761466533359, -4.90, -3.81, 20.74, Forward
1761466533405, -5.09, -6.92, 22.09, Forward
1761466533454, -5.25, -10.37, 23.61, Left
1761466533499, -5.96, -12.63, 24.56, Left
1761466533543, -6.02, -11.81, 25.09, Left
1761466533631, -7.00, -14.94, 25.97, Left
1761466533675, -7.65, -16.17, 26.57, Left
1761466533723, -8.33, -17.40, 27.24, Left
1761466533773, -8.84, -18.79, 27.75, Left
1761466533821, -9.18, -21.22, 27.65, Left
1761466533888, -9.14, -21.70, 27.14, Left
1761466533931, -9.16, -22.59, 26.61, Left
1761466533975, -9.28, -23.29, 26.06, Left
1761466534023, -9.35, -23.92, 25.53, Left
1761466534073, -9.40, -23.99, 24.90, Left
1761466534159, -9.90, -24.14, 24.37, Left
1761466534205, -10.34, -24.21, 23.79, Left
1761466534252, -10.85, -24.36, 23.19, Left
1761466534297, -11.39, -24.18, 22.51, Left
1761466534341, -11.83, -23.98, 21.86, Left
1761466534431, -12.25, -23.53, 21.07, Left
1761466534475, -12.75, -22.16, 20.27, Left
1761466534521, -13.23, -21.14, 19.49, Left
1761466534565, -13.83, -20.62, 18.63, Left
1761466534608, -14.30, -20.37, 17.85, Left
1761466534687, -15.20, -20.15, 17.29, Left
1761466534735, -15.94, -20.23, 16.68, Left
1761466534782, -16.56, -20.46, 16.08, Left
1761466534829, -17.30, -21.24, 15.71, Left
1761466534876, -17.62, -22.64, 15.41, Left
1761466534959, -18.82, -22.55, 15.19, Left
1761466535006, -19.64, -22.51, 15.06, Left
1761466535055, -20.52, -22.32, 14.94, Left
1761466535101, -21.39, -21.22, 14.67, Left
1761466535147, -22.21, -20.34, 14.42, Left
1761466535232, -22.56, -18.84, 13.92, Left
1761466535275, -22.83, -16.97, 13.49, Left
1761466535321, -23.10, -14.94, 13.08, Left
1761466535366, -23.65, -12.98, 12.76, Left
1761466535410, -24.31, -9.93, 12.34, Down
1761466535488, -24.34, -9.37, 12.23, Down
1761466535534, -24.56, -9.43, 12.05, Down
1761466535579, -24.55, -9.74, 11.89, Down
1761466535623, -24.51, -10.31, 11.93, Left
1761466535672, -24.60, -11.33, 12.06, Left
1761466535759, -24.53, -12.98, 12.36, Left
1761466535802, -24.46, -14.63, 12.69, Left
1761466535848, -24.52, -16.35, 13.02, Left
1761466535892, -24.40, -17.83, 13.34, Left
1761466535936, -24.51, -19.21, 13.67, Left
1761466536032, -24.45, -20.36, 14.23, Left
1761466536075, -24.48, -21.46, 14.69, Left
1761466536121, -24.76, -22.23, 15.15, Left
1761466536166, -25.03, -23.37, 15.50, Left
1761466536210, -25.26, -23.88, 15.75, Left
1761466536286, -25.77, -24.12, 15.85, Left
1761466536331, -26.33, -24.23, 15.94, Left
1761466536378, -26.92, -24.35, 16.03, Left
1761466536424, -27.46, -24.48, 16.06, Left
1761466536472, -27.99, -24.60, 15.99, Left
1761466536558, -28.67, -24.26, 15.53, Left
1761466536606, -29.25, -23.73, 15.12, Left
1761466536654, -29.81, -23.38, 14.70, Left
1761466536700, -30.30, -22.55, 14.33, Left
1761466536744, -30.63, -21.95, 13.95, Left
1761466536831, -30.94, -21.16, 13.52, Left
1761466536876, -31.16, -20.37, 13.09, Left
1761466536920, -31.39, -19.51, 12.65, Left
1761466536963, -31.77, -18.56, 12.03, Left
1761466537008, -32.01, -17.79, 11.50, Left
1761466537086, -32.03, -17.17, 11.02, Left
1761466537129, -32.03, -16.67, 10.53, Left
1761466537172, -32.04, -16.09, 10.05, Left
1761466537219, -32.00, -15.78, 9.64, Left
1761466537264, -32.03, -15.16, 9.13, Left
1761466537358, -32.09, -14.96, 8.77, Left
1761466537404, -32.08, -14.79, 8.48, Left
1761466537452, -32.08, -14.60, 8.21, Left
1761466537501, -32.00, -14.55, 8.07, Left
1761466537545, -31.81, -14.44, 7.98, Left
1761466537631, -31.63, -14.33, 7.72, Left
1761466537675, -31.55, -14.31, 7.47, Left
1761466537720, -31.37, -14.32, 7.20, Left
1761466537765, -31.35, -13.95, 6.74, Left
1761466537809, -34.24, -14.44, 24.39, Left
1761466537887, -36.91, -14.52, 6.12, Left
1761466537933, -39.83, -14.59, -12.19, Left
1761466537977, -42.69, -14.65, -30.50, Left
1761466538020, -45.40, -14.66, -48.72, Left
1761466538065, -48.75, -14.82, -67.00, Left
1761466538159, -52.08, -14.66, -84.84, Left
1761466538202, -55.12, -14.24, -102.64, Left
1761466538249, -58.14, -13.91, -120.42, Left
1761466555745, -59.39, -14.04, -137.91, Left
1761466555886, -57.53, -13.48, -173.42, Left
1761466555934, -55.63, -12.95, -172.96, Left
1761466556014, -51.65, -12.16, -154.86, Left
1761466556058, -49.46, -11.88, -154.60, Left
1761466556101, -47.35, -11.65, -154.38, Left
1761466556149, -43.23, -11.25, -136.32, Left
1761466556287, -39.76, -11.15, -118.50, Left
1761466556332, -36.43, -11.11, -100.61, Left
1761466556415, -33.33, -10.97, -82.77, Left
1761466556460, -31.98, -10.70, -65.04, Left
1761466556503, -30.77, -10.47, -47.34, Left
1761466556546, -29.65, -10.43, -29.63, Left
1761466556687, -32.17, -11.59, -47.81, Left
1761466556733, -32.64, -11.84, -47.94, Left
1761466556815, -30.95, -11.86, -30.21, Left
1761466556861, -32.55, -13.07, -12.47, Left
1761466556906, -31.64, -13.28, -12.50, Left
1761466556951, -30.64, -14.43, -12.58, Left
1761466557087, -29.24, -15.81, -12.58, Left
1761466557132, -27.72, -17.38, -12.49, Left
1761466557215, -26.13, -19.27, -12.28, Left
1761466557260, -24.44, -21.18, -12.10, Left
1761466557304, -21.22, -22.16, 6.31, Left
1761466557347, -17.82, -23.68, 24.59, Left
1761466557487, -16.59, -25.20, 25.16, Left
1761466557531, -13.66, -25.48, 7.86, Left
1761466557615, -12.39, -26.57, 8.48, Left
1761466557662, -11.37, -27.11, 9.12, Left
1761466557707, -10.51, -27.47, 9.72, Left
1761466557753, -9.59, -27.84, 10.24, Left
1761466557887, -8.83, -28.14, 10.56, Left
1761466557936, -8.16, -28.42, 10.87, Left
1761466558018, -7.36, -28.30, 11.07, Left
1761466558067, -7.01, -28.08, 11.17, Left
1761466558117, -6.68, -28.19, 11.13, Left
1761466558164, -6.16, -28.80, 11.20, Left
1761466558288, -5.89, -29.13, 11.05, Left
1761466558334, -5.67, -29.23, 10.87, Left
1761466558414, -5.51, -29.16, 10.62, Left
1761466558460, -5.53, -28.81, 10.35, Left
1761466558508, -5.49, -28.26, 10.21, Left
1761466558552, -5.41, -27.54, 10.00, Left
1761466558687, -5.39, -27.30, 9.86, Left
1761466558730, -5.45, -27.10, 9.72, Left
1761466558816, -5.48, -26.79, 9.47, Left
1761466558862, -5.58, -25.95, 9.15, Left
1761466558909, -5.67, -25.51, 8.89, Left
1761466558954, -5.66, -25.20, 8.67, Left
1761466559087, -5.51, -25.08, 8.47, Left
1761466559131, -5.18, -25.01, 8.34, Left
1761466559214, -4.99, -24.95, 8.17, Left
1761466559261, -4.92, -25.17, 8.10, Left
1761466559309, -4.85, -25.43, 8.06, Left
1761466559354, -4.76, -25.48, 7.97, Left
1761466559495, -4.67, -25.57, 7.96, Left
1761466559546, -4.62, -25.99, 8.02, Left
1761466559618, -4.59, -26.50, 8.01, Left
1761466559667, -4.51, -26.82, 7.98, Left
1761466559713, -4.50, -27.04, 8.00, Left
1761466559760, -4.58, -27.16, 8.01, Left
1761466559888, -4.64, -27.39, 8.04, Left
1761466559933, -4.57, -27.51, 8.05, Left
1761466560020, -4.52, -27.57, 8.07, Left
1761466560065, -4.47, -27.85, 8.15, Left
1761466560110, -4.36, -28.05, 8.22, Left
1761466560155, -4.30, -27.93, 8.20, Left
1761466560287, -4.29, -27.75, 8.26, Left
1761466560334, -4.27, -27.59, 8.31, Left
1761466560415, -4.45, -27.66, 8.36, Left
1761466560461, -4.62, -27.71, 8.34, Left
1761466560505, -4.73, -27.66, 8.33, Left
1761466560549, -4.86, -27.60, 8.32, Left
1761466560687, -4.98, -27.57, 8.29, Left
1761466560731, -5.05, -27.32, 8.25, Left
1761466560815, -5.22, -27.32, 8.22, Left
1761466560861, -5.30, -27.36, 8.23, Left
1761466560906, -5.45, -27.47, 8.22, Left
1761466560950, -5.50, -27.40, 8.17, Left
1761466561086, -5.44, -27.22, 8.14, Left
1761466561131, -5.30, -26.98, 8.13, Left
1761466561176, -5.24, -26.76, 8.12, Left
1761466561220, -5.22, -26.70, 8.15, Left
1761466561264, -5.25, -26.76, 8.23, Left
1761466561308, -5.25, -27.01, 8.32, Left
1761466561352, -5.28, -26.86, 8.36, Left
1761466561397, -5.37, -26.85, 8.40, Left
1761466561441, -5.38, -26.81, 8.46, Left
1761466561484, -5.48, -26.93, 8.56, Left
1761466561615, -5.64, -27.10, 8.68, Left
1761466561661, -5.92, -27.39, 8.81, Left
1761466561743, -6.11, -27.75, 8.96, Left
1761466561789, -6.20, -27.82, 9.03, Left
1761466561833, -6.27, -27.66, 9.05, Left
1761466561880, -6.29, -27.40, 9.11, Left
1761466562016, -6.28, -27.07, 9.18, Left
1761466562062, -6.25, -26.78, 9.22, Left
1761466562144, -6.24, -26.80, 9.34, Left
1761466562190, -6.23, -26.87, 9.43, Left
1761466562242, -6.18, -26.81, 9.47, Left
1761466562292, -6.14, -26.69, 9.46, Left
1761466562421, -6.13, -26.50, 9.47, Left
1761466562471, -6.13, -26.41, 9.50, Left
1761466562548, -6.29, -26.52, 9.56, Left
1761466562592, -6.38, -26.71, 9.58, Left
1761466562635, -6.50, -27.07, 9.60, Left
1761466562681, -6.71, -27.28, 9.67, Left
1761466562815, -6.91, -27.36, 9.68, Left
1761466562862, -7.11, -27.48, 9.70, Left
1761466562942, -7.29, -27.61, 9.72, Left
1761466562988, -7.51, -27.93, 9.79, Left
1761466563031, -7.73, -28.22, 9.83, Left
1761466563080, -7.98, -28.56, 9.87, Left
1761466563215, -8.07, -28.17, 9.77, Left
1761466563263, -8.03, -27.84, 9.69, Left
1761466563342, -8.09, -27.87, 9.69, Left
1761466563387, -8.00, -27.78, 9.60, Left
1761466563431, -7.90, -27.51, 9.53, Left
1761466563481, -7.86, -27.18, 9.46, Left
1761466563616, -7.93, -27.05, 9.44, Left
1761466563665, -7.92, -26.89, 9.41, Left
1761466563749, -7.94, -26.58, 9.30, Left
1761466563797, -7.87, -26.28, 9.24, Left
1761466563845, -7.84, -26.55, 9.29, Left
1761466563889, -8.01, -26.92, 9.35, Left
1761466564015, -8.11, -26.92, 9.34, Left
1761466564062, -8.35, -26.89, 9.32, Left
1761466564142, -8.54, -26.95, 9.25, Left
1761466564187, -8.66, -27.01, 9.20, Left
1761466564231, -8.69, -26.96, 9.14, Left
1761466564276, -8.68, -26.24, 9.00, Left
1761466564414, -8.48, -26.12, 9.06, Left
1761466564458, -8.43, -26.15, 9.11, Left
1761466564543, -8.32, -26.04, 9.14, Left
1761466564587, -8.33, -25.84, 9.13, Left
1761466564631, -8.25, -25.44, 9.11, Left
1761466564677, -8.12, -25.45, 9.18, Left
1761466564816, -8.11, -25.43, 9.29, Left
1761466564862, -8.14, -25.44, 9.37, Left
1761466564943, -8.16, -25.39, 9.47, Left
1761466564990, -8.27, -25.94, 9.60, Left
1761466565035, -8.56, -26.14, 9.65, Left
1761466565079, -8.78, -26.04, 9.75, Left
1761466565215, -8.89, -25.94, 9.78, Left
1761466565261, -8.97, -25.86, 9.84, Left
1761466565343, -9.14, -26.23, 9.96, Left
1761466565386, -9.16, -26.30, 10.06, Left
1761466565430, -9.12, -26.23, 10.09, Left
1761466565476, -9.07, -26.27, 10.23, Left
1761466565614, -9.08, -26.36, 10.29, Left
1761466565663, -9.05, -26.52, 10.40, Left
1761466565742, -9.00, -26.52, 10.44, Left
1761466565787, -8.94, -26.65, 10.45, Left
1761466565830, -9.02, -26.85, 10.52, Left
1761466565877, -9.14, -27.07, 10.56, Left
1761466566015, -9.08, -27.05, 10.57, Left
1761466566060, -9.17, -27.14, 10.59, Left
1761466566143, -9.28, -26.98, 10.58, Left
1761466566191, -9.34, -26.84, 10.54, Left
1761466566235, -9.26, -26.60, 10.54, Left
1761466566283, -9.24, -26.62, 10.54, Left
1761466566414, -9.17, -26.64, 10.61, Left
1761466566463, -9.12, -26.73, 10.65, Left
1761466566542, -9.16, -26.73, 10.67, Left
1761466566588, -9.10, -26.70, 10.71, Left
1761466566631, -9.13, -26.75, 10.75, Left
1761466566679, -9.08, -26.80, 10.80, Left
1761466566816, -8.99, -26.83, 10.84, Left
1761466566865, -8.88, -26.65, 10.84, Left
1761466566946, -8.81, -26.70, 10.83, Left
1761466566992, -8.75, -26.57, 10.86, Left
1761466567036, -8.74, -26.67, 10.86, Left
1761466567080, -8.51, -26.36, 10.84, Left
1761466567214, -8.30, -26.30, 10.81, Left
1761466567260, -8.16, -26.12, 10.75, Left
1761466567343, -8.05, -25.86, 10.63, Left
1761466567388, -8.00, -25.61, 10.50, Left
1761466567435, -7.98, -25.71, 10.44, Left
1761466567479, -8.20, -25.39, 10.25, Left
1761466567615, -9.04, -23.86, 9.81, Left
1761466567660, -10.14, -23.03, 9.52, Left
1761466567743, -12.13, -21.50, 9.12, Left
1761466567788, -14.18, -20.18, 8.82, Left
1761466567830, -16.16, -18.74, 8.53, Left
1761466567877, -18.32, -17.55, 8.24, Left
1761466568014, -20.40, -16.21, 8.09, Left
1761466568062, -22.54, -14.86, 7.93, Left
1761466568142, -24.55, -13.50, 7.75, Left
1761466568185, -26.33, -12.71, 7.73, Left
1761466568228, -27.57, -12.83, 7.92, Left
1761466568273, -28.41, -12.28, 7.88, Left
1761466568416, -28.27, -11.95, 7.83, Left
1761466568464, -28.23, -11.67, 7.75, Left
1761466568542, -28.23, -11.49, 7.67, Left
1761466568586, -27.84, -11.00, 7.63, Left
1761466568631, -27.53, -10.76, 7.51, Left
1761466568679, -27.05, -10.38, 7.40, Left
1761466568815, -26.80, -9.92, 7.31, Down
1761466568864, -26.65, -9.32, 7.24, Down
1761466568942, -26.73, -8.71, 7.11, Down
1761466568987, -26.82, -8.04, 7.07, Down
1761466569031, -26.95, -7.60, 7.16, Down
1761466569079, -27.41, -7.34, 7.20, Down
1761466569215, -27.77, -7.19, 7.29, Down
1761466569261, -28.35, -7.21, 7.35, Down
1761466569343, -28.87, -7.19, 7.43, Down
1761466569387, -29.54, -7.28, 7.52, Down
1761466569430, -30.10, -7.53, 7.58, Down
1761466569474, -30.44, -7.60, 7.61, Down
1761466569615, -30.18, -7.65, 7.66, Down
1761466569662, -30.08, -7.70, 7.69, Down
1761466569742, -29.85, -7.71, 7.62, Down
1761466569788, -29.32, -7.56, 7.58, Down
1761466569830, -28.78, -7.22, 7.49, Down
1761466569876, -28.14, -6.67, 7.51, Down
1761466570014, -27.60, -6.21, 7.56, Down
1761466570062, -26.95, -5.84, 7.59, Down
1761466570143, -26.35, -5.43, 7.77, Down
1761466570189, -25.98, -5.20, 7.94, Down
1761466570234, -25.88, -5.12, 8.15, Down
1761466570277, -25.84, -5.16, 8.42, Down
1761466570416, -25.88, -5.27, 8.75, Down
1761466570463, -25.84, -5.29, 9.04, Down
1761466570545, -25.94, -5.56, 9.43, Down
1761466570588, -25.85, -5.87, 9.69, Down
1761466570632, -25.72, -6.07, 9.92, Down
1761466570678, -25.75, -6.34, 10.20, Down
1761466570814, -25.35, -6.43, 10.17, Down
1761466570860, -25.02, -6.64, 10.13, Down
1761466570943, -24.83, -6.84, 10.13, Down
1761466570987, -24.51, -6.81, 10.03, Down
1761466571031, -24.22, -6.82, 9.95, Down
1761466571078, -24.18, -6.82, 9.98, Down
1761466571215, -23.93, -6.68, 10.08, Down
1761466571260, -23.70, -6.27, 10.19, Down
1761466571343, -23.63, -6.35, 10.32, Down
1761466571390, -23.45, -5.97, 10.51, Down
1761466571433, -23.60, -5.71, 10.89, Down
1761466571479, -23.10, -6.41, 11.38, Down
1761466571615, -22.00, -7.08, 11.95, Down
1761466571659, -20.85, -7.36, 12.53, Down
1761466571743, -19.40, -8.02, 13.32, Down
1761466571786, -17.89, -8.23, 13.96, Down
1761466571829, -16.45, -7.66, 14.38, Down
1761466571876, -15.23, -6.92, 14.94, Down
1761466571920, -13.71, -5.22, 15.41, Down
1761466571964, -12.19, -3.86, 15.73, Down
1761466572011, -10.69, -2.71, 16.03, Down
1761466572057, -9.80, -0.32, 16.35, Forward
1761466572142, -9.08, 2.04, 16.42, Forward
1761466572187, -8.50, 4.17, 16.54, Forward
1761466572232, -8.24, 6.64, 16.47, Forward
1761466572278, -7.99, 9.09, 16.13, Forward
1761466572324, -7.71, 11.00, 15.87, Right
1761466572398, -7.45, 12.57, 15.28, Right
1761466572445, -7.20, 13.48, 14.73, Right
1761466572490, -6.99, 14.48, 14.22, Right
1761466572534, -6.80, 15.63, 13.70, Right
1761466572577, -6.55, 16.79, 12.91, Right
1761466572671, -6.37, 17.89, 12.09, Right
1761466572716, -6.12, 18.56, 11.23, Right
1761466572762, -5.85, 19.43, 10.29, Right
1761466572813, -5.35, 19.36, 9.60, Right
1761466572860, -4.87, 19.11, 8.93, Right
1761466572944, -4.56, 18.44, 8.52, Right
1761466572993, -4.45, 17.77, 8.19, Right
1761466573036, -4.33, 17.03, 7.80, Right
1761466573080, -4.16, 14.60, 7.72, Right
1761466573131, -3.94, 11.83, 7.78, Right
1761466573201, -3.99, 8.53, 8.10, Forward
1761466573247, -4.07, 4.81, 8.55, Forward
1761466573293, -4.22, 0.55, 9.08, Forward
1761466573340, -4.52, -3.29, 9.71, Forward
1761466573384, -4.90, -6.66, 10.16, Forward
1761466573471, -5.10, -9.38, 10.47, Forward
1761466573517, -5.25, -12.80, 10.82, Left
1761466573563, -5.42, -16.26, 11.20, Left
1761466573607, -5.66, -18.41, 11.36, Left
1761466573652, -5.96, -20.46, 11.52, Left
1761466573744, -6.09, -21.62, 11.53, Left
1761466573789, -6.24, -22.32, 11.46, Left
1761466573832, -6.26, -22.74, 11.36, Left
1761466573878, -6.21, -23.07, 11.28, Left
1761466573923, -6.14, -23.79, 11.28, Left
1761466573999, -6.04, -24.75, 11.35, Left
1761466574046, -5.93, -24.71, 11.27, Left
1761466574095, -5.81, -24.92, 11.27, Left
1761466574140, -5.65, -24.77, 11.20, Left
1761466574187, -5.43, -24.25, 11.04, Left
1761466574271, -5.42, -24.47, 10.98, Left
1761466574314, -5.33, -24.60, 10.87, Left
1761466574361, -5.34, -24.63, 10.74, Left
1761466574407, -5.48, -24.68, 10.57, Left
1761466574452, -5.52, -24.74, 10.47, Left
1761466574543, -5.59, -25.13, 10.44, Left
1761466574587, -5.59, -25.60, 10.44, Left
1761466574630, -5.59, -25.91, 10.39, Left
1761466574675, -5.53, -26.03, 10.30, Left
1761466574722, -5.51, -26.26, 10.29, Left
1761466574799, -5.62, -26.28, 10.24, Left
1761466574844, -5.64, -26.21, 10.21, Left
1761466574888, -5.65, -26.16, 10.19, Left
1761466574931, -5.59, -26.18, 10.18, Left
1761466574975, -5.64, -25.83, 10.08, Left
1761466575072, -5.57, -25.56, 10.05, Left
1761466575114, -5.58, -25.45, 10.03, Left
1761466575161, -5.66, -25.23, 10.00, Left
1761466575206, -5.61, -25.16, 10.01, Left
1761466575251, -5.80, -25.27, 10.00, Left
1761466575345, -5.76, -25.09, 9.95, Left
1761466575393, -5.86, -25.07, 9.92, Left
1761466575440, -5.90, -24.88, 9.89, Left
1761466575485, -5.95, -24.90, 9.86, Left
1761466575531, -5.88, -25.28, 9.90, Left
1761466575602, -5.81, -25.27, 9.84, Left
1761466575649, -5.65, -25.34, 9.81, Left
1761466575692, -5.42, -25.38, 9.78, Left
1761466575740, -5.38, -25.45, 9.75, Left
1761466575786, -5.14, -25.49, 9.76, Left
1761466575872, -5.01, -25.51, 9.76, Left
1761466575917, -4.91, -25.66, 9.80, Left
1761466575960, -4.87, -26.10, 9.86, Left
1761466576006, -4.69, -26.20, 9.87, Left
1761466576050, -4.68, -26.36, 9.89, Left
1761466576142, -4.53, -26.72, 9.94, Left
1761466576184, -4.60, -27.03, 9.94, Left
1761466576229, -4.71, -27.33, 9.96, Left
1761466576277, -4.92, -27.24, 9.90, Left
1761466576322, -5.11, -27.67, 9.89, Left
1761466576399, -5.04, -27.60, 9.80, Left
1761466576446, -4.90, -27.35, 9.67, Left
1761466576492, -4.76, -26.99, 9.53, Left
1761466576536, -4.75, -26.78, 9.44, Left
1761466576581, -4.88, -26.50, 9.29, Left
1761466576672, -5.34, -26.51, 9.16, Left
1761466576717, -5.53, -26.47, 9.08, Left
1761466576765, -5.75, -26.36, 8.94, Left
1761466576817, -5.98, -26.62, 8.88, Left
1761466576864, -6.19, -26.41, 8.77, Left
1761466576945, -6.59, -26.54, 8.77, Left
1761466576991, -6.87, -26.62, 8.74, Left
1761466577036, -7.22, -26.71, 8.70, Left
1761466577079, -7.61, -26.87, 8.71, Left
1761466577128, -7.81, -27.06, 8.73, Left
1761466577198, -7.91, -27.14, 8.76, Left
1761466577252, -8.09, -27.07, 8.79, Left
1761466577295, -8.21, -27.23, 8.86, Left
1761466577349, -8.21, -27.43, 8.94, Left
1761466577397, -8.21, -27.72, 9.00, Left
1761466577490, -8.05, -28.16, 9.11, Left
1761466577553, -8.06, -28.52, 9.21, Left
1761466577617, -8.03, -28.96, 9.34, Left
1761466577679, -7.96, -29.07, 9.37, Left
1761466577740, -7.95, -29.46, 9.49, Left
1761466577783, -7.75, -29.72, 9.51, Left
1761466577878, -7.49, -30.46, 9.60, Left
1761466577929, -7.46, -30.91, 9.58, Left
1761466577972, -7.39, -31.38, 9.54, Left
1761466578019, -7.19, -31.98, 9.62, Left
1761466578066, -7.34, -32.41, 9.59, Left
1761466578147, -7.21, -33.10, 9.67, Left
1761466578209, -7.17, -33.65, 9.68, Left
1761466578255, -7.13, -34.43, 9.72, Left
1761466578299, -6.94, -34.87, 9.74, Left
1761466578347, -7.00, -35.23, 9.78, Left
1761466578410, -7.21, -35.11, 9.70, Left
1761466578458, -7.12, -35.05, 9.74, Left
1761466578503, -7.08, -35.01, 9.81, Left
1761466578553, -7.12, -34.29, 9.64, Left
1761466578597, -6.98, -33.80, 9.61, Left
1761466578674, -7.08, -33.21, 9.50, Left
1761466578722, -7.06, -32.57, 9.43, Left
1761466578768, -7.04, -31.93, 9.36, Left
1761466578815, -7.18, -30.96, 9.16, Left
1761466578861, -7.21, -29.94, 8.96, Left
1761466578954, -7.23, -29.14, 8.77, Left
1761466579002, -7.24, -28.34, 8.52, Left
1761466579048, -7.24, -27.55, 8.27, Left
1761466579095, -7.28, -27.60, 8.19, Left
1761466579143, -7.32, -27.62, 8.09, Left
1761466579201, -7.45, -28.01, 7.90, Left
