Head Tracking Session: phase1_cycle1_1761466871763
Start Time: 2025-10-26T04:21:11.769743
==================================================
Timestamp (ms), Pitch, Yaw, Roll, Direction
1761466875271, 0.00, 0.00, 0.00, Forward
1761466875320, 0.18, 0.04, 0.06, Forward
1761466875369, 0.25, -0.06, 0.07, Forward
1761466875422, 0.38, -0.37, 0.17, Forward
1761466875522, 0.34, -0.75, 0.21, Forward
1761466875573, 0.32, -0.97, 0.23, Forward
1761466875623, 0.32, -1.12, 0.24, Forward
1761466875673, 0.18, -0.96, 0.21, Forward
1761466875724, 0.21, -0.86, 0.23, Forward
1761466875786, 0.10, -0.91, 0.24, Forward
1761466875838, 0.02, -1.17, 0.27, Forward
1761466875888, -0.13, -1.36, 0.30, Forward
1761466875937, -0.13, -1.10, 0.30, Forward
1761466875992, -0.31, -0.78, 0.23, Forward
1761466876050, -0.20, -0.46, 0.25, Forward
1761466876108, -0.15, -0.04, 0.25, Forward
1761466876163, -0.09, 0.45, 0.26, Forward
1761466876213, -0.01, 0.48, 0.36, Forward
1761466876258, -0.00, 0.50, 0.45, Forward
1761466876314, 0.14, 0.70, 0.55, Forward
1761466876371, 0.23, 1.10, 0.60, Forward
1761466876422, 0.41, 1.34, 0.69, Forward
1761466876475, 0.43, 1.22, 0.81, Forward
1761466876522, 0.55, 1.17, 0.95, Forward
1761466876580, 0.46, 1.06, 1.02, Forward
1761466876634, 0.41, 0.83, 1.12, Forward
1761466876687, 0.33, 0.55, 1.20, Forward
1761466876739, 0.44, 0.74, 1.18, Forward
1761466876791, 0.49, 0.89, 1.11, Forward
1761466876842, 0.53, 0.95, 1.06, Forward
1761466876893, 0.57, 1.00, 1.03, Forward
1761466876944, 0.57, 1.06, 0.99, Forward
1761466876993, 0.56, 1.13, 0.93, Forward
1761466877044, 0.61, 1.17, 0.88, Forward
1761466877116, 0.70, 1.37, 0.86, Forward
1761466877175, 0.74, 1.54, 0.81, Forward
1761466877229, 0.78, 1.71, 0.76, Forward
1761466877280, 0.82, 1.57, 0.75, Forward
1761466877328, 0.86, 1.50, 0.75, Forward
1761466877380, 0.95, 1.51, 0.75, Forward
1761466877429, 0.96, 1.49, 0.73, Forward
1761466877474, 0.98, 1.52, 0.72, Forward
1761466877525, 1.06, 1.45, 0.69, Forward
1761466877578, 1.18, 1.40, 0.68, Forward
1761466877646, 1.19, 1.51, 0.60, Forward
1761466877701, 1.28, 1.70, 0.54, Forward
1761466877758, 1.35, 1.81, 0.49, Forward
1761466877813, 1.31, 1.74, 0.52, Forward
1761466877876, 1.28, 1.70, 0.51, Forward
1761466877930, 1.25, 1.80, 0.48, Forward
1761466878043, 1.24, 1.80, 0.45, Forward
1761466878090, 1.25, 1.78, 0.43, Forward
1761466878143, 1.20, 1.79, 0.45, Forward
1761466878191, 1.09, 2.09, 0.38, Forward
1761466878239, 1.03, 2.24, 0.34, Forward
1761466878310, 0.96, 2.24, 0.33, Forward
1761466878356, 0.88, 2.31, 0.31, Forward
1761466878406, 0.81, 2.62, 0.23, Forward
1761466878457, 0.84, 2.77, 0.19, Forward
1761466878506, 0.76, 2.66, 0.20, Forward
1761466878581, 0.81, 2.61, 0.22, Forward
1761466878628, 0.80, 2.65, 0.22, Forward
1761466878673, 0.78, 2.72, 0.21, Forward
1761466878722, 0.79, 2.44, 0.27, Forward
1761466878772, 0.81, 2.15, 0.34, Forward
1761466878838, 0.85, 2.07, 0.38, Forward
1761466878884, 0.92, 1.97, 0.42, Forward
1761466878930, 1.01, 1.93, 0.43, Forward
1761466878982, 1.00, 1.96, 0.43, Forward
1761466879040, 1.07, 1.94, 0.42, Forward
1761466879114, 1.08, 1.79, 0.42, Forward
1761466879170, 1.07, 1.67, 0.40, Forward
1761466879221, 1.08, 1.52, 0.41, Forward
1761466879269, 1.17, 1.39, 0.43, Forward
1761466879315, 1.23, 1.36, 0.43, Forward
1761466879385, 1.24, 1.13, 0.44, Forward
1761466879431, 1.24, 0.96, 0.45, Forward
1761466879479, 1.22, 0.70, 0.49, Forward
1761466879525, 1.16, 0.86, 0.45, Forward
1761466879572, 1.11, 1.16, 0.42, Forward
1761466879641, 1.08, 1.33, 0.41, Forward
1761466879694, 1.10, 1.37, 0.42, Forward
1761466879748, 1.07, 1.43, 0.42, Forward
1761466879804, 0.99, 1.44, 0.43, Forward
1761466879855, 0.92, 1.40, 0.49, Forward
1761466879923, 0.81, 1.23, 0.58, Forward
1761466879976, 0.73, 1.06, 0.66, Forward
1761466880039, 0.63, 0.96, 0.74, Forward
1761466880089, 0.57, 0.49, 0.87, Forward
1761466880139, 0.52, 0.01, 1.00, Forward
1761466880189, 0.45, -0.22, 1.10, Forward
1761466880318, 0.37, -0.47, 1.18, Forward
1761466880365, 0.27, -0.79, 1.27, Forward
1761466880416, 0.14, -0.94, 1.30, Forward
1761466880462, 0.10, -1.04, 1.32, Forward
1761466880511, 0.09, -1.01, 1.30, Forward
1761466880585, 0.10, -1.05, 1.30, Forward
1761466880630, 0.14, -1.10, 1.31, Forward
1761466880675, 0.20, -1.13, 1.34, Forward
1761466880723, 0.22, -1.18, 1.36, Forward
1761466880769, 0.24, -1.22, 1.37, Forward
1761466880850, 0.31, -0.94, 1.34, Forward
1761466880902, 0.40, -0.64, 1.29, Forward
1761466880953, 0.49, -0.45, 1.27, Forward
1761466881005, 0.49, -0.19, 1.17, Forward
1761466881060, 0.50, 0.06, 1.08, Forward
1761466881127, 0.52, 0.11, 1.08, Forward
1761466881178, 0.51, 0.17, 1.02, Forward
1761466881228, 0.46, 0.29, 0.97, Forward
1761466881277, 0.51, 0.44, 0.94, Forward
1761466881332, 0.56, 0.62, 0.90, Forward
1761466881380, 0.54, 0.52, 0.90, Forward
1761466881433, 0.56, 0.45, 0.93, Forward
1761466881493, 0.58, 0.41, 0.95, Forward
1761466881540, 0.59, 0.36, 0.98, Forward
1761466881590, 0.61, 0.40, 0.97, Forward
1761466881640, 0.69, 0.52, 0.98, Forward
1761466881690, 0.72, 0.54, 1.00, Forward
1761466881737, 0.79, 0.63, 1.01, Forward
1761466881785, 0.76, 0.54, 1.03, Forward
1761466881835, 0.73, 0.43, 1.06, Forward
1761466881915, 0.75, 0.39, 1.09, Forward
1761466881959, 0.70, 0.30, 1.11, Forward
1761466882010, 0.68, 0.24, 1.12, Forward
1761466882060, 0.67, -0.03, 1.19, Forward
1761466882110, 0.66, -0.30, 1.26, Forward
1761466882185, 0.58, -0.48, 1.28, Forward
1761466882234, 0.44, -0.56, 1.27, Forward
1761466882285, 0.31, -0.76, 1.26, Forward
1761466882334, 0.27, -1.11, 1.28, Forward
1761466882377, 0.21, -1.36, 1.30, Forward
1761466882438, 0.02, -1.87, 1.32, Forward
1761466882488, -0.11, -2.11, 1.31, Forward
1761466882537, -0.28, -2.38, 1.31, Forward
1761466882586, -0.39, -2.79, 1.41, Forward
1761466882630, -0.49, -3.14, 1.45, Forward
1761466882717, -0.67, -3.39, 1.40, Forward
1761466882768, -0.71, -3.63, 1.44, Forward
1761466882822, -0.76, -3.87, 1.48, Forward
1761466882887, -0.80, -3.60, 1.44, Forward
1761466882946, -0.93, -3.48, 1.42, Forward
1761466883016, -0.86, -3.07, 1.39, Forward
1761466883112, -0.84, -3.26, 1.45, Forward
1761466883169, -0.75, -3.32, 1.52, Forward
1761466883216, -0.75, -3.24, 1.51, Forward
1761466883260, -0.79, -3.38, 1.60, Forward
1761466883307, -0.79, -3.34, 1.69, Forward
1761466883380, -0.88, -3.52, 1.79, Forward
1761466883422, -0.94, -3.65, 1.86, Forward
1761466883470, -1.05, -4.00, 1.97, Forward
1761466883518, -1.07, -4.41, 2.10, Forward
1761466883564, -1.23, -4.85, 2.23, Forward
1761466883641, -1.26, -4.84, 2.27, Forward
1761466883693, -1.38, -4.96, 2.35, Forward
1761466883745, -1.48, -5.05, 2.38, Forward
1761466883794, -1.56, -5.00, 2.34, Forward
1761466883850, -1.58, -5.25, 2.38, Forward
1761466883917, -1.53, -5.24, 2.37, Forward
1761466883969, -1.51, -5.34, 2.40, Forward
1761466884018, -1.49, -5.44, 2.42, Forward
1761466884070, -1.52, -5.34, 2.41, Forward
1761466884122, -1.51, -5.48, 2.40, Forward
1761466884171, -1.43, -5.41, 2.43, Forward
1761466884319, -1.43, -5.44, 2.38, Forward
1761466884366, -1.40, -5.39, 2.38, Forward
1761466884418, -1.37, -5.33, 2.37, Forward
1761466884464, -1.36, -4.84, 2.28, Forward
1761466884519, -1.38, -4.44, 2.20, Forward
1761466884566, -1.44, -4.15, 2.12, Forward
1761466884611, -1.42, -3.92, 2.07, Forward
1761466884655, -1.33, -3.79, 2.04, Forward
1761466884706, -1.25, -3.47, 2.00, Forward
1761466884754, -1.32, -3.35, 1.93, Forward
1761466884843, -1.24, -3.27, 1.94, Forward
1761466884892, -1.20, -3.25, 1.94, Forward
1761466884947, -1.12, -3.22, 1.96, Forward
1761466884999, -1.11, -3.48, 2.00, Forward
1761466885052, -1.05, -3.72, 2.06, Forward
1761466885112, -1.04, -4.04, 2.09, Forward
1761466885168, -1.10, -4.15, 2.09, Forward
1761466885217, -1.20, -4.32, 2.07, Forward
1761466885265, -1.25, -4.47, 2.00, Forward
1761466885310, -1.26, -4.82, 2.01, Forward
1761466885368, -1.40, -4.89, 1.92, Forward
1761466885415, -1.51, -4.99, 1.86, Forward
1761466885466, -1.62, -5.06, 1.77, Forward
1761466885518, -1.69, -5.19, 1.71, Forward
1761466885566, -1.74, -5.27, 1.63, Forward
1761466885652, -1.53, -4.88, 1.63, Forward
1761466885704, -1.41, -4.58, 1.57, Forward
1761466885756, -1.32, -4.20, 1.47, Forward
1761466885819, -1.16, -4.08, 1.47, Forward
1761466885868, -1.02, -3.85, 1.39, Forward
1761466885923, -0.86, -3.75, 1.38, Forward
1761466886046, -0.73, -3.51, 1.32, Forward
1761466886093, -0.58, -3.38, 1.31, Forward
1761466886147, -0.49, -3.34, 1.31, Forward
1761466886197, -0.30, -3.31, 1.32, Forward
1761466886253, -0.24, -3.56, 1.29, Forward
1761466886309, -0.05, -3.31, 1.24, Forward
1761466886364, 0.08, -3.03, 1.22, Forward
1761466886416, 0.16, -2.70, 1.19, Forward
1761466886467, 0.52, -2.10, 1.16, Forward
1761466886518, 0.80, -1.42, 1.12, Forward
1761466886568, 1.36, -1.01, 1.13, Forward
1761466886618, 1.79, -0.54, 1.07, Forward
1761466886664, 2.27, -0.13, 1.03, Forward
1761466886712, 2.65, 0.26, 0.99, Forward
1761466886758, 3.03, 0.93, 0.86, Forward
1761466886841, 3.39, 0.90, 0.78, Forward
1761466886888, 3.79, 0.58, 0.77, Forward
1761466886948, 4.14, 0.59, 0.68, Forward
1761466887000, 4.05, 0.21, 0.58, Forward
1761466887055, 4.09, -0.31, 0.51, Forward
1761466887113, 3.79, -0.63, 0.39, Forward
1761466887158, 3.60, -0.93, 0.31, Forward
1761466887204, 3.43, -1.10, 0.20, Forward
1761466887254, 3.26, -1.20, 0.10, Forward
1761466887301, 3.06, -1.58, 0.10, Forward
1761466887368, 2.79, -1.83, 0.07, Forward
1761466887419, 2.60, -2.02, 0.01, Forward
1761466887469, 2.41, -2.25, -0.03, Forward
1761466887520, 2.31, -2.59, -0.04, Forward
1761466887570, 2.18, -2.77, -0.08, Forward
1761466887649, 2.24, -2.81, -0.08, Forward
1761466887705, 2.31, -3.04, -0.09, Forward
1761466887762, 2.25, -3.32, -0.09, Forward
1761466887816, 2.27, -3.59, -0.09, Forward
1761466887871, 2.35, -3.73, -0.08, Forward
1761466887926, 2.61, -3.49, -0.10, Forward
1761466888065, 2.83, -2.70, -0.15, Forward
1761466888132, 3.04, -2.17, -0.16, Forward
1761466888186, 3.36, -1.60, -0.10, Forward
1761466888251, 3.71, -1.16, -0.05, Forward
1761466888305, 3.98, -0.83, -0.02, Forward
1761466888363, 4.23, -0.44, 0.08, Forward
1761466888440, 4.50, 0.21, 0.10, Forward
1761466888487, 4.64, 0.85, 0.06, Forward
1761466888534, 4.70, 1.43, 0.02, Forward
1761466888582, 4.65, 1.48, 0.06, Forward
1761466888630, 4.66, 1.20, 0.14, Forward
1761466888708, 4.65, 1.04, 0.19, Forward
1761466888758, 4.73, 1.12, 0.20, Forward
1761466888812, 4.79, 1.23, 0.23, Forward
1761466888865, 4.70, 1.34, 0.21, Forward
1761466888915, 4.70, 1.59, 0.14, Forward
1761466888969, 4.69, 1.61, 0.16, Forward
1761466889020, 4.66, 1.37, 0.27, Forward
1761466889076, 4.69, 1.26, 0.33, Forward
1761466889134, 4.66, 1.01, 0.44, Forward
1761466889186, 4.57, 0.92, 0.48, Forward
1761466889254, 4.45, 0.68, 0.60, Forward
1761466889307, 4.24, 0.38, 0.72, Forward
1761466889367, 3.96, 0.02, 0.83, Forward
1761466889418, 3.80, -0.45, 1.01, Forward
1761466889472, 3.57, -0.85, 1.19, Forward
1761466889529, 3.43, -1.17, 1.34, Forward
1761466889640, 3.28, -1.19, 1.43, Forward
1761466889692, 3.11, -1.46, 1.55, Forward
1761466889745, 2.97, -1.42, 1.61, Forward
1761466889799, 2.84, -1.69, 1.73, Forward
1761466889851, 2.84, -1.75, 1.79, Forward
1761466889909, 2.80, -1.78, 1.82, Forward
1761466889955, 2.86, -1.83, 1.87, Forward
1761466890003, 2.83, -1.77, 1.87, Forward
1761466890054, 2.83, -1.72, 1.85, Forward
1761466890105, 2.88, -1.69, 1.82, Forward
1761466890174, 3.06, -1.44, 1.74, Forward
1761466890223, 3.25, -1.07, 1.65, Forward
1761466890280, 3.44, -0.71, 1.56, Forward
1761466890331, 3.60, -0.48, 1.48, Forward
1761466890383, 3.68, -0.22, 1.37, Forward
1761466890450, 3.68, -0.04, 1.27, Forward
1761466890503, 3.63, 0.09, 1.19, Forward
1761466890552, 3.67, 0.09, 1.13, Forward
1761466890599, 3.71, 0.12, 1.11, Forward
1761466890652, 3.75, 0.16, 1.10, Forward
1761466890718, 3.64, -0.21, 1.18, Forward
1761466890767, 3.49, -0.56, 1.28, Forward
1761466890818, 3.35, -0.91, 1.38, Forward
1761466890870, 3.26, -0.81, 1.39, Forward
1761466890927, 3.17, -0.79, 1.40, Forward
1761466890971, 3.18, -0.89, 1.45, Forward
1761466891110, 3.13, -0.78, 1.45, Forward
1761466891153, 3.12, -0.68, 1.47, Forward
1761466891202, 3.09, -0.69, 1.47, Forward
1761466891250, 3.05, -0.66, 1.45, Forward
1761466891297, 2.99, -0.57, 1.38, Forward
1761466891365, 2.92, -0.18, 1.21, Forward
1761466891416, 2.80, 0.06, 1.03, Forward
1761466891473, 2.77, 0.13, 0.90, Forward
1761466891528, 2.64, 0.30, 0.80, Forward
1761466891581, 2.59, 0.62, 0.70, Forward
1761466891637, 2.52, 0.61, 0.63, Forward
1761466891684, 2.50, 0.65, 0.57, Forward
1761466891729, 2.42, 0.80, 0.49, Forward
1761466891774, 2.27, 0.67, 0.47, Forward
1761466891820, 2.20, 0.67, 0.48, Forward
1761466891907, 2.14, 0.25, 0.58, Forward
1761466891955, 2.10, 0.05, 0.64, Forward
1761466892005, 2.07, -0.14, 0.75, Forward
1761466892055, 2.14, -0.21, 0.81, Forward
1761466892104, 2.04, -0.32, 0.87, Forward
1761466892168, 2.06, -0.31, 0.98, Forward
1761466892216, 2.10, -0.23, 1.03, Forward
1761466892264, 2.13, -0.28, 1.11, Forward
1761466892321, 2.20, -0.16, 1.16, Forward
1761466892372, 2.27, -0.12, 1.31, Forward
1761466892454, 2.54, -0.36, 1.54, Forward
1761466892505, 2.88, -0.68, 1.83, Forward
1761466892561, 3.11, -1.00, 2.08, Forward
1761466892614, 3.37, -1.57, 2.32, Forward
1761466892662, 3.70, -2.00, 2.52, Forward
1761466892715, 4.11, -1.78, 2.59, Forward
1761466892764, 4.17, -1.90, 2.66, Forward
1761466892811, 4.30, -1.90, 2.74, Forward
1761466892861, 4.43, -2.12, 2.83, Forward
1761466892915, 4.51, -2.23, 2.81, Forward
1761466892966, 4.49, -2.00, 2.73, Forward
1761466893017, 4.31, -1.90, 2.66, Forward
1761466893065, 4.23, -1.68, 2.57, Forward
1761466893109, 4.17, -1.56, 2.57, Forward
1761466893157, 4.19, -1.44, 2.55, Forward
1761466893251, 4.05, -2.19, 2.64, Forward
1761466893307, 4.04, -2.91, 2.72, Forward
1761466893374, 4.06, -3.59, 2.81, Forward
1761466893429, 4.03, -3.54, 2.80, Forward
1761466893478, 3.90, -3.90, 2.82, Forward
1761466893525, 3.68, -4.10, 2.78, Forward
1761466893653, 3.66, -4.42, 2.76, Forward
1761466893703, 3.60, -4.69, 2.73, Forward
1761466893752, 3.49, -4.96, 2.70, Forward
1761466893800, 3.71, -4.54, 2.63, Forward
1761466893854, 3.87, -3.88, 2.54, Forward
1761466893918, 4.04, -3.45, 2.56, Forward
1761466893967, 4.23, -3.21, 2.61, Forward
1761466894016, 4.53, -3.40, 2.76, Forward
1761466894063, 4.75, -3.41, 2.90, Forward
1761466894112, 4.99, -3.60, 3.05, Forward
1761466894170, 5.06, -3.55, 3.13, Forward
1761466894222, 5.06, -3.69, 3.24, Forward
1761466894271, 5.05, -3.72, 3.33, Forward
1761466894323, 4.67, -4.75, 3.57, Forward
1761466894452, 4.33, -5.59, 3.73, Forward
1761466894501, 4.20, -5.90, 3.81, Forward
1761466894570, 4.02, -6.01, 3.80, Forward
1761466894621, 3.80, -6.21, 3.78, Forward
1761466894671, 3.76, -6.40, 3.78, Forward
1761466894722, 3.68, -6.41, 3.68, Forward
1761466894836, 3.74, -6.21, 3.59, Forward
1761466894886, 3.72, -5.87, 3.44, Forward
1761466894968, 3.77, -5.35, 3.12, Forward
1761466895022, 3.69, -4.86, 2.79, Forward
1761466895073, 3.71, -4.52, 2.51, Forward
1761466895121, 3.80, -2.73, 2.06, Forward
1761466895240, 4.22, 0.27, 1.41, Forward
1761466895286, 4.61, 3.73, 0.64, Forward
1761466895365, 5.02, 8.01, -0.28, Forward
1761466895410, 5.44, 12.19, -1.13, Right
1761466895453, 5.71, 16.04, -1.91, Right
1761466895502, 6.11, 20.23, -2.69, Right
1761466895657, 6.78, 24.87, -3.62, Right
1761466895709, 7.48, 29.81, -4.58, Right
1761466895769, 8.47, 34.74, -5.80, Right
1761466895819, 9.15, 38.29, -6.77, Right
1761466895866, 9.64, 40.43, -7.50, Right
1761466895912, 10.16, 42.28, -8.29, Right
1761466896039, 8.94, 44.11, -25.87, Right
1761466896084, 7.81, 45.92, -43.42, Right
1761466896165, 6.70, 47.95, -61.00, Right
1761466896217, 5.62, 49.49, -78.53, Right
1761466896266, 4.19, 50.45, -95.74, Right
1761466896313, 2.99, 51.93, -113.05, Right
1761466896449, 2.58, 51.04, -128.05, Right
1761466896496, 3.59, 52.36, -128.95, Right
1761466896568, 3.04, 55.13, -146.26, Right
1761466896617, 1.96, 57.79, -163.13, Right
1761466896665, 2.88, 59.64, -163.16, Right
1761466896714, 4.22, 61.71, -163.43, Right
1761466896849, 7.24, 62.62, -147.49, Right
1761466896898, 10.27, 63.50, -131.58, Right
1761466896970, 11.48, 65.73, -96.01, Right
1761466897025, 8.75, 57.15, -60.93, Right
1761466897075, 8.54, 61.21, -63.25, Right
1761466897123, 7.27, 63.17, -44.10, Right
1761466897238, 7.25, 63.83, -8.24, Right
1761466897286, 10.97, 50.40, 12.84, Right
1761466897369, 7.37, 40.62, 47.77, Right
1761466897420, 4.71, 35.63, 48.72, Right
1761466897471, 2.28, 36.83, 32.62, Right
1761466897523, 0.47, 35.09, 33.81, Right
1761466897651, 0.48, 27.90, 15.80, Right
1761466897701, 4.26, 31.05, -1.64, Right
1761466897767, 4.42, 22.89, 16.67, Right
1761466897818, 4.11, 14.69, -0.77, Right
1761466897864, 4.05, 6.34, -18.47, Forward
1761466897911, 0.85, 11.86, -21.51, Right
1761466898039, 4.62, 13.84, -38.28, Right
1761466898087, 6.91, 10.95, -20.90, Right
1761466898172, 7.36, 3.03, -2.64, Forward
1761466898225, 7.07, -1.97, -1.66, Forward
1761466898280, 6.82, -2.91, -1.18, Forward
1761466898330, 6.60, -3.79, -0.68, Forward
1761466898447, 6.39, -3.70, -0.56, Forward
1761466898494, 6.41, -3.78, -0.37, Forward
1761466898570, 6.37, -3.92, -0.23, Forward
1761466898623, 6.31, -3.90, -0.21, Forward
1761466898674, 6.33, -3.90, -0.25, Forward
1761466898730, 6.46, -4.04, -0.21, Forward
1761466898838, 6.67, -4.23, -0.20, Forward
1761466898885, 6.86, -4.51, -0.11, Forward
1761466898964, 7.09, -4.61, -0.05, Forward
1761466899012, 7.25, -4.94, -0.04, Forward
1761466899060, 7.34, -5.00, -0.02, Forward
1761466899106, 7.56, -5.10, 0.03, Forward
1761466899238, 7.82, -4.81, 0.05, Forward
1761466899289, 8.00, -4.56, 0.07, Forward
1761466899424, 7.99, -4.78, 0.10, Forward
1761466899494, 8.04, -4.98, 0.12, Forward
1761466899555, 7.85, -5.04, 0.05, Forward
1761466899608, 7.73, -5.02, -0.05, Forward
1761466899654, 7.46, -5.11, -0.16, Forward
1761466899716, 7.30, -4.99, -0.26, Forward
1761466899764, 7.11, -4.94, -0.39, Forward
1761466899809, 6.73, -4.87, -0.57, Forward
1761466899852, 6.36, -5.07, -0.69, Forward
1761466899899, 6.02, -5.04, -0.93, Forward
1761466900053, 5.98, -3.78, -1.19, Forward
1761466900107, 5.88, -2.89, -1.36, Forward
1761466900174, 5.77, -2.56, -1.37, Forward
1761466900227, 5.67, -2.10, -1.43, Forward
1761466900280, 5.66, -1.53, -1.46, Forward
1761466900333, 5.67, -1.62, -1.33, Forward
1761466900447, 5.67, -1.66, -1.18, Forward
1761466900498, 5.72, -1.66, -1.02, Forward
1761466900572, 5.84, -1.75, -0.83, Forward
1761466900632, 5.80, -2.13, -0.54, Forward
1761466900683, 5.65, -3.27, -0.23, Forward
1761466900739, 5.49, -4.05, -0.01, Forward
1761466900843, 5.49, -4.44, 0.21, Forward
1761466900886, 5.49, -4.86, 0.45, Forward
1761466900967, 5.38, -5.36, 0.69, Forward
1761466901017, 5.27, -5.42, 0.78, Forward
1761466901066, 5.21, -5.62, 0.91, Forward
1761466901117, 5.09, -5.66, 1.00, Forward
1761466901246, 4.79, -5.57, 0.94, Forward
1761466901296, 4.72, -5.73, 1.00, Forward
1761466901369, 4.68, -5.81, 1.00, Forward
1761466901416, 4.63, -5.94, 0.98, Forward
1761466901463, 4.52, -6.17, 0.91, Forward
1761466901510, 4.31, -6.36, 0.79, Forward
1761466901648, 4.42, -6.67, 0.78, Forward
1761466901699, 4.32, -6.75, 0.68, Forward
1761466901770, 4.37, -6.87, 0.76, Forward
1761466901825, 4.27, -7.06, 0.80, Forward
1761466901872, 4.29, -7.20, 0.99, Forward
1761466901925, 4.25, -7.21, 1.17, Forward
1761466902052, 4.27, -7.06, 1.45, Forward
1761466902105, 4.17, -6.75, 1.67, Forward
1761466902172, 4.06, -6.53, 1.91, Forward
1761466902223, 4.05, -6.37, 2.22, Forward
1761466902275, 3.79, -6.11, 2.40, Forward
1761466902334, 3.73, -5.91, 2.66, Forward
1761466902449, 3.64, -5.60, 2.70, Forward
1761466902506, 3.73, -5.51, 2.86, Forward
1761466902566, 3.63, -5.69, 2.97, Forward
1761466902616, 3.41, -5.81, 3.01, Forward
1761466902668, 3.18, -6.13, 3.02, Forward
1761466902718, 3.04, -6.14, 2.96, Forward
1761466902836, 2.90, -6.06, 2.79, Forward
1761466902888, 2.67, -5.91, 2.54, Forward
1761466902968, 2.73, -5.32, 2.27, Forward
1761466903018, 2.68, -4.85, 1.99, Forward
1761466903069, 2.51, -4.41, 1.74, Forward
1761466903116, 2.37, -4.21, 1.50, Forward
1761466903241, 2.48, -4.21, 1.37, Forward
1761466903287, 2.63, -4.15, 1.19, Forward
1761466903380, 2.73, -3.89, 0.97, Forward
1761466903446, 2.83, -4.33, 0.94, Forward
1761466903505, 2.92, -4.68, 0.94, Forward
1761466903568, 3.08, -4.99, 1.02, Forward
1761466903638, 3.15, -5.78, 1.19, Forward
1761466903688, 3.24, -6.65, 1.36, Forward
1761466903767, 3.39, -7.36, 1.46, Forward
1761466903814, 3.54, -7.89, 1.55, Forward
1761466903863, 3.64, -8.03, 1.57, Forward
1761466903912, 3.60, -7.68, 1.47, Forward
1761466904044, 3.58, -6.44, 1.24, Forward
1761466904098, 3.57, -4.93, 0.99, Forward
1761466904170, 3.57, -1.29, 0.56, Forward
1761466904228, 3.63, 2.29, 0.14, Forward
1761466904284, 3.58, 6.06, -0.36, Forward
1761466904334, 3.48, 9.63, -0.84, Forward
1761466904447, 3.42, 11.57, -1.08, Right
1761466904499, 3.27, 13.78, -1.38, Right
1761466904570, 3.23, 13.97, -1.50, Right
1761466904620, 3.23, 13.91, -1.55, Right
1761466904671, 3.15, 12.89, -1.48, Right
1761466904720, 3.33, 11.11, -1.30, Right
1761466904844, 3.50, 7.16, -0.91, Forward
1761466904893, 3.67, 3.12, -0.48, Forward
1761466904973, 3.65, -1.06, -0.06, Forward
1761466905039, 3.79, -4.86, 0.36, Forward
1761466905111, 3.83, -7.25, 0.61, Forward
1761466905167, 3.94, -9.59, 0.92, Forward
1761466905260, 3.94, -9.78, 1.08, Forward
1761466905327, 4.03, -10.10, 1.28, Left
1761466905377, 4.19, -10.42, 1.48, Left
1761466905501, 4.03, -10.15, 1.57, Left
1761466905555, 3.94, -9.82, 1.64, Forward
1761466905605, 3.79, -9.41, 1.66, Forward
1761466905659, 3.79, -8.96, 1.70, Forward
1761466905769, 3.76, -8.76, 1.74, Forward
1761466905819, 3.65, -8.44, 1.75, Forward
1761466905901, 3.56, -8.36, 1.81, Forward
1761466905954, 3.46, -8.41, 1.84, Forward
1761466906013, 3.42, -8.48, 1.90, Forward
1761466906063, 3.31, -8.67, 1.97, Forward
1761466906170, 3.37, -8.63, 2.03, Forward
1761466906221, 3.35, -8.68, 2.08, Forward
1761466906295, 3.30, -8.76, 2.15, Forward
1761466906341, 3.30, -9.01, 2.23, Forward
1761466906384, 3.24, -9.05, 2.30, Forward
1761466906444, 3.31, -9.08, 2.40, Forward
1761466906566, 3.38, -9.06, 2.43, Forward
1761466906615, 3.49, -8.97, 2.44, Forward
1761466906700, 3.57, -8.76, 2.46, Forward
1761466906750, 3.71, -8.65, 2.51, Forward
1761466906799, 3.74, -8.60, 2.58, Forward
1761466906854, 3.74, -8.58, 2.66, Forward
1761466906983, 3.73, -8.40, 2.67, Forward
1761466907038, 3.63, -8.29, 2.69, Forward
1761466907097, 3.57, -8.01, 2.62, Forward
1761466907149, 3.42, -7.94, 2.57, Forward
1761466907201, 3.34, -7.78, 2.55, Forward
1761466907249, 3.26, -7.67, 2.52, Forward
1761466907368, 3.19, -7.69, 2.46, Forward
1761466907421, 3.11, -7.53, 2.36, Forward
1761466907501, 2.99, -7.35, 2.25, Forward
1761466907557, 2.94, -6.93, 2.11, Forward
1761466907604, 2.97, -6.71, 2.05, Forward
1761466907650, 3.12, -6.50, 2.07, Forward
1761466907767, 3.14, -6.44, 2.13, Forward
1761466907815, 3.21, -6.40, 2.20, Forward
1761466907894, 3.16, -6.41, 2.20, Forward
1761466907943, 3.14, -6.54, 2.25, Forward
1761466907997, 3.10, -6.62, 2.31, Forward
1761466908055, 3.11, -6.69, 2.37, Forward
1761466908170, 3.07, -6.91, 2.42, Forward
1761466908217, 3.15, -7.16, 2.53, Forward
1761466908293, 3.02, -7.51, 2.61, Forward
1761466908339, 2.86, -7.68, 2.60, Forward
1761466908384, 2.82, -7.98, 2.65, Forward
1761466908432, 2.83, -8.13, 2.71, Forward
1761466908580, 2.83, -8.17, 2.78, Forward
1761466908631, 2.78, -8.11, 2.84, Forward
1761466908700, 2.66, -8.18, 2.90, Forward
1761466908753, 2.48, -8.41, 2.97, Forward
1761466908808, 2.43, -8.59, 3.04, Forward
1761466908863, 2.31, -8.75, 3.06, Forward
1761466908973, 2.36, -8.60, 3.03, Forward
1761466909026, 2.34, -8.40, 2.99, Forward
1761466909099, 2.26, -8.34, 2.97, Forward
1761466909153, 2.20, -8.17, 2.85, Forward
1761466909208, 2.16, -8.09, 2.76, Forward
1761466909266, 2.21, -8.02, 2.70, Forward
1761466909376, 2.30, -7.97, 2.70, Forward
1761466909420, 2.34, -7.88, 2.69, Forward
1761466909494, 2.38, -7.74, 2.66, Forward
1761466909541, 2.42, -7.74, 2.67, Forward
1761466909592, 2.43, -7.81, 2.69, Forward
1761466909642, 2.46, -7.86, 2.70, Forward
1761466909774, 2.60, -7.82, 2.68, Forward
1761466909825, 2.72, -7.87, 2.74, Forward
1761466909896, 2.95, -7.88, 2.82, Forward
1761466909946, 3.04, -7.83, 2.83, Forward
1761466909997, 3.13, -7.75, 2.83, Forward
1761466910046, 3.24, -7.61, 2.82, Forward
1761466910180, 3.26, -7.61, 2.83, Forward
1761466910231, 3.15, -7.45, 2.80, Forward
1761466910304, 3.25, -7.47, 2.89, Forward
1761466910360, 3.28, -7.53, 2.98, Forward
1761466910418, 3.26, -7.48, 3.05, Forward
1761466910466, 3.18, -7.17, 3.01, Forward
1761466910569, 2.97, -7.08, 2.93, Forward
1761466910622, 2.91, -7.11, 2.93, Forward
1761466910703, 2.88, -7.13, 2.91, Forward
1761466910757, 2.90, -7.20, 2.91, Forward
1761466910829, 2.97, -7.15, 2.91, Forward
1761466910887, 3.13, -7.06, 2.90, Forward
1761466910988, 3.05, -6.88, 2.78, Forward
1761466911047, 3.05, -6.69, 2.70, Forward
1761466911114, 3.10, -6.72, 2.66, Forward
1761466911173, 3.09, -6.99, 2.70, Forward
1761466911226, 3.09, -7.07, 2.72, Forward
1761466911300, 3.14, -7.11, 2.76, Forward
1761466911374, 2.93, -7.11, 2.77, Forward
1761466911426, 2.82, -7.07, 2.77, Forward
1761466911498, 2.75, -6.93, 2.74, Forward
1761466911549, 2.74, -7.01, 2.76, Forward
1761466911601, 2.82, -7.09, 2.83, Forward
1761466911654, 2.83, -7.41, 2.92, Forward
1761466911778, 2.75, -7.39, 2.95, Forward
1761466911826, 2.79, -7.36, 2.99, Forward
1761466911896, 2.81, -7.39, 3.05, Forward
1761466911948, 2.65, -7.32, 2.99, Forward
1761466912003, 2.72, -7.23, 2.94, Forward
1761466912055, 2.61, -7.63, 2.98, Forward
1761466912181, 2.34, -7.98, 3.01, Forward
1761466912236, 2.05, -8.32, 3.03, Forward
1761466912299, 1.71, -8.45, 3.03, Forward
1761466912350, 1.46, -8.57, 3.03, Forward
1761466912399, 1.24, -8.86, 3.02, Forward
1761466912449, 1.10, -8.76, 2.93, Forward
1761466912578, 1.21, -8.65, 2.88, Forward
1761466912627, 1.29, -8.51, 2.84, Forward
1761466912697, 1.25, -8.54, 2.85, Forward
1761466912747, 1.40, -8.09, 2.79, Forward
1761466912797, 1.68, -7.77, 2.77, Forward
1761466912847, 1.88, -7.36, 2.73, Forward
1761466912969, 2.13, -7.21, 2.70, Forward
1761466913016, 2.37, -6.90, 2.67, Forward
1761466913098, 2.54, -6.40, 2.61, Forward
1761466913149, 2.61, -6.34, 2.65, Forward
1761466913199, 2.53, -6.32, 2.67, Forward
1761466913249, 2.44, -6.21, 2.64, Forward
1761466913375, 2.53, -6.16, 2.64, Forward
1761466913426, 2.51, -6.25, 2.66, Forward
1761466913497, 2.44, -6.24, 2.63, Forward
1761466913546, 2.30, -6.35, 2.61, Forward
1761466913599, 2.33, -6.37, 2.61, Forward
1761466913657, 2.29, -6.40, 2.67, Forward
1761466913765, 2.42, -6.52, 2.75, Forward
1761466913812, 2.47, -6.63, 2.80, Forward
1761466913898, 2.40, -6.75, 2.85, Forward
1761466913948, 2.35, -7.06, 2.98, Forward
1761466914003, 2.23, -7.14, 3.05, Forward
1761466914053, 2.13, -7.14, 3.03, Forward
1761466914184, 2.21, -7.20, 3.03, Forward
1761466914243, 2.32, -7.18, 3.05, Forward
1761466914296, 2.34, -7.10, 3.04, Forward
1761466914346, 2.39, -7.05, 3.00, Forward
1761466914395, 2.36, -7.00, 2.95, Forward
1761466914445, 2.35, -6.85, 2.91, Forward
1761466914566, 2.33, -6.88, 2.84, Forward
1761466914615, 2.40, -6.71, 2.76, Forward
1761466914695, 2.47, -6.68, 2.74, Forward
1761466914747, 2.55, -6.73, 2.80, Forward
1761466914798, 2.50, -6.75, 2.87, Forward
1761466914844, 2.49, -6.71, 2.94, Forward
1761466914965, 2.39, -6.72, 2.92, Forward
1761466915010, 2.35, -6.76, 2.91, Forward
1761466915093, 2.32, -6.70, 2.90, Forward
1761466915141, 2.35, -6.80, 2.90, Forward
1761466915196, 2.44, -6.64, 2.88, Forward
1761466915246, 2.51, -6.62, 2.93, Forward
1761466915395, 2.49, -6.44, 2.88, Forward
1761466915450, 2.44, -6.01, 2.79, Forward
1761466915501, 2.38, -5.95, 2.78, Forward
1761466915553, 2.38, -5.95, 2.75, Forward
1761466915606, 2.36, -6.00, 2.79, Forward
1761466915664, 2.26, -5.95, 2.82, Forward
1761466915781, 2.19, -5.95, 2.84, Forward
1761466915835, 2.17, -5.93, 2.89, Forward
1761466915896, 2.05, -6.03, 2.89, Forward
1761466915948, 1.95, -6.18, 2.89, Forward
1761466916005, 1.93, -6.35, 2.91, Forward
1761466916058, 1.95, -6.34, 2.92, Forward
1761466916167, 1.91, -6.16, 2.90, Forward
1761466916212, 1.79, -5.89, 2.88, Forward
1761466916259, 1.70, -5.64, 2.85, Forward
1761466916306, 1.75, -5.45, 2.83, Forward
1761466916357, 1.75, -5.34, 2.82, Forward
1761466916424, 1.71, -5.39, 2.87, Forward
1761466916474, 1.74, -5.27, 2.92, Forward
1761466916517, 1.66, -5.25, 2.96, Forward
1761466916574, 1.63, -5.10, 3.01, Forward
1761466916621, 1.64, -5.26, 3.10, Forward
1761466916697, 1.63, -5.31, 3.12, Forward
1761466916749, 1.67, -5.43, 3.13, Forward
1761466916799, 1.72, -5.53, 3.19, Forward
1761466916848, 1.72, -5.73, 3.21, Forward
1761466916900, 1.72, -5.98, 3.27, Forward
1761466916956, 1.62, -6.05, 3.23, Forward
1761466917012, 1.56, -6.19, 3.23, Forward
1761466917063, 1.58, -6.27, 3.22, Forward
1761466917113, 1.53, -6.33, 3.19, Forward
1761466917168, 1.43, -6.36, 3.13, Forward
1761466917229, 1.45, -6.36, 3.10, Forward
1761466917280, 1.34, -6.31, 3.05, Forward
1761466917331, 1.40, -6.33, 3.05, Forward
1761466917385, 1.35, -6.36, 3.07, Forward
1761466917436, 1.34, -6.31, 3.09, Forward
1761466917494, 1.37, -6.27, 3.12, Forward
1761466917543, 1.35, -6.23, 3.16, Forward
1761466917596, 1.33, -6.18, 3.21, Forward
1761466917646, 1.34, -5.93, 3.17, Forward
1761466917695, 1.35, -5.90, 3.17, Forward
1761466917748, 1.30, -5.63, 3.11, Forward
1761466917793, 1.32, -5.45, 3.04, Forward
1761466917838, 1.20, -5.19, 2.91, Forward
1761466917894, 1.11, -4.84, 2.77, Forward
1761466917945, 1.11, -4.87, 2.75, Forward
1761466918024, 1.14, -4.84, 2.72, Forward
1761466918073, 1.23, -4.66, 2.66, Forward
1761466918123, 1.28, -4.45, 2.58, Forward
1761466918174, 1.30, -4.73, 2.65, Forward
1761466918226, 1.22, -4.62, 2.65, Forward
1761466918297, 1.21, -5.01, 2.83, Forward
1761466918358, 1.22, -5.24, 2.98, Forward
1761466918412, 1.19, -5.49, 3.14, Forward
1761466918460, 1.23, -6.00, 3.40, Forward
1761466918508, 1.14, -6.06, 3.51, Forward
1761466918558, 1.19, -5.97, 3.63, Forward
1761466918704, 1.19, -6.04, 3.74, Forward
1761466918766, 1.29, -6.18, 3.92, Forward
1761466918813, 1.34, -6.17, 4.00, Forward
1761466918864, 1.48, -6.40, 4.11, Forward
1761466918914, 1.64, -6.30, 4.11, Forward
1761466918963, 1.78, -6.19, 4.11, Forward
1761466919097, 1.93, -5.85, 4.10, Forward
1761466919145, 2.02, -5.42, 4.01, Forward
1761466919197, 2.13, -5.00, 3.91, Forward
1761466919251, 2.14, -5.07, 3.88, Forward
1761466919299, 2.16, -5.08, 3.86, Forward
1761466919360, 2.06, -5.10, 3.81, Forward
1761466919412, 1.96, -5.09, 3.76, Forward
1761466919461, 1.97, -5.06, 3.78, Forward
1761466919511, 1.82, -5.09, 3.77, Forward
1761466919559, 1.79, -5.33, 3.88, Forward
1761466919622, 1.81, -5.75, 3.93, Forward
1761466919669, 1.77, -5.93, 3.93, Forward
1761466919713, 1.72, -6.22, 3.96, Forward
1761466919767, 1.75, -6.08, 3.94, Forward
1761466919820, 1.80, -5.97, 3.95, Forward
1761466919898, 1.76, -5.70, 3.87, Forward
1761466919945, 1.92, -5.50, 3.84, Forward
1761466919994, 1.96, -5.43, 3.80, Forward
1761466920038, 2.08, -5.32, 3.79, Forward
1761466920082, 2.16, -5.22, 3.73, Forward
1761466920147, 2.21, -5.18, 3.79, Forward
1761466920199, 2.21, -5.06, 3.81, Forward
1761466920251, 2.21, -4.99, 3.83, Forward
1761466920310, 2.20, -4.97, 3.83, Forward
1761466920362, 2.21, -5.03, 3.85, Forward
1761466920470, 2.27, -5.21, 3.90, Forward
1761466920536, 2.26, -5.31, 3.91, Forward
1761466920610, 2.26, -5.18, 3.87, Forward
1761466920674, 2.31, -5.13, 3.84, Forward
1761466920729, 2.31, -4.92, 3.76, Forward
1761466920787, 2.30, -4.65, 3.64, Forward
1761466920851, 2.40, -4.60, 3.59, Forward
1761466920959, 2.44, -4.65, 3.58, Forward
1761466921005, 2.33, -4.72, 3.55, Forward
1761466921055, 2.21, -4.68, 3.50, Forward
1761466921106, 2.22, -4.55, 3.49, Forward
1761466921157, 2.17, -4.52, 3.51, Forward
1761466921234, 2.02, -4.52, 3.53, Forward
1761466921282, 1.85, -4.53, 3.52, Forward
1761466921329, 1.72, -4.61, 3.56, Forward
1761466921376, 1.64, -4.59, 3.57, Forward
1761466921422, 1.54, -4.64, 3.60, Forward
1761466921492, 1.51, -4.59, 3.58, Forward
1761466921539, 1.57, -4.58, 3.58, Forward
1761466921583, 1.61, -4.60, 3.59, Forward
1761466921627, 1.46, -4.48, 3.50, Forward
1761466921688, 1.41, -4.20, 3.43, Forward
1761466921762, 1.39, -4.33, 3.36, Forward
1761466921812, 1.40, -4.39, 3.31, Forward
1761466921865, 1.40, -4.57, 3.27, Forward
1761466921915, 1.35, -4.97, 3.31, Forward
1761466921966, 1.25, -5.30, 3.32, Forward
1761466922025, 1.04, -5.27, 3.26, Forward
1761466922074, 0.84, -5.24, 3.20, Forward
1761466922125, 0.70, -5.32, 3.20, Forward
1761466922174, 0.54, -5.37, 3.21, Forward
1761466922226, 0.35, -5.64, 3.23, Forward
1761466922296, 0.13, -5.44, 3.19, Forward
1761466922346, -0.16, -5.25, 3.15, Forward
1761466922396, -0.44, -5.00, 3.09, Forward
1761466922447, -0.45, -4.02, 2.93, Forward
1761466922495, -0.58, -3.17, 2.75, Forward
1761466922547, -0.47, -2.83, 2.68, Forward
1761466922592, -0.40, -2.43, 2.60, Forward
1761466922642, -0.37, -2.00, 2.49, Forward
1761466922696, -0.23, -1.79, 2.43, Forward
1761466922744, 0.02, -1.56, 2.43, Forward
1761466922822, 0.17, -1.81, 2.50, Forward
1761466922868, 0.37, -2.01, 2.59, Forward
1761466922915, 0.59, -2.21, 2.67, Forward
1761466922965, 0.59, -2.84, 2.76, Forward
1761466923014, 0.68, -3.44, 2.90, Forward
1761466923095, 0.73, -3.54, 2.87, Forward
1761466923145, 0.83, -3.92, 2.89, Forward
1761466923195, 0.90, -4.18, 2.87, Forward
1761466923246, 1.12, -3.48, 2.75, Forward
1761466923295, 1.29, -2.69, 2.57, Forward
1761466923359, 1.50, -1.87, 2.38, Forward
1761466923414, 1.73, -1.20, 2.20, Forward
1761466923471, 1.92, -0.51, 2.05, Forward
1761466923523, 2.10, -0.36, 1.97, Forward
1761466923574, 2.39, 0.05, 1.87, Forward
1761466923625, 2.57, -0.19, 1.94, Forward
1761466923675, 2.75, -0.12, 1.96, Forward
1761466923725, 2.97, -0.13, 2.01, Forward
1761466923776, 2.94, -0.90, 2.11, Forward
1761466923828, 2.89, -1.64, 2.22, Forward
1761466923893, 2.94, -2.26, 2.32, Forward
1761466923941, 2.95, -2.83, 2.38, Forward
1761466923990, 2.95, -3.34, 2.44, Forward
1761466924041, 2.78, -3.24, 2.35, Forward
1761466924092, 2.69, -3.36, 2.32, Forward
1761466924154, 2.62, -3.50, 2.32, Forward
1761466924209, 2.46, -3.50, 2.30, Forward
1761466924262, 2.31, -3.46, 2.27, Forward
1761466924322, 2.22, -3.90, 2.35, Forward
1761466924379, 2.01, -4.29, 2.46, Forward
1761466924452, 1.88, -4.65, 2.63, Forward
1761466924559, 1.74, -4.77, 2.75, Forward
1761466924629, 1.64, -4.95, 2.87, Forward
1761466924678, 1.67, -5.40, 3.09, Forward
1761466924728, 1.54, -5.77, 3.25, Forward
1761466924777, 1.40, -5.77, 3.33, Forward
1761466924827, 1.25, -6.03, 3.41, Forward
1761466924947, 1.05, -6.44, 3.48, Forward
1761466924994, 0.88, -6.51, 3.45, Forward
1761466925040, 0.75, -6.64, 3.39, Forward
1761466925093, 0.67, -6.65, 3.31, Forward
1761466925142, 0.59, -6.86, 3.31, Forward
1761466925222, 0.51, -6.60, 3.26, Forward
1761466925272, 0.40, -6.48, 3.24, Forward
1761466925321, 0.35, -6.31, 3.22, Forward
1761466925372, 0.31, -6.32, 3.24, Forward
1761466925421, 0.35, -6.28, 3.30, Forward
1761466925499, 0.50, -6.08, 3.39, Forward
1761466925544, 0.67, -5.90, 3.48, Forward
1761466925592, 0.83, -5.74, 3.59, Forward
1761466925639, 0.78, -5.56, 3.62, Forward
1761466925692, 0.71, -5.20, 3.59, Forward
1761466925759, 0.68, -5.49, 3.69, Forward
1761466925817, 0.64, -5.65, 3.72, Forward
1761466925871, 0.64, -5.78, 3.75, Forward
1761466925928, 0.64, -5.69, 3.87, Forward
1761466925985, 0.57, -5.52, 3.93, Forward
1761466926040, 0.36, -4.92, 3.87, Forward
1761466926160, 0.26, -4.51, 3.84, Forward
1761466926212, 0.12, -4.12, 3.75, Forward
1761466926267, 0.13, -3.76, 3.74, Forward
1761466926323, 0.15, -3.75, 3.75, Forward
1761466926378, 0.13, -3.56, 3.68, Forward
1761466926432, 0.11, -3.34, 3.62, Forward
1761466926561, 0.04, -3.10, 3.49, Forward
1761466926609, -0.01, -2.90, 3.25, Forward
1761466926661, -0.03, -2.77, 3.02, Forward
1761466926709, 0.05, -3.18, 2.94, Forward
1761466926754, 0.02, -3.30, 2.86, Forward
1761466926822, 0.04, -3.52, 2.90, Forward
1761466926867, 0.05, -3.82, 2.93, Forward
1761466926912, 0.03, -3.98, 2.93, Forward
1761466926962, -0.02, -3.56, 2.77, Forward
1761466927008, -0.06, -3.19, 2.63, Forward
1761466927098, 0.05, -3.00, 2.62, Forward
1761466927157, 0.12, -2.75, 2.59, Forward
1761466927207, 0.17, -2.51, 2.55, Forward
1761466927260, 0.20, -2.41, 2.54, Forward
1761466927311, 0.24, -2.39, 2.50, Forward
1761466927361, 0.18, -2.14, 2.37, Forward
1761466927486, 0.22, -2.21, 2.25, Forward
1761466927540, 0.23, -2.27, 2.16, Forward
1761466927589, 0.26, -2.92, 2.23, Forward
1761466927639, 0.26, -3.33, 2.31, Forward
1761466927689, 0.04, -3.58, 2.33, Forward
1761466927758, -0.14, -4.01, 2.35, Forward
1761466927810, -0.27, -4.30, 2.39, Forward
1761466927859, -0.39, -4.39, 2.37, Forward
1761466927908, -0.50, -4.30, 2.33, Forward
1761466927955, -0.58, -4.31, 2.31, Forward
1761466928022, -0.52, -3.80, 2.38, Forward
1761466928072, -0.46, -3.34, 2.45, Forward
1761466928123, -0.43, -2.80, 2.53, Forward
1761466928171, -0.36, -2.67, 2.65, Forward
1761466928220, -0.22, -2.33, 2.79, Forward
1761466928279, -0.02, -1.92, 2.86, Forward
1761466928336, 0.12, -1.67, 2.91, Forward
1761466928390, 0.24, -1.26, 2.95, Forward
1761466928440, 0.34, -1.36, 3.00, Forward
1761466928488, 0.55, -1.32, 3.07, Forward
1761466928578, 0.58, -1.53, 3.02, Forward
1761466928643, 0.60, -1.56, 2.96, Forward
1761466928705, 0.68, -1.77, 2.90, Forward
1761466928759, 0.75, -1.67, 2.80, Forward
1761466928821, 0.84, -1.80, 2.69, Forward
1761466928875, 0.94, -1.92, 2.58, Forward
1761466928969, 1.06, -2.09, 2.51, Forward
1761466929018, 1.21, -2.25, 2.42, Forward
1761466929071, 1.35, -2.15, 2.38, Forward
1761466929116, 1.48, -2.32, 2.24, Forward
1761466929166, 1.50, -2.37, 2.14, Forward
1761466929222, 1.54, -2.51, 2.00, Forward
1761466929269, 1.52, -2.54, 1.88, Forward
1761466929319, 1.53, -2.65, 1.75, Forward
1761466929367, 1.61, -2.78, 1.57, Forward
1761466929416, 1.54, -2.87, 1.42, Forward
1761466929476, 1.68, -2.50, 1.21, Forward
1761466929526, 1.83, -2.34, 1.03, Forward
1761466929576, 1.99, -2.34, 0.86, Forward
1761466929622, 2.20, -2.22, 0.80, Forward
1761466929668, 2.39, -2.11, 0.69, Forward
1761466929753, 2.56, -1.94, 0.57, Forward
1761466929803, 2.70, -1.69, 0.39, Forward
1761466929858, 2.84, -1.46, 0.23, Forward
1761466929910, 2.97, -1.40, 0.19, Forward
1761466929964, 3.11, -1.33, 0.12, Forward
1761466930025, 3.10, -1.80, 0.17, Forward
1761466930075, 2.97, -1.96, 0.16, Forward
1761466930120, 2.85, -1.98, 0.12, Forward
1761466930167, 2.71, -2.27, 0.05, Forward
1761466930214, 2.65, -2.41, 0.01, Forward
1761466930276, 2.64, -2.50, -0.00, Forward
1761466930324, 2.71, -2.71, 0.04, Forward
1761466930374, 2.80, -2.87, 0.03, Forward
1761466930422, 2.79, -2.82, -0.01, Forward
1761466930470, 2.94, -3.13, 0.01, Forward
1761466930547, 3.15, -2.92, -0.06, Forward
1761466930594, 3.50, -2.91, -0.06, Forward
1761466930641, 3.90, -2.75, -0.07, Forward
1761466930686, 4.16, -2.45, 0.00, Forward
1761466930731, 4.39, -2.35, 0.08, Forward
1761466930819, 4.50, -2.31, 0.15, Forward
1761466930864, 4.64, -2.11, 0.19, Forward
1761466930912, 4.75, -1.92, 0.27, Forward
1761466930958, 4.86, -1.91, 0.32, Forward
1761466931007, 4.87, -1.62, 0.34, Forward
1761466931085, 4.62, -1.89, 0.45, Forward
1761466931133, 4.44, -2.02, 0.56, Forward
1761466931179, 4.13, -2.27, 0.63, Forward
1761466931224, 3.89, -2.40, 0.66, Forward
1761466931269, 3.70, -2.45, 0.65, Forward
1761466931346, 3.61, -2.49, 0.66, Forward
1761466931391, 3.50, -2.43, 0.68, Forward
1761466931436, 3.39, -2.49, 0.70, Forward
1761466931482, 3.32, -2.47, 0.72, Forward
1761466931526, 3.25, -2.44, 0.73, Forward
1761466931622, 3.30, -2.20, 0.69, Forward
1761466931672, 3.23, -2.03, 0.64, Forward
1761466931722, 3.22, -1.90, 0.62, Forward
1761466931772, 3.22, -1.79, 0.60, Forward
1761466931822, 3.20, -1.53, 0.56, Forward
1761466931884, 3.20, -1.55, 0.55, Forward
1761466931932, 3.23, -1.93, 0.56, Forward
1761466931979, 3.28, -2.01, 0.51, Forward
1761466932025, 3.28, -1.93, 0.48, Forward
1761466932073, 3.28, -1.83, 0.45, Forward
1761466932151, 3.21, -1.89, 0.42, Forward
1761466932194, 3.15, -2.17, 0.39, Forward
1761466932242, 3.08, -2.45, 0.37, Forward
1761466932292, 3.02, -2.46, 0.30, Forward
1761466932340, 3.03, -2.59, 0.25, Forward
1761466932418, 2.98, -2.63, 0.16, Forward
1761466932462, 2.89, -2.55, 0.11, Forward
1761466932504, 2.81, -2.67, 0.09, Forward
1761466932549, 2.76, -2.72, 0.04, Forward
1761466932592, 2.71, -2.76, -0.03, Forward
1761466932683, 2.72, -2.68, -0.11, Forward
1761466932731, 2.77, -2.47, -0.17, Forward
1761466932780, 2.81, -2.40, -0.21, Forward
1761466932828, 2.80, -2.44, -0.22, Forward
1761466932884, 2.69, -2.41, -0.24, Forward
1761466932949, 2.68, -2.45, -0.22, Forward
1761466932993, 2.69, -2.43, -0.24, Forward
1761466933039, 2.59, -2.47, -0.27, Forward
1761466933082, 2.54, -2.55, -0.27, Forward
1761466933127, 2.47, -2.62, -0.27, Forward
1761466933220, 2.45, -2.75, -0.23, Forward
1761466933270, 2.39, -2.88, -0.22, Forward
1761466933317, 2.34, -2.87, -0.24, Forward
1761466933362, 2.29, -3.02, -0.25, Forward
1761466933410, 2.32, -3.24, -0.24, Forward
1761466933477, 2.39, -2.85, -0.31, Forward
1761466933524, 2.56, -2.41, -0.34, Forward
1761466933566, 2.91, -1.87, -0.37, Forward
1761466933612, 3.13, -1.38, -0.41, Forward
1761466933661, 3.23, -1.39, -0.37, Forward
1761466933748, 3.32, -1.30, -0.33, Forward
1761466933795, 3.38, -1.13, -0.29, Forward
1761466933840, 3.45, -1.00, -0.23, Forward
1761466933886, 3.55, -0.78, -0.17, Forward
1761466933934, 3.47, -0.62, -0.15, Forward
1761466934022, 3.36, -0.75, -0.10, Forward
1761466934068, 3.20, -0.88, -0.08, Forward
1761466934114, 2.94, -1.22, -0.04, Forward
1761466934169, 2.76, -1.50, 0.04, Forward
1761466934216, 2.67, -1.42, 0.04, Forward
1761466934281, 2.48, -1.45, 0.05, Forward
1761466934327, 2.40, -1.40, 0.05, Forward
1761466934372, 2.23, -1.46, 0.04, Forward
1761466934423, 2.19, -1.47, 0.02, Forward
1761466934473, 2.17, -1.36, -0.00, Forward
1761466934555, 2.22, -1.45, 0.05, Forward
1761466934601, 2.21, -1.59, 0.09, Forward
1761466934652, 2.25, -1.56, 0.12, Forward
1761466934700, 2.22, -1.98, 0.17, Forward
1761466934748, 2.28, -2.10, 0.21, Forward
1761466934819, 2.44, -2.07, 0.25, Forward
1761466934865, 2.39, -2.08, 0.23, Forward
1761466934908, 2.44, -1.99, 0.23, Forward
1761466934956, 2.27, -2.04, 0.17, Forward
1761466935002, 2.20, -2.17, 0.15, Forward
1761466935081, 2.06, -2.43, 0.18, Forward
1761466935134, 1.97, -2.72, 0.24, Forward
1761466935180, 1.89, -2.88, 0.27, Forward
1761466935223, 1.84, -2.67, 0.23, Forward
1761466935268, 1.75, -2.84, 0.24, Forward
1761466935346, 1.63, -3.01, 0.17, Forward
1761466935389, 1.60, -3.39, 0.18, Forward
1761466935433, 1.56, -3.67, 0.17, Forward
1761466935476, 1.73, -3.79, 0.21, Forward
1761466935522, 1.88, -3.89, 0.21, Forward
1761466935627, 1.85, -3.87, 0.12, Forward
1761466935673, 1.88, -3.80, 0.01, Forward
1761466935720, 1.87, -3.86, -0.04, Forward
1761466935765, 1.89, -4.05, -0.01, Forward
1761466935813, 1.87, -4.00, -0.05, Forward
1761466935897, 1.92, -3.93, -0.01, Forward
1761466935951, 1.97, -3.72, 0.02, Forward
1761466936001, 2.02, -3.50, 0.03, Forward
1761466936056, 2.10, -3.28, -0.00, Forward
1761466936100, 2.22, -3.00, 0.02, Forward
1761466936149, 2.48, -2.91, 0.17, Forward
1761466936205, 2.57, -2.82, 0.23, Forward
1761466936254, 2.71, -2.85, 0.32, Forward
1761466936297, 2.72, -2.73, 0.31, Forward
1761466936346, 2.65, -2.66, 0.32, Forward
1761466936419, 2.53, -2.68, 0.36, Forward
1761466936464, 2.42, -2.71, 0.37, Forward
1761466936508, 2.32, -2.82, 0.43, Forward
1761466936553, 2.11, -3.03, 0.51, Forward
1761466936597, 1.83, -3.34, 0.55, Forward
1761466936675, 1.61, -3.45, 0.51, Forward
1761466936720, 1.37, -3.64, 0.49, Forward
1761466936766, 1.18, -3.70, 0.48, Forward
1761466936814, 1.16, -3.81, 0.53, Forward
1761466936858, 1.19, -3.77, 0.55, Forward
1761466936947, 1.20, -3.88, 0.54, Forward
1761466936992, 1.28, -3.91, 0.54, Forward
1761466937039, 1.36, -3.91, 0.53, Forward
1761466937087, 1.36, -3.99, 0.56, Forward
1761466937131, 1.39, -4.00, 0.57, Forward
1761466937220, 1.39, -4.09, 0.61, Forward
1761466937266, 1.48, -4.07, 0.65, Forward
1761466937309, 1.48, -4.15, 0.66, Forward
1761466937354, 1.47, -4.04, 0.58, Forward
1761466937398, 1.49, -4.16, 0.60, Forward
1761466937481, 1.67, -4.19, 0.66, Forward
1761466937530, 1.85, -4.32, 0.73, Forward
1761466937580, 2.01, -4.22, 0.78, Forward
1761466937634, 2.07, -4.26, 0.75, Forward
1761466937684, 2.15, -4.34, 0.77, Forward
1761466937752, 2.09, -4.50, 0.78, Forward
1761466937800, 2.00, -4.68, 0.83, Forward
1761466937844, 1.91, -4.74, 0.85, Forward
1761466937891, 1.84, -4.95, 0.94, Forward
1761466937937, 1.80, -5.14, 1.01, Forward
1761466938025, 1.64, -5.13, 1.02, Forward
1761466938076, 1.40, -5.04, 1.00, Forward
1761466938127, 1.21, -5.24, 1.01, Forward
1761466938175, 1.20, -5.21, 1.08, Forward
1761466938224, 1.16, -5.34, 1.15, Forward
1761466938283, 1.19, -5.11, 1.16, Forward
1761466938332, 1.14, -5.03, 1.19, Forward
1761466938380, 1.10, -4.97, 1.22, Forward
1761466938430, 1.08, -5.07, 1.29, Forward
1761466938477, 1.05, -5.11, 1.34, Forward
1761466938548, 1.07, -5.23, 1.41, Forward
1761466938595, 1.09, -5.45, 1.50, Forward
1761466938639, 1.10, -5.53, 1.58, Forward
1761466938685, 1.05, -5.70, 1.63, Forward
1761466938729, 1.06, -5.68, 1.69, Forward
1761466938802, 1.02, -5.72, 1.73, Forward
1761466938847, 1.07, -5.66, 1.75, Forward
1761466938891, 1.13, -5.60, 1.78, Forward
1761466938941, 1.12, -5.52, 1.78, Forward
1761466938988, 1.08, -5.30, 1.77, Forward
1761466939075, 1.01, -5.19, 1.75, Forward
1761466939118, 0.98, -5.18, 1.76, Forward
1761466939163, 0.95, -5.24, 1.78, Forward
1761466939206, 0.98, -5.22, 1.79, Forward
1761466939250, 0.98, -5.21, 1.78, Forward
1761466939346, 1.09, -5.43, 1.87, Forward
1761466939391, 1.20, -5.68, 1.98, Forward
1761466939435, 1.30, -5.89, 2.06, Forward
1761466939486, 1.38, -6.01, 2.19, Forward
1761466939540, 1.47, -6.26, 2.26, Forward
1761466939613, 1.53, -6.39, 2.32, Forward
1761466939661, 1.59, -6.39, 2.36, Forward
1761466939718, 1.65, -6.39, 2.41, Forward
1761466939765, 1.99, -5.91, 2.43, Forward
1761466939810, 2.27, -5.62, 2.49, Forward
1761466939882, 2.57, -5.37, 2.51, Forward
1761466939931, 2.84, -5.10, 2.55, Forward
1761466939982, 3.10, -4.88, 2.59, Forward
1761466940026, 3.23, -4.69, 2.55, Forward
1761466940072, 3.41, -4.57, 2.58, Forward
1761466940147, 3.55, -4.41, 2.52, Forward
1761466940193, 3.58, -4.28, 2.45, Forward
1761466940238, 3.69, -4.13, 2.38, Forward
1761466940285, 3.41, -4.54, 2.35, Forward
1761466940330, 3.24, -4.78, 2.33, Forward
1761466940402, 2.96, -4.64, 2.23, Forward
1761466940446, 2.70, -4.56, 2.11, Forward
1761466940491, 2.49, -4.52, 2.01, Forward
1761466940540, 2.38, -4.40, 1.94, Forward
1761466940590, 2.26, -4.25, 1.86, Forward
1761466940678, 2.35, -4.08, 1.86, Forward
1761466940730, 2.56, -3.94, 1.91, Forward
1761466940775, 2.70, -3.77, 1.92, Forward
1761466940823, 2.89, -3.66, 1.91, Forward
1761466940872, 3.04, -3.50, 1.86, Forward
1761466940946, 3.11, -3.67, 1.87, Forward
1761466940993, 3.14, -3.71, 1.85, Forward
1761466941038, 3.14, -3.68, 1.83, Forward
1761466941085, 3.19, -3.68, 1.82, Forward
1761466941129, 3.22, -3.66, 1.80, Forward
1761466941205, 3.21, -3.68, 1.77, Forward
1761466941250, 3.05, -3.66, 1.66, Forward
1761466941292, 2.90, -3.72, 1.59, Forward
1761466941341, 2.78, -3.65, 1.56, Forward
1761466941386, 2.57, -3.71, 1.52, Forward
1761466941475, 2.61, -3.62, 1.45, Forward
1761466941521, 2.56, -3.73, 1.43, Forward
1761466941568, 2.59, -3.87, 1.41, Forward
1761466941613, 2.63, -3.61, 1.30, Forward
1761466941658, 2.82, -3.47, 1.28, Forward
1761466941746, 2.82, -3.62, 1.34, Forward
1761466941789, 2.86, -3.74, 1.40, Forward
1761466941835, 2.88, -3.82, 1.44, Forward
1761466941879, 2.89, -3.84, 1.45, Forward
1761466941927, 3.02, -3.79, 1.48, Forward
1761466942004, 2.97, -3.77, 1.48, Forward
1761466942052, 3.02, -3.59, 1.49, Forward
1761466942102, 3.02, -3.48, 1.49, Forward
1761466942151, 2.98, -3.73, 1.56, Forward
1761466942200, 2.74, -3.87, 1.54, Forward
1761466942286, 2.62, -3.79, 1.48, Forward
1761466942335, 2.55, -3.83, 1.45, Forward
1761466942388, 2.47, -3.86, 1.41, Forward
1761466942437, 2.45, -3.89, 1.40, Forward
1761466942483, 2.41, -3.86, 1.38, Forward
1761466942549, 2.45, -3.78, 1.33, Forward
1761466942595, 2.64, -3.67, 1.31, Forward
1761466942639, 2.84, -3.30, 1.24, Forward
1761466942687, 2.92, -3.39, 1.27, Forward
1761466942731, 3.11, -3.25, 1.29, Forward
1761466942807, 3.17, -3.17, 1.30, Forward
1761466942851, 3.24, -3.08, 1.31, Forward
1761466942898, 3.30, -2.95, 1.32, Forward
1761466942946, 3.31, -2.89, 1.33, Forward
1761466942990, 3.27, -2.90, 1.32, Forward
1761466943075, 3.23, -3.00, 1.36, Forward
1761466943119, 3.05, -3.14, 1.36, Forward
1761466943164, 2.87, -3.44, 1.40, Forward
1761466943211, 2.73, -3.43, 1.37, Forward
1761466943257, 2.54, -3.62, 1.37, Forward
1761466943348, 2.62, -3.64, 1.37, Forward
1761466943404, 2.75, -3.56, 1.38, Forward
1761466943450, 2.85, -3.47, 1.33, Forward
1761466943499, 2.90, -3.53, 1.33, Forward
1761466943549, 2.99, -3.48, 1.33, Forward
1761466943605, 3.00, -3.43, 1.33, Forward
1761466943653, 3.02, -3.29, 1.33, Forward
1761466943702, 3.06, -3.19, 1.33, Forward
1761466943751, 3.17, -3.02, 1.31, Forward
1761466943797, 3.23, -2.89, 1.27, Forward
1761466943879, 3.00, -2.76, 1.20, Forward
1761466943923, 2.85, -2.67, 1.13, Forward
1761466943970, 2.67, -2.66, 1.11, Forward
1761466944016, 2.67, -2.60, 1.12, Forward
1761466944059, 2.55, -2.51, 1.09, Forward
1761466944146, 2.50, -2.64, 1.11, Forward
1761466944194, 2.50, -2.71, 1.12, Forward
1761466944244, 2.49, -2.75, 1.12, Forward
1761466944293, 2.50, -3.02, 1.18, Forward
1761466944341, 2.48, -3.12, 1.22, Forward
1761466944403, 2.63, -3.21, 1.27, Forward
1761466944449, 2.55, -3.35, 1.32, Forward
1761466944492, 2.61, -3.45, 1.37, Forward
1761466944536, 2.56, -3.44, 1.36, Forward
1761466944581, 2.65, -3.55, 1.41, Forward
1761466944678, 2.81, -3.44, 1.44, Forward
1761466944731, 2.94, -3.44, 1.50, Forward
1761466944781, 3.08, -3.44, 1.56, Forward
1761466944826, 3.21, -3.28, 1.56, Forward
1761466944873, 3.42, -3.49, 1.66, Forward
1761466944945, 3.55, -3.16, 1.71, Forward
1761466944989, 3.74, -2.75, 1.76, Forward
1761466945034, 3.87, -2.34, 1.79, Forward
1761466945077, 4.21, -2.01, 1.93, Forward
1761466945120, 4.16, -1.31, 1.98, Forward
1761466945206, 4.40, -1.07, 2.19, Forward
1761466945254, 4.27, -0.63, 2.35, Forward
1761466945299, 4.14, -0.21, 2.49, Forward
1761466945349, 3.99, 0.27, 2.66, Forward
1761466945396, 4.04, 0.73, 2.80, Forward
1761466945476, 4.16, 0.56, 2.99, Forward
1761466945525, 4.32, 0.22, 3.19, Forward
1761466945571, 4.50, -0.07, 3.38, Forward
1761466945618, 4.65, -0.14, 3.46, Forward
1761466945661, 5.04, -0.49, 3.58, Forward
1761466945749, 4.88, -1.28, 3.53, Forward
1761466945794, 4.92, -2.20, 3.50, Forward
1761466945842, 4.98, -3.07, 3.47, Forward
1761466945887, 4.98, -3.80, 3.44, Forward
1761466945935, 4.90, -4.57, 3.40, Forward
1761466946005, 4.51, -5.27, 3.26, Forward
1761466946057, 4.16, -5.80, 3.11, Forward
1761466946103, 3.79, -6.37, 2.95, Forward
1761466946151, 3.05, -6.99, 2.68, Forward
1761466946198, 2.60, -7.60, 2.48, Forward
1761466946278, 2.15, -7.04, 2.12, Forward
1761466946325, 1.97, -6.80, 1.82, Forward
1761466946373, 1.74, -6.53, 1.52, Forward
1761466946420, 1.35, -6.07, 1.09, Forward
1761466946467, 0.91, -5.39, 0.64, Forward
1761466946550, 0.80, -4.44, 0.16, Forward
1761466946595, 0.68, -3.71, -0.27, Forward
1761466946641, 0.51, -2.93, -0.71, Forward
1761466946688, 0.54, -3.23, -0.93, Forward
1761466946734, 0.39, -3.57, -1.21, Forward
1761466946807, 0.40, -3.85, -1.33, Forward
1761466946853, 0.26, -3.99, -1.48, Forward
1761466946899, 0.11, -4.26, -1.64, Forward
1761466946945, 0.27, -4.86, -1.67, Forward
1761466946992, 0.39, -5.44, -1.65, Forward
1761466947075, 0.33, -6.15, -1.45, Forward
1761466947121, 0.22, -6.66, -1.29, Forward
1761466947166, 0.18, -7.29, -1.13, Forward
1761466947211, -0.01, -6.92, -1.03, Forward
1761466947259, -0.16, -6.45, -0.94, Forward
1761466947347, -0.39, -6.36, -0.84, Forward
1761466947397, -0.62, -5.88, -0.78, Forward
1761466947445, -0.74, -5.50, -0.69, Forward
1761466947496, -1.05, -4.90, -0.74, Forward
1761466947545, -1.37, -4.30, -0.83, Forward
1761466947604, -1.32, -4.08, -1.01, Forward
1761466947651, -1.38, -3.87, -1.21, Forward
1761466947697, -1.46, -3.53, -1.43, Forward
1761466947746, -1.41, -3.31, -1.64, Forward
1761466947795, -1.20, -3.22, -1.80, Forward
1761466947880, -1.04, -2.88, -1.97, Forward
1761466947928, -0.93, -3.01, -2.09, Forward
1761466947978, -0.81, -2.76, -2.24, Forward
1761466948024, -0.57, -2.60, -2.23, Forward
1761466948071, -0.42, -2.54, -2.21, Forward
1761466948151, -0.50, -2.30, -2.15, Forward
1761466948195, -0.52, -1.93, -2.10, Forward
1761466948241, -0.53, -1.71, -2.05, Forward
1761466948288, -0.49, -1.32, -1.98, Forward
1761466948333, -0.66, -1.11, -1.96, Forward
1761466948406, -0.63, -1.40, -1.88, Forward
1761466948453, -0.60, -1.38, -1.82, Forward
1761466948499, -0.69, -1.61, -1.74, Forward
1761466948546, -0.72, -1.92, -1.70, Forward
1761466948590, -0.78, -2.12, -1.69, Forward
1761466948674, -0.77, -2.60, -1.50, Forward
1761466948722, -0.71, -2.95, -1.26, Forward
1761466948770, -0.60, -3.43, -1.02, Forward
1761466948817, -0.51, -4.03, -0.75, Forward
1761466948862, -0.42, -4.35, -0.47, Forward
1761466948952, -0.37, -4.36, -0.29, Forward
1761466948998, -0.23, -4.51, -0.10, Forward
1761466949044, -0.04, -4.70, 0.10, Forward
1761466949094, 0.05, -4.96, 0.33, Forward
1761466949144, 0.27, -5.14, 0.53, Forward
1761466949206, 0.38, -4.99, 0.59, Forward
1761466949254, 0.49, -5.11, 0.64, Forward
1761466949302, 0.57, -4.95, 0.68, Forward
1761466949348, 0.55, -4.93, 0.67, Forward
1761466949392, 0.60, -4.84, 0.64, Forward
1761466949474, 0.68, -4.52, 0.62, Forward
1761466949521, 0.71, -4.29, 0.62, Forward
1761466949572, 0.77, -3.95, 0.60, Forward
1761466949618, 0.87, -3.67, 0.58, Forward
1761466949665, 0.89, -3.45, 0.62, Forward
1761466949734, 0.94, -3.45, 0.64, Forward
1761466949777, 1.01, -3.58, 0.70, Forward
1761466949824, 1.04, -3.70, 0.73, Forward
1761466949872, 1.14, -3.69, 0.79, Forward
1761466949919, 1.19, -3.75, 0.88, Forward
1761466950011, 1.21, -4.20, 1.01, Forward
1761466950060, 1.18, -4.52, 1.09, Forward
1761466950107, 1.18, -4.85, 1.20, Forward
1761466950153, 1.04, -5.17, 1.20, Forward
1761466950200, 0.94, -5.43, 1.15, Forward
1761466950280, 0.95, -5.56, 1.11, Forward
1761466950326, 0.86, -5.58, 1.03, Forward
1761466950376, 0.78, -5.68, 0.98, Forward
1761466950426, 0.70, -5.81, 0.92, Forward
1761466950475, 0.58, -5.92, 0.85, Forward
1761466950532, 0.53, -5.97, 0.75, Forward
1761466950580, 0.47, -6.06, 0.68, Forward
1761466950624, 0.40, -6.13, 0.61, Forward
1761466950673, 0.41, -6.08, 0.60, Forward
1761466950719, 0.56, -6.45, 0.68, Forward
1761466950807, 0.71, -6.75, 0.77, Forward
1761466950854, 0.83, -6.94, 0.84, Forward
1761466950901, 0.93, -7.23, 0.96, Forward
1761466950947, 0.95, -7.29, 1.13, Forward
1761466950994, 1.07, -7.64, 1.36, Forward
1761466951079, 1.12, -7.34, 1.59, Forward
1761466951125, 1.29, -6.98, 1.81, Forward
1761466951182, 1.44, -6.68, 2.00, Forward
1761466951230, 1.73, -6.36, 2.18, Forward
1761466951280, 1.84, -5.80, 2.27, Forward
1761466951333, 2.01, -4.47, 2.12, Forward
1761466951378, 2.12, -3.90, 2.10, Forward
1761466951427, 2.28, -2.89, 2.01, Forward
1761466951476, 2.50, -2.32, 1.87, Forward
1761466951526, 2.85, -0.83, 1.52, Forward
1761466951608, 3.19, -0.83, 1.22, Forward
1761466951656, 3.37, -1.11, 0.94, Forward
1761466951704, 3.54, -1.34, 0.68, Forward
1761466951752, 3.64, -1.60, 0.43, Forward
1761466951798, 3.82, -1.72, 0.21, Forward
1761466951920, 3.87, -2.60, 0.22, Forward
1761466951968, 3.96, -3.01, 0.15, Forward
1761466952014, 4.17, -3.52, 0.14, Forward
1761466952061, 4.25, -3.74, 0.07, Forward
1761466952108, 4.15, -4.52, 0.16, Forward
1761466952155, 4.20, -4.45, 0.23, Forward
1761466952274, 4.32, -4.01, 0.25, Forward
1761466952320, 4.32, -3.78, 0.26, Forward
1761466952367, 4.35, -3.58, 0.29, Forward
1761466952415, 4.42, -3.00, 0.45, Forward
1761466952460, 4.34, -2.66, 0.60, Forward
1761466952534, 4.28, -2.75, 0.88, Forward
1761466952580, 4.07, -3.12, 1.19, Forward
1761466952626, 4.04, -3.42, 1.50, Forward
1761466952677, 3.93, -3.92, 1.82, Forward
1761466952725, 3.71, -4.58, 2.19, Forward
1761466952809, 3.44, -5.47, 2.58, Forward
1761466952860, 3.23, -6.18, 3.04, Forward
1761466952907, 2.90, -6.99, 3.45, Forward
1761466952959, 2.61, -8.00, 3.69, Forward
1761466953005, 2.30, -8.85, 3.89, Forward
1761466953078, 2.20, -7.44, 3.74, Forward
1761466953128, 2.16, -6.19, 3.53, Forward
1761466953174, 2.08, -4.89, 3.33, Forward
1761466953224, -6.09, -8.23, 19.68, Forward
1761466953271, -7.40, -2.44, 2.25, Forward
1761466953334, -8.58, 4.25, -15.41, Forward
1761466953380, -8.46, 10.95, -16.23, Right
1761466953424, -8.18, 17.77, -17.10, Right
1761466953473, -8.04, 24.40, -17.87, Right
1761466953520, -8.78, 31.77, -36.02, Right
1761466953610, -7.87, 37.13, -37.61, Right
1761466953659, -6.88, 42.65, -39.14, Right
1761466953707, -5.83, 48.22, -40.74, Right
1761466953753, 3.34, 58.27, -58.76, Right
1761466953799, 5.69, 59.50, -43.10, Right
1761466953875, 7.98, 59.83, -27.33, Right
1761466953922, 9.12, 60.20, -28.44, Right
1761466953967, 10.08, 60.56, -29.43, Right
1761466954013, 9.90, 61.39, -47.31, Right
1761466954057, 12.00, 60.90, -30.92, Right
1761466954132, 12.15, 60.64, -30.72, Right
1761466954177, 12.22, 60.45, -30.58, Right
1761466954224, 12.24, 60.16, -30.34, Right
1761466954272, 12.28, 60.00, -30.24, Right
1761466954318, 12.26, 59.39, -29.74, Right
1761466954411, 12.28, 58.65, -29.16, Right
1761466954457, 12.18, 57.92, -28.59, Right
1761466954505, 12.20, 57.16, -28.09, Right
1761466954553, 13.51, 55.95, -10.83, Right
1761466954601, 13.46, 55.41, -10.39, Right
1761466954678, 13.39, 55.10, -9.99, Right
1761466954723, 13.22, 54.61, -9.58, Right
1761466954770, 13.08, 54.13, -9.20, Right
1761466954817, 12.97, 53.67, -8.80, Right
1761466954864, 12.83, 53.49, -8.72, Right
1761466954935, 12.52, 53.44, -8.50, Right
1761466954981, 12.28, 53.35, -8.34, Right
1761466955028, 12.01, 53.33, -8.13, Right
1761466955075, 11.64, 53.21, -7.87, Right
1761466955122, 11.42, 53.01, -7.66, Right
1761466955207, 11.47, 52.75, -7.58, Right
1761466955258, 11.54, 52.63, -7.45, Right
1761466955306, 11.63, 52.50, -7.34, Right
1761466955352, 11.65, 52.28, -7.23, Right
1761466955398, 11.76, 52.15, -7.20, Right
1761466955474, 11.78, 51.92, -7.24, Right
1761466955524, 11.86, 51.68, -7.23, Right
1761466955573, 11.83, 51.46, -7.23, Right
1761466955619, 11.57, 50.23, -6.92, Right
1761466955664, 11.23, 48.96, -6.52, Right
1761466955733, 10.69, 45.01, -5.74, Right
1761466955779, 10.01, 40.87, -4.92, Right
1761466955823, 9.27, 36.78, -4.08, Right
1761466955870, 8.55, 32.85, -3.25, Right
1761466955918, 7.92, 27.58, -2.20, Right
1761466956010, 7.63, 22.11, -1.16, Right
1761466956060, 6.97, 16.65, -0.16, Right
1761466956108, 6.48, 11.11, 0.86, Right
1761466956154, 6.47, 6.54, 1.69, Forward
1761466956203, 6.23, 1.98, 2.42, Forward
1761466956275, 6.28, 0.19, 2.81, Forward
1761466956322, 6.32, -1.49, 3.07, Forward
1761466956368, 6.42, -3.21, 3.34, Forward
1761466956416, 6.66, -4.90, 3.64, Forward
1761466956460, 6.65, -5.28, 3.74, Forward
1761466956533, 6.70, -5.25, 3.78, Forward
1761466956579, 6.93, -5.32, 3.87, Forward
1761466956622, 7.09, -5.38, 3.95, Forward
1761466956669, 7.01, -5.34, 3.91, Forward
1761466956717, 7.22, -5.26, 3.87, Forward
1761466956809, 7.47, -4.93, 3.64, Forward
1761466956857, 7.99, -4.35, 3.43, Forward
1761466956903, 8.45, -3.80, 3.21, Forward
1761466956949, 8.66, -4.12, 3.01, Forward
1761466956994, 9.03, -4.39, 2.83, Forward
1761466957074, 8.88, -4.33, 2.53, Forward
1761466957123, 8.82, -4.31, 2.24, Forward
1761466957169, 8.72, -4.29, 1.93, Forward
1761466957216, 8.39, -4.51, 1.38, Forward
1761466957263, 8.20, -4.38, 0.85, Forward
1761466957337, 7.55, -4.99, 0.34, Forward
1761466957384, 6.97, -5.85, -0.15, Forward
1761466957432, 6.36, -6.62, -0.63, Forward
1761466957477, 5.84, -6.71, -1.22, Forward
1761466957524, 5.30, -6.82, -1.82, Forward
1761466957608, 5.02, -7.53, -2.12, Forward
1761466957659, 4.66, -7.98, -2.43, Forward
1761466957709, 4.28, -8.44, -2.76, Forward
1761466957757, 4.01, -8.87, -2.56, Forward
1761466957804, 3.54, -9.75, -2.40, Forward
1761466957875, 3.24, -10.23, -1.96, Left
1761466957924, 2.86, -10.70, -1.50, Left
1761466957975, 2.50, -11.30, -1.01, Left
1761466958022, 2.04, -11.64, -0.39, Left
1761466958068, 1.48, -12.00, 0.20, Left
1761466958133, 0.75, -12.23, 0.43, Left
1761466958178, 0.11, -12.36, 0.63, Left
1761466958223, -0.60, -12.41, 0.82, Left
1761466958273, -1.13, -12.32, 0.76, Left
1761466958318, -1.74, -11.97, 0.58, Left
1761466958406, -2.48, -11.59, 0.18, Left
1761466958457, -3.30, -11.13, -0.28, Left
1761466958504, -4.12, -10.59, -0.79, Left
1761466958551, -4.91, -10.18, -1.40, Left
1761466958597, -5.59, -9.83, -1.97, Forward
1761466958676, -6.00, -9.38, -2.42, Forward
1761466958726, -6.44, -9.13, -2.84, Forward
1761466958777, -6.74, -8.92, -3.18, Forward
1761466958824, -7.12, -8.78, -3.60, Forward
1761466958872, -7.40, -8.68, -3.92, Forward
1761466958935, -7.52, -8.82, -4.26, Forward
1761466958982, -7.73, -8.88, -4.60, Forward
1761466959028, -7.85, -8.94, -4.90, Forward
1761466959073, -7.88, -9.02, -5.18, Forward
1761466959123, -7.88, -9.05, -5.51, Forward
1761466959208, -7.74, -9.30, -5.74, Forward
1761466959259, -7.64, -9.62, -5.99, Forward
1761466959304, -7.53, -9.94, -6.25, Forward
1761466959350, -7.41, -10.13, -6.48, Left
1761466959397, -7.31, -10.36, -6.68, Left
1761466959476, -7.12, -10.30, -6.77, Left
1761466959521, -6.78, -10.38, -6.79, Left
1761466959567, -6.51, -10.52, -6.81, Left
1761466959614, -6.22, -10.63, -6.80, Left
1761466959659, -6.01, -10.63, -6.72, Left
1761466959732, -5.93, -10.55, -6.67, Left
1761466959777, -5.77, -10.40, -6.60, Left
1761466959823, -5.65, -10.26, -6.56, Left
1761466959873, -5.53, -10.14, -6.47, Left
1761466959921, -5.36, -10.08, -6.33, Left
1761466959967, -5.26, -10.18, -6.20, Left
1761466960014, -5.09, -10.32, -6.02, Left
1761466960062, -4.94, -10.41, -5.89, Left
1761466960107, -4.77, -10.59, -5.77, Left
1761466960159, -4.62, -10.75, -5.67, Left
1761466960258, -4.38, -10.74, -5.54, Left
1761466960305, -4.21, -10.86, -5.39, Left
1761466960354, -4.04, -10.98, -5.24, Left
1761466960405, -3.85, -10.92, -5.08, Left
1761466960451, -3.73, -10.74, -5.02, Left
1761466960534, -3.56, -10.78, -4.92, Left
1761466960580, -3.43, -10.77, -4.86, Left
1761466960627, -3.31, -10.76, -4.81, Left
1761466960672, -3.26, -10.75, -4.71, Left
1761466960807, -3.23, -10.83, -4.59, Left
1761466960855, -3.29, -11.00, -4.47, Left
1761466960933, -3.34, -11.07, -4.40, Left
1761466960978, -3.41, -11.13, -4.33, Left
1761466961022, -3.46, -11.39, -4.27, Left
1761466961067, -3.45, -11.48, -4.22, Left
1761466961205, -3.57, -11.23, -4.23, Left
1761466961251, -3.60, -11.03, -4.19, Left
1761466961332, -3.76, -10.95, -4.14, Left
1761466961379, -3.84, -10.87, -4.13, Left
1761466961422, -3.86, -10.88, -4.12, Left
1761466961469, -3.90, -10.76, -4.16, Left
1761466961607, -3.90, -10.64, -4.17, Left
1761466961655, -3.92, -10.60, -4.18, Left
1761466961732, -3.95, -10.48, -4.14, Left
1761466961779, -4.00, -10.59, -4.11, Left
1761466961824, -4.03, -10.78, -4.04, Left
1761466961873, -4.26, -10.83, -4.05, Left
1761466962004, -4.30, -10.90, -4.00, Left
1761466962050, -4.38, -10.92, -3.96, Left
1761466962133, -4.45, -10.72, -3.94, Left
1761466962178, -4.53, -10.55, -3.94, Left
1761466962225, -4.61, -10.40, -3.92, Left
1761466962270, -4.66, -10.13, -3.90, Left
1761466962406, -4.59, -10.19, -3.83, Left
1761466962454, -4.53, -10.27, -3.76, Left
1761466962533, -4.46, -10.38, -3.68, Left
1761466962579, -4.28, -10.59, -3.58, Left
1761466962622, -4.18, -10.65, -3.55, Left
1761466962667, -4.08, -10.71, -3.51, Left
1761466962805, -4.00, -10.92, -3.45, Left
1761466962855, -3.92, -11.19, -3.33, Left
1761466962935, -3.79, -11.51, -3.21, Left
1761466962983, -3.61, -11.76, -3.09, Left
1761466963030, -3.59, -11.77, -3.07, Left
1761466963075, -3.68, -11.67, -3.12, Left
1761466963204, -3.75, -11.49, -3.19, Left
1761466963252, -3.83, -11.21, -3.29, Left
1761466963333, -3.95, -10.85, -3.36, Left
1761466963379, -4.04, -10.52, -3.42, Left
1761466963425, -4.11, -10.22, -3.50, Left
1761466963470, -4.16, -10.16, -3.53, Left
1761466963605, -4.18, -9.97, -3.55, Forward
1761466963651, -4.23, -9.91, -3.58, Forward
1761466963732, -4.29, -9.94, -3.57, Forward
1761466963777, -4.22, -10.10, -3.48, Left
1761466963821, -4.16, -10.29, -3.36, Left
1761466963868, -4.14, -10.53, -3.25, Left
1761466964005, -4.01, -10.91, -3.16, Left
1761466964052, -3.92, -11.27, -3.07, Left
1761466964132, -3.83, -11.23, -3.06, Left
1761466964179, -3.83, -10.92, -3.10, Left
1761466964222, -3.90, -10.65, -3.17, Left
1761466964268, -3.86, -10.61, -3.18, Left
1761466964404, -3.85, -10.56, -3.22, Left
1761466964451, -3.83, -10.52, -3.25, Left
1761466964534, -3.78, -10.49, -3.25, Left
1761466964582, -3.67, -10.52, -3.24, Left
1761466964632, -3.65, -10.45, -3.23, Left
1761466964684, -3.67, -10.36, -3.26, Left
1761466964812, -3.72, -10.52, -3.22, Left
1761466964862, -3.61, -10.89, -3.12, Left
1761466964934, -3.60, -11.23, -3.02, Left
1761466964983, -3.71, -11.34, -2.99, Left
1761466965031, -3.76, -11.31, -2.96, Left
1761466965080, -3.74, -11.33, -2.92, Left
1761466965204, -3.75, -11.26, -2.93, Left
1761466965250, -3.76, -11.20, -2.91, Left
1761466965333, -3.73, -11.22, -2.90, Left
1761466965382, -3.64, -11.32, -2.84, Left
1761466965427, -3.50, -11.50, -2.78, Left
1761466965472, -3.48, -11.59, -2.79, Left
1761466965603, -3.41, -11.67, -2.81, Left
1761466965648, -3.30, -11.75, -2.84, Left
1761466965733, -3.21, -11.73, -2.90, Left
1761466965779, -3.22, -11.65, -2.99, Left
1761466965826, -3.25, -11.63, -3.07, Left
1761466965871, -3.27, -11.57, -3.14, Left
1761466966005, -3.29, -11.54, -3.18, Left
1761466966051, -3.29, -11.46, -3.24, Left
1761466966136, -3.33, -11.40, -3.28, Left
1761466966180, -3.40, -11.25, -3.34, Left
1761466966225, -3.37, -11.14, -3.36, Left
1761466966270, -3.42, -11.00, -3.37, Left
1761466966404, -3.48, -10.96, -3.32, Left
1761466966449, -3.52, -10.95, -3.26, Left
1761466966533, -3.42, -11.03, -3.18, Left
1761466966578, -3.29, -11.25, -3.10, Left
1761466966624, -3.17, -11.32, -3.03, Left
1761466966670, -3.22, -11.25, -3.08, Left
1761466966803, -3.30, -11.20, -3.12, Left
1761466966849, -3.30, -11.14, -3.11, Left
1761466966935, -3.34, -11.20, -3.10, Left
1761466966981, -3.33, -11.24, -3.10, Left
1761466967029, -3.30, -11.25, -3.13, Left
1761466967073, -3.38, -11.11, -3.18, Left
1761466967204, -3.52, -10.82, -3.23, Left
1761466967252, -3.72, -10.33, -3.31, Left
1761466967334, -3.97, -10.07, -3.44, Left
1761466967379, -4.08, -9.96, -3.43, Forward
1761466967422, -4.09, -9.89, -3.45, Forward
1761466967471, -4.02, -9.84, -3.46, Forward
1761466967603, -4.08, -9.61, -3.48, Forward
1761466967649, -4.14, -9.55, -3.46, Forward
1761466967735, -4.16, -9.56, -3.39, Forward
1761466967781, -4.04, -9.73, -3.29, Forward
1761466967827, -3.97, -9.95, -3.20, Forward
1761466967871, -3.89, -10.24, -3.09, Left
1761466968004, -3.70, -10.47, -2.92, Left
1761466968051, -3.49, -10.61, -2.77, Left
1761466968134, -3.54, -10.74, -2.65, Left
1761466968180, -3.64, -10.85, -2.55, Left
1761466968225, -3.58, -11.07, -2.45, Left
1761466968271, -3.59, -11.10, -2.43, Left
1761466968402, -3.67, -11.04, -2.44, Left
1761466968447, -3.73, -10.96, -2.44, Left
1761466968534, -3.85, -10.89, -2.42, Left
1761466968581, -3.93, -10.92, -2.40, Left
1761466968631, -4.13, -10.78, -2.43, Left
1761466968678, -4.32, -10.72, -2.42, Left
1761466968807, -4.30, -10.51, -2.40, Left
1761466968855, -4.32, -10.28, -2.34, Left
1761466968934, -4.47, -10.08, -2.32, Left
1761466968981, -4.58, -9.89, -2.30, Forward
1761466969028, -4.61, -9.74, -2.27, Forward
1761466969073, -4.67, -9.76, -2.24, Forward
1761466969202, -4.67, -9.84, -2.19, Forward
1761466969248, -4.69, -9.92, -2.11, Forward
1761466969335, -4.74, -10.00, -2.05, Left
1761466969380, -4.71, -10.19, -1.96, Left
1761466969427, -4.71, -10.53, -1.85, Left
1761466969471, -4.82, -10.88, -1.80, Left
1761466969601, -4.78, -11.24, -1.72, Left
1761466969648, -4.71, -11.69, -1.54, Left
1761466969732, -4.74, -12.07, -1.40, Left
1761466969778, -4.78, -12.29, -1.28, Left
1761466969822, -4.88, -12.46, -1.21, Left
1761466969870, -4.91, -12.61, -1.15, Left
1761466970001, -4.90, -12.73, -1.10, Left
1761466970051, -4.86, -12.77, -1.06, Left
1761466970136, -5.01, -12.50, -1.12, Left
1761466970182, -5.02, -12.24, -1.12, Left
1761466970228, -5.11, -11.86, -1.16, Left
1761466970273, -5.19, -11.51, -1.26, Left
1761466970404, -5.15, -11.52, -1.25, Left
1761466970451, -5.16, -11.51, -1.27, Left
1761466970498, -5.07, -11.46, -1.25, Left
1761466970545, -5.14, -11.31, -1.30, Left
1761466970589, -5.24, -11.23, -1.32, Left
1761466970637, -5.45, -11.10, -1.39, Left
1761466970686, -5.52, -11.32, -1.35, Left
1761466970730, -5.67, -11.55, -1.34, Left
1761466970778, -5.79, -11.71, -1.34, Left
1761466970821, -5.82, -11.85, -1.22, Left
1761466970933, -5.96, -11.68, -1.30, Left
1761466970977, -6.04, -11.57, -1.31, Left
1761466971061, -6.16, -11.38, -1.36, Left
1761466971106, -6.22, -11.23, -1.38, Left
1761466971153, -6.22, -11.14, -1.36, Left
1761466971198, -6.18, -11.15, -1.32, Left
1761466971333, -6.17, -11.02, -1.33, Left
1761466971379, -6.12, -10.88, -1.36, Left
1761466971464, -6.09, -10.68, -1.39, Left
1761466971511, -6.17, -10.44, -1.48, Left
1761466971554, -6.27, -10.25, -1.49, Left
1761466971602, -6.35, -10.05, -1.54, Left
1761466971738, -6.38, -10.11, -1.51, Left
1761466971786, -6.42, -10.25, -1.47, Left
1761466971861, -6.43, -10.31, -1.47, Left
1761466971907, -6.50, -10.15, -1.52, Left
1761466971953, -6.47, -10.17, -1.52, Left
1761466971998, -6.38, -10.43, -1.46, Left
1761466972136, -6.37, -10.89, -1.37, Left
1761466972183, -6.30, -11.35, -1.33, Left
1761466972260, -6.15, -11.79, -1.21, Left
1761466972302, -6.01, -12.16, -1.11, Left
1761466972352, -5.94, -12.37, -1.07, Left
1761466972398, -5.74, -12.55, -1.06, Left
1761466972538, -5.61, -12.78, -1.07, Left
1761466972588, -5.45, -13.13, -1.05, Left
1761466972660, -5.36, -13.41, -1.07, Left
1761466972705, -5.31, -13.46, -1.14, Left
1761466972751, -5.15, -13.45, -1.21, Left
1761466972799, -5.02, -13.50, -1.27, Left
1761466972933, -4.90, -13.29, -1.36, Left
1761466972981, -4.80, -13.18, -1.41, Left
1761466973067, -4.72, -12.87, -1.49, Left
1761466973114, -4.73, -12.41, -1.56, Left
1761466973160, -4.69, -12.02, -1.62, Left
1761466973207, -4.68, -11.78, -1.62, Left
1761466973337, -4.74, -11.48, -1.64, Left
1761466973384, -4.74, -11.16, -1.64, Left
1761466973460, -4.69, -10.95, -1.60, Left
1761466973503, -4.71, -10.74, -1.56, Left
1761466973554, -4.71, -10.79, -1.54, Left
1761466973601, -4.78, -10.73, -1.55, Left
1761466973739, -4.87, -10.80, -1.53, Left
1761466973786, -4.94, -11.00, -1.50, Left
1761466973863, -5.04, -11.13, -1.42, Left
1761466973909, -5.18, -11.10, -1.41, Left
1761466973954, -5.17, -11.14, -1.34, Left
1761466974003, -5.22, -11.15, -1.29, Left
1761466974145, -5.36, -10.99, -1.33, Left
1761466974200, -5.38, -10.83, -1.33, Left
1761466974269, -5.57, -10.59, -1.32, Left
1761466974324, -5.71, -10.26, -1.34, Left
1761466974370, -5.73, -10.03, -1.32, Left
1761466974425, -5.89, -9.81, -1.35, Forward
1761466974542, -6.01, -9.76, -1.39, Forward
1761466974589, -6.06, -9.66, -1.41, Forward
1761466974662, -6.22, -9.52, -1.50, Forward
1761466974708, -6.34, -9.52, -1.54, Forward
1761466974752, -6.48, -9.55, -1.55, Forward
1761466974798, -6.61, -9.61, -1.56, Forward
1761466974936, -6.68, -9.71, -1.64, Forward
1761466974983, -6.72, -9.95, -1.68, Forward
1761466975060, -6.84, -9.96, -1.73, Forward
1761466975107, -6.90, -9.90, -1.74, Forward
1761466975152, -6.96, -9.72, -1.76, Forward
1761466975200, -7.00, -9.74, -1.76, Forward
1761466975334, -6.93, -9.94, -1.64, Forward
1761466975380, -6.85, -10.04, -1.57, Left
1761466975461, -6.81, -10.13, -1.51, Left
1761466975506, -6.88, -10.17, -1.46, Left
1761466975550, -6.81, -10.26, -1.36, Left
1761466975598, -6.77, -10.37, -1.28, Left
1761466975738, -6.73, -10.69, -1.22, Left
1761466975786, -6.59, -11.07, -1.13, Left
1761466975863, -6.42, -11.42, -1.02, Left
1761466975910, -6.29, -11.62, -0.95, Left
1761466975954, -6.18, -11.70, -0.93, Left
1761466976000, -6.19, -11.77, -0.95, Left
1761466976136, -6.12, -11.83, -0.91, Left
1761466976186, -6.01, -11.75, -0.90, Left
1761466976266, -5.95, -11.73, -0.94, Left
1761466976315, -5.97, -11.75, -0.94, Left
1761466976362, -5.94, -11.72, -0.96, Left
1761466976408, -6.09, -11.41, -1.04, Left
1761466976538, -6.24, -11.07, -1.08, Left
1761466976586, -6.31, -10.76, -1.10, Left
1761466976660, -6.35, -10.56, -1.11, Left
1761466976706, -6.26, -10.49, -1.04, Left
1761466976750, -6.27, -10.35, -1.04, Left
1761466976796, -6.32, -10.42, -1.02, Left
1761466976934, -6.40, -10.43, -1.01, Left
1761466976981, -6.41, -10.32, -1.03, Left
1761466977060, -6.37, -10.31, -0.98, Left
1761466977106, -6.17, -10.52, -0.91, Left
1761466977153, -6.05, -10.72, -0.89, Left
1761466977202, -6.02, -10.97, -0.89, Left
1761466977340, -6.14, -11.00, -0.91, Left
1761466977384, -6.29, -10.90, -0.95, Left
1761466977461, -6.42, -10.88, -1.00, Left
1761466977507, -6.48, -10.85, -1.04, Left
1761466977552, -6.46, -10.78, -1.02, Left
1761466977599, -6.50, -10.72, -1.02, Left
1761466977738, -6.52, -10.69, -1.05, Left
1761466977783, -6.54, -10.71, -1.05, Left
1761466977861, -6.60, -10.59, -1.08, Left
1761466977906, -6.70, -10.43, -1.11, Left
1761466977950, -6.64, -10.44, -1.12, Left
1761466977996, -6.59, -10.41, -1.16, Left
1761466978137, -6.50, -10.30, -1.13, Left
1761466978183, -6.46, -10.22, -1.09, Left
1761466978260, -6.50, -9.93, -1.15, Forward
1761466978305, -6.43, -9.77, -1.12, Forward
1761466978351, -6.51, -9.49, -1.12, Forward
1761466978396, -6.65, -9.31, -1.15, Forward
1761466978535, -6.62, -9.41, -1.11, Forward
1761466978586, -6.52, -9.51, -1.06, Forward
1761466978663, -6.50, -9.48, -1.05, Forward
1761466978712, -6.55, -9.47, -1.04, Forward
1761466978760, -6.52, -9.57, -1.03, Forward
1761466978806, -6.45, -9.64, -1.05, Forward
1761466978940, -6.39, -9.93, -0.98, Forward
1761466978984, -6.39, -10.16, -0.96, Left
1761466979061, -6.37, -10.45, -0.94, Left
1761466979106, -6.31, -10.54, -0.93, Left
1761466979154, -6.39, -10.58, -0.97, Left
1761466979207, -6.44, -10.61, -0.95, Left
1761466979333, -6.41, -10.56, -0.93, Left
1761466979378, -6.30, -10.57, -0.92, Left
1761466979462, -6.34, -10.42, -0.96, Left
1761466979509, -6.34, -10.24, -0.98, Left
1761466979554, -6.31, -10.05, -1.02, Left
1761466979599, -6.15, -9.94, -1.01, Forward
1761466979735, -6.06, -9.89, -1.00, Forward
1761466979786, -6.00, -9.92, -0.96, Forward
1761466979861, -5.91, -9.74, -0.93, Forward
1761466979907, -5.88, -9.58, -0.95, Forward
1761466979954, -5.86, -9.56, -0.95, Forward
1761466980002, -5.91, -9.53, -0.94, Forward
1761466980138, -5.85, -9.64, -0.88, Forward
1761466980187, -5.92, -9.71, -0.83, Forward
1761466980262, -5.95, -9.92, -0.79, Forward
1761466980308, -6.10, -9.96, -0.76, Forward
1761466980355, -6.15, -9.99, -0.73, Forward
1761466980401, -6.17, -9.85, -0.70, Forward
1761466980538, -6.27, -9.91, -0.68, Forward
1761466980584, -6.30, -9.98, -0.66, Forward
1761466980660, -6.39, -10.02, -0.64, Left
1761466980706, -6.48, -9.96, -0.63, Forward
1761466980749, -6.55, -9.99, -0.63, Forward
1761466980795, -6.65, -9.99, -0.67, Forward
1761466980936, -6.75, -9.77, -0.67, Forward
1761466980986, -6.82, -9.68, -0.67, Forward
1761466981061, -6.89, -9.51, -0.67, Forward
1761466981108, -6.91, -9.59, -0.67, Forward
1761466981150, -6.89, -9.52, -0.68, Forward
1761466981196, -6.89, -9.50, -0.64, Forward
1761466981336, -6.97, -9.43, -0.66, Forward
1761466981388, -6.86, -9.50, -0.61, Forward
1761466981436, -6.84, -9.47, -0.65, Forward
1761466981484, -6.89, -9.33, -0.61, Forward
1761466981531, -6.96, -9.35, -0.61, Forward
1761466981590, -7.01, -9.30, -0.61, Forward
1761466981636, -7.14, -9.19, -0.61, Forward
1761466981694, -7.28, -9.01, -0.64, Forward
1761466981747, -7.36, -8.96, -0.63, Forward
1761466981799, -7.45, -8.83, -0.67, Forward
1761466981860, -7.54, -8.68, -0.68, Forward
1761466981912, -7.74, -8.52, -0.73, Forward
1761466981960, -7.87, -8.38, -0.71, Forward
1761466982006, -7.84, -8.43, -0.73, Forward
1761466982050, -7.81, -8.43, -0.73, Forward
1761466982120, -7.77, -8.51, -0.75, Forward
1761466982167, -7.69, -8.68, -0.72, Forward
1761466982213, -7.59, -8.86, -0.68, Forward
1761466982259, -7.54, -8.98, -0.67, Forward
1761466982305, -7.64, -9.08, -0.65, Forward
1761466982388, -7.56, -9.30, -0.63, Forward
1761466982432, -7.61, -9.46, -0.64, Forward
1761466982478, -7.62, -9.66, -0.65, Forward
1761466982524, -7.65, -9.78, -0.62, Forward
1761466982567, -7.71, -9.88, -0.64, Forward
1761466982661, -7.70, -9.92, -0.61, Forward
1761466982709, -7.68, -10.00, -0.59, Left
1761466982754, -7.70, -10.04, -0.57, Left
1761466982796, -7.83, -10.02, -0.61, Left
1761466982840, -7.75, -10.03, -0.61, Left
1761466982921, -7.76, -9.98, -0.61, Forward
1761466982964, -7.74, -9.93, -0.58, Forward
1761466983017, -7.72, -9.89, -0.56, Forward
1761466983063, -7.71, -9.76, -0.55, Forward
1761466983109, -7.74, -9.68, -0.53, Forward
1761466983186, -7.82, -9.59, -0.51, Forward
1761466983229, -7.92, -9.39, -0.52, Forward
1761466983275, -8.02, -9.25, -0.50, Forward
1761466983319, -8.01, -9.21, -0.46, Forward
1761466983362, -8.04, -9.16, -0.44, Forward
1761466983458, -8.04, -9.20, -0.41, Forward
1761466983502, -8.06, -9.17, -0.40, Forward
1761466983549, -8.08, -9.18, -0.35, Forward
1761466983595, -8.08, -9.31, -0.35, Forward
1761466983641, -8.01, -9.39, -0.35, Forward
1761466983719, -8.13, -9.40, -0.39, Forward
1761466983766, -8.24, -9.46, -0.47, Forward
1761466983811, -8.38, -9.47, -0.55, Forward
1761466983857, -8.46, -9.46, -0.62, Forward
1761466983902, -8.50, -9.35, -0.70, Forward
1761466983986, -8.60, -9.25, -0.69, Forward
1761466984034, -8.60, -9.18, -0.66, Forward
1761466984079, -8.71, -9.02, -0.68, Forward
1761466984125, -8.67, -9.00, -0.66, Forward
1761466984170, -8.66, -9.02, -0.65, Forward
1761466984262, -8.66, -8.99, -0.65, Forward
1761466984307, -8.64, -8.97, -0.62, Forward
1761466984353, -8.58, -8.98, -0.57, Forward
1761466984397, -8.52, -9.06, -0.54, Forward
1761466984440, -8.53, -9.23, -0.51, Forward
1761466984514, -8.51, -9.42, -0.50, Forward
1761466984557, -8.53, -9.62, -0.50, Forward
1761466984600, -8.49, -9.79, -0.49, Forward
1761466984643, -8.57, -9.81, -0.48, Forward
1761466984689, -8.65, -9.67, -0.48, Forward
1761466984799, -8.54, -9.66, -0.46, Forward
1761466984845, -8.48, -9.59, -0.42, Forward
1761466984888, -8.43, -9.54, -0.42, Forward
1761466984937, -8.37, -9.52, -0.41, Forward
1761466984979, -8.31, -9.50, -0.38, Forward
1761466985061, -8.26, -9.45, -0.41, Forward
1761466985106, -8.21, -9.40, -0.44, Forward
1761466985154, -8.12, -9.45, -0.46, Forward
1761466985201, -8.07, -9.40, -0.45, Forward
1761466985247, -8.09, -9.47, -0.47, Forward
1761466985318, -8.16, -9.58, -0.48, Forward
1761466985367, -8.26, -9.68, -0.53, Forward
1761466985411, -8.26, -9.76, -0.48, Forward
1761466985455, -8.40, -9.71, -0.50, Forward
1761466985497, -8.43, -9.66, -0.50, Forward
1761466985586, -8.44, -9.68, -0.48, Forward
1761466985629, -8.42, -9.70, -0.43, Forward
1761466985672, -8.43, -9.69, -0.38, Forward
1761466985715, -8.49, -9.82, -0.41, Forward
1761466985759, -8.48, -9.94, -0.40, Forward
1761466985861, -8.39, -9.99, -0.37, Forward
1761466985908, -8.27, -10.05, -0.33, Left
1761466985952, -8.17, -10.15, -0.33, Left
1761466985999, -8.16, -10.11, -0.35, Left
1761466986045, -8.26, -10.13, -0.40, Left
1761466986121, -8.36, -10.12, -0.45, Left
1761466986168, -8.49, -10.10, -0.53, Left
1761466986218, -8.61, -10.03, -0.61, Left
1761466986264, -8.61, -9.74, -0.66, Forward
1761466986310, -8.61, -9.49, -0.71, Forward
1761466986388, -8.61, -9.42, -0.68, Forward
1761466986433, -8.59, -9.31, -0.64, Forward
1761466986483, -8.64, -9.20, -0.62, Forward
1761466986532, -8.55, -9.21, -0.54, Forward
1761466986577, -8.40, -9.17, -0.45, Forward
1761466986658, -8.34, -8.95, -0.42, Forward
1761466986704, -8.23, -8.82, -0.37, Forward
1761466986748, -8.08, -8.73, -0.30, Forward
1761466986791, -8.07, -8.92, -0.29, Forward
1761466986837, -8.03, -9.09, -0.25, Forward
1761466986914, -10.10, -10.72, 16.46, Left
1761466986959, -10.02, -11.05, 16.46, Left
1761466987006, -9.90, -11.41, 16.43, Left
1761466987054, -9.79, -11.76, 16.44, Left
1761466987099, -9.69, -12.07, 16.39, Left
1761466987193, -9.51, -12.56, 16.41, Left
1761466987240, -9.42, -12.85, 16.36, Left
1761466987287, -9.34, -13.22, 16.33, Left
1761466987333, -9.20, -13.48, 16.35, Left
1761466987378, -9.04, -13.77, 16.36, Left
1761466987460, -6.83, -12.34, -0.41, Left
1761466987504, -6.79, -12.36, -0.43, Left
1761466987551, -6.80, -12.33, -0.44, Left
1761466987596, -6.74, -12.21, -0.50, Left
1761466987643, -6.75, -12.13, -0.51, Left
1761466987714, -6.76, -12.04, -0.52, Left
1761466987760, -6.75, -12.07, -0.49, Left
1761466987809, -6.78, -12.03, -0.51, Left
1761466987855, -6.77, -12.01, -0.47, Left
1761466987900, -6.81, -12.03, -0.45, Left
1761466987985, -6.86, -12.16, -0.46, Left
1761466988030, -6.80, -12.18, -0.46, Left
1761466988076, -6.81, -12.21, -0.47, Left
1761466988121, -6.73, -12.28, -0.36, Left
1761466988164, -6.57, -12.43, -0.27, Left
1761466988259, -6.44, -12.50, -0.24, Left
1761466988309, -6.24, -12.49, -0.18, Left
1761466988357, -6.05, -12.59, -0.11, Left
1761466988404, -5.96, -12.57, -0.15, Left
1761466988452, -5.79, -12.50, -0.17, Left
1761466988515, -5.68, -12.43, -0.15, Left
1761466988559, -5.66, -12.35, -0.18, Left
1761466988605, -5.59, -12.32, -0.22, Left
1761466988652, -5.65, -12.32, -0.34, Left
1761466988698, -5.76, -12.17, -0.48, Left
1761466988786, -5.89, -12.23, -0.53, Left
1761466988832, -6.10, -12.28, -0.60, Left
1761466988875, -6.26, -12.26, -0.69, Left
1761466988921, -6.27, -12.29, -0.65, Left
1761466988968, -6.37, -12.34, -0.64, Left
1761466989057, -6.44, -12.40, -0.60, Left
1761466989103, -6.50, -12.49, -0.56, Left
1761466989146, -6.51, -12.53, -0.52, Left
1761466989193, -6.50, -12.58, -0.43, Left
1761466989242, -6.47, -12.78, -0.32, Left
1761466989313, -6.35, -12.68, -0.27, Left
1761466989356, -6.22, -12.65, -0.22, Left
1761466989399, -6.14, -12.53, -0.21, Left
1761466989444, -6.12, -12.50, -0.21, Left
1761466989493, -6.04, -12.59, -0.16, Left
1761466989586, -6.05, -12.53, -0.21, Left
1761466989629, -6.04, -12.49, -0.22, Left
1761466989675, -6.10, -12.48, -0.23, Left
1761466989722, -6.12, -12.48, -0.27, Left
1761466989768, -6.14, -12.41, -0.29, Left
1761466989859, -6.25, -12.46, -0.31, Left
1761466989906, -6.35, -12.51, -0.30, Left
1761466989951, -6.40, -12.64, -0.25, Left
1761466989996, -6.55, -12.62, -0.26, Left
1761466990047, -6.63, -12.43, -0.27, Left
1761466990116, -6.56, -12.54, -0.15, Left
1761466990160, -6.54, -12.64, -0.09, Left
1761466990207, -6.46, -12.69, -0.03, Left
1761466990254, -6.42, -12.79, 0.02, Left
1761466990297, -6.41, -12.74, 0.03, Left
1761466990386, -6.35, -12.81, 0.05, Left
1761466990430, -6.29, -12.89, 0.07, Left
1761466990474, -6.24, -12.95, 0.07, Left
1761466990517, -6.19, -13.02, 0.09, Left
1761466990561, -6.24, -13.08, 0.07, Left
1761466990662, -6.18, -13.10, 0.03, Left
1761466990707, -6.16, -13.10, -0.01, Left
1761466990752, -6.19, -13.16, -0.06, Left
1761466990795, -6.15, -12.73, -0.12, Left
1761466990839, -6.20, -12.31, -0.20, Left
1761466990916, -6.11, -12.01, -0.21, Left
1761466990966, -6.06, -11.58, -0.26, Left
1761466991014, -5.97, -11.18, -0.28, Left
1761466991059, -5.84, -10.85, -0.31, Left
1761466991108, -5.70, -10.54, -0.30, Left
1761466991194, -5.67, -10.28, -0.31, Left
1761466991250, -5.59, -9.89, -0.31, Forward
1761466991298, -5.43, -9.56, -0.28, Forward
1761466991342, -5.46, -9.76, -0.25, Forward
1761466991392, -5.35, -10.08, -0.18, Left
1761466991458, -5.43, -10.18, -0.14, Left
1761466991502, -5.44, -10.39, -0.09, Left
1761466991547, -5.49, -10.56, -0.03, Left
1761466991593, -5.50, -10.79, 0.06, Left
1761466991641, -5.55, -11.02, 0.13, Left
1761466991718, -5.65, -11.07, 0.16, Left
1761466991762, -5.70, -11.28, 0.21, Left
1761466991804, -5.82, -11.43, 0.22, Left
1761466991848, -5.81, -11.42, 0.24, Left
1761466991892, -5.87, -11.36, 0.21, Left
1761466991986, -5.87, -11.09, 0.17, Left
1761466992030, -5.93, -10.76, 0.12, Left
1761466992074, -6.01, -10.49, 0.08, Left
1761466992119, -6.10, -10.33, -0.00, Left
1761466992163, -6.09, -10.19, -0.09, Left
1761466992262, -6.10, -9.98, -0.18, Forward
1761466992307, -6.04, -9.83, -0.22, Forward
1761466992351, -6.01, -9.62, -0.25, Forward
1761466992397, -6.03, -9.58, -0.36, Forward
1761466992442, -5.98, -9.67, -0.38, Forward
1761466992516, -5.96, -10.06, -0.45, Left
1761466992568, -5.88, -10.49, -0.49, Left
1761466992618, -5.77, -10.88, -0.53, Left
1761466992667, -5.67, -11.22, -0.60, Left
1761466992720, -5.64, -11.48, -0.69, Left
1761466992789, -5.58, -11.87, -0.73, Left
1761466992837, -5.66, -12.07, -0.86, Left
1761466992885, -5.69, -12.38, -0.97, Left
1761466992929, -5.67, -12.49, -1.01, Left
1761466992976, -5.69, -12.52, -1.05, Left
1761466993052, -5.71, -12.43, -1.10, Left
1761466993099, -5.67, -12.45, -1.12, Left
1761466993149, -5.67, -12.42, -1.16, Left
1761466993197, -5.67, -12.36, -1.16, Left
1761466993244, -5.72, -12.29, -1.15, Left
1761466993315, -5.70, -12.19, -1.18, Left
1761466993363, -5.68, -12.22, -1.19, Left
1761466993409, -5.62, -12.15, -1.21, Left
1761466993455, -5.62, -12.24, -1.21, Left
1761466993500, -5.63, -12.26, -1.22, Left
1761466993588, -5.74, -12.01, -1.30, Left
1761466993631, -5.99, -11.64, -1.40, Left
1761466993680, -6.18, -11.32, -1.48, Left
1761466993727, -6.30, -11.17, -1.56, Left
1761466993772, -6.33, -11.06, -1.61, Left
1761466993848, -6.43, -11.00, -1.66, Left
1761466993897, -6.50, -10.90, -1.69, Left
1761466993949, -6.62, -10.83, -1.73, Left
1761466993997, -6.60, -10.76, -1.73, Left
1761466994046, -6.59, -10.74, -1.74, Left
1761466994118, -6.44, -10.98, -1.65, Left
1761466994168, -6.26, -11.21, -1.59, Left
1761466994216, -6.09, -11.48, -1.53, Left
1761466994265, -5.99, -11.57, -1.46, Left
1761466994314, -5.93, -11.69, -1.41, Left
1761466994389, -5.91, -11.72, -1.34, Left
1761466994435, -5.92, -11.85, -1.31, Left
1761466994485, -5.91, -11.99, -1.27, Left
1761466994532, -5.88, -12.04, -1.25, Left
1761466994581, -5.81, -12.14, -1.19, Left
1761466994651, -5.82, -12.26, -1.16, Left
1761466994698, -5.85, -12.37, -1.15, Left
1761466994749, -5.89, -12.49, -1.13, Left
1761466994797, -5.97, -12.50, -1.12, Left
1761466994850, -5.97, -12.49, -1.09, Left
1761466994914, -5.97, -12.55, -1.09, Left
1761466994960, -5.89, -12.53, -1.05, Left
1761466995005, -5.82, -12.56, -0.99, Left
1761466995050, -5.91, -12.55, -0.99, Left
1761466995097, -6.04, -12.55, -1.02, Left
1761466995189, -6.14, -12.31, -1.08, Left
1761466995233, -6.20, -12.21, -1.08, Left
1761466995282, -6.25, -12.01, -1.11, Left
1761466995331, -6.27, -11.83, -1.15, Left
1761466995378, -6.35, -11.63, -1.24, Left
1761466995455, -6.40, -11.53, -1.26, Left
1761466995504, -6.49, -11.47, -1.29, Left
1761466995549, -6.58, -11.31, -1.36, Left
1761466995596, -6.67, -11.26, -1.36, Left
1761466995642, -6.62, -11.17, -1.36, Left
1761466995716, -6.61, -11.32, -1.32, Left
1761466995764, -6.59, -11.43, -1.27, Left
1761466995817, -6.59, -11.54, -1.23, Left
1761466995867, -6.59, -11.73, -1.21, Left
1761466995917, -6.53, -11.92, -1.18, Left
1761466995987, -6.40, -11.92, -1.14, Left
1761466996031, -6.27, -11.91, -1.12, Left
1761466996081, -6.12, -11.95, -1.06, Left
1761466996129, -6.01, -11.96, -1.08, Left
1761466996175, -6.01, -11.94, -1.08, Left
1761466996248, -6.12, -11.66, -1.12, Left
1761466996299, -6.18, -11.43, -1.17, Left
1761466996347, -6.18, -11.24, -1.20, Left
1761466996394, -6.14, -11.11, -1.16, Left
1761466996440, -6.14, -11.05, -1.14, Left
1761466996517, -6.23, -11.06, -1.10, Left
1761466996563, -6.34, -11.03, -1.07, Left
1761466996610, -6.50, -10.96, -1.06, Left
1761466996657, -6.64, -10.98, -1.03, Left
1761466996701, -6.80, -11.04, -1.00, Left
1761466996789, -6.75, -11.46, -0.87, Left
1761466996836, -6.76, -11.82, -0.77, Left
1761466996886, -6.85, -12.15, -0.65, Left
1761466996933, -6.84, -12.37, -0.58, Left
1761466996982, -6.86, -12.55, -0.51, Left
1761466997049, -6.93, -12.64, -0.45, Left
1761466997097, -6.99, -12.73, -0.40, Left
1761466997149, -6.96, -12.92, -0.29, Left
1761466997197, -6.87, -12.94, -0.22, Left
1761466997243, -6.76, -13.02, -0.12, Left
1761466997315, -6.71, -12.99, -0.08, Left
1761466997363, -6.67, -12.95, -0.05, Left
1761466997409, -6.62, -12.89, -0.04, Left
1761466997455, -6.65, -12.77, -0.09, Left
1761466997500, -6.68, -12.66, -0.13, Left
1761466997589, -6.73, -12.38, -0.14, Left
1761466997633, -6.75, -12.10, -0.16, Left
1761466997679, -6.72, -11.81, -0.10, Left
1761466997725, -6.75, -11.61, -0.07, Left
1761466997770, -6.76, -11.31, -0.07, Left
1761466997853, -6.74, -11.17, -0.11, Left
1761466997899, -6.72, -11.02, -0.14, Left
1761466997950, -6.76, -10.83, -0.20, Left
1761466997995, -6.86, -10.87, -0.16, Left
1761466998041, -6.88, -10.86, -0.12, Left
1761466998116, -6.85, -11.09, -0.11, Left
1761466998167, -6.84, -11.36, -0.12, Left
1761466998216, -6.90, -11.56, -0.19, Left
1761466998270, -6.90, -11.76, -0.19, Left
1761466998316, -6.94, -11.90, -0.17, Left
1761466998390, -7.03, -11.88, -0.16, Left
1761466998437, -7.10, -11.91, -0.12, Left
1761466998482, -7.11, -11.99, -0.06, Left
1761466998529, -7.20, -11.94, -0.08, Left
1761466998576, -7.34, -11.94, -0.11, Left
1761466998651, -7.42, -11.83, -0.09, Left
1761466998702, -7.43, -11.75, -0.09, Left
1761466998749, -7.46, -11.69, -0.09, Left
1761466998798, -7.48, -11.53, -0.10, Left
1761466998848, -7.51, -11.50, -0.13, Left
1761466998916, -7.52, -11.34, -0.13, Left
1761466998964, -7.56, -11.17, -0.12, Left
1761466999014, -7.62, -11.04, -0.10, Left
1761466999062, -7.52, -10.88, -0.00, Left
1761466999109, -7.48, -10.64, 0.06, Left
1761466999189, -7.42, -10.62, 0.11, Left
1761466999232, -7.51, -10.53, 0.15, Left
1761466999279, -7.52, -10.50, 0.17, Left
1761466999325, -7.60, -10.50, 0.18, Left
1761466999370, -7.71, -10.47, 0.21, Left
1761466999448, -7.74, -10.69, 0.24, Left
1761466999496, -7.75, -10.84, 0.24, Left
1761466999542, -7.73, -10.92, 0.23, Left
1761466999589, -7.75, -11.05, 0.19, Left
1761466999636, -7.80, -11.34, 0.18, Left
1761466999717, -7.89, -11.40, 0.16, Left
1761466999764, -7.86, -11.52, 0.14, Left
1761466999817, -7.96, -11.54, 0.12, Left
1761466999865, -7.99, -11.58, 0.08, Left
1761466999915, -8.00, -11.61, 0.03, Left
1761466999991, -7.99, -11.55, 0.05, Left
1761467000042, -7.93, -11.53, 0.07, Left
1761467000090, -7.89, -11.52, 0.11, Left
1761467000138, -7.87, -11.42, 0.10, Left
1761467000184, -7.76, -11.30, 0.12, Left
1761467000249, -7.77, -11.14, 0.08, Left
1761467000299, -7.74, -11.06, 0.12, Left
1761467000350, -7.72, -10.93, 0.11, Left
1761467000396, -7.67, -10.79, 0.13, Left
1761467000446, -7.63, -10.65, 0.15, Left
1761467000515, -7.55, -10.56, 0.16, Left
1761467000563, -7.49, -10.47, 0.16, Left
1761467000611, -7.46, -10.34, 0.16, Left
1761467000658, -7.51, -10.15, 0.13, Left
1761467000704, -7.58, -9.92, 0.09, Forward
1761467000789, -7.58, -9.94, 0.13, Forward
1761467000832, -7.64, -9.86, 0.09, Forward
1761467000879, -7.64, -9.91, 0.13, Forward
1761467000925, -7.61, -10.06, 0.15, Left
1761467000971, -7.59, -10.18, 0.15, Left
1761467001051, -7.68, -10.40, 0.16, Left
1761467001099, -7.81, -10.59, 0.16, Left
1761467001148, -7.86, -10.83, 0.18, Left
1761467001200, -7.76, -11.21, 0.32, Left
1761467001249, -7.68, -11.58, 0.44, Left
1761467001314, -7.64, -11.74, 0.49, Left
1761467001363, -7.58, -11.91, 0.57, Left
1761467001409, -7.53, -12.05, 0.62, Left
1761467001456, -7.46, -12.11, 0.67, Left
1761467001503, -7.40, -12.16, 0.73, Left
1761467001588, -7.38, -12.12, 0.74, Left
1761467001635, -7.30, -12.08, 0.77, Left
1761467001680, -7.34, -12.03, 0.78, Left
1761467001727, -7.48, -12.09, 0.69, Left
1761467001773, -7.62, -12.19, 0.64, Left
1761467001846, -7.64, -12.36, 0.63, Left
1761467001892, -7.66, -12.50, 0.62, Left
1761467001940, -7.68, -12.65, 0.62, Left
1761467001984, -7.77, -12.80, 0.63, Left
1761467002029, -7.85, -12.94, 0.64, Left
1761467002114, -7.86, -13.06, 0.65, Left
1761467002162, -7.94, -13.21, 0.66, Left
1761467002208, -8.03, -13.33, 0.64, Left
1761467002254, -8.00, -13.40, 0.74, Left
1761467002300, -8.03, -13.35, 0.76, Left
1761467002391, -8.06, -13.31, 0.75, Left
1761467002440, -8.10, -13.30, 0.74, Left
1761467002490, -8.13, -13.28, 0.72, Left
1761467002541, -8.20, -13.16, 0.74, Left
1761467002589, -8.28, -13.08, 0.71, Left
1761467002651, -8.37, -12.91, 0.68, Left
1761467002697, -8.42, -12.74, 0.65, Left
1761467002745, -8.40, -12.65, 0.66, Left
1761467002791, -8.40, -12.59, 0.64, Left
1761467002836, -8.36, -12.61, 0.69, Left
1761467002916, -8.28, -12.36, 0.70, Left
1761467002965, -8.20, -12.08, 0.76, Left
1761467003012, -8.14, -11.81, 0.81, Left
1761467003059, -7.97, -11.68, 0.89, Left
1761467003105, -7.65, -11.49, 0.99, Left
1761467003189, -7.52, -11.52, 1.05, Left
1761467003234, -7.44, -11.45, 1.08, Left
1761467003280, -7.30, -11.34, 1.12, Left
1761467003329, -7.30, -11.16, 1.11, Left
1761467003375, -7.26, -11.05, 1.12, Left
1761467003447, -7.34, -11.18, 1.11, Left
1761467003498, -7.42, -11.32, 1.06, Left
1761467003545, -7.52, -11.52, 1.04, Left
1761467003591, -7.62, -11.61, 0.98, Left
1761467003638, -7.77, -11.75, 0.95, Left
1761467003714, -7.76, -11.76, 0.98, Left
1761467003762, -7.70, -11.86, 1.04, Left
1761467003811, -7.68, -11.96, 1.08, Left
1761467003858, -7.61, -11.97, 1.12, Left
1761467003907, -7.66, -11.93, 1.09, Left
1761467003975, -7.57, -11.83, 1.13, Left
1761467004022, -7.57, -11.70, 1.16, Left
1761467004069, -7.47, -11.61, 1.19, Left
1761467004113, -7.46, -11.58, 1.19, Left
1761467004164, -7.50, -11.37, 1.17, Left
1761467004248, -7.63, -11.16, 1.13, Left
1761467004297, -7.69, -10.83, 1.10, Left
1761467004346, -7.76, -10.52, 1.04, Left
1761467004396, -7.86, -10.35, 1.00, Left
1761467004445, -7.86, -10.18, 0.98, Left
1761467004516, -7.91, -10.13, 0.98, Left
1761467004564, -7.90, -10.07, 1.00, Left
1761467004611, -7.96, -9.96, 0.98, Forward
1761467004657, -8.00, -10.06, 1.01, Left
1761467004703, -8.04, -10.36, 1.04, Left
1761467004773, -8.01, -10.73, 1.09, Left
1761467004820, -8.05, -11.17, 1.12, Left
1761467004864, -8.09, -11.60, 1.18, Left
1761467004912, -8.06, -11.95, 1.25, Left
1761467004962, -7.99, -12.34, 1.36, Left
1761467005047, -8.02, -12.53, 1.40, Left
1761467005096, -8.01, -12.77, 1.44, Left
1761467005142, -7.99, -12.98, 1.50, Left
1761467005188, -7.97, -13.04, 1.55, Left
1761467005233, -8.01, -13.05, 1.56, Left
1761467005319, -7.96, -12.97, 1.59, Left
1761467005364, -7.93, -12.90, 1.62, Left
1761467005412, -7.87, -12.84, 1.70, Left
1761467005458, -7.88, -12.75, 1.72, Left
1761467005506, -7.91, -12.62, 1.70, Left
1761467005573, -7.91, -12.70, 1.74, Left
1761467005620, -7.92, -12.77, 1.77, Left
1761467005667, -7.93, -12.84, 1.81, Left
1761467005716, -7.92, -12.84, 1.82, Left
1761467005763, -7.87, -12.86, 1.85, Left
1761467005848, -7.90, -12.98, 1.82, Left
1761467005896, -7.90, -13.08, 1.79, Left
1761467005946, -7.94, -13.23, 1.73, Left
1761467005994, -7.93, -13.09, 1.68, Left
1761467006039, -7.87, -13.04, 1.66, Left
1761467006115, -7.76, -12.69, 1.61, Left
1761467006164, -7.64, -12.37, 1.57, Left
1761467006211, -7.52, -12.06, 1.52, Left
1761467006257, -7.56, -11.86, 1.46, Left
1761467006304, -7.56, -11.65, 1.42, Left
1761467006374, -7.55, -11.48, 1.43, Left
1761467006420, -7.55, -11.39, 1.45, Left
1761467006463, -7.56, -11.21, 1.46, Left
1761467006512, -7.53, -11.33, 1.51, Left
1761467006562, -7.56, -11.39, 1.53, Left
1761467006648, -7.65, -11.75, 1.59, Left
1761467006698, -7.70, -12.04, 1.65, Left
1761467006751, -7.82, -12.29, 1.69, Left
1761467006797, -7.68, -12.48, 1.78, Left
1761467006845, -7.60, -12.64, 1.85, Left
1761467006917, -7.65, -12.66, 1.87, Left
1761467006961, -7.64, -12.68, 1.88, Left
1761467007008, -7.62, -12.74, 1.89, Left
1761467007055, -7.61, -12.78, 1.90, Left
1761467007102, -7.51, -12.79, 1.92, Left
1761467007177, -9.57, -14.27, 18.57, Left
1761467007224, -11.68, -15.78, 35.21, Left
1761467007271, -13.76, -17.33, 51.89, Left
1761467007315, -15.85, -18.83, 68.59, Left
1761467007361, -17.87, -20.47, 85.28, Left
1761467007443, -17.77, -20.60, 85.24, Left
1761467007489, -17.78, -20.74, 85.17, Left
1761467007535, -17.79, -20.84, 85.10, Left
1761467007581, -17.64, -20.94, 85.18, Left
1761467007629, -17.61, -21.02, 85.20, Left
1761467007716, -15.40, -19.32, 68.57, Left
1761467007761, -13.17, -17.51, 51.88, Left
1761467007813, -10.92, -15.75, 35.20, Left
1761467007861, -8.88, -14.03, 18.42, Left
1761467007907, -6.81, -12.22, 1.64, Left
1761467007975, -6.81, -11.95, 1.64, Left
1761467008022, -6.83, -11.62, 1.63, Left
1761467008070, -6.86, -11.39, 1.62, Left
1761467008120, -7.01, -11.12, 1.52, Left
1761467008167, -7.04, -10.98, 1.49, Left
1761467008248, -7.08, -11.11, 1.46, Left
1761467008300, -7.18, -11.31, 1.44, Left
1761467008344, -7.27, -11.44, 1.43, Left
1761467008391, -7.21, -11.60, 1.48, Left
1761467008438, -7.15, -11.81, 1.55, Left
1761467008517, -7.11, -11.93, 1.61, Left
1761467008562, -7.04, -12.04, 1.68, Left
1761467008609, -6.91, -12.13, 1.77, Left
1761467008655, -6.85, -12.40, 1.83, Left
1761467008701, -6.86, -12.52, 1.83, Left
1761467008777, -6.91, -12.63, 1.83, Left
1761467008821, -7.00, -12.65, 1.83, Left
1761467008869, -7.04, -12.69, 1.83, Left
1761467008913, -7.05, -12.73, 1.83, Left
1761467008961, -7.22, -12.66, 1.84, Left
1761467009045, -7.27, -12.45, 1.84, Left
1761467009096, -7.34, -12.27, 1.85, Left
1761467009145, -7.52, -12.04, 1.84, Left
1761467009201, -7.62, -11.86, 1.83, Left
1761467009253, -7.72, -11.73, 1.79, Left
1761467009325, -7.83, -11.61, 1.80, Left
1761467009372, -7.84, -11.59, 1.82, Left
1761467009431, -7.90, -11.61, 1.83, Left
1761467009487, -7.92, -11.62, 1.85, Left
1761467009535, -7.84, -11.64, 1.86, Left
1761467009584, -7.89, -11.79, 1.84, Left
1761467009717, -7.86, -11.99, 1.88, Left
1761467009766, -7.73, -12.21, 1.93, Left
1761467009813, -7.66, -12.27, 1.99, Left
1761467009863, -7.64, -12.38, 2.09, Left
1761467009913, -7.58, -12.38, 2.12, Left
1761467009975, -7.58, -12.56, 2.20, Left
1761467010023, -7.50, -12.64, 2.33, Left
1761467010070, -7.52, -12.69, 2.39, Left
1761467010116, -7.55, -12.74, 2.47, Left
1761467010161, -7.56, -12.85, 2.54, Left
1761467010245, -7.68, -12.96, 2.58, Left
1761467010294, -7.82, -13.06, 2.58, Left
1761467010344, -7.95, -13.15, 2.58, Left
1761467010393, -8.02, -13.17, 2.58, Left
1761467010440, -8.04, -13.26, 2.62, Left
1761467010514, -8.05, -12.91, 2.59, Left
1761467010561, -8.18, -12.61, 2.50, Left
1761467010611, -8.31, -12.31, 2.45, Left
1761467010660, -8.39, -12.27, 2.38, Left
1761467010709, -8.46, -12.19, 2.32, Left
1761467010774, -8.45, -12.04, 2.25, Left
1761467010819, -8.44, -12.01, 2.23, Left
1761467010865, -8.42, -11.91, 2.20, Left
1761467010918, -8.44, -11.82, 2.18, Left
1761467010964, -8.44, -11.76, 2.14, Left
1761467011045, -8.38, -11.97, 2.16, Left
1761467011095, -8.34, -12.18, 2.20, Left
1761467011143, -8.25, -12.41, 2.22, Left
1761467011190, -8.30, -12.45, 2.23, Left
1761467011237, -8.26, -12.58, 2.29, Left
1761467011317, -8.18, -12.63, 2.35, Left
1761467011365, -10.35, -14.09, 19.03, Left
1761467011411, -10.28, -14.13, 19.06, Left
1761467011465, -10.30, -14.23, 19.04, Left
1761467011509, -10.33, -14.27, 19.07, Left
1761467011573, -10.37, -14.34, 19.06, Left
1761467011619, -10.31, -14.46, 19.06, Left
1761467011662, -10.34, -14.54, 19.06, Left
1761467011711, -10.27, -14.54, 19.07, Left
1761467011757, -10.26, -14.32, 19.01, Left
1761467011842, -10.29, -14.33, 18.96, Left
1761467011890, -8.04, -12.83, 2.27, Left
1761467011934, -8.04, -12.78, 2.22, Left
1761467011980, -7.96, -12.63, 2.19, Left
1761467012026, -7.87, -12.52, 2.12, Left
1761467012116, -7.72, -12.49, 2.12, Left
1761467012160, -7.60, -12.41, 2.12, Left
1761467012214, -7.43, -12.37, 2.15, Left
1761467012260, -7.38, -12.29, 2.11, Left
1761467012313, -7.29, -12.45, 2.15, Left
1761467012380, -7.24, -12.43, 2.16, Left
1761467012431, -7.22, -12.45, 2.18, Left
1761467012479, -7.19, -12.51, 2.20, Left
1761467012526, -7.16, -12.60, 2.25, Left
1761467012573, -7.23, -12.61, 2.25, Left
1761467012645, -7.31, -12.67, 2.25, Left
1761467012696, -7.39, -12.80, 2.23, Left
1761467012746, -7.45, -12.87, 2.23, Left
1761467012796, -7.32, -12.91, 2.19, Left
1761467012845, -7.22, -13.05, 2.14, Left
1761467012916, -7.03, -13.13, 2.08, Left
1761467012959, -6.87, -13.20, 2.02, Left
1761467013005, -6.72, -13.29, 1.97, Left
1761467013052, -6.55, -13.31, 1.89, Left
1761467013096, -6.27, -13.35, 1.86, Left
1761467013178, -6.21, -13.07, 1.67, Left
1761467013227, -6.05, -12.76, 1.57, Left
1761467013273, -5.99, -12.40, 1.40, Left
1761467013319, -6.08, -12.24, 1.30, Left
1761467013365, -6.19, -11.97, 1.17, Left
1761467013444, -6.26, -11.97, 1.21, Left
1761467013494, -6.31, -11.92, 1.23, Left
1761467013545, -6.37, -11.86, 1.25, Left
1761467013592, -6.52, -11.86, 1.30, Left
1761467013638, -6.67, -11.88, 1.35, Left
1761467013716, -6.63, -12.17, 1.49, Left
1761467013761, -6.72, -12.38, 1.55, Left
1761467013813, -6.71, -12.67, 1.63, Left
1761467013865, -6.61, -12.89, 1.74, Left
1761467013912, -6.49, -13.06, 1.83, Left
1761467013975, -6.57, -13.01, 1.76, Left
1761467014022, -6.61, -12.93, 1.71, Left
1761467014067, -6.66, -12.76, 1.63, Left
1761467014114, -6.60, -12.68, 1.56, Left
1761467014162, -6.62, -12.58, 1.49, Left
1761467014245, -6.65, -12.58, 1.50, Left
1761467014294, -6.66, -12.61, 1.49, Left
1761467014342, -6.69, -12.66, 1.51, Left
1761467014388, -6.82, -12.58, 1.50, Left
1761467014432, -6.93, -12.52, 1.50, Left
1761467014501, -6.89, -12.54, 1.55, Left
1761467014543, -6.90, -12.66, 1.58, Left
1761467014595, -6.89, -12.87, 1.66, Left
1761467014642, -6.94, -12.98, 1.70, Left
1761467014688, -6.90, -13.13, 1.77, Left
1761467014777, -6.94, -13.02, 1.80, Left
1761467014827, -6.97, -13.01, 1.83, Left
1761467014875, -6.95, -12.99, 1.87, Left
1761467014922, -6.94, -13.07, 1.92, Left
1761467014968, -6.95, -13.17, 1.97, Left
1761467015043, -6.94, -13.19, 1.99, Left
1761467015089, -6.83, -13.15, 2.02, Left
1761467015136, -6.80, -13.11, 2.01, Left
1761467015182, -6.73, -13.10, 2.07, Left
1761467015230, -6.76, -13.08, 2.06, Left
1761467015302, -6.74, -12.97, 1.97, Left
1761467015346, -6.63, -12.73, 1.93, Left
1761467015394, -6.61, -12.50, 1.87, Left
1761467015448, -6.44, -12.34, 1.87, Left
1761467015494, -6.43, -12.03, 1.79, Left
1761467015579, -6.46, -11.88, 1.74, Left
1761467015628, -6.56, -11.73, 1.67, Left
1761467015678, -6.62, -11.61, 1.64, Left
1761467015723, -6.70, -11.65, 1.61, Left
1761467015768, -6.72, -11.58, 1.60, Left
1761467015843, -6.72, -11.79, 1.64, Left
1761467015888, -6.78, -12.00, 1.61, Left
1761467015942, -6.82, -12.20, 1.58, Left
1761467015991, -6.91, -12.26, 1.57, Left
1761467016049, -6.91, -12.46, 1.62, Left
1761467016100, -6.88, -12.55, 1.65, Left
1761467016149, -6.89, -12.65, 1.67, Left
1761467016193, -6.89, -12.71, 1.68, Left
1761467016238, -6.87, -12.64, 1.64, Left
1761467016281, -6.87, -12.51, 1.60, Left
1761467016370, -6.86, -12.16, 1.64, Left
1761467016413, -6.86, -11.97, 1.69, Left
1761467016459, -6.83, -11.77, 1.77, Left
1761467016505, -7.00, -11.73, 1.68, Left
1761467016553, -7.05, -11.61, 1.62, Left
1761467016643, -7.07, -11.59, 1.61, Left
1761467016690, -7.06, -11.54, 1.63, Left
1761467016736, -7.08, -11.48, 1.66, Left
1761467016781, -7.14, -11.40, 1.67, Left
1761467016828, -7.23, -11.42, 1.67, Left
1761467016901, -7.30, -11.58, 1.62, Left
1761467016945, -7.41, -11.59, 1.57, Left
1761467016993, -7.54, -11.62, 1.48, Left
1761467017047, -7.49, -11.56, 1.51, Left
1761467017092, -7.51, -11.48, 1.52, Left
1761467017176, -7.60, -11.31, 1.56, Left
1761467017224, -7.64, -11.17, 1.54, Left
1761467017271, -7.65, -11.04, 1.50, Left
1761467017318, -7.59, -10.97, 1.54, Left
1761467017360, -7.51, -10.91, 1.57, Left
1761467017443, -7.56, -10.90, 1.58, Left
1761467017487, -7.52, -10.85, 1.61, Left
1761467017535, -7.49, -10.80, 1.64, Left
1761467017582, -7.49, -10.86, 1.66, Left
1761467017625, -7.39, -10.95, 1.73, Left
1761467017698, -7.43, -11.03, 1.69, Left
1761467017744, -7.48, -11.05, 1.68, Left
1761467017788, -7.55, -11.04, 1.67, Left
1761467017835, -7.65, -10.99, 1.61, Left
1761467017885, -7.71, -10.95, 1.56, Left
1761467017970, -7.74, -10.96, 1.57, Left
1761467018019, -7.88, -10.98, 1.57, Left
1761467018066, -8.00, -11.01, 1.56, Left
1761467018110, -8.00, -10.91, 1.54, Left
1761467018155, -8.13, -10.88, 1.47, Left
1761467018245, -8.02, -10.99, 1.54, Left
1761467018290, -7.97, -11.11, 1.58, Left
1761467018336, -7.94, -11.16, 1.59, Left
1761467018383, -7.91, -11.31, 1.59, Left
1761467018429, -7.89, -11.49, 1.63, Left
1761467018503, -7.89, -11.60, 1.65, Left
1761467018550, -7.85, -11.74, 1.66, Left
1761467018597, -7.84, -11.88, 1.67, Left
1761467018642, -7.90, -12.03, 1.70, Left
1761467018686, -7.90, -12.04, 1.71, Left
1761467018770, -8.03, -11.80, 1.61, Left
1761467018817, -8.16, -11.59, 1.54, Left
1761467018862, -8.27, -11.50, 1.47, Left
1761467018906, -8.27, -11.41, 1.45, Left
1761467018953, -8.27, -11.30, 1.41, Left
1761467019045, -8.21, -11.27, 1.37, Left
1761467019089, -8.19, -11.27, 1.35, Left
1761467019135, -8.16, -11.28, 1.34, Left
1761467019185, -8.16, -11.25, 1.30, Left
1761467019234, -8.17, -11.28, 1.30, Left
1761467019304, -8.16, -11.49, 1.30, Left
1761467019357, -8.17, -11.76, 1.33, Left
1761467019400, -8.13, -11.97, 1.40, Left
1761467019447, -8.09, -12.09, 1.45, Left
1761467019496, -8.03, -12.22, 1.51, Left
1761467019571, -9.97, -13.83, 18.25, Left
1761467019614, -12.04, -15.25, 35.00, Left
1761467019659, -14.01, -16.77, 51.73, Left
1761467019706, -13.82, -16.98, 51.81, Left
1761467019754, -13.60, -17.11, 51.88, Left
1761467019842, -13.38, -17.11, 51.92, Left
1761467019888, -13.11, -17.18, 51.91, Left
1761467019934, -12.88, -17.23, 51.90, Left
1761467019980, -12.69, -17.31, 51.88, Left
1761467020024, -12.57, -17.33, 51.87, Left
1761467020104, -10.51, -15.85, 35.15, Left
1761467020150, -8.25, -14.38, 18.43, Left
1761467020195, -6.11, -12.91, 1.70, Left
1761467020240, -6.10, -12.66, 1.66, Left
1761467020286, -6.14, -12.69, 1.63, Left
1761467020371, -6.11, -12.67, 1.67, Left
1761467020418, -6.08, -12.54, 1.75, Left
1761467020466, -6.05, -12.46, 1.81, Left
1761467020511, -6.16, -12.44, 1.81, Left
1761467020554, -6.19, -12.46, 1.83, Left
1761467020643, -6.24, -12.39, 1.85, Left
1761467020695, -6.31, -12.45, 1.86, Left
1761467020743, -6.40, -12.40, 1.86, Left
1761467020792, -6.32, -12.26, 1.82, Left
1761467020840, -6.37, -11.94, 1.75, Left
1761467020898, -6.45, -11.76, 1.66, Left
1761467020941, -6.51, -11.58, 1.59, Left
1761467020986, -6.59, -11.40, 1.52, Left
1761467021035, -6.60, -11.18, 1.48, Left
1761467021082, -6.64, -11.05, 1.49, Left
1761467021169, -6.63, -11.10, 1.44, Left
1761467021212, -6.59, -11.12, 1.41, Left
1761467021256, -6.52, -11.13, 1.39, Left
1761467021302, -6.62, -11.27, 1.41, Left
1761467021348, -6.58, -11.45, 1.46, Left
1761467021443, -6.48, -11.75, 1.55, Left
1761467021491, -6.46, -12.06, 1.60, Left
1761467021536, -6.35, -12.35, 1.68, Left
1761467021579, -6.45, -12.23, 1.66, Left
1761467021622, -6.50, -12.04, 1.60, Left
1761467021700, -6.53, -11.81, 1.60, Left
1761467021744, -6.55, -11.61, 1.60, Left
1761467021791, -6.57, -11.44, 1.62, Left
1761467021842, -6.58, -11.33, 1.62, Left
1761467021899, -6.65, -11.31, 1.59, Left
1761467021978, -6.69, -11.29, 1.58, Left
1761467022027, -6.75, -11.21, 1.57, Left
1761467022071, -6.81, -11.15, 1.53, Left
1761467022120, -6.64, -11.43, 1.64, Left
1761467022164, -6.49, -11.71, 1.72, Left
1761467022242, -6.39, -11.97, 1.79, Left
1761467022284, -6.33, -12.11, 1.80, Left
1761467022328, -6.28, -12.25, 1.82, Left
1761467022372, -6.25, -12.40, 1.85, Left
1761467022416, -6.14, -12.53, 1.92, Left
1761467022500, -6.24, -12.58, 1.93, Left
1761467022546, -6.27, -12.70, 1.96, Left
1761467022590, -6.31, -12.76, 1.99, Left
1761467022638, -6.37, -12.85, 1.97, Left
1761467022683, -6.51, -12.78, 1.94, Left
1761467022773, -6.58, -12.76, 1.94, Left
1761467022823, -6.63, -12.80, 1.96, Left
1761467022867, -6.69, -12.89, 1.98, Left
1761467022910, -6.74, -13.05, 2.00, Left
1761467022953, -6.81, -13.08, 2.01, Left
1761467023043, -6.73, -13.00, 2.03, Left
1761467023087, -6.68, -12.91, 2.05, Left
1761467023133, -6.69, -12.85, 2.07, Left
1761467023177, -6.85, -12.44, 1.98, Left
1761467023223, -6.90, -12.20, 1.94, Left
1761467023300, -6.90, -11.87, 1.92, Left
1761467023345, -6.89, -11.62, 1.90, Left
1761467023390, -6.96, -11.31, 1.89, Left
1761467023444, -6.98, -10.89, 1.87, Left
1761467023492, -7.05, -10.57, 1.86, Left
1761467023575, -7.02, -10.43, 1.85, Left
1761467023623, -7.06, -10.24, 1.82, Left
1761467023668, -7.08, -10.10, 1.80, Left
1761467023713, -7.00, -10.27, 1.88, Left
1761467023757, -6.90, -10.40, 1.90, Left
1761467023844, -6.97, -10.56, 1.89, Left
1761467023892, -7.08, -10.71, 1.84, Left
1761467023941, -6.99, -10.93, 1.87, Left
1761467023984, -7.03, -11.27, 1.89, Left
1761467024032, -6.97, -11.56, 1.92, Left
1761467024097, -7.10, -11.66, 1.93, Left
1761467024143, -7.13, -11.92, 1.96, Left
1761467024186, -7.20, -12.14, 1.98, Left
1761467024234, -7.21, -12.41, 2.02, Left
1761467024282, -7.20, -12.59, 2.06, Left
1761467024372, -7.14, -12.75, 2.08, Left
1761467024417, -7.06, -12.82, 2.13, Left
1761467024468, -7.10, -12.85, 2.11, Left
1761467024518, -7.09, -12.74, 2.03, Left
1761467024562, -7.05, -12.75, 1.99, Left
1761467024645, -6.98, -12.61, 1.93, Left
1761467024691, -6.94, -12.38, 1.86, Left
1761467024736, -6.87, -12.14, 1.80, Left
1761467024781, -6.72, -11.93, 1.75, Left
1761467024829, -6.69, -11.83, 1.73, Left
1761467024898, -6.72, -11.79, 1.69, Left
1761467024944, -6.76, -11.77, 1.64, Left
1761467024988, -6.75, -11.75, 1.61, Left
1761467025037, -6.68, -11.81, 1.65, Left
1761467025169, -6.64, -11.84, 1.70, Left
1761467025217, -6.58, -12.05, 1.76, Left
1761467025298, -6.70, -12.21, 1.76, Left
1761467025343, -6.72, -12.40, 1.79, Left
1761467025387, -6.77, -12.52, 1.83, Left
1761467025434, -6.80, -12.53, 1.83, Left
1761467025575, -6.77, -12.45, 1.82, Left
1761467025617, -6.70, -12.37, 1.82, Left
1761467025699, -6.75, -12.46, 1.87, Left
1761467025743, -6.84, -12.53, 1.88, Left
1761467025788, -6.94, -12.53, 1.87, Left
1761467025832, -7.05, -12.54, 1.86, Left
1761467025973, -6.96, -12.48, 1.94, Left
1761467026016, -6.97, -12.44, 1.97, Left
1761467026105, -6.96, -12.43, 1.97, Left
1761467026152, -7.02, -12.48, 1.99, Left
1761467026202, -7.03, -12.50, 2.03, Left
1761467026251, -7.05, -12.43, 2.09, Left
1761467026370, -6.93, -12.12, 2.10, Left
1761467026416, -6.85, -11.95, 2.13, Left
1761467026498, -6.80, -11.75, 2.14, Left
1761467026543, -6.71, -11.59, 2.13, Left
1761467026587, -6.68, -11.53, 2.10, Left
1761467026634, -6.62, -11.52, 2.09, Left
1761467026776, -6.61, -11.61, 2.13, Left
1761467026820, -6.62, -11.63, 2.17, Left
1761467026900, -6.62, -11.75, 2.21, Left
1761467026948, -6.59, -12.05, 2.25, Left
1761467026994, -6.61, -12.44, 2.33, Left
1761467027041, -6.63, -12.63, 2.33, Left
1761467027173, -6.67, -12.84, 2.33, Left
1761467027217, -6.76, -13.01, 2.39, Left
1761467027297, -6.74, -13.24, 2.46, Left
1761467027343, -6.77, -13.33, 2.50, Left
1761467027389, -6.79, -13.35, 2.51, Left
1761467027433, -6.81, -13.41, 2.53, Left
1761467027570, -6.84, -13.45, 2.57, Left
1761467027615, -6.98, -13.39, 2.54, Left
1761467027699, -7.08, -13.28, 2.49, Left
1761467027747, -7.15, -13.22, 2.48, Left
1761467027795, -7.17, -13.16, 2.49, Left
1761467027841, -7.28, -12.89, 2.39, Left
1761467027974, -7.32, -12.57, 2.32, Left
1761467028023, -7.34, -12.20, 2.27, Left
1761467028100, -7.38, -11.91, 2.18, Left
1761467028146, -7.36, -11.56, 2.11, Left
1761467028191, -7.36, -11.16, 1.99, Left
1761467028236, -7.38, -10.89, 1.96, Left
1761467028371, -7.45, -10.62, 1.87, Left
1761467028417, -7.48, -10.42, 1.82, Left
1761467028501, -7.60, -10.18, 1.75, Left
1761467028546, -7.55, -10.15, 1.82, Left
1761467028592, -7.69, -10.14, 1.81, Left
1761467028637, -7.74, -10.43, 1.80, Left
1761467028774, -7.80, -10.59, 1.82, Left
1761467028826, -7.90, -10.89, 1.86, Left
1761467028902, -7.95, -10.99, 1.89, Left
1761467028949, -7.95, -11.01, 1.89, Left
1761467028999, -7.94, -11.11, 1.93, Left
1761467029050, -7.98, -11.20, 1.94, Left
1761467029174, -7.91, -11.20, 1.91, Left
1761467029223, -7.94, -11.16, 1.83, Left
1761467029307, -7.84, -11.21, 1.84, Left
1761467029357, -7.86, -11.05, 1.81, Left
1761467029407, -7.87, -10.96, 1.80, Left
1761467029456, -7.87, -10.72, 1.78, Left
1761467029574, -7.91, -10.79, 1.83, Left
1761467029623, -7.85, -10.85, 1.88, Left
1761467029701, -7.90, -10.69, 1.87, Left
1761467029745, -7.90, -10.51, 1.88, Left
1761467029790, -7.94, -10.44, 1.94, Left
1761467029836, -7.86, -10.57, 2.01, Left
1761467029972, -7.90, -10.73, 2.04, Left
1761467030039, -7.88, -10.94, 2.10, Left
1761467030104, -7.93, -11.05, 2.13, Left
1761467030151, -7.89, -11.27, 2.18, Left
1761467030197, -7.92, -11.46, 2.19, Left
1761467030240, -7.94, -11.65, 2.16, Left
1761467030370, -7.92, -11.97, 2.18, Left
1761467030413, -7.90, -12.33, 2.22, Left
1761467030497, -7.91, -12.60, 2.23, Left
1761467030542, -7.99, -12.73, 2.25, Left
1761467030585, -8.00, -12.76, 2.26, Left
1761467030629, -7.99, -12.74, 2.26, Left
1761467030772, -7.97, -12.74, 2.25, Left
1761467030822, -8.03, -12.74, 2.22, Left
1761467030904, -8.08, -12.62, 2.14, Left
1761467030950, -8.15, -12.55, 2.07, Left
1761467030994, -8.16, -12.57, 2.06, Left
1761467031037, -8.24, -12.29, 1.99, Left
1761467031172, -8.19, -12.37, 1.99, Left
1761467031218, -8.18, -12.36, 1.93, Left
1761467031301, -8.17, -12.30, 1.90, Left
1761467031345, -8.16, -12.26, 1.90, Left
1761467031389, -8.12, -12.24, 1.92, Left
1761467031442, -8.01, -12.27, 1.94, Left
1761467031572, -8.13, -12.14, 1.96, Left
1761467031615, -8.25, -11.99, 2.02, Left
1761467031701, -8.38, -11.76, 2.07, Left
1761467031750, -8.51, -11.79, 2.14, Left
1761467031793, -8.75, -11.58, 2.19, Left
1761467031835, -8.82, -11.63, 2.43, Left
1761467031972, -8.92, -11.49, 2.54, Left
1761467032020, -9.05, -11.36, 2.64, Left
1761467032103, -8.96, -11.28, 2.72, Left
1761467032149, -8.96, -11.15, 2.80, Left
1761467032195, -8.71, -11.24, 2.91, Left
1761467032240, -8.46, -11.44, 2.97, Left
1761467032371, -8.24, -11.82, 3.00, Left
1761467032420, -7.97, -12.13, 3.04, Left
1761467032505, -7.69, -12.58, 3.04, Left
1761467032557, -7.47, -12.75, 2.90, Left
1761467032612, -7.20, -13.26, 2.87, Left
1761467032661, -7.05, -13.45, 2.67, Left
1761467032773, -7.14, -13.55, 2.52, Left
1761467032816, -7.27, -13.62, 2.35, Left
1761467032897, -7.45, -13.73, 2.21, Left
1761467032950, -7.66, -13.70, 2.07, Left
1761467032999, -7.81, -13.50, 1.97, Left
1761467033049, -8.02, -13.26, 1.82, Left
1761467033171, -8.09, -13.01, 1.71, Left
1761467033215, -8.31, -12.76, 1.54, Left
1761467033302, -8.47, -12.55, 1.41, Left
1761467033349, -8.53, -12.61, 1.41, Left
1761467033399, -8.52, -12.74, 1.40, Left
1761467033448, -8.55, -12.83, 1.32, Left
1761467033575, -8.48, -12.49, 1.22, Left
1761467033625, -8.39, -12.13, 1.18, Left
1761467033700, -8.26, -12.04, 1.11, Left
1761467033747, -8.09, -12.04, 1.09, Left
1761467033796, -8.05, -11.94, 1.04, Left
1761467033841, -8.00, -11.97, 1.04, Left
1761467033970, -8.03, -11.85, 0.99, Left
1761467034013, -8.06, -11.66, 0.96, Left
1761467034098, -8.07, -11.53, 0.94, Left
1761467034147, -8.01, -11.45, 0.99, Left
1761467034197, -7.92, -11.80, 1.06, Left
1761467034245, -7.84, -12.23, 1.14, Left
1761467034375, -7.93, -12.01, 1.12, Left
1761467034421, -8.00, -11.86, 1.15, Left
1761467034501, -7.98, -11.88, 1.22, Left
1761467034546, -7.98, -11.87, 1.24, Left
1761467034592, -7.99, -11.85, 1.24, Left
1761467034637, -7.94, -11.93, 1.27, Left
1761467034775, -7.91, -11.94, 1.28, Left
1761467034820, -7.89, -11.97, 1.27, Left
1761467034899, -7.77, -11.97, 1.35, Left
1761467034945, -7.68, -11.91, 1.36, Left
1761467034990, -7.49, -12.24, 1.45, Left
1761467035034, -7.40, -12.44, 1.47, Left
1761467035169, -7.27, -12.45, 1.50, Left
1761467035215, -7.16, -12.40, 1.53, Left
1761467035298, -7.05, -12.47, 1.59, Left
1761467035345, -7.04, -12.43, 1.61, Left
1761467035391, -7.04, -12.41, 1.66, Left
1761467035435, -7.04, -12.37, 1.68, Left
1761467035576, -7.14, -12.39, 1.68, Left
1761467035623, -7.17, -12.45, 1.70, Left
1761467035670, -7.22, -12.43, 1.71, Left
1761467035719, -7.22, -12.50, 1.74, Left
1761467035765, -7.38, -12.54, 1.74, Left
1761467035813, -7.50, -12.61, 1.73, Left
1761467035863, -7.51, -12.56, 1.72, Left
1761467035909, -7.50, -12.54, 1.71, Left
1761467035956, -7.50, -12.51, 1.70, Left
1761467036001, -7.48, -12.48, 1.72, Left
1761467036098, -7.49, -12.44, 1.69, Left
1761467036147, -7.57, -12.28, 1.65, Left
1761467036228, -7.60, -12.28, 1.63, Left
1761467036272, -7.61, -12.23, 1.60, Left
1761467036319, -7.55, -12.23, 1.59, Left
1761467036365, -7.55, -12.08, 1.51, Left
1761467036498, -7.59, -11.86, 1.49, Left
1761467036542, -7.54, -11.66, 1.52, Left
1761467036627, -7.52, -11.69, 1.51, Left
1761467036671, -7.54, -11.74, 1.48, Left
1761467036714, -7.52, -11.68, 1.45, Left
1761467036759, -7.38, -11.75, 1.48, Left
1761467036900, -7.43, -11.68, 1.47, Left
1761467036946, -7.44, -11.71, 1.48, Left
1761467037033, -7.36, -11.66, 1.51, Left
1761467037082, -7.24, -11.73, 1.61, Left
1761467037127, -7.10, -11.91, 1.69, Left
1761467037170, -7.17, -12.15, 1.68, Left
1761467037299, -7.14, -12.14, 1.73, Left
1761467037343, -7.07, -12.08, 1.79, Left
1761467037426, -7.02, -11.91, 1.84, Left
1761467037469, -7.03, -11.64, 1.84, Left
1761467037512, -6.88, -11.48, 1.92, Left
1761467037555, -6.90, -11.39, 1.88, Left
1761467037703, -6.98, -11.47, 1.87, Left
1761467037752, -7.04, -11.57, 1.87, Left
1761467037830, -7.15, -11.59, 1.79, Left
1761467037873, -7.18, -11.59, 1.77, Left
1761467037919, -7.27, -11.56, 1.72, Left
1761467037963, -7.27, -11.54, 1.72, Left
1761467038104, -7.34, -11.76, 1.73, Left
1761467038152, -7.42, -12.00, 1.77, Left
1761467038228, -7.43, -12.05, 1.73, Left
1761467038274, -7.35, -11.92, 1.77, Left
1761467038318, -7.30, -11.68, 1.74, Left
1761467038368, -7.24, -11.60, 1.76, Left
1761467038507, -7.28, -11.55, 1.79, Left
1761467038553, -7.30, -11.54, 1.83, Left
1761467038646, -7.18, -11.56, 1.90, Left
1761467038689, -7.13, -11.63, 1.95, Left
1761467038739, -7.06, -11.64, 1.98, Left
1761467038786, -7.07, -11.69, 1.94, Left
1761467038908, -7.00, -11.79, 1.96, Left
1761467038953, -6.98, -11.91, 1.99, Left
1761467039028, -7.08, -11.98, 2.00, Left
1761467039072, -7.17, -11.89, 1.97, Left
1761467039119, -7.19, -11.81, 1.96, Left
1761467039171, -7.04, -11.68, 1.97, Left
1761467039302, -6.94, -11.62, 2.01, Left
1761467039347, -6.89, -11.48, 2.00, Left
1761467039428, -6.95, -11.22, 1.91, Left
1761467039472, -6.93, -11.00, 1.83, Left
1761467039520, -7.06, -10.87, 1.73, Left
1761467039570, -7.08, -10.62, 1.70, Left
1761467039704, -6.97, -10.49, 1.68, Left
1761467039757, -6.76, -10.39, 1.69, Left
1761467039830, -6.60, -10.44, 1.68, Left
1761467039877, -6.65, -10.43, 1.62, Left
1761467039923, -6.72, -10.37, 1.55, Left
1761467039970, -6.70, -10.35, 1.48, Left
1761467040104, -6.61, -10.49, 1.49, Left
1761467040150, -6.53, -10.56, 1.52, Left
1761467040232, -6.47, -10.64, 1.58, Left
1761467040279, -6.38, -10.87, 1.61, Left
1761467040328, -6.30, -11.05, 1.65, Left
1761467040374, -6.37, -11.36, 1.68, Left
1761467040500, -6.41, -11.21, 1.75, Left
1761467040546, -6.41, -11.16, 1.79, Left
1761467040625, -6.40, -11.35, 1.82, Left
1761467040669, -6.43, -11.52, 1.89, Left
1761467040714, -6.39, -11.60, 2.00, Left
1761467040758, -6.41, -11.71, 2.09, Left
1761467040899, -6.36, -11.96, 2.17, Left
1761467040945, -6.35, -12.18, 2.23, Left
1761467041032, -6.38, -12.36, 2.25, Left
1761467041075, -6.41, -12.34, 2.25, Left
1761467041119, -6.39, -12.67, 2.25, Left
1761467041164, -6.36, -12.97, 2.29, Left
1761467041299, -6.47, -13.03, 2.27, Left
1761467041342, -6.52, -13.09, 2.22, Left
1761467041428, -6.65, -13.00, 2.14, Left
1761467041472, -6.69, -12.91, 2.11, Left
1761467041523, -6.75, -12.71, 2.08, Left
1761467041576, -6.86, -12.42, 2.02, Left
1761467041704, -6.93, -12.30, 1.96, Left
1761467041751, -6.98, -12.21, 1.91, Left
1761467041827, -6.97, -12.16, 1.84, Left
1761467041871, -6.91, -12.09, 1.79, Left
1761467041917, -6.78, -11.99, 1.78, Left
1761467041964, -6.81, -11.89, 1.76, Left
1761467042105, -6.72, -12.09, 1.79, Left
1761467042150, -6.57, -12.23, 1.79, Left
1761467042227, -6.51, -12.32, 1.72, Left
1761467042271, -8.66, -13.97, 18.37, Left
1761467042316, -8.61, -13.99, 18.33, Left
1761467042362, -8.43, -14.14, 18.33, Left
1761467042499, -8.40, -13.86, 18.27, Left
1761467042542, -8.39, -13.66, 18.20, Left
1761467042628, -8.28, -13.60, 18.17, Left
1761467042673, -8.07, -13.62, 18.17, Left
1761467042720, -8.00, -13.57, 18.12, Left
1761467042767, -7.97, -13.53, 18.06, Left
1761467042901, -7.97, -13.49, 18.08, Left
1761467042947, -5.73, -11.95, 1.39, Left
1761467043028, -5.79, -12.00, 1.44, Left
1761467043072, -5.94, -11.95, 1.43, Left
1761467043115, -6.02, -12.16, 1.52, Left
1761467043158, -6.15, -12.35, 1.60, Left
1761467043325, -6.36, -12.27, 1.62, Left
1761467043374, -6.47, -12.23, 1.64, Left
1761467043436, -6.25, -12.11, 1.68, Left
1761467043486, -6.15, -12.09, 1.71, Left
1761467043544, -6.03, -12.11, 1.70, Left
1761467043592, -5.89, -12.23, 1.69, Left
1761467043702, -5.59, -12.26, 1.66, Left
1761467043751, -5.34, -12.21, 1.65, Left
1761467043829, -5.11, -12.31, 1.59, Left
1761467043875, -4.83, -12.34, 1.56, Left
1761467043919, -4.56, -12.49, 1.53, Left
1761467043971, -4.44, -12.54, 1.47, Left
1761467044103, -4.52, -12.62, 1.42, Left
1761467044146, -4.59, -12.71, 1.38, Left
1761467044226, -4.53, -12.74, 1.36, Left
1761467044271, -4.50, -12.70, 1.35, Left
1761467044314, -4.51, -12.71, 1.36, Left
1761467044366, -4.45, -12.80, 1.36, Left
1761467044500, -4.43, -12.56, 1.34, Left
1761467044543, -4.43, -12.37, 1.30, Left
1761467044626, -4.43, -12.30, 1.28, Left
1761467044671, -4.41, -12.29, 1.28, Left
1761467044715, -4.38, -12.28, 1.28, Left
1761467044758, -4.24, -12.39, 1.29, Left
1761467044905, -4.17, -12.53, 1.34, Left
1761467044949, -4.10, -12.68, 1.40, Left
1761467045030, -4.11, -12.90, 1.49, Left
1761467045077, -4.14, -13.05, 1.56, Left
1761467045124, -4.06, -13.45, 1.69, Left
1761467045168, -4.18, -13.95, 1.92, Left
1761467045303, -4.36, -14.42, 2.15, Left
1761467045347, -4.53, -14.93, 2.37, Left
1761467045426, -4.95, -15.42, 2.46, Left
1761467045471, -5.42, -15.66, 2.55, Left
1761467045515, -5.83, -15.90, 2.63, Left
1761467045559, -6.38, -15.98, 2.64, Left
1761467045703, -6.71, -15.93, 2.66, Left
1761467045749, -7.13, -15.82, 2.67, Left
1761467045832, -7.33, -15.79, 2.61, Left
1761467045879, -7.35, -15.65, 2.49, Left
1761467045927, -7.34, -15.47, 2.38, Left
1761467045971, -7.24, -15.09, 2.18, Left
1761467046101, -8.80, -16.46, 18.87, Left
1761467046144, -8.51, -16.42, 18.87, Left
1761467046227, -8.29, -16.23, 18.89, Left
1761467046273, -7.78, -16.27, 18.96, Left
1761467046319, -7.41, -16.25, 18.97, Left
1761467046362, -6.99, -16.47, 19.03, Left
1761467046500, -6.71, -16.13, 19.15, Left
1761467046544, -6.47, -15.80, 19.22, Left
1761467046590, -6.21, -15.43, 19.28, Left
1761467046636, -6.06, -15.30, 19.40, Left
1761467046682, -3.99, -13.43, 2.79, Left
1761467046754, -3.85, -13.08, 2.83, Left
1761467046797, -3.66, -12.90, 2.83, Left
1761467046841, -3.69, -12.61, 2.83, Left
1761467046885, -3.69, -12.51, 2.89, Left
1761467046931, -3.69, -12.05, 2.88, Left
1761467047026, -3.69, -12.22, 2.90, Left
1761467047073, -3.68, -12.42, 2.93, Left
1761467047118, -3.64, -12.58, 2.95, Left
1761467047163, -3.61, -12.67, 3.01, Left
1761467047210, -3.67, -12.79, 3.03, Left
1761467047282, -3.62, -12.96, 3.07, Left
1761467047325, -3.64, -13.09, 3.11, Left
1761467047371, -3.57, -13.25, 3.15, Left
1761467047417, -3.52, -13.30, 3.14, Left
1761467047463, -3.50, -13.72, 3.20, Left
1761467047555, -3.50, -13.71, 3.17, Left
1761467047600, -3.39, -13.67, 3.15, Left
1761467047647, -3.31, -13.63, 3.16, Left
1761467047693, -3.16, -13.66, 3.23, Left
1761467047738, -3.04, -13.63, 3.26, Left
1761467047826, -2.88, -13.33, 3.36, Left
1761467047870, -2.64, -13.10, 3.45, Left
1761467047914, -2.41, -12.83, 3.54, Left
1761467047958, -2.26, -12.67, 3.64, Left
1761467048002, -2.11, -12.37, 3.74, Left
1761467048087, -2.13, -12.23, 3.83, Left
1761467048137, -2.15, -12.18, 3.93, Left
1761467048181, -2.22, -12.19, 4.00, Left
1761467048226, -2.25, -12.20, 4.01, Left
1761467048270, -2.34, -12.07, 4.02, Left
1761467048357, -2.51, -12.20, 3.97, Left
1761467048402, -2.69, -12.26, 3.91, Left
1761467048451, -2.83, -12.34, 3.89, Left
1761467048498, -2.84, -12.31, 3.81, Left
1761467048545, -2.80, -12.24, 3.74, Left
1761467048629, -2.65, -12.26, 3.70, Left
1761467048676, -2.51, -12.23, 3.71, Left
1761467048722, -2.33, -12.10, 3.70, Left
1761467048766, -2.27, -11.85, 3.64, Left
1761467048813, -2.14, -11.74, 3.64, Left
1761467048883, -2.09, -11.68, 3.62, Left
1761467048929, -2.13, -11.60, 3.57, Left
1761467048977, -2.19, -11.60, 3.50, Left
1761467049027, -2.33, -11.55, 3.47, Left
1761467049072, -2.44, -11.52, 3.42, Left
1761467049155, -2.63, -11.50, 3.42, Left
1761467049199, -2.88, -11.56, 3.34, Left
1761467049245, -3.13, -11.55, 3.26, Left
1761467049290, -3.30, -11.68, 3.23, Left
1761467049336, -3.48, -11.80, 3.18, Left
1761467049431, -3.55, -11.95, 3.19, Left
1761467049477, -3.55, -12.06, 3.20, Left
1761467049520, -3.56, -12.18, 3.23, Left
1761467049565, -3.68, -12.27, 3.19, Left
1761467049609, -3.79, -12.40, 3.18, Left
1761467049682, -3.93, -12.38, 3.13, Left
1761467049727, -4.02, -12.25, 3.08, Left
1761467049770, -4.09, -12.24, 3.05, Left
1761467049816, -4.18, -12.12, 3.01, Left
1761467049866, -4.33, -12.06, 2.94, Left
1761467049956, -4.41, -12.02, 2.89, Left
1761467050001, -4.53, -12.04, 2.80, Left
1761467050050, -4.73, -12.03, 2.73, Left
1761467050103, -4.85, -12.24, 2.72, Left
1761467050146, -5.04, -12.37, 2.70, Left
1761467050230, -5.27, -12.62, 2.66, Left
1761467050279, -5.52, -12.88, 2.63, Left
1761467050326, -5.78, -13.14, 2.60, Left
1761467050372, -5.88, -13.40, 2.62, Left
1761467050417, -5.93, -13.63, 2.64, Left
1761467050486, -6.10, -13.70, 2.62, Left
1761467050530, -6.17, -13.81, 2.67, Left
1761467050576, -6.23, -13.82, 2.69, Left
1761467050627, -6.19, -13.70, 2.71, Left
1761467050675, -6.10, -13.52, 2.78, Left
1761467050757, -5.96, -13.49, 2.84, Left
1761467050804, -5.88, -13.41, 2.86, Left
1761467050854, -5.82, -13.38, 2.89, Left
1761467050900, -5.72, -13.33, 2.97, Left
1761467050946, -5.62, -13.24, 3.07, Left
1761467051029, -5.48, -13.19, 3.12, Left
1761467051077, -5.35, -13.08, 3.19, Left
1761467051120, -5.14, -13.09, 3.26, Left
1761467051171, -4.93, -12.92, 3.39, Left
1761467051217, -4.66, -12.77, 3.46, Left
1761467051283, -4.40, -12.65, 3.56, Left
1761467051326, -4.00, -12.58, 3.69, Left
1761467051371, -3.56, -12.52, 3.82, Left
1761467051414, -3.31, -12.48, 3.87, Left
1761467051460, -3.03, -12.62, 3.91, Left
1761467051565, -2.69, -12.56, 3.86, Left
1761467051616, -2.35, -12.65, 3.82, Left
1761467051664, -2.05, -12.68, 3.79, Left
1761467051713, -1.75, -12.85, 3.65, Left
1761467051759, -1.57, -13.08, 3.52, Left
1761467051836, -1.32, -13.12, 3.40, Left
1761467051884, -1.16, -13.21, 3.30, Left
1761467051933, -1.05, -13.21, 3.15, Left
1761467051981, -1.02, -13.25, 2.97, Left
1761467052029, -0.94, -13.17, 2.86, Left
1761467052089, -0.93, -13.32, 2.85, Left
1761467052136, -0.94, -13.35, 2.79, Left
1761467052185, -0.98, -13.39, 2.74, Left
1761467052231, -1.03, -13.23, 2.73, Left
1761467052277, -1.00, -13.13, 2.73, Left
1761467052354, -0.91, -13.17, 2.77, Left
1761467052400, -0.88, -13.20, 2.80, Left
1761467052451, -0.78, -13.19, 2.84, Left
1761467052501, -0.59, -13.39, 2.93, Left
1761467052546, -0.55, -13.63, 2.97, Left
1761467052628, -0.43, -13.79, 3.10, Left
1761467052674, -0.39, -13.97, 3.22, Left
1761467052719, -0.26, -14.18, 3.32, Left
1761467052763, -0.28, -14.68, 3.42, Left
1761467052809, -0.34, -15.11, 3.53, Left
1761467052882, -0.46, -15.45, 3.61, Left
1761467052926, -0.51, -15.75, 3.70, Left
1761467052972, -0.56, -16.13, 3.84, Left
1761467053016, -0.64, -16.21, 3.93, Left
1761467053062, -0.65, -16.24, 3.99, Left
1761467053155, -0.84, -16.39, 4.01, Left
1761467053200, -0.92, -16.57, 4.03, Left
1761467053245, -1.08, -16.69, 4.05, Left
1761467053291, -1.06, -16.69, 4.09, Left
1761467053337, -1.08, -16.70, 4.13, Left
1761467053425, -1.11, -16.73, 4.14, Left
1761467053476, -1.13, -16.85, 4.11, Left
1761467053524, -1.14, -16.95, 4.10, Left
1761467053571, -1.15, -17.13, 4.11, Left
1761467053614, -1.14, -17.24, 4.10, Left
1761467053682, -0.87, -17.19, 4.11, Left
1761467053726, -0.67, -17.15, 4.14, Left
1761467053774, -0.53, -17.09, 4.12, Left
1761467053820, -0.36, -17.10, 4.13, Left
1761467053864, -0.27, -16.97, 4.06, Left
1761467053953, -0.33, -16.66, 3.83, Left
1761467053996, -0.34, -16.33, 3.64, Left
1761467054040, -0.34, -16.01, 3.47, Left
1761467054084, -0.32, -15.65, 3.30, Left
1761467054128, -0.41, -15.29, 3.12, Left
1761467054225, -0.75, -14.83, 2.89, Left
1761467054272, -0.98, -14.38, 2.68, Left
1761467054315, -1.21, -13.89, 2.50, Left
1761467054360, -1.59, -13.09, 2.25, Left
1761467054408, -1.82, -12.35, 2.08, Left
1761467054482, -2.03, -11.99, 2.01, Left
1761467054525, -2.31, -11.51, 1.93, Left
1761467054573, -2.64, -11.01, 1.80, Left
1761467054622, -2.98, -10.52, 1.67, Left
1761467054667, -3.17, -10.31, 1.61, Left
1761467054753, -3.10, -10.34, 1.60, Left
1761467054801, -3.24, -10.28, 1.54, Left
1761467054845, -3.28, -10.31, 1.52, Left
1761467054890, -3.19, -10.74, 1.54, Left
1761467054935, -3.29, -11.20, 1.52, Left
1761467055026, -3.19, -11.45, 1.50, Left
1761467055072, -3.12, -11.79, 1.49, Left
1761467055117, -3.06, -12.11, 1.47, Left
1761467055162, -2.92, -12.41, 1.51, Left
1761467055206, -2.78, -12.50, 1.51, Left
1761467055281, -3.04, -12.48, 1.46, Left
1761467055324, -3.16, -12.54, 1.43, Left
1761467055372, -3.31, -12.57, 1.37, Left
1761467055419, -3.50, -12.52, 1.31, Left
1761467055463, -3.78, -12.50, 1.25, Left
1761467055554, -4.14, -12.63, 1.34, Left
1761467055599, -4.48, -12.80, 1.43, Left
1761467055642, -4.80, -12.99, 1.51, Left
1761467055686, -5.19, -13.05, 1.54, Left
1761467055730, -5.60, -13.12, 1.60, Left
1761467055825, -5.58, -13.14, 1.70, Left
1761467055871, -5.57, -13.10, 1.77, Left
1761467055914, -5.56, -13.06, 1.84, Left
1761467055957, -5.52, -13.18, 1.87, Left
1761467056006, -5.33, -13.31, 1.91, Left
1761467056081, -4.88, -13.37, 1.95, Left
1761467056125, -4.47, -13.36, 1.98, Left
1761467056173, -4.07, -13.38, 2.00, Left
1761467056221, -3.67, -13.55, 2.02, Left
1761467056266, -3.29, -13.60, 1.99, Left
1761467056354, -3.11, -13.67, 1.97, Left
1761467056397, -2.87, -13.83, 2.00, Left
1761467056442, -2.68, -13.98, 2.01, Left
1761467056490, -2.46, -13.98, 2.08, Left
1761467056535, -2.26, -14.02, 2.18, Left
1761467056625, -2.22, -13.81, 2.15, Left
1761467056672, -2.19, -13.62, 2.13, Left
1761467056716, -2.07, -13.42, 2.12, Left
1761467056760, -1.91, -13.10, 2.11, Left
1761467056806, -1.80, -12.88, 2.09, Left
1761467056882, -1.63, -12.87, 2.15, Left
1761467056924, -1.49, -12.82, 2.19, Left
1761467056972, -1.36, -12.78, 2.26, Left
1761467057018, -1.31, -12.69, 2.31, Left
1761467057061, -1.19, -12.59, 2.32, Left
1761467057155, -1.17, -12.76, 2.33, Left
1761467057204, -1.09, -12.90, 2.37, Left
1761467057247, -1.07, -13.01, 2.40, Left
1761467057292, -1.12, -13.12, 2.41, Left
1761467057338, -1.09, -13.27, 2.46, Left
1761467057426, -1.12, -13.32, 2.45, Left
1761467057479, -1.14, -13.32, 2.41, Left
1761467057524, -1.18, -13.29, 2.32, Left
1761467057569, -1.15, -13.40, 2.27, Left
1761467057617, -1.23, -13.42, 2.19, Left
1761467057682, -1.15, -13.20, 2.16, Left
1761467057728, -1.08, -12.91, 2.07, Left
1761467057775, -1.02, -12.62, 1.99, Left
1761467057819, -0.95, -12.64, 1.98, Left
1761467057869, -1.01, -12.65, 1.95, Left
1761467057956, -0.98, -12.67, 1.92, Left
1761467058004, -1.06, -12.76, 1.87, Left
1761467058049, -1.05, -12.88, 1.85, Left
1761467058096, -1.18, -12.92, 1.81, Left
1761467058143, -1.19, -13.01, 1.84, Left
1761467058214, -1.25, -13.33, 1.85, Left
1761467058259, -1.44, -13.72, 1.87, Left
1761467058303, -1.59, -14.15, 1.89, Left
1761467058350, -1.76, -14.33, 1.84, Left
1761467058397, -1.83, -14.40, 1.76, Left
1761467058482, -1.90, -14.20, 1.63, Left
1761467058530, -1.93, -13.99, 1.55, Left
1761467058575, -2.02, -13.79, 1.45, Left
1761467058620, -2.15, -13.47, 1.28, Left
1761467058669, -2.27, -13.24, 1.11, Left
1761467058760, -2.36, -12.80, 1.02, Left
1761467058805, -2.35, -12.43, 0.94, Left
1761467058852, -2.39, -11.94, 0.84, Left
1761467058899, -2.43, -11.47, 0.73, Left
1761467058948, -2.41, -11.10, 0.67, Left
1761467059010, -2.47, -11.09, 0.68, Left
1761467059057, -2.56, -11.05, 0.66, Left
1761467059103, -2.66, -11.01, 0.62, Left
1761467059148, -2.60, -11.08, 0.65, Left
1761467059198, -2.54, -11.08, 0.73, Left
1761467059284, -2.57, -11.19, 0.70, Left
1761467059331, -2.52, -11.27, 0.70, Left
1761467059380, -2.46, -11.43, 0.71, Left
1761467059426, -2.41, -11.67, 0.71, Left
1761467059472, -2.42, -11.90, 0.70, Left
1761467059554, -2.44, -11.77, 0.66, Left
1761467059601, -2.39, -11.53, 0.65, Left
1761467059647, -2.23, -11.30, 0.66, Left
1761467059693, -2.16, -11.06, 0.65, Left
1761467059738, -2.14, -10.84, 0.60, Left
1761467059819, -2.05, -10.83, 0.61, Left
1761467059868, -2.00, -10.79, 0.58, Left
1761467059917, -1.92, -10.74, 0.55, Left
1761467059964, -1.86, -10.67, 0.56, Left
1761467060018, -1.82, -10.58, 0.55, Left
1761467060082, -1.79, -10.62, 0.56, Left
1761467060130, -1.77, -10.89, 0.57, Left
1761467060177, -1.80, -11.06, 0.58, Left
1761467060225, -1.71, -11.26, 0.62, Left
1761467060271, -1.70, -11.45, 0.61, Left
1761467060356, -1.75, -11.49, 0.61, Left
1761467060402, -1.85, -11.45, 0.62, Left
1761467060448, -1.98, -11.38, 0.62, Left
1761467060496, -2.01, -11.36, 0.63, Left
1761467060541, -2.08, -11.43, 0.66, Left
1761467060613, -2.08, -11.39, 0.71, Left
1761467060658, -2.12, -11.39, 0.74, Left
1761467060706, -2.16, -11.39, 0.77, Left
1761467060753, -2.24, -11.43, 0.80, Left
1761467060797, -2.31, -11.36, 0.78, Left
1761467060884, -2.30, -11.13, 0.74, Left
1761467060930, -2.26, -10.96, 0.67, Left
1761467060975, -2.24, -10.81, 0.61, Left
1761467061019, -2.30, -10.79, 0.55, Left
1761467061063, -2.22, -10.61, 0.51, Left
1761467061156, -2.14, -10.63, 0.47, Left
1761467061200, -2.11, -10.50, 0.39, Left
1761467061245, -2.07, -10.42, 0.32, Left
1761467061292, -2.03, -10.30, 0.27, Left
1761467061337, -1.86, -10.25, 0.31, Left
1761467061411, -1.91, -10.36, 0.27, Left
1761467061456, -1.97, -10.52, 0.26, Left
1761467061500, -2.00, -10.66, 0.25, Left
1761467061549, -2.01, -10.67, 0.22, Left
1761467061596, -2.02, -10.86, 0.24, Left
1761467061686, -1.97, -10.87, 0.23, Left
1761467061730, -1.89, -10.91, 0.26, Left
1761467061780, -1.77, -10.95, 0.28, Left
1761467061830, -1.75, -11.10, 0.31, Left
1761467061881, -1.76, -11.31, 0.31, Left
1761467061958, -1.62, -11.66, 0.37, Left
1761467062006, -1.50, -11.98, 0.43, Left
1761467062051, -1.38, -12.35, 0.50, Left
1761467062096, -1.20, -12.60, 0.61, Left
1761467062142, -1.10, -12.86, 0.70, Left
1761467062212, -1.15, -13.08, 0.73, Left
1761467062258, -1.18, -13.30, 0.74, Left
1761467062302, -1.21, -13.53, 0.76, Left
1761467062347, -1.17, -13.74, 0.76, Left
1761467062395, -1.05, -13.63, 0.81, Left
1761467062482, -1.07, -13.12, 0.82, Left
1761467062530, -1.19, -12.62, 0.77, Left
1761467062579, -1.20, -12.19, 0.75, Left
1761467062625, -1.24, -11.98, 0.70, Left
1761467062673, -1.23, -11.64, 0.66, Left
1761467062757, -1.30, -11.45, 0.68, Left
1761467062802, -1.32, -11.37, 0.70, Left
1761467062845, -1.35, -11.23, 0.75, Left
1761467062890, -1.39, -10.92, 0.78, Left
1761467062936, -1.52, -10.85, 0.78, Left
1761467063013, -1.53, -11.09, 0.79, Left
1761467063062, -1.40, -11.34, 0.87, Left
1761467063108, -1.39, -11.49, 0.90, Left
1761467063157, -1.43, -11.47, 0.90, Left
1761467063202, -1.41, -11.45, 0.90, Left
1761467063282, -1.32, -11.28, 0.88, Left
1761467063327, -1.27, -11.01, 0.85, Left
1761467063373, -1.31, -10.80, 0.80, Left
1761467063419, -1.32, -10.61, 0.74, Left
1761467063462, -1.30, -10.45, 0.71, Left
1761467063553, -1.37, -10.38, 0.73, Left
1761467063598, -1.50, -10.33, 0.76, Left
1761467063643, -1.56, -10.26, 0.78, Left
1761467063687, -1.65, -10.23, 0.81, Left
1761467063733, -1.72, -10.27, 0.87, Left
1761467063809, -1.71, -10.50, 0.93, Left
1761467063853, -1.67, -10.73, 1.00, Left
1761467063898, -1.54, -10.99, 1.13, Left
1761467063943, -1.43, -11.32, 1.25, Left
1761467063986, -1.40, -11.52, 1.28, Left
1761467064083, -1.53, -11.79, 1.26, Left
1761467064127, -1.60, -12.05, 1.31, Left
1761467064171, -1.71, -12.31, 1.31, Left
1761467064216, -1.38, -12.02, 1.51, Left
1761467064261, -1.39, -11.55, 1.62, Left
1761467064353, -1.16, -11.37, 2.17, Left
1761467064401, -1.05, -11.42, 2.73, Left
1761467064444, -0.92, -11.36, 3.28, Left
1761467064488, -0.74, -11.40, 3.98, Left
1761467064531, -0.52, -11.47, 4.73, Left
1761467064610, -0.18, -11.22, 5.45, Left
1761467064653, 0.17, -10.94, 6.09, Left
1761467064697, 0.53, -10.66, 6.78, Left
1761467064740, 0.47, -10.95, 7.26, Left
1761467064784, 0.39, -10.87, 7.55, Left
1761467064889, 0.24, -10.06, 7.27, Left
1761467064937, 0.12, -9.07, 6.97, Forward
1761467064989, -0.03, -8.14, 6.64, Forward
1761467065038, -0.17, -6.94, 6.09, Forward
1761467065086, -0.26, -5.78, 5.58, Forward
1761467065164, -0.35, -4.54, 5.13, Forward
1761467065219, -0.49, -3.55, 4.72, Forward
1761467065285, -0.58, -2.42, 4.28, Forward
1761467065345, -0.69, -0.99, 3.77, Forward
1761467065400, -0.56, -0.02, 3.51, Forward
1761467065447, -0.43, 0.46, 3.28, Forward
1761467065558, -0.30, 0.75, 2.97, Forward
1761467065609, -0.12, 1.14, 2.65, Forward
1761467065659, -0.08, 1.32, 2.42, Forward
1761467065716, 0.13, 1.27, 2.14, Forward
1761467065762, 0.41, 1.23, 1.82, Forward
1761467065811, 0.72, 1.31, 1.46, Forward
1761467065860, 1.02, 1.23, 1.15, Forward
1761467065914, 1.28, 0.84, 0.89, Forward
1761467065966, 1.67, 0.41, 0.63, Forward
1761467066012, 1.80, 0.11, 0.45, Forward
1761467066087, 2.12, 0.30, 0.22, Forward
1761467066131, 2.23, 0.18, 0.03, Forward
1761467066175, 2.41, 0.10, -0.17, Forward
1761467066219, 2.72, 0.33, -0.34, Forward
1761467066264, 2.98, 0.25, -0.44, Forward
1761467066354, 3.19, 0.44, -0.57, Forward
1761467066399, 3.37, 0.58, -0.71, Forward
1761467066446, 3.62, 0.76, -0.82, Forward
1761467066493, 3.85, 0.79, -1.00, Forward
1761467066537, 4.01, 0.69, -1.16, Forward
1761467066612, 4.22, 0.33, -1.11, Forward
1761467066657, 4.55, 0.10, -1.10, Forward
1761467066702, 4.86, -0.12, -1.08, Forward
1761467066746, 4.87, -0.45, -1.08, Forward
1761467066793, 4.94, -0.35, -1.13, Forward
1761467066883, 4.98, -0.60, -1.09, Forward
1761467066927, 5.13, -0.81, -1.05, Forward
1761467066976, 5.26, -0.97, -1.04, Forward
1761467067021, 5.11, -0.61, -1.10, Forward
1761467067069, 5.08, -0.09, -1.18, Forward
1761467067162, 4.80, 0.58, -1.45, Forward
1761467067211, 4.62, 1.01, -1.65, Forward
1761467067256, 4.53, 1.72, -1.89, Forward
1761467067302, 4.25, 2.34, -2.10, Forward
1761467067350, 4.03, 2.77, -2.30, Forward
1761467067418, 3.97, 4.00, -2.45, Forward
1761467067468, 3.57, 4.96, -2.58, Forward
1761467067512, 3.28, 5.79, -2.69, Forward
1761467067558, 3.16, 5.05, -2.29, Forward
1761467067604, 2.87, 4.35, -1.91, Forward
1761467067682, 2.66, 2.83, -1.30, Forward
1761467067727, 2.42, 1.75, -0.74, Forward
1761467067769, 2.06, 0.39, -0.17, Forward
1761467067820, 1.83, -0.93, 0.42, Forward
1761467067874, 1.56, -2.41, 1.05, Forward
1761467067957, 1.16, -4.26, 1.48, Forward
1761467068008, 0.90, -5.81, 1.86, Forward
1761467068056, 0.57, -7.27, 2.24, Forward
1761467068107, 0.35, -7.11, 2.21, Forward
1761467068152, 0.25, -6.98, 2.15, Forward
1761467068212, 0.14, -6.12, 2.01, Forward
1761467068256, -0.05, -5.28, 1.80, Forward
1761467068302, -0.13, -4.56, 1.63, Forward
1761467068348, -0.19, -3.84, 1.43, Forward
1761467068393, -0.22, -2.57, 1.15, Forward
1761467068483, -0.34, -2.20, 1.09, Forward
1761467068528, -0.41, -1.56, 1.01, Forward
1761467068573, -0.49, -1.05, 0.94, Forward
1761467068616, -0.59, -1.41, 1.02, Forward
1761467068662, -0.71, -1.72, 1.13, Forward
1761467068738, -0.90, -2.50, 1.13, Forward
1761467068786, -1.22, -3.35, 1.16, Forward
1761467068828, -1.57, -4.06, 1.14, Forward
1761467068875, -1.88, -4.73, 1.10, Forward
1761467068919, -2.24, -5.93, 1.19, Forward
1761467069009, -2.55, -6.33, 1.14, Forward
1761467069055, -2.96, -7.01, 1.12, Forward
1761467069101, -3.26, -7.59, 1.12, Forward
1761467069145, -3.86, -7.65, 1.07, Forward
1761467069189, -4.41, -7.80, 1.00, Forward
1761467069282, -4.90, -7.62, 1.06, Forward
1761467069327, -5.17, -7.54, 1.19, Forward
1761467069371, -5.47, -7.46, 1.31, Forward
1761467069416, -5.57, -7.40, 1.44, Forward
1761467069460, -5.59, -7.36, 1.52, Forward
1761467069537, -5.71, -7.23, 1.52, Forward
1761467069583, -5.63, -7.27, 1.54, Forward
1761467069628, -5.66, -7.31, 1.56, Forward
1761467069672, -5.48, -7.41, 1.53, Forward
1761467069718, -5.22, -7.46, 1.52, Forward
1761467069810, -5.05, -7.22, 1.42, Forward
1761467069853, -4.80, -7.06, 1.36, Forward
1761467069903, -4.57, -6.93, 1.30, Forward
1761467069950, -4.44, -6.74, 1.18, Forward
1761467070005, -4.50, -6.48, 1.01, Forward
1761467070082, -4.35, -6.35, 1.02, Forward
1761467070126, -4.24, -6.04, 0.96, Forward
1761467070171, -4.12, -5.65, 0.90, Forward
1761467070216, -3.92, -5.08, 0.81, Forward
1761467070261, -3.85, -4.45, 0.69, Forward
1761467070338, -3.64, -3.85, 0.54, Forward
1761467070385, -3.65, -2.97, 0.30, Forward
1761467070430, -3.66, -2.17, 0.08, Forward
1761467070474, -3.74, -1.46, -0.06, Forward
1761467070518, -3.58, -0.89, -0.17, Forward
1761467070610, -3.62, -0.04, -0.47, Forward
1761467070653, -3.64, 0.57, -0.70, Forward
1761467070701, -3.64, 1.14, -0.91, Forward
1761467070746, -3.59, 1.00, -0.96, Forward
1761467070791, -3.55, 0.78, -0.97, Forward
1761467070882, -3.37, 0.16, -0.81, Forward
1761467070927, -3.22, -0.61, -0.63, Forward
1761467070970, -3.06, -1.26, -0.48, Forward
1761467071017, -2.85, -2.12, -0.25, Forward
1761467071062, -2.76, -2.82, -0.03, Forward
1761467071138, -2.47, -4.09, 0.37, Forward
1761467071186, -2.27, -5.20, 0.77, Forward
1761467071234, -2.10, -6.26, 1.11, Forward
1761467071280, -2.07, -6.82, 1.34, Forward
1761467071326, -1.99, -7.35, 1.58, Forward
1761467071408, -1.91, -7.37, 1.68, Forward
1761467071454, -1.88, -7.52, 1.78, Forward
1761467071501, -1.79, -7.66, 1.89, Forward
1761467071545, -1.64, -7.34, 1.94, Forward
1761467071590, -1.53, -7.07, 1.97, Forward
1761467071683, -1.30, -6.62, 1.88, Forward
1761467071727, -1.08, -6.18, 1.81, Forward
1761467071771, -0.83, -5.74, 1.75, Forward
1761467071817, -0.56, -5.14, 1.68, Forward
1761467071862, -0.23, -4.67, 1.60, Forward
1761467071938, -0.27, -4.32, 1.50, Forward
1761467071982, -0.11, -3.80, 1.39, Forward
1761467072026, -0.02, -3.35, 1.29, Forward
1761467072070, -0.07, -3.07, 1.16, Forward
1761467072117, 0.02, -2.82, 1.08, Forward
1761467072210, -0.00, -2.43, 1.07, Forward
1761467072254, -0.01, -2.02, 1.03, Forward
1761467072300, -0.05, -1.66, 0.99, Forward
1761467072345, -0.01, -0.99, 0.73, Forward
1761467072388, -0.16, -0.12, 0.45, Forward
1761467072526, -0.76, 3.64, -17.60, Forward
1761467072569, 0.02, 8.34, -18.72, Forward
1761467072662, -0.00, 14.90, -36.41, Right
1761467072737, 0.71, 21.79, -18.94, Right
1761467072785, 1.35, 29.03, -1.50, Right
1761467072829, 2.20, 36.23, 15.76, Right
1761467072873, 3.19, 43.51, 33.01, Right
1761467072919, 4.62, 50.96, 49.78, Right
1761467073010, 7.01, 56.58, 48.02, Right
1761467073053, 8.21, 63.65, 65.38, Right
1761467073099, 10.21, 67.71, 100.45, Right
1761467073146, 10.69, 70.69, 118.69, Right
1761467073188, 11.79, 72.10, 117.92, Right
1761467073282, 12.95, 73.23, 117.17, Right
1761467073326, 14.58, 71.99, 98.05, Right
1761467073370, 15.73, 70.46, 79.14, Right
1761467073418, 16.33, 71.41, 78.51, Right
1761467073465, 15.89, 72.59, 43.26, Right
1761467073538, 17.57, 60.32, 47.88, Right
1761467073583, 14.61, 57.77, 14.12, Right
1761467073629, 11.17, 47.25, -21.24, Right
1761467073675, 14.13, 33.49, -35.08, Right
1761467073718, 11.29, 22.59, -34.84, Right
1761467073810, 13.55, 8.53, -47.68, Up
1761467073853, 8.54, -0.34, -28.82, Forward
1761467073902, 5.28, -0.02, -44.10, Forward
1761467073949, 0.74, -10.84, -43.79, Left
1761467073993, -0.87, -10.46, -42.40, Left
1761467074082, -7.06, 1.20, -61.50, Forward
1761467074128, -3.09, 2.44, -46.68, Forward
1761467074171, -3.75, 2.72, -11.13, Forward
1761467074218, -8.49, 17.61, -31.56, Right
1761467074264, -7.45, 29.48, -30.17, Right
1761467074339, -14.59, 32.57, -17.01, Right
1761467074382, -12.38, 41.24, -51.26, Right
1761467074428, -14.49, 32.75, -17.41, Right
1761467074473, -15.08, 32.74, -17.53, Right
1761467074517, -14.82, 24.58, -0.74, Right
1761467074610, -16.10, 17.51, 32.68, Right
1761467074653, -14.21, 4.98, 36.76, Down
1761467074700, -10.37, 13.44, 1.13, Right
1761467074746, -5.85, -1.44, 20.42, Forward
1761467074790, -0.99, -16.39, 39.54, Left
1761467074882, 6.07, -19.54, 23.85, Left
1761467074971, 2.32, -19.44, 25.86, Left
1761467075142, 9.40, -23.03, 11.20, Left
1761467075191, 13.21, -11.40, -22.66, Left
1761467075235, 13.67, -3.25, -39.50, Up
1761467075285, 17.21, 7.25, -73.82, Up
1761467075335, 16.88, 7.38, -72.76, Up
1761467075410, 16.46, -0.21, -52.54, Up
1761467075455, 8.67, 2.38, -37.52, Forward
1761467075502, 2.72, 10.39, -40.12, Right
1761467075548, -1.61, 21.89, -37.58, Right
1761467075593, 2.72, 20.28, -39.44, Right
1761467075681, 1.12, 34.44, -24.51, Right
1761467075725, -1.09, 25.38, -23.38, Right
1761467075769, 1.82, 24.58, 10.26, Right
1761467075818, 1.80, 18.70, 30.22, Right
1761467075862, -2.08, 26.76, 29.88, Right
1761467075939, -4.03, 31.70, 12.41, Right
1761467075984, 2.10, 43.04, 12.36, Right
1761467076030, 6.33, 49.00, 29.89, Right
1761467076074, 8.99, 51.51, 43.22, Right
1761467076118, 8.33, 48.68, 63.27, Right
1761467076211, 8.32, 48.55, 63.22, Right
1761467076255, 9.57, 46.70, 83.10, Right
1761467076299, 8.81, 46.38, 83.61, Right
1761467076343, 10.99, 51.14, 97.92, Right
1761467076387, 13.56, 56.98, 111.88, Right
1761467076483, 18.38, 62.05, 109.27, Right
1761467076531, 15.13, 57.51, 75.16, Right
1761467076577, 11.37, 51.85, 42.12, Right
1761467076622, 8.86, 45.12, 24.38, Right
1761467076666, 11.75, 51.73, 38.31, Right
1761467076737, 8.69, 47.62, 3.63, Right
1761467076784, 8.51, 53.11, -17.54, Right
1761467076829, 5.65, 49.61, -51.62, Right
1761467076874, 0.04, 38.69, -51.11, Right
1761467076918, 1.52, 39.61, -54.12, Right
1761467077011, -1.02, 35.06, -38.70, Right
1761467077054, -0.87, 35.98, -4.87, Right
1761467077101, 3.88, 37.95, 8.33, Right
1761467077454, 0.22, 35.55, 18.84, Right
1761467077538, 2.96, 21.39, 5.67, Right
1761467077583, 8.81, 11.45, 27.79, Right
1761467077629, 14.42, 1.86, 50.32, Up
1761467077674, 20.38, -8.52, 72.33, Up
1761467077719, 31.66, -9.68, 62.82, Up
1761467077811, 32.99, -24.59, 53.82, Left
1761467077858, 31.46, -26.78, 55.12, Left
1761467077902, 35.40, -29.63, 43.74, Left
1761467077950, 37.20, -40.10, 49.92, Left
1761467077993, 46.28, -45.11, 43.72, Left
1761467078082, 46.37, -45.32, 42.97, Left
1761467078129, 46.47, -45.63, 41.26, Left
1761467078174, 46.76, -45.96, 39.73, Left
1761467078218, 47.11, -46.29, 38.14, Left
1761467078268, 30.50, -47.64, 20.43, Left
1761467078338, 30.68, -47.92, 19.68, Left
1761467078383, 36.91, -55.78, 26.14, Left
1761467078431, 39.06, -63.50, 24.90, Left
1761467078475, 39.39, -63.54, 26.01, Left
1761467079141, 39.39, -63.40, 26.88, Left
1761467079186, 39.42, -63.22, 28.03, Left
1761467079235, 39.37, -63.03, 29.82, Left
1761467079283, 39.34, -62.91, 30.43, Left
1761467079328, 38.53, -62.62, 32.12, Left
1761467079410, 47.68, -53.25, 39.64, Left
1761467079455, 40.88, -39.91, 52.64, Left
1761467079501, 33.72, -26.77, 64.94, Left
1761467079550, 29.35, -17.03, 58.80, Left
1761467079594, 24.67, -7.44, 52.23, Up
1761467079666, 20.51, 1.78, 45.97, Up
1761467079712, 16.22, 11.15, 40.13, Right
1761467079757, 12.00, 20.54, 33.88, Right
1761467079800, 7.71, 29.94, 27.92, Right
1761467079850, 3.79, 38.85, 21.50, Right
1761467079939, 4.09, 37.28, 22.61, Right
1761467079982, 6.45, 32.41, 4.28, Right
1761467080027, 8.91, 27.79, -14.06, Right
1761467080072, 8.92, 26.44, -13.19, Right
1761467080115, 9.18, 25.15, -12.37, Right
1761467080209, 8.99, 23.87, -11.78, Right
1761467080253, 9.08, 22.14, -11.16, Right
1761467080298, 9.31, 20.32, -10.54, Right
1761467080343, 9.72, 18.31, -9.82, Right
1761467080388, 9.83, 16.15, -9.16, Right
1761467080467, 9.77, 14.89, -8.82, Right
1761467080513, 9.77, 13.33, -8.38, Right
1761467080559, 9.73, 11.50, -7.88, Right
1761467080604, 9.65, 10.31, -7.54, Right
1761467080649, 9.40, 9.41, -7.27, Forward
1761467080738, 9.23, 8.62, -6.98, Forward
1761467080783, 8.96, 8.19, -6.75, Forward
1761467080833, 8.66, 7.84, -6.57, Forward
1761467080876, 8.07, 7.47, -6.41, Forward
1761467080920, 7.66, 7.74, -6.40, Forward
1761467081010, 7.37, 7.42, -6.15, Forward
1761467081053, 7.18, 7.19, -5.93, Forward
1761467081097, 7.01, 7.06, -5.74, Forward
1761467081141, 6.78, 6.81, -5.54, Forward
1761467081186, 6.67, 6.09, -5.19, Forward
1761467081266, 6.49, 5.67, -5.01, Forward
1761467081313, 6.40, 4.86, -4.74, Forward
1761467081359, 6.34, 4.11, -4.46, Forward
1761467081404, 6.38, 3.55, -4.26, Forward
1761467081447, 6.41, 3.24, -4.12, Forward
1761467081537, 6.38, 3.31, -4.23, Forward
1761467081582, 6.15, 3.37, -4.32, Forward
1761467081627, 6.03, 3.43, -4.42, Forward
1761467081670, 5.94, 3.38, -4.50, Forward
1761467081717, 5.97, 3.62, -4.65, Forward
1761467081812, 6.32, 3.24, -4.65, Forward
1761467081857, 6.58, 3.46, -4.79, Forward
1761467081901, 6.82, 3.61, -4.96, Forward
1761467081950, 6.97, 3.28, -4.94, Forward
1761467081999, 6.98, 2.66, -4.86, Forward
1761467082066, 7.01, 2.24, -4.74, Forward
1761467082115, 7.06, 2.62, -4.82, Forward
1761467082163, 6.96, 2.48, -4.79, Forward
1761467082208, 7.02, 2.39, -4.73, Forward
1761467082252, 7.01, 2.83, -4.81, Forward
1761467082338, 6.85, 3.82, -5.10, Forward
1761467082382, 6.77, 4.56, -5.30, Forward
1761467082427, 6.69, 5.27, -5.49, Forward
1761467082471, 6.85, 6.39, -5.90, Forward
1761467082515, 7.01, 7.50, -6.30, Forward
1761467082610, 7.18, 8.02, -6.52, Forward
1761467082654, 7.41, 8.04, -6.63, Forward
1761467082698, 7.71, 8.62, -6.88, Forward
1761467082741, 7.79, 8.85, -7.03, Forward
1761467082785, 7.82, 8.48, -7.01, Forward
1761467082865, 7.97, 8.42, -7.02, Forward
1761467082912, 8.00, 7.97, -6.94, Forward
1761467082960, 8.05, 7.41, -6.84, Forward
1761467083006, 7.98, 6.93, -6.67, Forward
1761467083052, 8.08, 6.43, -6.52, Forward
1761467083140, 8.10, 6.87, -6.65, Forward
1761467083183, 8.15, 7.26, -6.75, Forward
1761467083231, 8.18, 7.63, -6.83, Forward
1761467083274, 8.28, 9.69, -7.91, Forward
1761467083318, 6.36, 14.81, 10.22, Right
1761467083409, 3.08, 20.17, -6.54, Right
1761467083454, -0.06, 25.91, -23.46, Right
1761467083498, -3.27, 31.79, -40.34, Right
1761467083544, -3.94, 35.45, -41.23, Right
1761467083587, -8.06, 41.89, -57.52, Right
1761467083666, -4.50, 34.35, -56.17, Right
1761467083714, -8.45, 40.34, -72.35, Right
1761467083759, -12.39, 46.32, -88.52, Right
1761467083803, -14.91, 46.17, -69.44, Right
1761467083848, -17.24, 47.61, -103.51, Right
1761467083938, -10.48, 35.33, -78.56, Right
1761467083983, -3.67, 22.97, -54.57, Right
1761467084030, 3.18, 10.73, -29.70, Right
1761467084075, 7.42, 0.72, -20.00, Forward
1761467084119, 7.68, 1.79, -19.22, Forward
1761467084211, -0.40, 16.39, -35.09, Right
1761467084257, -1.93, 18.07, -32.43, Right
1761467084301, -3.48, 19.78, -29.53, Right
1761467084348, -5.58, 26.43, -61.27, Right
1761467084393, -4.52, 28.64, -60.55, Right
1761467084469, -14.11, 44.22, -82.02, Right
1761467084514, -19.68, 59.76, -105.49, Right
1761467084562, -23.49, 75.11, -95.81, Right
1761467084610, -31.22, 78.69, -87.84, Right
1761467084655, -23.30, 64.30, -67.78, Right
1761467084781, -20.74, 56.86, -52.76, Right
1761467084827, -22.25, 57.87, -50.54, Right
1761467084871, -24.48, 58.68, -47.46, Right
1761467084916, -23.56, 55.03, -49.34, Right
1761467085010, -23.15, 55.29, -49.38, Right
1761467085054, -21.10, 43.82, -18.89, Right
1761467085099, -23.26, 32.41, 14.52, Right
1761467085149, -24.76, 32.31, -19.84, Right
1761467085195, -16.01, 40.27, -19.70, Right
1761467085267, -12.90, 51.16, -6.59, Right
1761467085314, -17.90, 57.83, -20.39, Right
1761467085359, -17.73, 50.26, -4.96, Right
1761467085406, -12.19, 49.93, -10.60, Right
1761467085450, -12.83, 43.30, 22.27, Right
1761467085539, -11.55, 40.97, 20.68, Right
1761467085583, -9.10, 50.66, -13.15, Right
1761467085629, -6.80, 60.42, -46.75, Right
1761467085674, -4.91, 54.52, -30.75, Right
1761467085720, -9.23, 52.35, -48.34, Right
1761467085810, -16.20, 50.86, -66.43, Right
1761467085855, -8.92, 46.44, -53.42, Right
1761467085899, -1.75, 47.20, -57.88, Right
1761467085944, 0.72, 40.63, -42.14, Right
1761467085989, 5.38, 44.26, -59.59, Right
1761467086067, 7.44, 39.20, -42.87, Right
1761467086113, 9.42, 33.57, -26.29, Right
1761467086158, 11.60, 28.01, -9.84, Right
1761467086202, 11.77, 26.71, -9.29, Right
1761467086247, 11.98, 25.25, -8.74, Right
1761467086337, 12.02, 24.19, -8.41, Right
1761467086382, 12.16, 23.10, -8.07, Right
1761467086427, 12.23, 22.06, -7.70, Right
1761467086472, 12.35, 20.89, -7.55, Right
1761467086515, 12.42, 19.92, -7.44, Right
1761467086610, 12.60, 17.67, -6.97, Right
1761467086655, 12.67, 14.66, -6.29, Right
1761467086700, 12.67, 11.22, -5.53, Right
1761467086748, 12.51, 7.76, -4.79, Up
1761467086792, 12.31, 4.83, -4.22, Up
1761467086867, 12.44, 4.07, -4.35, Up
1761467086914, 12.29, 1.80, -3.95, Up
1761467086957, 11.99, -1.38, -3.33, Up
1761467087002, 11.75, -3.53, -2.91, Up
1761467087049, 11.49, -2.74, -3.40, Up
1761467087138, 11.11, -0.30, -4.60, Up
1761467087186, 10.96, 2.71, -5.99, Up
1761467087231, 10.84, 6.11, -7.46, Up
1761467087277, 10.63, 10.10, -9.42, Right
1761467087322, 10.42, 13.78, -11.30, Right
1761467087410, 9.93, 15.42, -12.66, Right
1761467087456, 9.63, 18.76, -14.53, Right
1761467087503, 9.52, 22.90, -16.64, Right
1761467087547, 9.31, 26.42, -18.65, Right
1761467087592, 7.09, 30.44, -0.48, Right
1761467087666, 6.92, 30.74, -1.34, Right
1761467087713, 6.68, 31.12, -2.20, Right
1761467087756, 6.43, 31.50, -3.05, Right
1761467087800, 6.43, 31.47, -3.42, Right
1761467087846, 6.45, 31.26, -3.73, Right
1761467087938, 6.41, 31.20, -3.75, Right
1761467087981, 6.38, 30.87, -3.76, Right
1761467088025, 6.34, 30.64, -3.76, Right
1761467088068, 6.41, 30.54, -3.68, Right
1761467088114, 8.45, 27.08, -22.85, Right
1761467088210, 8.43, 27.24, -22.73, Right
1761467088254, 8.44, 27.41, -22.59, Right
1761467088297, 8.45, 27.49, -22.44, Right
1761467088344, 8.48, 27.85, -22.18, Right
1761467088389, 8.41, 28.09, -21.89, Right
1761467088467, 8.92, 26.22, -23.24, Right
1761467088516, 8.70, 26.82, -23.14, Right
1761467088564, 8.54, 27.41, -23.08, Right
1761467088611, 8.35, 27.84, -23.05, Right
1761467088657, 11.97, 18.86, -15.50, Right
1761467088737, 8.27, 23.87, -31.10, Right
1761467088781, 7.53, 25.46, -31.27, Right
1761467088826, 6.94, 27.11, -31.52, Right
1761467088870, 3.13, 31.80, -47.13, Right
1761467088913, 2.15, 33.39, -47.43, Right
1761467089009, -2.35, 39.96, -61.42, Right
1761467089055, 1.54, 30.75, -53.48, Right
1761467089099, 5.36, 21.56, -45.49, Right
1761467089147, 5.17, 22.49, -45.71, Right
1761467089191, 1.16, 32.88, -53.42, Right
1761467089265, 4.44, 29.22, -37.89, Right
1761467089307, 4.82, 28.91, -37.84, Right
1761467089351, 5.05, 28.64, -37.72, Right
1761467089394, 5.35, 28.19, -37.87, Right
1761467089438, 2.85, 30.94, -53.51, Right
1761467089538, 10.61, 17.35, -31.34, Right
1761467089583, 3.27, 30.60, -55.22, Right
1761467089627, -4.07, 43.90, -79.09, Right
1761467089673, -7.62, 47.23, -94.98, Right
1761467089720, -10.77, 50.46, -110.97, Right
1761467089810, -14.83, 53.73, -126.88, Right
1761467089856, -18.50, 57.03, -142.88, Right
1761467089901, -14.44, 46.93, -135.03, Right
1761467089945, -16.08, 47.29, -134.83, Right
1761467089990, -17.52, 47.72, -134.66, Right
1761467090068, -26.07, 61.46, -157.10, Right
1761467090113, -27.25, 61.70, -157.01, Right
1761467090156, -28.49, 62.07, -156.66, Right
1761467090202, -20.94, 48.60, -133.04, Right
1761467090338, -22.32, 49.04, -132.16, Right
1761467090382, -14.15, 35.54, -109.11, Right
1761467090466, -15.64, 35.93, -107.86, Right
1761467090512, -24.48, 49.70, -130.82, Right
1761467090557, -15.45, 35.97, -109.04, Right
1761467090603, -6.67, 22.23, -86.94, Right
1761467090739, 1.92, 8.66, -63.16, Forward
1761467090783, 1.61, 8.95, -62.34, Forward
1761467090865, 1.58, 8.98, -61.92, Forward
1761467090911, 1.83, 8.90, -62.53, Forward
1761467090957, 10.55, -5.09, -40.37, Up
1761467091003, 10.50, -5.11, -40.29, Up
1761467091139, 10.70, -5.15, -40.11, Up
1761467091182, 10.74, -5.07, -39.65, Up
1761467091266, 10.46, -4.97, -38.40, Up
1761467091315, 10.32, -4.85, -37.24, Up
1761467091363, 10.35, -4.96, -37.95, Up
1761467091407, 10.15, -4.99, -37.43, Up
1761467091538, 18.62, -18.63, -13.73, Left
1761467091584, 9.58, -4.92, -35.24, Forward
1761467091667, 9.54, -4.81, -34.50, Forward
1761467091711, 9.59, -4.74, -34.26, Forward
1761467091757, 9.82, -4.99, -34.33, Forward
1761467091803, 18.41, -18.76, -11.13, Left
1761467091938, 9.60, -4.98, -33.37, Forward
1761467091983, 11.25, 0.19, -22.17, Up
1761467092067, 11.09, 0.25, -21.87, Up
1761467092112, 11.01, 0.22, -21.77, Up
1761467092156, 11.35, 0.07, -23.46, Up
1761467092198, 10.99, 0.25, -23.09, Up
1761467092341, 11.19, 0.22, -23.29, Up
1761467092385, 11.28, 0.16, -23.88, Up
1761467092466, 9.62, -9.55, 0.43, Forward
1761467092513, 9.84, -9.78, -1.32, Forward
1761467092560, 11.16, -9.51, -2.10, Up
1761467092606, 0.10, -0.76, -35.08, Forward
1761467092739, 0.04, -0.77, -34.98, Forward
1761467092783, 9.33, -14.58, -13.79, Left
1761467092865, -0.27, -0.58, -34.70, Forward
1761467092912, 9.05, -14.48, -13.52, Left
1761467092957, -0.56, -0.46, -34.86, Forward
1761467093001, -9.80, 13.62, -56.01, Right
1761467093139, -5.07, 16.56, -47.16, Right
1761467093183, -14.81, 30.40, -67.81, Right
1761467093267, -7.16, 16.32, -45.16, Right
1761467093310, 2.29, 2.29, -24.06, Forward
1761467093354, 2.40, 2.31, -23.75, Forward
1761467093397, -6.99, 16.58, -44.33, Right
1761467093537, -7.13, 16.87, -43.75, Right
1761467093584, -16.82, 31.19, -64.13, Right
1761467093665, -16.58, 31.26, -63.91, Right
1761467093715, -16.76, 31.27, -63.24, Right
1761467093762, -20.61, 38.50, -95.07, Right
1761467093808, -20.03, 38.59, -95.08, Right
1761467093938, -29.40, 52.32, -116.32, Right
1761467093982, -29.48, 52.45, -115.60, Right
1761467094065, -38.61, 65.99, -137.99, Right
1761467094113, -38.33, 65.38, -138.56, Right
1761467094159, -37.78, 64.73, -139.43, Right
1761467094205, -28.26, 50.55, -117.89, Right
1761467094339, -19.16, 36.54, -96.07, Right
1761467094383, -10.07, 22.63, -73.83, Right
1761467094466, -0.57, 8.68, -52.58, Forward
1761467094511, -0.75, 8.53, -52.71, Forward
1761467094554, -1.08, 8.65, -52.56, Forward
1761467094599, -1.20, 8.65, -52.44, Forward
1761467094738, -1.34, 8.49, -52.42, Forward
1761467094782, 7.58, -5.08, -30.48, Forward
1761467094866, 17.89, -3.37, -5.16, Up
1761467094911, 14.97, 10.31, 4.16, Right
1761467094958, 6.88, 18.33, 14.48, Right
1761467095006, 7.09, 18.18, 13.20, Right
1761467095138, -2.60, 31.70, -8.48, Right
1761467095183, -3.15, 31.72, -8.05, Right
1761467095265, 6.48, 17.92, 13.25, Right
1761467095313, -3.05, 31.48, -8.58, Right
1761467095360, -3.52, 31.53, -8.33, Right
1761467095405, -13.23, 45.10, -29.86, Right
1761467095538, -14.53, 29.76, -33.72, Right
1761467095583, -11.41, 16.00, -44.08, Right
1761467095667, -3.13, 7.89, -55.34, Forward
1761467095710, -3.07, 7.88, -55.45, Forward
1761467095755, 6.73, -5.69, -34.39, Forward
1761467095799, 6.46, -5.83, -34.53, Forward
1761467095937, 6.45, -5.86, -34.66, Forward
1761467095982, 6.24, -5.85, -34.48, Forward
1761467096065, 15.94, -19.31, -12.88, Left
1761467096111, 25.85, -32.94, 7.97, Left
1761467096156, 25.89, -32.91, 8.24, Left
1761467096202, 25.92, -32.94, 8.03, Left
1761467096338, 25.95, -32.98, 7.73, Left
1761467096383, 15.90, -19.28, -13.26, Left
1761467096466, 5.71, -5.62, -34.23, Forward
1761467096511, 5.77, -5.45, -34.11, Forward
1761467096555, -4.22, 8.31, -55.21, Forward
1761467096600, 5.66, -5.31, -34.01, Forward
1761467096738, -4.60, 8.12, -55.38, Forward
1761467096782, -4.65, 7.98, -56.37, Forward
1761467096866, -4.70, 7.99, -56.30, Forward
1761467096911, -4.80, 7.97, -56.29, Forward
1761467096956, -4.77, 7.94, -56.50, Forward
1761467097000, 5.25, -5.77, -35.60, Forward
1761467097138, 15.53, -19.46, -14.97, Left
1761467097182, 15.51, -19.54, -14.99, Left
1761467097265, 15.24, -19.72, -15.00, Left
1761467097310, 5.13, -6.20, -36.29, Forward
1761467097357, 15.40, -19.59, -14.50, Left
1761467097402, 5.24, -5.78, -34.27, Forward
1761467097537, -4.96, 7.84, -55.56, Forward
1761467097584, -5.01, 7.88, -55.28, Forward
1761467097666, -5.02, 7.93, -55.03, Forward
1761467097711, -5.05, 7.93, -55.00, Forward
1761467097756, -5.17, 7.94, -54.74, Forward
1761467097802, 5.03, -5.73, -33.93, Forward
1761467097938, 5.22, -5.69, -34.14, Forward
1761467097981, 5.28, -5.55, -34.18, Forward
1761467098065, 5.32, -5.55, -34.51, Forward
1761467098112, 10.93, -6.61, -20.19, Up
1761467098156, 21.40, -20.32, 0.12, Left
1761467098200, 21.38, -20.21, 0.87, Left
1761467098337, 11.16, -6.54, -19.91, Up
1761467098384, 11.25, -6.55, -20.00, Up
1761467098468, 11.39, -6.56, -20.35, Up
1761467098511, 11.34, -6.74, -21.69, Up
1761467098560, 11.21, -6.85, -21.63, Up
1761467098606, 13.58, -9.88, -23.51, Up
1761467098739, 13.57, -9.86, -23.30, Up
1761467098782, 18.22, -22.47, -16.99, Left
1761467098866, 18.00, -22.44, -16.49, Left
1761467098910, 7.81, -9.04, -38.18, Forward
1761467098953, 7.57, -9.13, -38.23, Forward
1761467098998, 7.51, -9.06, -37.87, Forward
1761467099140, 7.43, -9.04, -37.50, Forward
1761467099185, -2.95, 4.71, -56.94, Forward
1761467099267, 7.21, -8.79, -35.78, Forward
1761467099312, 15.11, -19.35, -12.20, Left
1761467099360, 15.12, -19.44, -12.66, Left
1761467099403, 4.66, -5.85, -33.34, Forward
1761467099538, 4.86, -5.84, -33.50, Forward
1761467099583, 15.08, -19.37, -12.70, Left
1761467099666, 15.02, -19.49, -12.46, Left
1761467099712, 14.98, -19.54, -12.57, Left
1761467099762, 14.89, -19.55, -12.59, Left
1761467099809, 25.21, -33.04, 8.88, Left
1761467099938, 15.07, -19.54, -12.15, Left
1761467099982, 14.94, -19.55, -12.02, Left
1761467100065, 4.81, -6.09, -33.40, Forward
1761467100108, 4.93, -6.22, -33.36, Forward
1761467100153, 4.64, -6.13, -32.40, Forward
1761467100196, 4.82, -6.14, -32.59, Forward
1761467100339, 4.77, -6.07, -32.51, Forward
1761467100384, 5.03, -6.16, -33.49, Forward
1761467100466, -5.29, 7.33, -54.45, Forward
1761467100512, -15.61, 20.78, -75.98, Right
1761467100560, -12.95, 12.69, -61.85, Right
1761467100606, -12.83, 12.54, -63.23, Right
1761467100738, -12.86, 12.51, -63.40, Right
1761467100781, -12.07, 12.45, -64.16, Right
1761467100825, -22.34, 25.87, -85.76, Right
1761467100869, -22.46, 26.00, -84.65, Right
1761467100914, -11.71, 12.36, -65.00, Right
1761467100960, -22.35, 25.91, -85.10, Right
1761467101005, -11.86, 12.31, -65.09, Right
1761467101049, -1.25, -1.21, -44.17, Forward
1761467101094, -4.22, 6.97, -58.17, Forward
1761467101137, -4.30, 7.12, -56.99, Forward
1761467101266, 5.97, -6.30, -35.70, Forward
1761467101311, 2.82, -15.73, -36.00, Left
1761467101395, 0.40, -19.16, -30.58, Left
1761467101444, -8.06, -8.17, -18.97, Forward
1761467101491, -18.88, 5.37, -38.93, Down
1761467101541, -14.10, 2.51, -24.93, Down
1761467101666, -13.99, 2.55, -24.84, Down
1761467101711, -13.96, 2.41, -26.02, Down
1761467101793, -14.00, 2.30, -26.07, Down
1761467101841, -24.50, 15.71, -47.52, Right
1761467101884, -34.99, 29.15, -68.59, Right
1761467101928, -32.64, 38.64, -67.73, Right
1761467102066, -30.38, 42.04, -73.20, Right
1761467102110, -32.61, 44.51, -106.37, Right
1761467102193, -32.46, 44.63, -106.27, Right
1761467102240, -37.32, 47.56, -120.40, Right
1761467102283, -48.09, 61.32, -140.28, Right
1761467102327, -58.06, 75.02, -160.42, Right
1761467102467, -45.96, 61.97, -138.39, Right
1761467102511, -42.28, 58.41, -106.34, Right
1761467102593, -42.13, 58.43, -106.26, Right
1761467102640, -32.06, 45.08, -84.16, Right
1761467102684, -31.93, 45.03, -84.02, Right
1761467102728, -31.75, 44.89, -84.27, Right
1761467102867, -31.79, 44.88, -84.30, Right
1761467102913, -31.78, 44.86, -84.19, Right
1761467102993, -31.72, 44.51, -84.42, Right
1761467103046, -29.85, 40.87, -51.19, Right
1761467103097, -34.74, 47.55, -43.21, Right
1761467103149, -27.88, 37.63, -54.33, Right
1761467103268, -27.92, 37.63, -54.34, Right
1761467103314, -27.66, 37.50, -55.58, Right
1761467103393, -27.81, 37.55, -55.56, Right
1761467103438, -27.85, 37.48, -55.59, Right
1761467103484, -27.81, 37.38, -55.73, Right
1761467103527, -17.16, 23.74, -35.80, Right
1761467103666, -15.63, 22.65, -37.40, Right
1761467103711, -18.39, 26.14, -70.22, Right
1761467103793, -25.63, 32.39, -100.35, Right
1761467103839, -36.13, 45.70, -121.45, Right
1761467103884, -25.55, 32.09, -101.79, Right
1761467103928, -36.13, 45.54, -122.52, Right
1761467104066, -22.42, 42.57, -124.65, Right
1761467104110, -11.86, 29.22, -103.39, Right
1761467104194, -11.88, 29.29, -103.19, Right
1761467104247, -12.03, 29.49, -101.67, Right
1761467104292, -13.43, 30.74, -99.88, Right
1761467104337, -13.29, 30.72, -99.93, Right
1761467104466, -13.28, 30.74, -99.92, Right
1761467104510, -13.26, 30.74, -99.90, Right
1761467104593, -13.17, 30.76, -99.93, Right
1761467104644, -2.53, 17.29, -79.43, Right
1761467104688, -5.40, 6.88, -56.40, Forward
1761467104733, -12.92, 17.09, -44.84, Right
1761467104867, -2.31, 3.59, -24.14, Forward
1761467104910, -12.88, 16.94, -45.54, Right
1761467104994, -7.34, 10.54, -31.78, Right
1761467105040, 3.31, -3.01, -12.13, Forward
1761467105087, 3.19, -3.01, -12.00, Forward
1761467105131, 3.00, -2.87, -11.84, Forward
1761467105267, 2.76, -2.76, -10.73, Forward
1761467105310, 2.81, -2.78, -10.69, Forward
1761467105394, -7.91, 10.42, -32.03, Right
1761467105444, 0.02, -0.04, -46.20, Forward
1761467105493, -7.58, 10.08, -33.87, Right
1761467105542, -7.44, 9.93, -34.24, Forward
1761467105666, -13.40, 16.08, -48.01, Right
1761467105717, -26.50, 29.25, -58.94, Right
1761467105805, -26.39, 29.25, -58.99, Right
1761467105849, -15.65, 15.64, -39.23, Right
1761467105896, -26.27, 29.09, -59.97, Right
1761467105943, -37.18, 42.58, -80.43, Right
1761467106067, -26.39, 29.15, -60.62, Right
1761467106110, -37.66, 42.84, -79.16, Right
1761467106194, -30.38, 32.83, -90.38, Right
1761467106243, -30.82, 32.94, -89.93, Right
1761467106287, -30.73, 33.03, -90.16, Right
1761467106332, -17.70, 19.95, -78.53, Right
1761467106467, -17.43, 19.99, -78.92, Right
1761467106510, -22.91, 26.49, -84.75, Right
1761467106595, -12.23, 13.00, -64.29, Right
1761467106641, -12.17, 12.97, -64.31, Right
1761467106686, -12.20, 12.94, -64.59, Right
1761467106729, -6.85, 10.07, -50.79, Right
1761467106866, -17.48, 23.38, -72.62, Right
1761467106910, -2.93, 23.53, -49.32, Right
1761467106994, 1.75, 23.95, -16.25, Right
1761467107041, 1.72, 23.92, -16.38, Right
1761467107087, 1.56, 23.83, -16.15, Right
1761467107131, -3.78, 30.84, -30.18, Right
1761467107266, -3.56, 30.46, -34.02, Right
1761467107310, -3.46, 30.30, -34.16, Right
1761467107394, -14.44, 43.87, -53.43, Right
1761467107441, -19.93, 46.71, -67.06, Right
1761467107485, -20.09, 46.76, -66.83, Right
1761467107530, -23.47, 33.11, -70.42, Right
1761467107666, -17.32, 19.21, -83.53, Right
1761467107710, -28.16, 32.67, -103.51, Right
1761467107794, -17.53, 19.28, -83.10, Right
1761467107841, -17.86, 19.35, -82.86, Right
1761467107888, -21.39, 26.75, -85.89, Right
1761467107932, -21.85, 26.96, -85.50, Right
1761467108066, -17.61, 22.37, -53.50, Right
1761467108110, -6.51, 8.76, -34.47, Forward
1761467108194, 4.68, -4.82, -14.80, Forward
1761467108244, -6.28, 8.81, -34.67, Forward
1761467108294, -6.27, 8.81, -34.67, Forward
1761467108341, 7.39, 5.69, -32.85, Forward
1761467108466, 7.42, 5.62, -33.28, Forward
1761467108511, 18.57, -7.97, -13.53, Up
1761467108594, 21.96, -15.08, -7.46, Left
1761467108643, 22.19, -15.07, -7.54, Left
1761467108695, 17.76, -10.50, -39.43, Left
1761467108741, 17.96, -10.40, -38.48, Left
1761467108865, 7.33, 3.14, -58.38, Forward
1761467108909, 7.56, 2.97, -58.35, Forward
1761467108994, -3.08, 16.58, -78.39, Right
1761467109042, -16.71, 19.90, -80.35, Right
1761467109086, -21.33, 27.35, -84.58, Right
1761467109131, -21.34, 27.34, -84.80, Right
1761467109267, -21.31, 27.37, -84.59, Right
1761467109311, -10.30, 13.79, -64.92, Right
1761467109395, 0.86, 0.42, -44.27, Forward
1761467109442, 0.80, 0.40, -44.74, Forward
1761467109487, 0.66, 0.44, -44.86, Forward
1761467109530, 14.76, -5.47, -13.97, Up
1761467109666, 25.37, -19.04, 6.50, Left
1761467109710, 36.04, -33.09, 22.00, Left
1761467109794, 40.60, -40.44, 26.96, Left
1761467109842, 40.52, -40.35, 27.78, Left
1761467109887, 29.33, -26.55, 8.24, Left
1761467109934, 25.90, -19.46, 1.16, Left
1761467110065, 18.12, -6.15, 13.98, Up
1761467110110, 10.02, 7.30, -7.95, Up
1761467110195, 20.40, -6.08, 13.78, Up
1761467110241, 20.39, -3.51, -8.70, Up
1761467110286, 19.64, -3.92, -15.03, Up
1761467110329, 11.71, 8.59, -32.70, Up
1761467110466, 3.95, 20.15, -55.44, Right
1761467110509, -3.68, 31.78, -78.11, Right
1761467110593, 2.26, 26.87, -64.08, Right
1761467110641, 0.37, 28.73, -62.38, Right
1761467110687, 2.85, 24.32, -81.45, Right
1761467110730, 5.70, 19.79, -64.77, Right
1761467110866, 0.83, 28.46, -71.94, Right
1761467110909, -7.86, 27.30, -65.88, Right
1761467110993, -12.16, 36.50, -65.33, Right
1761467111040, -9.09, 33.19, -48.78, Right
1761467111085, -6.34, 30.37, -32.15, Right
1761467111129, -3.78, 27.49, -15.43, Right
1761467111266, -3.68, 27.46, -15.27, Right
1761467111310, -3.56, 27.36, -15.17, Right
1761467111393, -3.50, 27.18, -15.08, Right
1761467111440, -3.50, 27.16, -15.02, Right
1761467111484, -3.55, 27.11, -14.93, Right
1761467111527, -3.48, 26.93, -14.83, Right
1761467111666, -3.33, 26.77, -14.88, Right
1761467111710, -3.15, 26.52, -14.92, Right
1761467111756, -2.97, 26.34, -14.99, Right
1761467111802, -2.80, 26.47, -15.01, Right
1761467111846, -5.37, 29.14, -31.48, Right
1761467111922, -7.82, 31.70, -48.08, Right
1761467111966, -10.18, 34.34, -64.64, Right
1761467112009, -12.53, 36.92, -81.19, Right
1761467112056, -14.75, 39.59, -97.78, Right
1761467112099, -17.03, 42.35, -114.43, Right
1761467112194, -20.04, 45.92, -130.74, Right
1761467112244, -23.00, 49.69, -147.12, Right
1761467112292, -31.56, 48.52, -130.34, Right
1761467112340, -26.71, 39.64, -124.54, Right
1761467112384, -19.20, 28.19, -102.07, Right
1761467112451, -20.98, 29.71, -100.77, Right
1761467112494, -13.54, 18.30, -78.44, Right
1761467112543, -10.82, 14.32, -60.49, Right
1761467112592, -12.72, 15.82, -59.29, Right
1761467112640, -5.19, 4.07, -39.56, Forward
1761467112723, 1.85, -5.87, -21.77, Forward
1761467112768, 0.37, -5.29, -20.66, Forward
1761467112812, 4.38, 0.04, -52.68, Forward
1761467112856, -5.09, 13.01, -73.65, Right
1761467112902, -5.08, 12.63, -77.41, Right
1761467112994, -5.14, 12.71, -77.50, Right
1761467113041, -4.92, 12.71, -77.68, Right
1761467113086, -9.07, 18.65, -94.32, Right
1761467113129, 0.26, 5.65, -73.62, Forward
1761467113174, -9.24, 18.96, -91.99, Right
1761467113251, -8.35, 16.44, -90.77, Right
1761467113294, -8.87, 16.62, -90.34, Right
1761467113338, 0.40, 3.62, -71.48, Forward
1761467113381, 0.10, 3.64, -71.23, Forward
1761467113425, -9.54, 17.14, -88.44, Right
1761467113523, -9.63, 17.45, -88.09, Right
1761467113569, -9.93, 17.11, -91.51, Right
1761467113613, -0.99, 3.71, -70.50, Forward
1761467113657, -10.51, 16.99, -91.01, Right
1761467113702, -10.58, 17.12, -90.97, Right
1761467113795, -20.13, 30.71, -108.76, Right
1761467113842, -20.03, 30.90, -108.82, Right
1761467113890, -29.54, 44.37, -127.39, Right
1761467113937, -27.60, 45.31, -128.32, Right
1761467113981, -27.32, 45.34, -128.56, Right
1761467114053, -17.97, 32.20, -106.89, Right
1761467114097, -27.58, 45.70, -123.81, Right
1761467114142, -27.58, 45.50, -125.79, Right
1761467114191, -18.11, 32.25, -104.74, Right
1761467114237, -18.02, 32.14, -104.53, Right
1761467114325, -8.37, 18.71, -84.89, Right
1761467114372, -8.13, 18.61, -84.90, Right
1761467114417, -8.00, 18.47, -84.82, Right
1761467114460, -9.60, 17.76, -83.80, Right
1761467114508, 1.83, 8.09, -59.57, Forward
1761467114594, -8.00, 21.24, -80.94, Right
1761467114641, -8.13, 21.21, -81.04, Right
1761467114690, -18.10, 34.67, -99.59, Right
1761467114735, -18.10, 34.72, -99.24, Right
1761467114779, -8.77, 21.65, -78.09, Right
1761467114851, -9.00, 21.91, -75.79, Right
1761467114895, 0.43, 8.75, -54.83, Forward
1761467114942, 9.77, -4.29, -33.48, Forward
1761467114990, 19.10, -17.44, -11.88, Left
1761467115035, 16.97, -20.81, -13.68, Left
1761467115122, 17.49, -20.67, -14.16, Left
1761467115168, 17.75, -20.45, -14.44, Left
1761467115213, 27.63, -33.52, 7.73, Left
1761467115257, 30.75, -28.80, 12.08, Left
1761467115301, 22.82, -15.39, -10.69, Left
1761467115393, 15.43, -3.04, -34.27, Up
1761467115439, 7.74, 9.59, -56.80, Forward
1761467115482, 0.12, 22.22, -79.73, Right
1761467115526, -7.40, 34.24, -102.89, Right
1761467115573, -14.79, 46.14, -126.57, Right
1761467115650, -12.94, 44.64, -127.66, Right
1761467115692, -8.19, 40.54, -112.58, Right
1761467115739, -12.98, 49.65, -120.05, Right
1761467115783, -20.95, 54.15, -130.68, Right
1761467115827, -17.75, 49.99, -114.05, Right
1761467115921, -14.99, 46.76, -97.24, Right
1761467115967, -11.98, 43.36, -80.64, Right
1761467116010, -8.94, 39.92, -64.06, Right
1761467116057, -5.95, 37.03, -47.68, Right
1761467116105, -3.09, 34.23, -31.25, Right
1761467116196, -0.24, 31.57, -14.99, Right
1761467116239, -0.18, 31.61, -14.97, Right
1761467116283, -0.08, 31.60, -14.98, Right
1761467116327, 0.12, 31.51, -14.96, Right
1761467116372, 0.29, 31.34, -15.05, Right
1761467116449, 0.20, 31.39, -15.06, Right
1761467116492, 0.20, 31.52, -15.14, Right
1761467116539, 0.25, 31.64, -15.24, Right
1761467116583, 0.26, 31.79, -15.32, Right
1761467116627, 0.13, 31.87, -15.36, Right
1761467116722, 0.08, 31.89, -15.38, Right
1761467116766, 0.05, 31.75, -15.35, Right
1761467116810, 0.06, 31.68, -15.29, Right
1761467116858, -0.09, 31.75, -15.23, Right
1761467116906, -0.24, 31.89, -15.14, Right
1761467116994, -0.10, 31.84, -15.14, Right
1761467117038, -0.02, 31.71, -15.10, Right
1761467117083, 0.01, 31.60, -15.04, Right
1761467117127, 0.02, 31.43, -14.97, Right
1761467117172, 0.21, 31.27, -14.92, Right
1761467117249, 0.26, 31.20, -14.84, Right
1761467117293, 0.41, 31.23, -14.77, Right
1761467117338, 0.52, 31.23, -14.73, Right
1761467117383, 0.68, 31.20, -14.70, Right
1761467117426, 0.74, 31.06, -14.66, Right
1761467117521, 0.83, 31.17, -14.56, Right
1761467117566, 0.92, 31.28, -14.46, Right
1761467117608, 1.02, 31.44, -14.39, Right
1761467117656, -1.39, 34.51, -30.49, Right
1761467117700, -1.28, 34.98, -30.41, Right
1761467117794, -1.01, 35.56, -30.12, Right
1761467117839, -0.85, 36.15, -29.89, Right
1761467117885, -0.78, 36.73, -29.62, Right
1761467117929, -0.62, 37.00, -29.35, Right
1761467117972, -0.36, 37.42, -29.10, Right
1761467118208, -0.72, 42.12, -45.33, Right
1761467118322, -2.70, 47.35, -59.85, Right
1761467118366, 0.42, 53.33, -43.49, Right
1761467118411, 6.26, 56.68, -11.31, Right
1761467118595, 8.16, 60.85, 6.62, Right
1761467118638, 10.67, 65.08, 23.80, Right
1761467118683, 13.20, 69.36, 41.03, Right
1761467118729, 14.46, 72.74, 59.38, Right
1761467118773, 16.02, 76.92, 77.48, Right
1761467118850, 16.90, 80.30, 95.77, Right
1761467118894, 18.95, 79.81, 130.64, Right
1761467118940, 22.47, 78.63, 163.89, Right
1761467118982, 20.94, 76.72, 166.28, Right
1761467119123, 18.88, 68.21, 151.22, Right
1761467119169, 18.03, 61.95, 134.21, Right
1761467119214, 16.69, 55.44, 117.65, Right
1761467119257, 14.65, 49.16, 101.36, Right
1761467119304, 13.78, 44.19, 83.88, Right
1761467119395, 12.97, 37.42, 66.45, Right
1761467119437, 12.78, 31.41, 48.87, Right
1761467119481, 11.80, 24.91, 31.17, Right
1761467119524, 11.00, 18.60, 13.06, Right
1761467119571, 10.02, 11.59, -4.92, Right
1761467119650, 9.34, 11.32, -5.34, Right
1761467119697, 8.88, 10.77, -5.72, Right
1761467119740, 8.26, 10.37, -6.09, Right
1761467119788, 8.36, 9.58, -6.71, Forward
1761467119834, 8.65, 8.17, -7.26, Forward
1761467119922, 8.37, 7.70, -7.54, Forward
1761467119967, 7.90, 6.95, -7.86, Forward
1761467120012, 7.60, 6.02, -8.12, Forward
1761467120057, 7.06, 4.74, -8.08, Forward
1761467120106, 6.75, 3.71, -8.07, Forward
1761467120194, 6.44, 2.74, -7.81, Forward
1761467120238, 6.05, 1.54, -7.57, Forward
1761467120285, 5.62, 0.15, -7.32, Forward
1761467120329, 4.98, -1.32, -7.08, Forward
1761467120375, 4.27, -2.76, -6.88, Forward
1761467120456, 3.67, -3.71, -6.78, Forward
1761467120503, 3.17, -4.57, -6.70, Forward
1761467120551, 2.64, -5.39, -6.62, Forward
1761467120595, 2.40, -5.76, -6.54, Forward
1761467120639, 1.94, -5.93, -6.57, Forward
1761467120722, 1.60, -6.32, -6.58, Forward
1761467120769, 1.17, -6.81, -6.60, Forward
1761467120815, 0.74, -7.24, -6.60, Forward
1761467120859, 0.60, -7.28, -6.59, Forward
1761467120908, 0.39, -7.33, -6.58, Forward
1761467120994, 0.19, -7.52, -6.47, Forward
1761467121041, -0.04, -7.49, -6.39, Forward
1761467121090, -0.27, -7.46, -6.32, Forward
1761467121136, -0.58, -7.51, -6.16, Forward
1761467121183, -0.87, -7.57, -6.03, Forward
1761467121250, -1.09, -7.89, -5.88, Forward
1761467121295, -1.32, -8.10, -5.76, Forward
1761467121339, -1.46, -8.22, -5.62, Forward
1761467121385, -1.65, -8.55, -5.50, Forward
1761467121429, -1.81, -8.77, -5.38, Forward
1761467121522, -1.88, -8.90, -5.34, Forward
1761467121567, -1.63, -8.94, -5.22, Forward
1761467121611, -1.40, -8.99, -5.12, Forward
1761467121657, -1.27, -9.04, -5.10, Forward
1761467121702, -0.97, -8.74, -5.05, Forward
1761467121793, -0.56, -8.02, -5.08, Forward
1761467121838, 0.01, -7.40, -5.07, Forward
1761467121883, 0.52, -6.65, -5.12, Forward
1761467121926, 0.78, -6.48, -5.12, Forward
1761467121972, 1.15, -6.17, -5.07, Forward
1761467122051, 1.42, -5.36, -5.09, Forward
1761467122095, 1.32, -5.11, -5.16, Forward
1761467122139, 1.20, -4.80, -5.22, Forward
1761467122183, 1.19, -4.56, -5.27, Forward
1761467122229, 1.11, -4.05, -5.38, Forward
1761467122322, 0.76, -3.69, -5.52, Forward
1761467122366, 0.34, -3.32, -5.65, Forward
1761467122413, -0.02, -3.11, -5.74, Forward
1761467122456, -0.22, -2.32, -5.88, Forward
1761467122506, -0.48, -1.62, -6.05, Forward
1761467122594, -0.64, -1.41, -6.10, Forward
1761467122639, -0.64, -0.81, -6.12, Forward
1761467122685, -0.61, -0.26, -6.18, Forward
1761467122730, -0.67, 0.25, -6.19, Forward
1761467122775, -0.75, 0.32, -6.15, Forward
1761467122849, -0.73, 0.38, -6.14, Forward
1761467122894, -0.79, 0.38, -6.10, Forward
1761467122937, -0.93, 0.35, -6.08, Forward
1761467122981, -0.85, 0.34, -6.06, Forward
1761467123025, -0.87, 0.06, -6.09, Forward
1761467123122, -0.54, 0.31, -6.11, Forward
1761467123172, -0.31, 0.71, -6.15, Forward
1761467123218, -0.08, 1.11, -6.18, Forward
1761467123263, 0.16, 1.21, -6.17, Forward
1761467123306, 0.36, 1.12, -6.13, Forward
1761467123378, 0.38, 0.70, -6.03, Forward
1761467123421, 0.46, 0.16, -5.93, Forward
1761467123466, 0.54, -0.38, -5.82, Forward
1761467123510, 0.50, -0.90, -5.69, Forward
1761467123554, 0.63, -0.83, -5.58, Forward
1761467123651, 0.24, -1.60, -5.56, Forward
1761467123694, -0.04, -2.40, -5.50, Forward
1761467123736, -0.32, -3.19, -5.46, Forward
1761467123782, -0.51, -3.17, -5.53, Forward
1761467123826, -0.66, -3.23, -5.58, Forward
1761467123921, -0.61, -2.78, -5.68, Forward
1761467123968, -0.57, -2.10, -5.80, Forward
1761467124010, -0.54, -1.40, -5.91, Forward
1761467124057, -0.26, -0.06, -6.04, Forward
1761467124106, -0.04, 0.84, -6.15, Forward
1761467124184, 0.34, 2.21, -6.28, Forward
1761467124228, 0.66, 3.35, -6.37, Forward
1761467124274, 0.97, 4.47, -6.45, Forward
1761467124336, 1.28, 5.15, -6.49, Forward
1761467124391, 1.41, 7.06, -6.59, Forward
1761467124469, 1.46, 9.69, -6.63, Forward
1761467124530, 1.45, 12.39, -6.70, Right
1761467124583, 1.45, 15.15, -6.80, Right
1761467124641, 1.12, 17.43, -6.83, Right
1761467124698, 0.83, 19.80, -6.86, Right
1761467124745, 0.39, 22.24, -6.82, Right
1761467124853, 0.05, 24.79, -6.84, Right
1761467124900, -0.36, 27.17, -6.87, Right
1761467124946, -0.74, 29.45, -6.89, Right
1761467124992, -1.09, 31.26, -6.82, Right
1761467125042, -1.40, 31.69, -6.75, Right
1761467125132, -1.68, 31.15, -6.57, Right
1761467125179, -1.85, 30.69, -6.40, Right
1761467125226, -1.94, 30.06, -6.29, Right
1761467125274, -2.03, 28.29, -6.04, Right
1761467125320, -2.02, 26.23, -5.81, Right
1761467125384, -2.06, 24.03, -5.60, Right
1761467125431, -1.99, 21.60, -5.37, Right
1761467125478, -1.93, 19.30, -5.13, Right
1761467125540, -1.64, 16.51, -4.98, Right
1761467125589, -1.48, 13.68, -4.78, Right
1761467125665, -1.35, 12.06, -4.67, Right
1761467125711, -1.35, 11.14, -4.57, Right
1761467125758, -1.35, 9.97, -4.47, Forward
1761467125806, -1.46, 10.35, -4.51, Right
1761467125854, -1.56, 10.73, -4.54, Right
1761467125929, -1.60, 11.02, -4.59, Right
1761467125976, -1.74, 11.22, -4.59, Right
1761467126022, -1.81, 11.35, -4.61, Right
1761467126071, -2.06, 10.62, -4.52, Right
1761467126118, -2.27, 10.11, -4.46, Right
1761467126181, -2.41, 9.15, -4.44, Forward
1761467126227, -2.54, 7.32, -4.40, Forward
1761467126272, -2.66, 5.75, -4.34, Forward
