Head Tracking Session: phase1_cycle1_1761468138293
Start Time: 2025-10-26T04:42:18.298701
==================================================
Timestamp (ms), Pitch, Yaw, Roll, Direction
1761468150496, 0.00, 0.00, 0.00, Forward
1761468150543, -0.60, -1.56, -0.75, Forward
1761468150587, -0.90, -2.28, -1.08, Forward
1761468150635, -0.76, -0.89, -1.49, Forward
1761468150684, -0.91, -0.12, -1.72, Forward
1761468150735, -1.11, 1.37, -2.43, Forward
1761468150813, -1.65, 2.24, -2.98, Forward
1761468150867, -2.12, 2.54, -3.39, Forward
1761468150920, -2.34, 3.22, -3.71, Forward
1761468150969, -2.59, 3.51, -3.93, Forward
1761468151017, -2.74, 4.05, -4.30, Forward
1761468151067, -2.82, 4.52, -4.25, Forward
1761468151115, -2.96, 5.16, -4.21, Forward
1761468151164, -3.23, 4.39, -3.86, Forward
1761468151213, -3.37, 3.62, -3.50, Forward
1761468151263, -3.38, 2.10, -2.75, Forward
1761468151312, -3.14, 0.56, -1.95, Forward
1761468151361, -2.74, 0.51, -1.29, Forward
1761468151411, -1.99, 3.21, -0.96, Forward
1761468151455, -0.74, 12.42, -19.01, Right
1761468151501, 0.12, 16.82, -18.89, Right
1761468151551, 0.78, 21.79, -18.99, Right
1761468151600, 1.48, 26.56, -19.43, Right
1761468151650, 2.05, 32.23, -20.03, Right
1761468151700, 2.89, 38.39, -20.79, Right
1761468151755, 3.73, 44.39, -21.78, Right
1761468151803, 4.56, 50.42, -22.68, Right
1761468151854, 5.17, 55.40, -23.32, Right
1761468151903, 5.42, 57.01, -23.63, Right
1761468151951, 5.21, 51.52, -4.70, Right
1761468152011, 5.17, 48.80, -3.54, Right
1761468152058, 5.23, 45.46, -2.46, Right
1761468152107, 5.27, 40.47, -0.58, Right
1761468152154, 5.51, 35.53, 1.27, Right
1761468152203, 5.28, 29.18, 3.35, Right
1761468152252, 4.92, 22.99, 5.61, Right
1761468152303, 4.94, 16.44, 8.82, Right
1761468152353, 2.67, 15.90, -6.56, Right
1761468152404, 0.95, 15.65, -22.09, Right
1761468152451, 1.39, 9.66, -19.22, Forward
1761468152500, 1.94, 5.68, -16.77, Forward
1761468152553, 2.72, 4.54, -32.09, Forward
1761468152605, 3.64, 4.91, -47.80, Forward
1761468152653, 4.06, 2.54, -45.80, Forward
1761468152701, 4.67, 1.39, -43.79, Forward
1761468152750, 5.39, 0.35, -41.82, Forward
1761468152800, 6.56, 1.95, -58.15, Forward
1761468152877, 10.23, -2.90, -55.79, Up
1761468152925, 19.48, 3.86, -26.10, Up
1761468152970, 19.49, 3.58, -25.32, Up
1761468153018, 19.62, 3.47, -24.45, Up
1761468153067, 20.19, 2.39, -23.36, Up
1761468153118, 21.24, 1.19, -22.34, Up
1761468153168, 18.89, 7.97, -19.33, Up
1761468153218, 16.31, 18.58, -37.20, Right
1761468153273, 7.05, 25.13, -36.52, Right
1761468153319, -3.03, 29.52, -17.93, Right
1761468153377, 0.66, 29.85, -11.44, Right
1761468153426, -15.86, 22.82, -15.81, Right
1761468153471, -25.30, 29.44, -11.26, Right
1761468153520, -22.61, 30.00, -26.64, Right
1761468153568, -25.90, 38.85, -27.91, Right
1761468153617, -25.70, 39.96, -27.73, Right
1761468153669, -19.48, 33.74, -44.43, Right
1761468153718, -13.53, 23.14, -39.75, Right
1761468156532, -6.75, 18.11, -59.89, Right
1761468156597, 0.56, 12.65, -80.20, Right
1761468156650, -5.61, 11.99, -88.38, Right
1761468156713, 2.76, 7.38, -112.65, Forward
1761468156765, 12.14, 5.77, -135.74, Up
1761468156813, 8.64, 7.59, -139.21, Forward
1761468156894, 8.82, 1.99, -122.16, Forward
1761468156941, 6.06, 1.83, -124.71, Forward
1761468157005, 1.39, 3.56, -129.95, Forward
1761468157052, -1.65, 10.03, -118.97, Right
1761468157101, 4.06, 7.77, -97.40, Forward
1761468157151, 9.28, 6.00, -75.26, Forward
1761468157200, 14.12, 3.67, -55.42, Up
1761468157250, 18.36, 0.97, -35.31, Up
1761468157300, 21.68, -4.71, -14.89, Up
1761468157349, 25.11, -7.98, 3.30, Up
1761468157397, 30.64, -13.39, 6.96, Left
1761468157449, 35.07, -16.15, 28.63, Left
1761468157500, 38.93, -19.12, 47.38, Left
1761468157552, 37.49, -24.38, 30.67, Left
1761468157601, 37.56, -24.32, 31.76, Left
1761468157690, 31.47, -18.52, 9.41, Left
1761468157735, 31.51, -18.49, 10.36, Left
1761468157806, 31.55, -18.44, 11.43, Left
1761468157853, 31.61, -18.43, 11.63, Left
1761468157904, 26.58, -13.47, -8.22, Left
1761468157953, 26.35, -13.61, -10.38, Left
1761468158001, 26.04, -13.76, -12.74, Left
1761468158050, 25.81, -13.81, -13.77, Left
1761468158102, 30.03, -15.95, 5.01, Left
1761468158148, 29.97, -16.09, 2.96, Left
1761468158200, 36.12, -21.91, 25.42, Left
1761468158248, 36.18, -21.82, 26.88, Left
1761468158566, 36.32, -21.67, 28.82, Left
1761468158616, 36.40, -21.50, 31.44, Left
1761468158666, 42.06, -22.81, 36.94, Left
1761468158716, 42.55, -22.61, 40.29, Left
1761468158765, 43.11, -22.43, 43.37, Left
1761468158815, 39.28, -20.27, 25.72, Left
1761468158889, 39.56, -20.22, 27.17, Left
1761468158936, 39.67, -20.24, 27.08, Left
1761468159012, 39.73, -20.34, 25.73, Left
1761468159063, 39.77, -20.40, 24.91, Left
1761468159114, 34.46, -18.64, 0.47, Left
1761468159165, 34.44, -18.87, -2.66, Left
1761468159217, 28.92, -20.66, -8.00, Left
1761468159268, 22.33, -19.13, -32.52, Left
1761468159317, 22.03, -19.25, -34.51, Left
1761468159367, 21.44, -19.23, -34.61, Left
1761468159421, 21.47, -19.16, -33.82, Left
1761468159467, 21.37, -19.19, -34.35, Left
1761468159517, 21.26, -19.21, -35.10, Left
1761468159569, 21.23, -19.22, -35.42, Left
1761468159620, 26.43, -21.14, -13.16, Left
1761468159690, 26.33, -21.08, -12.59, Left
1761468159737, 31.57, -22.84, 8.40, Left
1761468159802, 26.98, -10.44, 15.03, Left
1761468159851, 20.72, 0.08, 8.40, Up
1761468159900, 21.48, 0.00, 9.02, Up
1761468159949, 25.21, 4.20, 10.47, Up
1761468160001, 29.08, 8.55, 13.79, Up
1761468160051, 29.11, 8.81, 16.93, Up
1761468160099, 29.01, 8.91, 17.80, Up
1761468160147, 33.19, 12.79, 14.00, Right
1761468160202, 37.03, 16.87, 15.10, Right
1761468160250, 40.77, 21.04, 17.49, Right
1761468160300, 55.59, 11.13, 34.55, Right
1761468160349, 61.68, 0.81, 44.27, Up
1761468160396, 69.72, 2.93, 65.07, Up
1761468160489, 65.85, -1.16, 64.56, Up
1761468160536, 61.82, -5.42, 62.02, Up
1761468160608, 61.81, -5.54, 60.54, Up
1761468160654, 61.81, -5.60, 59.65, Up
1761468160705, 57.49, -9.52, 62.21, Up
1761468160750, 53.28, -13.79, 56.79, Left
1761468160800, 49.14, -18.07, 51.72, Left
1761468160848, 45.19, -22.22, 49.54, Left
1761468160897, 45.36, -22.41, 46.11, Left
1761468160949, 35.10, -20.10, 24.11, Left
1761468161003, 30.15, -13.86, 2.44, Left
1761468161051, 30.26, -13.96, 0.96, Left
1761468161099, 30.35, -14.06, -0.22, Left
1761468161146, 23.45, -9.31, -22.67, Up
1761468161195, 18.47, -7.33, -43.62, Up
1761468161244, 18.88, -7.14, -39.47, Up
1761468161292, 13.82, -5.57, -58.13, Up
1761468161338, 13.83, -5.59, -58.53, Up
1761468161384, 8.42, 0.43, -78.80, Forward
1761468161431, 14.85, -5.85, -56.22, Up
1761468161481, 19.97, -12.14, -35.01, Left
1761468161531, 14.55, -9.77, -54.84, Up
1761468161581, 6.59, 3.28, -73.68, Forward
1761468161632, 13.55, -1.52, -51.94, Up
1761468161693, 18.71, -3.43, -29.81, Up
1761468161738, 13.35, -1.30, -52.01, Up
1761468161803, 13.13, -0.62, -52.20, Up
1761468161851, 6.89, 6.62, -72.22, Forward
1761468161900, 6.98, 2.97, -72.62, Forward
1761468161952, 2.14, 3.63, -95.31, Forward
1761468162002, 1.80, 3.53, -97.01, Forward
1761468162057, 1.81, 3.73, -97.08, Forward
1761468162102, 4.07, -6.79, -100.07, Forward
1761468162152, -1.55, -4.38, -121.78, Forward
1761468162200, -7.09, -2.06, -144.21, Forward
1761468162300, -8.82, 8.61, -142.60, Forward
1761468162349, -3.19, 6.61, -119.44, Forward
1761468162397, -2.06, 1.94, -119.74, Forward
1761468162450, -3.07, 2.09, -120.37, Forward
1761468162501, -3.40, 3.92, -120.33, Forward
1761468162549, -3.21, 4.06, -118.27, Forward
1761468162596, -3.23, 8.23, -117.69, Forward
1761468162647, 2.36, 5.75, -95.38, Forward
1761468162698, 7.70, 3.29, -74.41, Forward
1761468162748, 8.33, 3.53, -73.82, Forward
1761468162799, 15.23, -9.33, -54.57, Up
1761468162847, 15.14, -9.41, -56.04, Up
1761468162897, 20.23, -11.92, -34.98, Left
1761468162948, 26.54, -14.39, -12.74, Left
1761468162999, 26.42, -14.43, -12.69, Left
1761468163098, 20.90, -8.14, -34.91, Up
1761468163149, 26.32, -14.78, -14.18, Left
1761468163198, 26.36, -14.75, -13.99, Left
1761468163248, 26.53, -14.68, -13.07, Left
1761468163298, 31.00, -17.42, 6.24, Left
1761468163347, 31.11, -17.41, 6.63, Left
1761468163396, 25.47, -10.98, -14.34, Left
1761468163448, 25.42, -10.91, -12.70, Left
1761468163504, 20.14, -4.33, -33.75, Up
1761468163552, 25.49, -6.76, -11.33, Up
1761468163601, 30.68, -13.24, 7.85, Left
1761468163661, 25.02, -10.81, -13.34, Left
1761468163712, 19.52, -8.67, -35.57, Up
1761468163764, 12.46, 4.32, -55.04, Up
1761468163816, 7.02, 6.74, -74.95, Forward
1761468163903, 2.33, 9.36, -95.47, Forward
1761468163952, 1.08, 13.56, -94.40, Right
1761468164003, 1.21, 13.60, -94.68, Right
1761468164051, 6.53, 7.04, -73.25, Forward
1761468164099, 6.42, 7.07, -72.90, Forward
1761468164145, 1.02, 9.64, -92.78, Forward
1761468164195, 2.13, 10.52, -92.03, Right
1761468164247, 1.66, 10.83, -92.07, Right
1761468164298, 5.65, 3.82, -93.30, Forward
1761468164348, 11.15, 1.42, -73.27, Up
1761468164398, 9.97, 1.21, -74.14, Forward
1761468164449, 13.35, 5.37, -74.52, Up
1761468164498, 7.52, 7.66, -96.97, Forward
1761468164548, 1.68, 9.98, -119.22, Forward
1761468164596, 1.65, 9.93, -119.80, Forward
1761468164699, 2.83, 23.04, -118.43, Right
1761468164749, 7.43, 19.83, -96.54, Right
1761468164797, 13.32, 17.28, -75.75, Right
1761468164848, 16.36, 11.34, -54.82, Right
1761468164897, 16.67, 11.54, -51.88, Right
1761468164949, 16.59, 11.45, -52.17, Right
1761468165004, 20.16, -3.28, -30.81, Up
1761468165053, 25.90, -5.60, -8.61, Up
1761468165103, 26.26, -5.61, -8.45, Up
1761468165151, 20.76, -3.40, -30.80, Up
1761468165202, 19.75, -16.52, -32.06, Left
1761468165250, 8.19, -3.72, -46.62, Forward
1761468165299, 2.54, -1.27, -67.42, Forward
1761468165349, -3.19, 1.09, -89.56, Forward
1761468165398, -3.24, 1.08, -89.54, Forward
1761468165502, -3.14, 1.26, -89.42, Forward
1761468165550, -8.80, 5.64, -111.51, Forward
1761468165598, -15.81, 18.22, -131.36, Right
1761468165649, -15.83, 22.18, -130.55, Right
1761468165698, -10.37, 20.02, -107.76, Right
1761468165747, -10.25, 19.93, -107.52, Right
1761468165794, 1.27, 7.10, -93.58, Forward
1761468165846, 1.66, 7.10, -93.10, Forward
1761468165898, -0.25, 17.58, -90.07, Right
1761468165947, -5.49, 19.90, -112.48, Right
1761468165996, 0.29, 17.51, -89.42, Right
1761468166048, 5.88, 13.17, -67.05, Right
1761468166098, 12.63, 0.48, -49.02, Up
1761468166146, 12.82, -3.36, -49.41, Up
1761468166194, 7.70, -0.95, -71.78, Forward
1761468166302, 13.11, -3.21, -49.52, Up
1761468166350, 7.75, -0.76, -71.12, Forward
1761468166399, 12.91, -3.13, -49.52, Up
1761468166448, 15.51, -13.58, -51.80, Left
1761468166506, 15.37, -9.27, -51.49, Up
1761468166559, 15.41, -9.33, -52.66, Up
1761468166605, 9.98, -7.10, -75.13, Forward
1761468166651, 2.78, 5.56, -92.87, Forward
1761468166701, 3.90, 17.93, -95.78, Right
1761468166763, 2.31, 22.77, -95.32, Right
1761468166823, -3.56, 28.78, -117.11, Right
1761468166880, 1.79, 26.32, -95.39, Right
1761468166935, 1.89, 26.38, -94.72, Right
1761468167002, 1.71, 26.22, -94.92, Right
1761468167055, 7.06, 19.59, -72.80, Right
1761468167101, 7.06, 19.63, -72.64, Right
1761468167195, 5.44, 30.19, -70.46, Right
1761468167246, 5.83, 30.76, -70.59, Right
1761468167298, 4.00, 26.91, -66.49, Right
1761468167347, 5.04, 21.88, -67.33, Right
1761468167398, 10.87, 15.84, -45.68, Right
1761468167499, 5.09, 18.25, -67.79, Right
1761468167547, -0.66, 20.54, -90.49, Right
1761468167598, -1.32, 20.74, -90.98, Right
1761468167645, -6.83, 23.33, -113.67, Right
1761468167695, -6.84, 23.30, -113.40, Right
1761468167748, 0.21, 10.49, -93.27, Right
1761468167797, 1.94, -0.20, -95.70, Forward
1761468167848, 2.53, -8.73, -97.32, Forward
1761468167895, 2.29, -4.43, -96.89, Forward
1761468167994, 2.36, -4.42, -96.74, Forward
1761468168048, 8.19, -6.82, -74.59, Forward
1761468168102, 13.96, -9.12, -52.07, Up
1761468168186, 19.47, -11.69, -32.43, Left
1761468168235, 18.56, -12.93, -33.08, Left
1761468168282, 13.46, -13.22, -53.08, Left
1761468168328, 7.50, -11.42, -75.93, Left
1761468168380, 12.76, -13.80, -53.29, Left
1761468168431, 9.56, -14.54, -54.69, Left
1761468168482, 5.52, -7.60, -50.50, Forward
1761468168531, 5.40, -7.57, -50.36, Forward
1761468168582, -0.68, -5.85, -72.37, Forward
1761468168631, -6.05, -3.86, -94.58, Forward
1761468168692, -5.77, -3.72, -92.44, Forward
1761468168782, 0.57, -5.09, -69.82, Forward
1761468168837, 5.36, -4.86, -51.47, Forward
1761468168901, 10.61, -6.89, -33.97, Up
1761468168961, 3.27, 6.11, -53.86, Forward
1761468169012, 6.14, 6.26, -52.38, Forward
1761468169061, 10.33, -5.43, -57.06, Up
1761468169112, 5.51, -3.70, -79.09, Forward
1761468169195, 4.26, 7.88, -76.43, Forward
1761468169247, 3.73, 7.72, -76.88, Forward
1761468169297, -2.22, 9.49, -98.84, Forward
1761468169391, -2.59, 9.31, -102.32, Forward
1761468169440, -8.45, 11.52, -123.19, Right
1761468169489, -14.20, 24.13, -138.66, Right
1761468169597, -12.69, 23.49, -139.81, Right
1761468169656, -13.64, 24.01, -140.59, Right
1761468169719, -13.32, 24.41, -139.42, Right
1761468169805, -14.65, 25.34, -140.60, Right
1761468169861, -13.64, 14.86, -143.89, Right
1761468169917, -14.91, 24.13, -140.40, Right
1761468170008, -15.04, 25.24, -140.51, Right
1761468170060, -20.89, 28.14, -159.60, Right
1761468170115, -14.58, 26.06, -136.63, Right
1761468170198, -14.48, 16.34, -139.15, Right
1761468170262, -8.56, 3.80, -120.94, Forward
1761468170319, -1.71, 1.43, -98.59, Forward
1761468170412, 3.76, -0.93, -77.63, Forward
1761468170469, 10.21, -3.70, -55.30, Up
1761468170521, 16.68, -6.54, -32.58, Up
1761468170587, 24.11, -17.75, -13.89, Left
1761468170640, 24.24, -17.54, -14.29, Left
1761468170691, 24.52, -17.06, -14.72, Left
1761468170798, 18.58, -9.57, -37.13, Up
1761468170853, 18.93, -8.56, -37.10, Up
1761468170905, 14.53, 0.49, -53.00, Up
1761468170992, 9.32, 4.88, -75.16, Forward
1761468171043, 3.83, 12.47, -97.81, Right
1761468171093, -1.21, 17.35, -120.17, Right
1761468171194, -6.24, 22.45, -143.29, Right
1761468171245, -11.16, 27.35, -166.16, Right
1761468171305, -9.73, 29.63, -166.38, Right
1761468171399, -8.02, 27.71, -148.50, Right
1761468171461, -6.30, 21.40, -131.65, Right
1761468171514, -4.79, 19.41, -114.28, Right
1761468171605, -4.33, 12.72, -101.59, Right
1761468171655, -3.30, 10.51, -84.39, Right
1761468171706, -2.25, 5.54, -67.67, Forward
1761468171797, -1.71, 3.42, -50.97, Forward
1761468171846, -1.12, 1.51, -33.92, Forward
1761468171898, -0.70, -0.18, -16.84, Forward
1761468171994, -0.58, -3.22, 0.49, Forward
1761468172051, -0.84, -2.05, -0.27, Forward
1761468172102, -1.21, -0.97, -0.95, Forward
1761468172183, -1.21, -0.71, -1.38, Forward
1761468172231, -1.83, -0.87, -1.72, Forward
1761468172280, -2.47, -0.90, -2.13, Forward
1761468172332, -2.65, -1.49, -2.10, Forward
1761468172386, -3.00, -2.20, -1.99, Forward
1761468172433, -3.35, -3.62, -1.88, Forward
1761468172484, -3.77, -4.96, -1.87, Forward
1761468172533, -3.57, -5.49, -1.47, Forward
1761468172582, -3.46, -6.27, -1.17, Forward
1761468172634, -3.48, -2.49, -18.85, Forward
1761468172684, -2.98, -1.89, -18.25, Forward
1761468172730, -2.80, 1.48, -35.27, Forward
1761468172796, -2.90, 3.78, -52.13, Forward
1761468172844, -3.17, 6.21, -68.98, Forward
1761468172894, 1.29, 4.09, -65.58, Forward
1761468172989, 0.12, 5.57, -82.70, Forward
1761468173041, -2.20, 14.69, -98.37, Right
1761468173094, -3.79, 15.94, -116.10, Right
1761468173198, -5.20, 21.20, -133.08, Right
1761468173249, -6.95, 27.76, -133.33, Right
1761468173298, -2.90, 25.12, -129.54, Right
1761468173386, 1.65, 19.60, -107.70, Right
1761468173435, 6.53, 15.17, -85.75, Right
1761468173484, 11.39, 10.74, -63.98, Right
1761468173533, 11.65, 10.75, -63.17, Right
1761468173584, 17.25, 7.35, -43.20, Up
1761468173645, 24.46, -3.62, -22.46, Up
1761468173696, 24.07, -3.43, -23.61, Up
1761468173747, 23.38, -7.10, -25.46, Up
1761468173794, 29.70, -19.94, -5.55, Left
1761468173883, 23.44, -19.94, -10.53, Left
1761468173930, 16.54, -19.01, -32.02, Left
1761468173984, 10.03, -19.03, -37.72, Left
1761468174031, 10.12, -19.15, -39.19, Left
1761468174083, 3.48, -15.07, -62.23, Left
1761468174136, 3.79, -15.07, -61.10, Left
1761468174186, 3.61, -15.27, -63.09, Left
1761468174236, 3.65, -13.77, -63.52, Left
1761468174284, 3.92, -12.37, -63.89, Left
1761468174329, -2.47, -7.33, -84.89, Forward
1761468174379, -2.68, -6.84, -85.13, Forward
1761468174428, -2.50, -2.55, -87.51, Forward
1761468174493, -3.07, -1.86, -88.26, Forward
1761468174544, -10.12, -0.90, -92.93, Down
1761468174593, -10.70, -3.92, -75.48, Down
1761468174686, -18.29, -2.79, -81.16, Down
1761468174736, -25.68, -1.35, -85.87, Down
1761468174788, -27.21, -5.18, -69.21, Down
1761468174888, -28.54, -9.03, -52.59, Down
1761468174937, -30.09, -12.99, -36.01, Left
1761468174989, -31.46, -12.40, -37.48, Left
1761468175038, -31.23, -12.35, -37.90, Left
1761468175087, -30.42, -7.02, -55.57, Down
1761468175137, -30.02, -6.35, -55.52, Down
1761468175185, -28.58, -5.29, -54.31, Down
1761468175232, -26.93, -4.34, -52.83, Down
1761468175284, -25.40, -3.53, -51.46, Down
1761468175332, -23.08, -2.04, -49.20, Down
1761468175385, -20.76, -0.77, -46.78, Down
1761468175432, -18.30, 1.18, -44.41, Down
1761468175493, -15.58, 3.84, -42.12, Down
1761468175542, -14.21, 1.72, -22.68, Down
1761468175591, -12.50, 1.25, -3.69, Down
1761468175688, -10.04, 5.29, -2.91, Down
1761468175736, -7.95, 8.66, -3.02, Forward
1761468175785, -5.89, 11.94, -3.08, Right
1761468175833, -4.41, 15.52, -3.04, Right
1761468175889, -3.29, 18.30, -3.21, Right
1761468175940, -1.81, 22.33, -3.31, Right
1761468179295, 3.12, 19.39, 0.52, Right
1761468179392, 8.08, 15.71, 5.55, Right
1761468179445, 6.86, 15.08, -11.43, Right
1761468179499, 10.86, 9.48, -8.20, Up
1761468179595, 14.77, 3.91, -4.22, Up
1761468179653, 17.98, -1.62, -5.97, Up
1761468179707, 21.08, -6.97, -4.13, Up
1761468179796, 25.37, -12.54, 2.29, Left
1761468179859, 29.63, -17.74, 7.94, Left
1761468179916, 33.45, -23.87, 14.23, Left
1761468180010, 28.15, -12.13, -5.12, Left
1761468180065, 21.63, -3.86, -26.18, Up
1761468180117, 27.82, -6.36, -4.21, Up
1761468180183, 28.21, -6.42, -3.52, Up
1761468180234, 28.52, -6.39, -1.26, Up
1761468180283, 29.20, -6.28, 6.74, Up
1761468180331, 24.22, -1.87, -11.84, Up
1761468180381, 24.64, -2.01, -12.65, Up
1761468180431, 20.39, 6.01, -17.89, Up
1761468184240, 17.71, 9.95, -23.26, Up
1761468184349, 20.25, 2.95, -7.49, Up
1761468184402, 23.73, -0.47, 8.86, Up
1761468184450, 20.49, 4.51, 4.09, Up
1761468184496, 17.29, 9.83, 0.00, Up
1761468184546, 13.80, 15.09, -6.04, Right
1761468184597, 10.16, 21.11, -12.84, Right
1761468184644, 12.21, 22.68, 3.34, Right
1761468184694, 8.59, 29.79, -3.31, Right
1761468184785, 9.77, 29.64, -5.13, Right
1761468184837, 9.08, 33.73, -7.75, Right
1761468184892, 8.86, 37.49, -9.75, Right
1761468184992, 8.69, 41.09, -11.77, Right
1761468185048, 8.50, 44.88, -13.72, Right
1761468185099, 8.25, 48.49, -15.13, Right
1761468185188, 8.08, 51.88, -16.53, Right
1761468185241, 7.91, 54.47, -17.24, Right
1761468185294, 7.88, 57.76, -18.05, Right
1761468185387, 7.71, 59.87, -18.49, Right
1761468185455, 7.39, 61.13, -18.65, Right
1761468185509, 7.18, 62.66, -18.80, Right
1761468185588, 6.89, 63.48, -18.83, Right
1761468185653, 6.61, 64.12, -18.87, Right
1761468185702, 6.34, 64.66, -18.93, Right
1761468185775, 6.10, 65.45, -19.18, Right
1761468185828, 5.92, 66.36, -19.40, Right
1761468185878, 5.81, 67.32, -19.64, Right
1761468185927, 5.59, 67.08, -19.45, Right
1761468185976, 5.17, 66.68, -19.21, Right
1761468186034, 4.99, 64.02, -18.32, Right
1761468186085, 4.63, 59.45, -17.07, Right
1761468186134, 4.26, 55.21, -15.93, Right
1761468186187, 3.57, 50.93, -14.63, Right
1761468186284, 2.79, 46.56, -13.13, Right
1761468186340, 2.02, 41.81, -11.50, Right
1761468186392, 1.33, 37.38, -9.76, Right
1761468186473, 0.73, 33.22, -8.07, Right
1761468186523, -0.06, 29.68, -6.76, Right
1761468186571, -0.89, 26.46, -5.49, Right
1761468186618, -1.52, 25.73, -4.90, Right
1761468186665, -2.21, 26.62, -4.62, Right
1761468186715, -3.09, 28.01, -4.62, Right
1761468186777, -3.42, 29.50, -4.99, Right
1761468186826, -3.88, 31.14, -5.57, Right
1761468186874, -4.34, 32.83, -6.14, Right
1761468186925, -5.03, 34.45, -6.98, Right
1761468186974, -5.70, 35.92, -7.74, Right
1761468187026, -6.23, 37.66, -8.51, Right
1761468187092, -5.87, 42.26, -9.33, Right
1761468187144, -6.35, 46.64, -9.97, Right
1761468187197, -6.68, 51.26, -28.37, Right
1761468187275, -6.49, 56.33, -46.81, Right
1761468187325, -6.66, 61.58, -64.87, Right
1761468187372, -6.67, 66.94, -82.99, Right
1761468187482, -5.82, 61.98, -101.43, Right
1761468187531, -5.24, 67.44, -119.89, Right
1761468187579, -4.07, 72.20, -120.74, Right
1761468187627, -3.44, 77.55, -139.02, Right
1761468187677, -2.71, 78.86, -139.86, Right
1761468187724, -1.56, 80.40, -141.01, Right
1761468187773, -0.68, 81.50, -123.81, Right
1761468187824, -0.06, 81.64, -106.41, Right
1761468187876, 0.74, 81.75, -89.24, Right
1761468187931, 1.62, 82.20, -71.94, Right
1761468187979, 1.65, 92.72, -54.48, Right
1761468188076, 0.22, 90.24, -35.72, Right
1761468188123, -1.99, 88.43, -34.55, Right
1761468188173, -3.56, 85.82, -16.04, Right
1761468188223, -6.88, 81.70, -14.87, Right
1761468188276, -10.26, 77.24, -13.64, Right
1761468188323, -13.22, 72.29, -13.14, Right
1761468188380, -18.15, 67.09, -31.06, Right
1761468188430, -22.71, 61.35, -13.07, Right
1761468188481, -27.26, 56.05, -30.81, Right
1761468188568, -29.32, 52.40, -30.55, Right
1761468189098, -31.00, 55.89, -49.43, Right
1761468189176, -34.03, 59.69, -67.71, Right
1761468189225, -27.93, 50.12, -64.03, Right
1761468189275, -26.92, 51.78, -64.55, Right
1761468189322, -28.56, 58.67, -82.95, Right
1761468189374, -21.19, 52.01, -81.03, Right
1761468189425, -11.76, 45.64, -60.81, Right
1761468189481, -2.86, 39.81, -75.09, Right
1761468189533, 6.06, 32.87, -54.20, Right
1761468189582, 2.39, 38.65, -71.55, Right
1761468189638, -0.00, 39.79, -70.78, Right
1761468189692, 12.40, 36.73, -68.01, Right
1761468189744, 2.31, 50.84, -89.70, Right
1761468189857, 8.56, 42.03, -86.22, Right
1761468189919, 9.57, 42.06, -51.59, Right
1761468189982, 0.31, 55.87, -36.68, Right
1761468190031, 0.02, 56.04, -34.89, Right
1761468190078, -0.11, 56.07, -35.32, Right
1761468190170, -0.26, 56.10, -35.97, Right
1761468190221, 9.82, 41.94, -17.17, Right
1761468190269, 19.94, 27.67, 1.69, Right
1761468190364, 7.55, 30.35, 33.72, Right
1761468197866, 11.82, 27.98, 68.40, Right
1761468197916, 7.19, 38.10, 62.97, Right
1761468197963, 10.53, 34.18, 44.38, Right
1761468198012, 13.89, 32.08, 44.69, Right
1761468198064, 8.16, 43.68, 58.34, Right
1761468198113, 3.82, 53.62, 54.02, Right
1761468198170, -0.40, 63.38, 50.55, Right
1761468198219, -4.76, 73.28, 48.04, Right
1761468198270, -8.92, 83.17, 45.28, Right
1761468198321, -3.96, 79.86, 26.94, Right
1761468198370, -2.26, 77.89, 8.59, Right
1761468198417, -2.11, 77.65, 9.38, Right
1761468198479, -1.74, 77.77, 10.08, Right
1761468198527, -0.18, 76.20, -8.53, Right
1761468198571, 1.38, 74.72, -27.01, Right
1761468198666, 1.44, 75.03, -26.73, Right
1761468198716, 1.34, 75.50, -26.53, Right
1761468198761, 1.26, 75.90, -26.34, Right
1761468198812, 1.10, 76.39, -26.12, Right
1761468198865, 0.85, 76.95, -26.11, Right
1761468198912, -1.05, 78.86, -43.00, Right
1761468199202, 2.96, 69.08, -39.09, Right
1761468199280, -2.87, 70.59, -55.43, Right
1761468199330, 1.18, 60.59, -51.98, Right
1761468199379, 2.40, 57.52, -53.37, Right
1761468199514, 0.43, 56.96, -54.19, Right
1761468199565, -5.10, 58.48, -70.76, Right
1761468227762, -9.39, 59.50, -87.55, Right
1761468227807, -13.94, 60.33, -104.27, Right
1761468227854, -18.35, 61.53, -121.25, Right
1761468244671, -18.53, 54.84, -120.87, Right
1761468244725, -24.27, 65.08, -140.89, Right
1761468244773, -14.88, 53.35, -121.03, Right
1761468244849, -17.86, 60.44, -123.30, Right
1761468244896, -17.63, 64.86, -122.19, Right
1761468244946, -15.30, 64.72, -121.23, Right
1761468245046, -9.47, 62.23, -104.35, Right
1761468245106, -4.82, 60.34, -87.26, Right
1761468245156, 0.25, 57.92, -70.12, Right
1761468245256, 5.32, 55.05, -52.58, Right
1761468245304, 7.76, 59.21, -35.55, Right
1761468245353, 10.19, 57.49, -18.68, Right
1761468245431, 7.27, 64.69, -20.91, Right
1761468245482, 6.83, 64.17, -20.65, Right
1761468245531, 6.06, 59.09, -19.06, Right
1761468245576, 6.64, 55.95, -17.76, Right
1761468245626, 7.49, 53.94, -14.52, Right
1761468245676, 8.00, 50.50, -13.33, Right
1761468245738, 8.16, 48.12, -12.35, Right
1761468245785, 8.07, 45.24, -11.39, Right
1761468245832, 8.08, 41.77, -10.40, Right
1761468245878, 7.93, 41.69, -10.06, Right
1761468245926, 7.78, 41.82, -9.95, Right
1761468245975, 7.56, 41.50, -9.74, Right
1761468246043, 7.23, 40.54, -9.55, Right
1761468246092, 6.53, 40.25, -9.57, Right
1761468246143, 5.69, 37.41, -11.37, Right
1761468246230, 4.24, 35.38, -11.83, Right
1761468246276, 2.98, 33.16, -12.28, Right
1761468246329, 1.93, 31.43, -12.85, Right
1761468246377, 0.92, 31.09, -13.32, Right
1761468246430, -0.21, 28.10, -13.41, Right
1761468246484, -1.62, 27.12, -14.01, Right
1761468246537, -2.82, 28.63, -15.06, Right
1761468246586, -3.84, 30.93, -16.10, Right
1761468246633, -4.89, 32.22, -16.96, Right
1761468246682, -5.93, 36.16, -18.14, Right
1761468246728, -5.97, 40.79, -18.67, Right
1761468246776, -6.05, 44.73, -18.90, Right
1761468246845, -6.23, 47.80, -18.94, Right
1761468246892, -6.64, 49.42, -19.08, Right
1761468246944, -7.25, 50.52, -18.87, Right
1761468247029, -7.70, 50.66, -18.38, Right
1761468247075, -8.37, 49.41, -17.77, Right
1761468247124, -9.06, 48.17, -17.15, Right
1761468247175, -9.73, 47.27, -16.48, Right
1761468247225, -10.51, 45.63, -15.84, Right
1761468247275, -11.43, 43.44, -15.14, Right
1761468247340, -12.36, 41.88, -14.64, Right
1761468247390, -13.35, 41.31, -14.35, Right
1761468247437, -13.87, 40.64, -14.01, Right
1761468247527, -14.10, 40.39, -13.93, Right
1761468247574, -14.46, 40.28, -13.86, Right
1761468247623, -14.63, 40.15, -13.70, Right
1761468247673, -14.78, 39.71, -13.45, Right
1761468247720, -14.96, 39.31, -13.28, Right
1761468247766, -15.11, 38.92, -13.02, Right
1761468247838, -15.21, 38.94, -12.82, Right
1761468247881, -15.22, 38.75, -12.61, Right
1761468247934, -15.07, 38.40, -12.38, Right
1761468247979, -15.23, 38.30, -12.23, Right
1761468248027, -15.48, 38.24, -12.16, Right
1761468248075, -15.49, 38.04, -12.05, Right
1761468248144, -15.64, 37.66, -11.96, Right
1761468248192, -15.81, 37.65, -11.99, Right
1761468248243, -15.86, 37.60, -11.98, Right
1761468248331, -15.98, 37.78, -12.03, Right
1761468248379, -16.22, 37.86, -12.09, Right
1761468248427, -16.33, 37.96, -12.13, Right
1761468248476, -16.38, 38.18, -12.18, Right
1761468248525, -16.45, 38.30, -12.21, Right
1761468248575, -16.57, 38.23, -12.20, Right
1761468248633, -16.80, 38.47, -12.24, Right
1761468248679, -16.86, 38.83, -12.27, Right
1761468248725, -16.86, 39.11, -12.31, Right
1761468248775, -16.94, 39.37, -12.35, Right
1761468248825, -16.85, 39.23, -12.40, Right
1761468248876, -16.60, 39.17, -12.45, Right
1761468248941, -16.54, 39.15, -12.58, Right
1761468248992, -16.58, 39.11, -12.70, Right
1761468249041, -16.56, 39.01, -12.77, Right
1761468249127, -16.45, 38.96, -12.87, Right
1761468249175, -16.26, 38.83, -12.94, Right
1761468249226, -16.15, 38.67, -12.98, Right
1761468249277, -16.13, 38.66, -13.04, Right
1761468249324, -16.21, 38.76, -13.13, Right
1761468249373, -16.20, 38.80, -13.26, Right
1761468249437, -16.23, 38.73, -13.34, Right
1761468249495, -16.11, 38.66, -13.35, Right
1761468249542, -16.02, 38.41, -13.38, Right
1761468249641, -16.01, 38.31, -13.43, Right
1761468249693, -16.04, 38.30, -13.47, Right
1761468249748, -16.18, 38.25, -13.57, Right
1761468249840, -16.22, 38.34, -13.66, Right
1761468249895, -16.26, 38.19, -13.72, Right
1761468249945, -16.21, 38.05, -13.80, Right
1761468250032, -16.30, 38.01, -13.84, Right
1761468250076, -16.42, 38.04, -13.90, Right
1761468250124, -16.58, 38.09, -13.96, Right
1761468250174, -16.60, 38.12, -13.96, Right
1761468250224, -16.59, 38.08, -14.00, Right
1761468250275, -16.53, 38.08, -14.03, Right
1761468250328, -16.29, 37.97, -14.02, Right
1761468250374, -16.29, 37.73, -14.05, Right
1761468250425, -16.26, 37.64, -14.07, Right
1761468250475, -16.15, 37.48, -14.04, Right
1761468250522, -16.07, 37.39, -14.04, Right
1761468250568, -16.02, 37.19, -14.09, Right
1761468250633, -15.87, 37.03, -14.10, Right
1761468250678, -15.93, 36.99, -14.16, Right
1761468250726, -15.93, 37.00, -14.22, Right
1761468250775, -15.97, 37.00, -14.28, Right
1761468250826, -16.16, 37.08, -14.32, Right
1761468250877, -16.13, 37.12, -14.31, Right
1761468250947, -16.18, 37.34, -14.40, Right
1761468250993, -16.22, 37.55, -14.50, Right
1761468251046, -16.28, 37.68, -14.57, Right
1761468251127, -16.52, 37.96, -14.57, Right
1761468251175, -16.76, 38.12, -14.62, Right
1761468251224, -16.88, 38.24, -14.67, Right
1761468251274, -17.10, 38.33, -14.71, Right
1761468251327, -17.28, 38.36, -14.76, Right
1761468251375, -17.31, 38.56, -14.80, Right
1761468251435, -17.37, 38.63, -14.84, Right
1761468251486, -17.47, 38.53, -14.82, Right
1761468251532, -17.57, 38.36, -14.81, Right
1761468251626, -17.70, 38.25, -14.83, Right
1761468251675, -17.62, 38.25, -14.83, Right
1761468251724, -17.54, 38.16, -14.85, Right
1761468251774, -17.38, 38.02, -14.83, Right
1761468251819, -17.20, 37.95, -14.81, Right
1761468251864, -17.04, 37.81, -14.75, Right
1761468251928, -17.20, 37.76, -14.75, Right
1761468251977, -17.45, 37.85, -14.74, Right
1761468252024, -17.57, 38.08, -14.73, Right
1761468252074, -17.58, 38.06, -14.71, Right
1761468252119, -17.51, 38.08, -14.69, Right
1761468252168, -17.31, 37.83, -14.67, Right
1761468252235, -17.21, 37.69, -14.64, Right
1761468252281, -17.13, 37.65, -14.57, Right
1761468252330, -17.02, 37.57, -14.51, Right
1761468252378, -16.99, 37.56, -14.51, Right
1761468252427, -16.67, 37.40, -14.45, Right
1761468252475, -16.45, 37.06, -14.46, Right
1761468252542, -16.19, 36.73, -14.45, Right
1761468252587, -16.05, 36.67, -14.46, Right
1761468252634, -15.93, 36.59, -14.39, Right
1761468252727, -15.89, 36.57, -14.36, Right
1761468252775, -15.81, 36.57, -14.34, Right
1761468252826, -15.80, 36.63, -14.36, Right
1761468252874, -15.93, 36.85, -14.36, Right
1761468252927, -16.02, 37.07, -14.37, Right
1761468252974, -16.32, 37.36, -14.49, Right
1761468253032, -16.50, 37.86, -14.50, Right
1761468253080, -16.73, 38.15, -14.53, Right
1761468253127, -16.96, 38.44, -14.56, Right
1761468253173, -17.04, 38.50, -14.59, Right
1761468253226, -17.16, 38.75, -14.61, Right
1761468253273, -17.34, 38.96, -14.68, Right
1761468253339, -17.56, 39.03, -14.75, Right
1761468253387, -17.71, 38.97, -14.84, Right
1761468253435, -17.74, 38.97, -14.85, Right
1761468253480, -17.64, 38.89, -14.83, Right
1761468253527, -17.51, 38.77, -14.84, Right
1761468253573, -17.45, 38.56, -14.83, Right
1761468253627, -17.50, 38.50, -14.88, Right
1761468253674, -17.65, 38.65, -15.02, Right
1761468253726, -17.88, 38.70, -15.13, Right
1761468253773, -18.01, 38.75, -15.14, Right
1761468253824, -18.14, 38.84, -15.14, Right
1761468253870, -18.10, 38.74, -15.14, Right
1761468253933, -18.30, 38.83, -15.18, Right
1761468253977, -18.54, 38.75, -15.19, Right
1761468254024, -18.71, 38.70, -15.21, Right
1761468254074, -18.71, 38.81, -15.24, Right
1761468254125, -18.58, 38.75, -15.19, Right
1761468254173, -18.48, 38.67, -15.11, Right
1761468254223, -18.36, 38.61, -15.08, Right
1761468254275, -18.35, 38.62, -15.08, Right
1761468254326, -18.29, 38.61, -15.12, Right
1761468254374, -18.27, 38.95, -15.14, Right
1761468254424, -18.11, 38.99, -15.18, Right
1761468254473, -18.09, 39.49, -15.20, Right
1761468254524, -18.14, 39.69, -15.26, Right
1761468254573, -18.26, 39.88, -15.32, Right
1761468254635, -18.32, 40.13, -15.36, Right
1761468254680, -18.29, 40.32, -15.37, Right
1761468254727, -18.20, 40.46, -15.37, Right
1761468254775, -18.09, 40.41, -15.43, Right
1761468254827, -17.93, 40.57, -15.40, Right
1761468254875, -17.85, 40.36, -15.39, Right
1761468254923, -17.75, 40.27, -15.34, Right
1761468254973, -17.68, 40.03, -15.32, Right
1761468255023, -17.62, 40.04, -15.25, Right
1761468255074, -17.43, 39.80, -15.24, Right
1761468255130, -17.48, 39.66, -15.23, Right
1761468255176, -17.48, 39.43, -15.20, Right
1761468255226, -17.51, 39.24, -15.15, Right
1761468255275, -17.37, 39.25, -15.11, Right
1761468255326, -17.40, 39.20, -15.13, Right
1761468255373, -17.43, 39.20, -15.14, Right
1761468255424, -17.39, 39.27, -15.13, Right
1761468255473, -17.34, 39.03, -15.20, Right
1761468255521, -17.26, 38.91, -15.26, Right
1761468255574, -17.32, 39.04, -15.26, Right
1761468255624, -17.21, 39.16, -15.25, Right
1761468255676, -17.41, 39.44, -15.30, Right
1761468255723, -17.58, 39.68, -15.35, Right
1761468255774, -17.84, 39.83, -15.36, Right
1761468255835, -18.15, 40.01, -15.38, Right
1761468255882, -18.38, 40.26, -15.42, Right
1761468255928, -18.65, 40.41, -15.45, Right
1761468255974, -18.65, 40.68, -15.39, Right
1761468256026, -18.77, 40.84, -15.36, Right
1761468256073, -18.83, 40.88, -15.33, Right
1761468256124, -18.97, 40.83, -15.33, Right
1761468256172, -18.90, 40.70, -15.37, Right
1761468256223, -18.86, 40.66, -15.40, Right
1761468256272, -18.87, 40.83, -15.40, Right
1761468256331, -18.67, 40.83, -15.41, Right
1761468256378, -18.44, 40.70, -15.37, Right
1761468256425, -18.28, 40.59, -15.37, Right
1761468256473, -18.34, 40.49, -15.36, Right
1761468256523, -18.29, 40.42, -15.34, Right
1761468256573, -18.34, 40.41, -15.33, Right
1761468256624, -18.30, 40.45, -15.35, Right
1761468256671, -18.14, 40.50, -15.29, Right
1761468256718, -18.09, 40.50, -15.25, Right
1761468256764, -18.00, 40.21, -15.24, Right
1761468256813, -17.98, 40.11, -15.20, Right
1761468256862, -18.05, 40.19, -15.19, Right
1761468256925, -18.09, 40.28, -15.21, Right
1761468256974, -18.03, 40.32, -15.24, Right
1761468257032, -18.04, 40.38, -15.28, Right
1761468257080, -18.06, 40.48, -15.28, Right
1761468257130, -18.05, 40.45, -15.29, Right
1761468257176, -18.12, 40.34, -15.32, Right
1761468257229, -18.16, 40.48, -15.33, Right
1761468257275, -18.20, 40.50, -15.34, Right
1761468257322, -18.20, 40.51, -15.36, Right
1761468257372, -18.12, 40.38, -15.35, Right
1761468257422, -18.01, 40.19, -15.34, Right
1761468257472, -18.05, 40.05, -15.34, Right
1761468257529, -17.95, 39.82, -15.30, Right
1761468257578, -17.78, 39.54, -15.29, Right
1761468257625, -17.68, 39.42, -15.26, Right
1761468257672, -17.48, 39.26, -15.20, Right
1761468257723, -17.29, 38.95, -15.16, Right
1761468257773, -17.10, 38.82, -15.12, Right
1761468257823, -17.02, 38.76, -15.08, Right
1761468257872, -17.05, 38.93, -15.07, Right
1761468257923, -17.15, 39.05, -15.08, Right
1761468257974, -17.05, 39.29, -15.06, Right
1761468258021, -17.12, 39.60, -15.10, Right
1761468258070, -17.26, 39.68, -15.07, Right
1761468258123, -17.48, 39.85, -15.12, Right
1761468258176, -17.81, 40.15, -15.20, Right
1761468258235, -18.04, 40.48, -15.26, Right
1761468258283, -18.24, 40.73, -15.30, Right
1761468258328, -18.28, 40.85, -15.32, Right
1761468258374, -18.32, 40.86, -15.34, Right
1761468258427, -18.25, 40.82, -15.31, Right
1761468258473, -18.24, 40.64, -15.31, Right
1761468258522, -18.13, 40.47, -15.27, Right
1761468258571, -18.07, 40.51, -15.29, Right
1761468258624, -17.96, 40.36, -15.19, Right
1761468258673, -17.79, 40.29, -15.13, Right
1761468258728, -17.56, 40.01, -15.06, Right
1761468258775, -17.30, 39.73, -14.96, Right
1761468258823, -17.15, 39.48, -14.86, Right
1761468258872, -17.01, 39.12, -14.77, Right
1761468258923, -16.92, 38.93, -14.68, Right
1761468258972, -16.83, 38.75, -14.59, Right
1761468259024, -16.71, 38.51, -14.58, Right
1761468259072, -16.42, 37.91, -14.53, Right
1761468259129, -15.99, 37.35, -14.50, Right
1761468259178, -15.64, 36.71, -14.48, Right
1761468259226, -15.39, 36.37, -14.46, Right
1761468259273, -15.06, 35.90, -14.42, Right
1761468259321, -14.76, 35.38, -14.47, Right
1761468259370, -14.31, 34.99, -14.53, Right
1761468259420, -13.85, 34.53, -14.56, Right
1761468259473, -13.31, 34.11, -14.56, Right
1761468259526, -12.84, 33.90, -14.49, Right
1761468259575, -12.32, 33.80, -14.48, Right
1761468259633, -11.72, 33.84, -14.45, Right
1761468259678, -11.18, 33.89, -14.34, Right
1761468259726, -10.69, 33.82, -14.25, Right
1761468259774, -10.35, 34.47, -14.21, Right
1761468259823, -9.85, 34.94, -13.95, Right
1761468259928, -9.20, 35.41, -13.56, Right
1761468259973, -8.46, 35.85, -13.17, Right
1761468260030, -7.82, 36.17, -12.79, Right
1761468260077, -7.04, 36.34, -12.36, Right
1761468260129, -6.47, 36.93, -11.93, Right
1761468260175, -6.12, 37.31, -11.53, Right
1761468260224, -5.69, 37.70, -11.22, Right
1761468260273, -5.25, 38.07, -10.91, Right
1761468260323, -4.78, 37.82, -10.57, Right
1761468260370, -4.38, 37.61, -10.52, Right
1761468260426, -4.22, 37.17, -10.68, Right
1761468260475, -4.22, 36.75, -10.87, Right
1761468260523, -4.22, 36.43, -11.08, Right
1761468260572, -4.23, 36.34, -11.28, Right
1761468260622, -4.18, 36.02, -11.47, Right
1761468260672, -4.04, 35.52, -11.62, Right
1761468260725, -4.05, 35.12, -11.73, Right
1761468260773, -3.99, 34.73, -11.85, Right
1761468260825, -3.96, 34.42, -12.01, Right
1761468260872, -4.09, 34.47, -12.05, Right
1761468260923, -4.11, 34.70, -11.96, Right
1761468260972, -4.14, 34.90, -11.91, Right
1761468261025, -4.11, 35.04, -11.80, Right
1761468261076, -4.19, 34.90, -11.73, Right
1761468261133, -4.17, 35.05, -11.74, Right
1761468261182, -4.31, 35.40, -11.77, Right
1761468261229, -4.28, 36.09, -11.89, Right
1761468261275, -4.28, 36.79, -11.98, Right
1761468261322, -4.35, 37.12, -12.08, Right
1761468261377, -4.31, 37.15, -12.15, Right
1761468261426, -4.29, 36.99, -12.20, Right
1761468261478, -4.17, 36.91, -12.20, Right
1761468261526, -4.09, 36.92, -12.27, Right
1761468261572, -4.01, 37.07, -12.36, Right
1761468261627, -4.01, 37.09, -12.41, Right
1761468261673, -3.92, 37.14, -12.46, Right
1761468261721, -3.85, 36.71, -12.42, Right
1761468261772, -3.77, 36.11, -12.39, Right
1761468261822, -3.62, 35.64, -12.37, Right
1761468261927, -3.36, 35.28, -12.35, Right
1761468261974, -3.16, 35.39, -12.39, Right
1761468262023, -3.05, 35.48, -12.49, Right
1761468262068, -2.94, 35.42, -12.52, Right
1761468262119, -2.76, 35.22, -12.56, Right
1761468262172, -2.55, 35.03, -12.58, Right
1761468262224, -2.40, 34.91, -12.62, Right
1761468262269, -2.24, 34.53, -12.62, Right
1761468262319, -2.12, 34.50, -12.65, Right
1761468262366, -2.00, 34.77, -12.72, Right
1761468262427, -2.03, 34.86, -12.78, Right
1761468262473, -2.08, 34.96, -12.84, Right
1761468262520, -2.08, 34.99, -12.86, Right
1761468262569, -2.10, 35.00, -12.91, Right
1761468262615, -2.14, 35.01, -12.92, Right
1761468262662, -2.17, 35.61, -13.01, Right
1761468262708, -2.17, 35.79, -13.07, Right
1761468262753, -2.07, 36.38, -13.25, Right
1761468262803, -1.98, 36.81, -13.39, Right
1761468262850, -1.93, 36.81, -13.49, Right
1761468262898, -1.81, 36.98, -13.54, Right
1761468262946, -1.75, 36.82, -13.62, Right
1761468262991, -1.67, 36.99, -13.76, Right
1761468263037, -1.59, 37.26, -13.90, Right
1761468263126, -1.50, 37.48, -14.06, Right
1761468263173, -1.48, 36.92, -14.13, Right
1761468263220, -1.43, 36.71, -14.20, Right
1761468263269, -1.56, 36.44, -14.23, Right
1761468263319, -1.59, 35.85, -14.26, Right
1761468263367, -1.61, 35.97, -14.35, Right
1761468263418, -1.68, 35.97, -14.47, Right
1761468263463, -1.56, 36.08, -14.55, Right
1761468263508, -1.56, 35.89, -14.60, Right
1761468263552, -1.55, 35.72, -14.64, Right
1761468263623, -1.48, 35.58, -14.66, Right
1761468263667, -1.42, 35.57, -14.69, Right
1761468263710, -1.36, 35.54, -14.70, Right
1761468263754, -1.23, 35.29, -14.69, Right
1761468263799, -1.24, 35.44, -14.69, Right
1761468263847, -1.24, 35.20, -14.68, Right
1761468263893, -1.12, 35.15, -14.65, Right
1761468263937, -1.24, 35.07, -14.68, Right
1761468263985, -1.32, 35.05, -14.69, Right
1761468264035, -1.29, 35.02, -14.68, Right
1761468264085, -1.33, 34.93, -14.68, Right
1761468264134, -1.34, 34.82, -14.69, Right
1761468264179, -1.36, 34.90, -14.73, Right
1761468264224, -1.35, 34.92, -14.76, Right
1761468264328, -1.26, 34.82, -14.79, Right
1761468264375, -1.15, 34.73, -14.72, Right
1761468264421, -1.13, 34.57, -14.65, Right
1761468264467, -1.01, 34.40, -14.59, Right
1761468264519, -0.82, 33.97, -14.49, Right
1761468264568, -0.73, 33.75, -14.44, Right
1761468264616, -0.64, 33.66, -14.41, Right
1761468264660, -0.64, 33.56, -14.37, Right
1761468264704, -0.65, 33.31, -14.32, Right
1761468264749, -0.68, 33.06, -14.26, Right
1761468264794, -0.69, 32.59, -14.17, Right
1761468264838, -0.52, 32.16, -14.12, Right
1761468264882, -0.45, 31.97, -14.10, Right
1761468264927, -0.25, 31.85, -14.06, Right
1761468264971, -0.17, 31.92, -14.02, Right
1761468265015, 0.16, 32.00, -13.94, Right
1761468265061, 0.38, 32.03, -13.85, Right
1761468265108, 0.77, 32.13, -13.76, Right
1761468265151, 1.24, 32.33, -13.75, Right
1761468265199, 1.61, 32.53, -13.71, Right
1761468265242, 1.97, 32.99, -13.73, Right
1761468265289, 2.19, 33.31, -13.76, Right
1761468265334, 2.50, 33.09, -13.66, Right
1761468265382, 2.71, 33.05, -13.59, Right
1761468265425, 2.91, 33.36, -13.65, Right
1761468265470, 2.87, 33.44, -13.70, Right
1761468265515, 2.87, 33.26, -13.74, Right
1761468265622, 2.70, 32.96, -13.81, Right
1761468265666, 2.49, 32.63, -13.77, Right
1761468265711, 2.37, 32.36, -13.75, Right
1761468265755, 2.25, 32.13, -13.70, Right
1761468265800, 2.10, 32.05, -13.74, Right
1761468265848, 1.95, 32.32, -13.89, Right
1761468265916, 1.85, 32.61, -14.04, Right
1761468265961, 1.82, 32.59, -14.08, Right
1761468266008, 1.80, 32.60, -14.17, Right
1761468266052, 1.65, 32.96, -14.23, Right
1761468266119, 1.66, 33.15, -14.22, Right
1761468266168, 1.76, 33.09, -14.21, Right
1761468266215, 2.10, 33.50, -14.23, Right
1761468266258, 2.39, 33.66, -14.21, Right
1761468266302, 2.74, 33.93, -14.18, Right
1761468266349, 3.00, 33.88, -14.00, Right
1761468266393, 3.15, 33.35, -13.74, Right
1761468266438, 3.33, 33.65, -13.56, Right
1761468266485, 3.39, 33.48, -13.31, Right
1761468266538, 3.43, 33.24, -13.08, Right
1761468266589, 3.48, 33.14, -12.87, Right
1761468266637, 3.17, 33.14, -12.77, Right
1761468266685, 2.71, 33.06, -12.66, Right
1761468266732, 2.36, 33.02, -12.62, Right
1761468266824, 1.84, 32.77, -12.59, Right
1761468266870, 1.42, 32.54, -12.65, Right
1761468266919, 1.08, 32.66, -12.78, Right
1761468266967, 0.73, 31.96, -12.83, Right
1761468267016, 0.45, 31.57, -12.94, Right
1761468267061, 0.39, 31.44, -13.08, Right
1761468267110, 0.31, 31.71, -13.30, Right
1761468267153, 0.37, 31.74, -13.41, Right
1761468267199, 0.38, 31.52, -13.55, Right
1761468267244, 0.30, 31.32, -13.58, Right
1761468267319, 0.34, 31.00, -13.53, Right
1761468267363, 0.34, 30.98, -13.55, Right
1761468267416, 0.27, 31.06, -13.59, Right
1761468267462, 0.23, 31.10, -13.63, Right
1761468267509, 0.22, 31.30, -13.69, Right
1761468267554, 0.23, 31.36, -13.76, Right
1761468267597, 0.19, 31.29, -13.78, Right
1761468267643, 0.38, 31.25, -13.81, Right
1761468267687, 0.49, 31.30, -13.81, Right
1761468267731, 0.75, 31.82, -13.93, Right
1761468267775, 1.05, 32.37, -14.03, Right
1761468267819, 1.30, 32.94, -14.10, Right
1761468267864, 1.50, 32.96, -14.08, Right
1761468267912, 1.64, 33.00, -14.07, Right
1761468267963, 1.87, 33.19, -14.06, Right
1761468268006, 2.06, 33.17, -14.01, Right
1761468268050, 2.14, 33.04, -14.01, Right
1761468268098, 2.17, 33.36, -14.02, Right
1761468268144, 2.21, 33.32, -14.00, Right
1761468268188, 2.20, 33.22, -13.98, Right
1761468268232, 1.96, 32.92, -13.97, Right
1761468268279, 1.87, 32.61, -13.96, Right
1761468268325, 1.95, 32.54, -13.99, Right
1761468268423, 1.99, 32.32, -14.00, Right
1761468268467, 1.94, 31.96, -14.02, Right
1761468268512, 1.88, 31.71, -14.03, Right
1761468268557, 1.90, 31.39, -14.00, Right
1761468268600, 1.90, 30.89, -13.99, Right
1761468268646, 1.90, 30.67, -14.01, Right
1761468268715, 1.80, 30.37, -14.07, Right
1761468268759, 1.77, 30.55, -14.17, Right
1761468268803, 1.75, 30.59, -14.24, Right
1761468268847, 1.71, 30.38, -14.24, Right
1761468268918, 1.88, 31.08, -14.27, Right
1761468268964, 2.10, 31.87, -14.34, Right
1761468269015, 2.17, 31.95, -14.34, Right
1761468269060, 2.29, 31.87, -14.28, Right
1761468269105, 2.34, 31.86, -14.21, Right
1761468269149, 2.33, 32.00, -14.24, Right
1761468269195, 2.31, 31.85, -14.16, Right
1761468269240, 2.30, 31.69, -14.12, Right
1761468269287, 2.31, 31.60, -14.10, Right
1761468269334, 2.25, 31.68, -14.14, Right
1761468269382, 2.06, 30.96, -14.14, Right
1761468269427, 1.97, 30.52, -14.13, Right
1761468269471, 1.89, 30.53, -14.20, Right
1761468269515, 2.06, 31.69, -14.39, Right
1761468269622, 2.08, 32.10, -14.44, Right
1761468269666, 2.19, 32.04, -14.36, Right
1761468269712, 2.27, 32.02, -14.31, Right
1761468269758, 2.42, 31.91, -14.21, Right
1761468269803, 2.42, 31.97, -14.14, Right
1761468269847, 2.45, 32.35, -14.18, Right
1761468269916, 2.54, 32.93, -14.21, Right
1761468269959, 2.39, 32.84, -14.17, Right
1761468270003, 2.30, 32.95, -14.15, Right
1761468270047, 2.05, 31.99, -13.93, Right
1761468270120, 1.94, 31.79, -13.89, Right
1761468270168, 1.73, 31.80, -13.89, Right
1761468270217, 1.78, 32.40, -13.99, Right
1761468270266, 2.04, 32.88, -14.05, Right
1761468270316, 2.37, 33.20, -14.07, Right
1761468270364, 2.60, 33.01, -13.93, Right
1761468270410, 2.76, 32.69, -13.82, Right
1761468270454, 2.80, 32.59, -13.70, Right
1761468270521, 2.91, 32.58, -13.55, Right
1761468270565, 2.78, 32.62, -13.53, Right
1761468270617, 2.73, 32.57, -13.48, Right
1761468270661, 2.77, 32.58, -13.43, Right
1761468270706, 2.62, 32.16, -13.30, Right
1761468270750, 2.24, 31.76, -13.20, Right
1761468270810, 1.87, 31.22, -13.09, Right
1761468270854, 1.51, 31.01, -13.09, Right
1761468270898, 1.14, 30.78, -13.08, Right
1761468270952, 1.02, 30.65, -13.07, Right
1761468270997, 0.86, 30.37, -13.07, Right
1761468271044, 0.82, 30.31, -13.07, Right
1761468271090, 1.08, 30.54, -13.09, Right
1761468271136, 1.42, 30.89, -13.09, Right
1761468271206, 1.65, 30.77, -12.98, Right
1761468271252, 1.80, 30.79, -12.90, Right
1761468271300, 1.94, 31.01, -12.87, Right
1761468271347, 2.14, 31.25, -12.80, Right
1761468271392, 2.21, 31.53, -12.78, Right
1761468271479, 2.25, 31.75, -12.72, Right
1761468271529, 2.36, 32.07, -12.66, Right
1761468271575, 2.47, 32.23, -12.58, Right
1761468271619, 2.14, 32.02, -12.50, Right
1761468271663, 1.71, 31.63, -12.40, Right
1761468271751, 1.37, 31.66, -12.38, Right
1761468271797, 1.14, 31.70, -12.35, Right
1761468271841, 0.89, 31.65, -12.28, Right
1761468271886, 0.60, 31.45, -12.21, Right
1761468271932, 0.44, 31.18, -12.09, Right
1761468272008, 0.43, 31.22, -12.06, Right
1761468272052, 0.56, 31.36, -12.01, Right
1761468272098, 0.63, 31.51, -11.98, Right
1761468272143, 0.83, 31.85, -11.93, Right
1761468272189, 0.95, 31.54, -11.80, Right
1761468272278, 0.99, 31.14, -11.66, Right
1761468272326, 0.89, 30.55, -11.54, Right
1761468272371, 0.87, 30.06, -11.42, Right
1761468272414, 0.89, 29.81, -11.32, Right
1761468272458, 0.91, 29.55, -11.23, Right
1761468272551, 0.94, 29.21, -11.15, Right
1761468272597, 0.83, 28.77, -11.09, Right
1761468272643, 0.75, 28.37, -11.05, Right
1761468272687, 0.61, 27.98, -11.03, Right
1761468272732, 0.62, 28.34, -11.12, Right
1761468272807, 0.69, 28.66, -11.22, Right
1761468272851, 0.91, 29.06, -11.23, Right
1761468272896, 1.09, 29.42, -11.25, Right
1761468272940, 1.29, 29.81, -11.31, Right
1761468272986, 1.63, 30.48, -11.39, Right
1761468273079, 1.70, 30.65, -11.34, Right
1761468273126, 1.68, 30.83, -11.29, Right
1761468273171, 1.66, 30.92, -11.24, Right
1761468273215, 1.77, 31.20, -11.22, Right
1761468273266, 1.65, 31.39, -11.18, Right
1761468273352, 1.60, 31.56, -11.21, Right
1761468273398, 1.56, 31.90, -11.28, Right
1761468273444, 1.55, 32.15, -11.34, Right
1761468273490, 1.45, 32.43, -11.42, Right
1761468273533, 1.22, 32.46, -11.48, Right
1761468273607, 1.15, 32.65, -11.60, Right
1761468273653, 1.14, 33.02, -11.71, Right
1761468273696, 1.16, 33.47, -11.85, Right
1761468273743, 1.09, 33.81, -11.95, Right
1761468273787, 1.07, 33.86, -12.06, Right
1761468273878, 1.15, 34.27, -12.17, Right
1761468273922, 1.24, 34.48, -12.26, Right
1761468273966, 1.32, 34.91, -12.37, Right
1761468274011, 1.41, 34.98, -12.36, Right
1761468274057, 1.50, 35.05, -12.34, Right
1761468274151, 1.42, 35.19, -12.40, Right
1761468274198, 1.33, 35.27, -12.44, Right
1761468274242, 1.25, 35.26, -12.45, Right
1761468274286, 1.07, 34.79, -12.41, Right
1761468274330, 1.08, 34.68, -12.37, Right
1761468274407, 0.94, 34.25, -12.27, Right
1761468274452, 0.71, 33.73, -12.16, Right
1761468274499, 0.47, 33.10, -12.05, Right
1761468274548, 0.27, 32.66, -12.00, Right
1761468274596, 0.02, 32.32, -11.97, Right
1761468274678, 0.01, 32.17, -11.90, Right
1761468274724, 0.00, 31.81, -11.83, Right
1761468274768, -0.06, 31.45, -11.77, Right
1761468274813, -0.01, 31.49, -11.73, Right
1761468274858, -0.01, 31.38, -11.67, Right
1761468274951, 0.02, 31.30, -11.65, Right
1761468274997, -0.02, 31.36, -11.69, Right
1761468275042, -0.05, 31.43, -11.73, Right
1761468275087, -0.09, 31.43, -11.77, Right
1761468275130, -0.10, 31.42, -11.80, Right
1761468275207, -0.23, 31.27, -11.88, Right
1761468275251, -0.26, 31.28, -11.93, Right
1761468275295, -0.29, 31.29, -11.99, Right
1761468275339, -0.33, 31.24, -12.06, Right
1761468275382, -0.34, 31.09, -12.12, Right
1761468275479, -0.21, 31.71, -12.23, Right
1761468275523, 0.06, 32.19, -12.25, Right
1761468275566, 0.37, 32.90, -12.32, Right
1761468275613, 0.55, 33.19, -12.25, Right
1761468275658, 0.75, 33.39, -12.16, Right
1761468275751, 0.84, 33.57, -12.08, Right
1761468275798, 0.84, 33.66, -12.03, Right
1761468275841, 0.86, 33.86, -12.00, Right
1761468275887, 0.84, 33.81, -11.96, Right
1761468275932, 0.87, 34.03, -11.96, Right
1761468276007, 0.66, 33.34, -11.88, Right
1761468276051, 0.46, 32.90, -11.88, Right
1761468276095, 0.21, 32.24, -11.80, Right
1761468276140, 0.08, 32.06, -11.88, Right
1761468276185, -0.10, 31.93, -12.02, Right
1761468276279, -0.06, 31.94, -12.09, Right
1761468276322, -0.07, 31.96, -12.15, Right
1761468276367, -0.11, 31.88, -12.19, Right
1761468276411, -0.10, 32.02, -12.25, Right
1761468276457, -0.16, 32.03, -12.29, Right
1761468276551, -0.14, 32.23, -12.31, Right
1761468276596, -0.09, 32.53, -12.36, Right
1761468276640, -0.03, 32.86, -12.41, Right
1761468276684, 0.04, 33.03, -12.47, Right
1761468276728, 0.23, 33.17, -12.45, Right
1761468276806, 0.32, 33.22, -12.44, Right
1761468276851, 0.39, 33.11, -12.41, Right
1761468276895, 0.47, 33.00, -12.38, Right
1761468276940, 0.55, 32.92, -12.34, Right
1761468276984, 0.61, 32.89, -12.32, Right
1761468277078, 0.57, 32.88, -12.36, Right
1761468277125, 0.45, 32.67, -12.36, Right
1761468277169, 0.34, 32.42, -12.35, Right
1761468277214, 0.21, 32.23, -12.36, Right
1761468277257, 0.01, 32.00, -12.38, Right
1761468277352, -0.20, 31.90, -12.43, Right
1761468277395, -0.30, 31.99, -12.47, Right
1761468277443, -0.43, 32.05, -12.52, Right
1761468277490, -0.62, 31.94, -12.55, Right
1761468277534, -0.73, 31.91, -12.55, Right
1761468277611, -0.86, 32.62, -12.64, Right
1761468277656, -1.08, 33.32, -12.74, Right
1761468277699, -1.21, 34.01, -12.81, Right
1761468277744, -1.30, 34.90, -12.88, Right
1761468277788, -1.53, 35.69, -12.85, Right
1761468277880, -1.77, 36.00, -12.75, Right
1761468277925, -2.19, 36.26, -12.71, Right
1761468277969, -2.64, 36.49, -12.65, Right
1761468278013, -2.88, 37.08, -12.59, Right
1761468278059, -3.17, 37.37, -12.52, Right
1761468278151, -3.49, 36.97, -12.35, Right
1761468278196, -3.82, 36.47, -12.20, Right
1761468278240, -4.25, 35.97, -12.07, Right
1761468278283, -4.54, 35.22, -11.85, Right
1761468278328, -4.66, 34.67, -11.74, Right
1761468278406, -4.82, 34.52, -11.70, Right
1761468278450, -5.01, 34.34, -11.67, Right
1761468278494, -5.13, 34.29, -11.67, Right
1761468278541, -5.40, 33.97, -11.66, Right
1761468278586, -5.69, 34.00, -11.63, Right
1761468278679, -5.99, 33.82, -11.60, Right
1761468278721, -6.18, 33.67, -11.55, Right
1761468278766, -6.35, 33.54, -11.49, Right
1761468278811, -6.83, 33.55, -11.49, Right
1761468278865, -7.36, 33.42, -11.50, Right
1761468278953, -7.83, 33.22, -11.44, Right
1761468279005, -8.20, 33.09, -11.36, Right
1761468279051, -8.57, 32.97, -11.30, Right
1761468279094, -8.90, 32.63, -11.18, Right
1761468279140, -9.24, 32.21, -11.13, Right
1761468279206, -9.38, 31.89, -11.08, Right
1761468279252, -9.55, 31.65, -11.02, Right
1761468279295, -9.74, 31.31, -10.98, Right
1761468279340, -9.77, 31.03, -10.96, Right
1761468279384, -9.95, 30.90, -10.91, Right
1761468279479, -10.12, 30.72, -10.92, Right
1761468279523, -10.26, 30.60, -10.93, Right
1761468279567, -10.37, 30.40, -10.92, Right
1761468279614, -10.39, 30.51, -10.91, Right
1761468279662, -10.50, 30.56, -10.91, Right
1761468279751, -10.67, 30.63, -10.94, Right
1761468279795, -10.85, 30.71, -10.97, Right
1761468279841, -11.03, 30.85, -10.99, Right
1761468279888, -11.20, 30.98, -10.96, Right
1761468279935, -11.24, 31.09, -10.99, Right
1761468280007, -11.25, 31.19, -10.95, Right
1761468280050, -11.25, 31.45, -10.90, Right
1761468280095, -11.20, 31.65, -10.82, Right
1761468280140, -11.34, 31.86, -10.83, Right
1761468280184, -11.26, 31.79, -10.73, Right
1761468280280, -11.18, 31.75, -10.64, Right
1761468280325, -11.07, 31.71, -10.56, Right
1761468280372, -10.96, 31.67, -10.49, Right
1761468280414, -10.91, 31.71, -10.46, Right
1761468280461, -10.89, 31.74, -10.43, Right
1761468280550, -10.78, 31.72, -10.44, Right
1761468280594, -10.65, 31.50, -10.38, Right
1761468280638, -10.56, 31.37, -10.34, Right
1761468280682, -10.47, 31.24, -10.29, Right
1761468280728, -10.51, 31.29, -10.30, Right
1761468280806, -10.48, 31.38, -10.25, Right
1761468280850, -10.45, 31.53, -10.18, Right
1761468280895, -10.42, 31.68, -10.12, Right
1761468280940, -10.31, 31.72, -10.04, Right
1761468280985, -10.26, 31.76, -9.98, Right
1761468281078, -10.31, 31.88, -9.90, Right
1761468281123, -10.26, 31.98, -9.87, Right
1761468281166, -10.30, 32.08, -9.84, Right
1761468281213, -10.53, 32.37, -9.92, Right
1761468281257, -10.64, 32.63, -9.95, Right
1761468281352, -10.89, 32.88, -9.89, Right
1761468281394, -11.22, 33.20, -9.92, Right
1761468281438, -11.46, 33.53, -9.93, Right
1761468282563, -14.77, 35.27, -26.25, Right
1761468282679, -18.18, 37.02, -42.50, Right
1761468282721, -21.82, 38.70, -58.82, Right
1761468282765, -25.62, 40.41, -75.10, Right
1761468282811, -26.84, 43.39, -73.91, Right
1761468282857, -27.76, 45.85, -72.58, Right
1761468283634, -30.38, 48.17, -88.30, Right
1761468283736, -32.58, 54.43, -104.01, Right
1761468283780, -29.95, 55.59, -103.86, Right
1761468283830, -29.60, 60.75, -103.85, Right
1761468283878, -25.88, 64.67, -87.60, Right
1761468283922, -24.61, 69.15, -87.08, Right
1761468284007, -23.17, 71.40, -87.13, Right
1761468284053, -21.77, 73.40, -87.24, Right
1761468284097, -22.73, 74.15, -104.86, Right
1761468284145, -24.51, 72.88, -123.71, Right
1761468284188, -22.15, 73.07, -107.71, Right
1761468284279, -19.96, 68.05, -91.87, Right
1761468284323, -22.76, 67.94, -91.84, Right
1761468284368, -23.35, 63.93, -91.71, Right
1761468284412, -24.30, 59.41, -91.59, Right
1761468284456, -22.56, 54.40, -75.73, Right
1761468284535, -20.78, 51.44, -59.39, Right
1761468284579, -19.02, 48.72, -43.01, Right
1761468284627, -17.37, 45.94, -26.59, Right
1761468284672, -14.96, 45.54, -8.98, Right
1761468284716, -15.19, 43.69, -9.49, Right
1761468284806, -15.79, 42.53, -9.98, Right
1761468284851, -16.22, 41.55, -10.46, Right
1761468284896, -16.53, 40.44, -10.91, Right
1761468284941, -16.96, 39.64, -11.35, Right
1761468284984, -17.45, 38.75, -11.80, Right
1761468285078, -17.79, 38.15, -12.24, Right
1761468285126, -18.09, 37.47, -12.70, Right
1761468285172, -18.37, 36.82, -13.12, Right
1761468285216, -18.91, 36.60, -13.65, Right
1761468285263, -19.33, 36.42, -13.92, Right
1761468285334, -19.31, 36.74, -14.08, Right
1761468285380, -19.25, 36.98, -14.25, Right
1761468285427, -19.34, 37.22, -14.45, Right
1761468285473, -19.23, 37.53, -14.58, Right
1761468285517, -19.04, 37.67, -14.68, Right
1761468285607, -19.06, 37.88, -14.73, Right
1761468285654, -19.00, 38.24, -14.76, Right
1761468285697, -18.92, 38.52, -14.83, Right
1761468285742, -18.68, 38.46, -14.76, Right
1761468285787, -18.38, 38.43, -14.70, Right
1761468285879, -18.50, 38.51, -14.75, Right
1761468285928, -18.54, 38.51, -14.75, Right
1761468285973, -18.55, 38.52, -14.73, Right
1761468286019, -18.56, 38.48, -14.69, Right
1761468286062, -18.51, 38.48, -14.64, Right
1761468286134, -18.32, 38.49, -14.58, Right
1761468286178, -18.14, 38.40, -14.55, Right
1761468286223, -18.07, 38.31, -14.48, Right
1761468286268, -17.91, 38.16, -14.45, Right
1761468286311, -17.82, 38.22, -14.40, Right
1761468286407, -17.76, 38.39, -14.29, Right
1761468286450, -17.86, 38.65, -14.23, Right
1761468286495, -18.03, 38.91, -14.20, Right
1761468286544, -17.95, 38.97, -14.15, Right
1761468286590, -18.03, 39.15, -14.12, Right
1761468286678, -18.22, 39.23, -14.10, Right
1761468286725, -18.52, 39.47, -14.07, Right
1761468286770, -18.67, 39.59, -14.04, Right
1761468286814, -18.78, 39.75, -14.02, Right
1761468286859, -18.90, 39.78, -14.02, Right
1761468286934, -18.82, 39.85, -14.06, Right
1761468286976, -18.70, 39.92, -14.06, Right
1761468287021, -18.54, 39.84, -14.06, Right
1761468287066, -18.66, 40.12, -14.11, Right
1761468287109, -18.67, 40.17, -14.12, Right
1761468287207, -18.52, 40.08, -14.08, Right
1761468287251, -18.38, 39.89, -14.08, Right
1761468287294, -18.32, 39.87, -14.09, Right
1761468287337, -18.30, 39.81, -14.09, Right
1761468287382, -18.20, 39.80, -14.08, Right
1761468287479, -18.02, 39.48, -14.01, Right
1761468287527, -17.76, 39.11, -13.94, Right
1761468287570, -17.51, 38.77, -13.85, Right
1761468287613, -17.23, 38.44, -13.80, Right
1761468287660, -17.00, 38.27, -13.75, Right
1761468287735, -17.11, 38.46, -13.75, Right
1761468287779, -17.17, 38.64, -13.74, Right
1761468287826, -17.25, 38.84, -13.75, Right
1761468287875, -17.35, 38.98, -13.74, Right
1761468287921, -17.40, 39.20, -13.71, Right
1761468288007, -17.33, 39.15, -13.70, Right
1761468288053, -17.31, 39.12, -13.70, Right
1761468288095, -17.24, 39.19, -13.71, Right
1761468288142, -17.42, 39.24, -13.69, Right
1761468288188, -17.53, 39.31, -13.68, Right
1761468288279, -17.46, 39.37, -13.66, Right
1761468288327, -17.21, 39.38, -13.60, Right
1761468288372, -17.11, 39.35, -13.56, Right
1761468288415, -17.03, 39.35, -13.52, Right
1761468288459, -17.05, 39.28, -13.54, Right
1761468288535, -17.12, 39.40, -13.56, Right
1761468288579, -17.26, 39.51, -13.57, Right
1761468288627, -17.45, 39.67, -13.61, Right
1761468288671, -17.42, 39.62, -13.62, Right
1761468288714, -17.42, 39.52, -13.63, Right
1761468288806, -17.40, 39.40, -13.62, Right
1761468288851, -17.38, 39.23, -13.59, Right
1761468288896, -17.26, 39.09, -13.52, Right
1761468288941, -17.18, 38.98, -13.50, Right
1761468288984, -17.27, 38.98, -13.50, Right
1761468289078, -17.38, 39.07, -13.47, Right
1761468289126, -17.42, 39.20, -13.46, Right
1761468289173, -17.39, 39.25, -13.42, Right
1761468289218, -17.44, 39.35, -13.41, Right
1761468289261, -17.53, 39.62, -13.39, Right
1761468289335, -17.61, 39.60, -13.41, Right
1761468289378, -17.80, 39.70, -13.46, Right
1761468289426, -17.96, 39.78, -13.55, Right
1761468289472, -18.06, 39.79, -13.56, Right
1761468289516, -17.94, 39.77, -13.52, Right
1761468289608, -17.91, 39.66, -13.53, Right
1761468289651, -17.90, 39.61, -13.52, Right
1761468289695, -17.89, 39.57, -13.52, Right
1761468289744, -17.83, 39.47, -13.45, Right
1761468289788, -17.69, 39.29, -13.42, Right
1761468289880, -17.60, 39.24, -13.44, Right
1761468289925, -17.52, 39.17, -13.44, Right
1761468289969, -17.41, 39.06, -13.38, Right
1761468290015, -17.22, 38.86, -13.39, Right
1761468290058, -17.14, 38.57, -13.38, Right
1761468290134, -17.14, 38.55, -13.38, Right
1761468290178, -17.07, 38.43, -13.39, Right
1761468290225, -17.05, 38.35, -13.37, Right
1761468290269, -17.02, 38.32, -13.42, Right
1761468290314, -17.05, 38.21, -13.41, Right
1761468290407, -17.07, 38.23, -13.38, Right
1761468290452, -17.09, 38.31, -13.38, Right
1761468290498, -17.11, 38.31, -13.36, Right
1761468290545, -17.24, 38.49, -13.32, Right
1761468290597, -17.25, 38.64, -13.26, Right
1761468290689, -17.40, 38.53, -13.33, Right
1761468290739, -17.42, 38.27, -13.31, Right
1761468290788, -17.43, 38.09, -13.33, Right
1761468290833, -17.34, 38.05, -13.28, Right
1761468290875, -17.25, 38.14, -13.31, Right
1761468290938, -17.40, 38.05, -13.34, Right
1761468290981, -17.50, 37.89, -13.31, Right
1761468291026, -17.65, 37.88, -13.35, Right
1761468291071, -17.76, 37.71, -13.37, Right
1761468291114, -17.87, 37.64, -13.42, Right
1761468291207, -17.94, 37.90, -13.37, Right
1761468291253, -18.15, 38.28, -13.38, Right
1761468291296, -18.37, 38.61, -13.38, Right
1761468291340, -18.50, 38.75, -13.44, Right
1761468291384, -18.66, 38.87, -13.43, Right
1761468291479, -18.74, 38.98, -13.34, Right
1761468291525, -18.76, 39.23, -13.30, Right
1761468291568, -18.73, 39.34, -13.22, Right
1761468291612, -18.69, 39.44, -13.20, Right
1761468291659, -18.71, 39.53, -13.20, Right
1761468291735, -18.76, 39.55, -13.20, Right
1761468291778, -18.81, 39.55, -13.19, Right
1761468291828, -18.86, 39.55, -13.17, Right
1761468291876, -19.08, 39.59, -13.12, Right
1761468291926, -19.26, 39.55, -13.08, Right
1761468292007, -19.06, 39.26, -13.16, Right
1761468292051, -18.96, 39.03, -13.24, Right
1761468292096, -18.87, 38.84, -13.36, Right
1761468292141, -18.74, 38.52, -13.42, Right
1761468292185, -18.64, 38.14, -13.46, Right
1761468292278, -18.37, 37.80, -13.52, Right
1761468292325, -18.17, 37.44, -13.62, Right
1761468292369, -17.98, 37.16, -13.72, Right
1761468292414, -17.80, 36.71, -13.77, Right
1761468292458, -17.65, 36.45, -13.84, Right
1761468292534, -17.72, 36.49, -13.83, Right
1761468292578, -17.84, 36.44, -13.85, Right
1761468292624, -17.96, 36.39, -13.81, Right
1761468292671, -18.18, 36.66, -13.83, Right
1761468292714, -18.32, 36.86, -13.87, Right
1761468292806, -18.54, 36.84, -13.84, Right
1761468292852, -18.73, 36.90, -13.80, Right
1761468292896, -18.91, 36.87, -13.76, Right
1761468292941, -19.16, 37.01, -13.81, Right
1761468292984, -19.36, 37.01, -13.85, Right
1761468293063, -19.57, 37.04, -13.90, Right
1761468293110, -19.71, 36.98, -13.90, Right
1761468293157, -19.81, 36.93, -13.91, Right
1761468293205, -19.85, 36.84, -13.87, Right
1761468293253, -20.06, 36.66, -13.87, Right
1761468293335, -20.13, 36.51, -13.87, Right
1761468293380, -20.21, 36.41, -13.84, Right
1761468293425, -20.26, 36.32, -13.79, Right
1761468293469, -20.26, 36.22, -13.72, Right
1761468293514, -20.32, 36.14, -13.67, Right
1761468293607, -20.38, 35.99, -13.61, Right
1761468293654, -20.44, 35.98, -13.56, Right
1761468293698, -20.61, 36.01, -13.53, Right
1761468293743, -20.68, 35.93, -13.50, Right
1761468293788, -20.59, 35.96, -13.43, Right
1761468293863, -20.42, 35.95, -13.45, Right
1761468293906, -20.31, 35.94, -13.50, Right
1761468293949, -20.19, 35.89, -13.57, Right
1761468293993, -20.03, 35.75, -13.63, Right
1761468294040, -19.97, 35.65, -13.71, Right
1761468294134, -19.96, 35.71, -13.78, Right
1761468294178, -19.93, 35.66, -13.82, Right
1761468294223, -19.84, 35.57, -13.87, Right
1761468294269, -19.86, 35.58, -13.87, Right
1761468294311, -19.83, 35.77, -13.88, Right
1761468294407, -20.11, 35.98, -13.91, Right
1761468294450, -20.35, 36.18, -13.91, Right
1761468294494, -20.53, 36.33, -13.90, Right
1761468294546, -20.64, 36.50, -13.91, Right
1761468294592, -20.63, 36.58, -13.89, Right
1761468294662, -20.52, 36.55, -13.85, Right
1761468294708, -20.51, 36.57, -13.88, Right
1761468294753, -20.56, 36.75, -13.88, Right
1761468294798, -20.61, 36.90, -13.89, Right
1761468294843, -20.86, 36.76, -14.07, Right
1761468294934, -20.86, 36.77, -14.05, Right
1761468294978, -20.72, 36.71, -14.04, Right
1761468295024, -20.67, 36.66, -14.04, Right
1761468295070, -20.79, 36.70, -14.09, Right
1761468295112, -20.96, 36.86, -14.15, Right
1761468295206, -21.22, 37.00, -14.22, Right
1761468295252, -21.38, 37.22, -14.29, Right
1761468295295, -21.40, 37.23, -14.34, Right
1761468295341, -21.38, 37.11, -14.35, Right
1761468295386, -21.25, 37.14, -14.23, Right
1761468295462, -21.27, 37.34, -14.26, Right
1761468295507, -21.33, 37.53, -14.27, Right
1761468295552, -21.41, 37.67, -14.28, Right
1761468295596, -21.40, 37.83, -14.24, Right
1761468295642, -21.41, 37.99, -14.23, Right
1761468295735, -21.46, 38.05, -14.21, Right
1761468295780, -21.48, 38.16, -14.14, Right
1761468295826, -21.63, 38.30, -14.12, Right
1761468295873, -21.83, 38.43, -14.19, Right
1761468295917, -22.01, 38.59, -14.23, Right
1761468296007, -22.13, 38.59, -14.26, Right
1761468296052, -22.19, 38.56, -14.34, Right
1761468296097, -22.27, 38.65, -14.39, Right
1761468296141, -22.43, 38.60, -14.39, Right
1761468296186, -22.56, 38.59, -14.33, Right
1761468296263, -22.56, 38.54, -14.33, Right
1761468296307, -22.58, 38.33, -14.37, Right
1761468296352, -22.56, 38.13, -14.42, Right
1761468296396, -22.53, 38.14, -14.41, Right
1761468296440, -22.53, 38.02, -14.34, Right
1761468296535, -22.53, 37.99, -14.21, Right
1761468296578, -22.62, 37.99, -14.07, Right
1761468296623, -22.72, 38.00, -13.96, Right
1761468296668, -22.72, 37.86, -13.98, Right
1761468296711, -22.67, 37.63, -14.02, Right
1761468296807, -22.84, 37.81, -14.01, Right
1761468296852, -22.95, 37.96, -14.01, Right
1761468296896, -23.06, 38.20, -13.98, Right
1761468296940, -23.20, 38.47, -13.91, Right
1761468296985, -23.20, 38.44, -13.91, Right
1761468297062, -23.35, 38.44, -14.00, Right
1761468297107, -23.45, 38.47, -14.06, Right
1761468297151, -23.54, 38.47, -14.12, Right
1761468297199, -23.68, 38.78, -14.10, Right
1761468297243, -23.84, 39.06, -14.17, Right
1761468297335, -23.93, 38.93, -14.20, Right
1761468297378, -24.16, 38.94, -14.21, Right
1761468297424, -24.31, 38.84, -14.25, Right
1761468297469, -24.35, 38.53, -14.32, Right
1761468297515, -24.46, 38.53, -14.38, Right
1761468297606, -24.48, 38.44, -14.33, Right
1761468297652, -24.44, 38.27, -14.30, Right
1761468297696, -24.46, 38.15, -14.27, Right
1761468297741, -24.45, 37.80, -14.27, Right
1761468297785, -24.40, 37.45, -14.23, Right
1761468297864, -24.12, 37.12, -14.19, Right
1761468297907, -23.79, 36.64, -14.18, Right
1761468297952, -23.55, 36.21, -14.14, Right
1761468297996, -23.41, 35.95, -14.14, Right
1761468298041, -23.34, 35.76, -14.10, Right
1761468298134, -23.15, 35.77, -14.10, Right
1761468298179, -23.09, 35.83, -14.13, Right
1761468298225, -22.94, 35.88, -14.16, Right
1761468298271, -22.91, 36.12, -14.15, Right
1761468298317, -22.83, 36.40, -14.10, Right
1761468298408, -23.02, 36.95, -14.07, Right
1761468298453, -23.25, 37.40, -14.07, Right
1761468298497, -23.51, 37.93, -14.12, Right
1761468298541, -23.68, 38.36, -14.09, Right
1761468298586, -23.76, 38.69, -14.07, Right
1761468298663, -24.07, 38.71, -14.09, Right
1761468298707, -24.25, 38.79, -14.11, Right
1761468298753, -24.43, 38.84, -14.11, Right
1761468298797, -24.53, 38.82, -14.11, Right
1761468298841, -24.66, 38.68, -14.24, Right
1761468298935, -24.66, 38.47, -14.27, Right
1761468298978, -24.63, 38.41, -14.28, Right
1761468299025, -24.62, 38.34, -14.26, Right
1761468299068, -24.55, 38.32, -14.26, Right
1761468299112, -24.55, 38.38, -14.30, Right
1761468299207, -24.39, 38.41, -14.34, Right
1761468299251, -24.33, 38.47, -14.30, Right
1761468299295, -24.36, 38.47, -14.35, Right
1761468299339, -24.28, 38.60, -14.35, Right
1761468299384, -24.29, 38.70, -14.26, Right
1761468299462, -24.31, 38.75, -14.24, Right
1761468299506, -24.22, 38.59, -14.20, Right
1761468299552, -24.16, 38.57, -14.12, Right
1761468299595, -24.18, 38.43, -14.12, Right
1761468299640, -24.10, 38.37, -14.16, Right
1761468299735, -24.03, 38.26, -14.17, Right
1761468299780, -23.95, 38.18, -14.17, Right
1761468299828, -23.79, 37.92, -14.15, Right
1761468299876, -23.66, 37.73, -14.14, Right
1761468299924, -23.60, 37.62, -14.16, Right
1761468300009, -23.51, 37.57, -14.18, Right
1761468300057, -23.45, 37.64, -14.21, Right
1761468300102, -23.38, 37.60, -14.26, Right
1761468300146, -23.28, 37.53, -14.34, Right
1761468300191, -23.29, 37.39, -14.35, Right
1761468300263, -23.08, 37.24, -14.30, Right
1761468300306, -22.92, 36.99, -14.29, Right
1761468300350, -22.74, 36.94, -14.23, Right
1761468300393, -22.66, 36.81, -14.22, Right
1761468300439, -22.39, 36.75, -14.18, Right
1761468300535, -22.13, 36.42, -14.16, Right
1761468300589, -21.85, 36.17, -14.14, Right
1761468300635, -21.59, 35.84, -14.12, Right
1761468300682, -21.48, 35.85, -14.05, Right
1761468300729, -21.38, 35.71, -14.00, Right
1761468300807, -21.54, 35.90, -14.03, Right
1761468300852, -21.68, 36.09, -14.12, Right
1761468300896, -21.90, 36.27, -14.14, Right
1761468300939, -22.03, 36.32, -14.11, Right
1761468300984, -22.17, 36.33, -14.06, Right
1761468301063, -22.39, 36.50, -14.10, Right
1761468301107, -22.65, 36.65, -14.10, Right
1761468301153, -22.82, 36.73, -14.09, Right
1761468301199, -22.95, 36.64, -14.11, Right
1761468301243, -22.91, 36.76, -14.08, Right
1761468301334, -22.76, 36.46, -14.01, Right
1761468301378, -22.58, 36.28, -13.88, Right
1761468301423, -22.33, 35.98, -13.87, Right
1761468301468, -22.12, 35.80, -13.94, Right
1761468301512, -21.98, 35.78, -13.97, Right
1761468301607, -21.65, 35.65, -13.90, Right
1761468301651, -21.37, 35.44, -13.82, Right
1761468301695, -21.08, 35.35, -13.76, Right
1761468301738, -20.87, 35.19, -13.71, Right
1761468301783, -20.79, 34.96, -13.67, Right
1761468301862, -20.72, 34.86, -13.65, Right
1761468301907, -20.51, 34.59, -13.64, Right
1761468301951, -20.45, 34.48, -13.60, Right
1761468301996, -20.35, 34.30, -13.50, Right
1761468302039, -20.14, 34.02, -13.38, Right
1761468302135, -20.30, 34.26, -13.36, Right
1761468302178, -20.31, 34.48, -13.37, Right
1761468302223, -20.42, 34.67, -13.39, Right
1761468302268, -20.49, 34.84, -13.43, Right
1761468302311, -20.52, 35.07, -13.47, Right
1761468302407, -20.63, 35.36, -13.47, Right
1761468302454, -20.91, 35.64, -13.54, Right
1761468302499, -21.23, 35.97, -13.59, Right
1761468302543, -21.40, 36.46, -13.57, Right
1761468302591, -21.56, 36.91, -13.62, Right
1761468302664, -21.49, 36.67, -13.63, Right
1761468302707, -21.50, 36.58, -13.64, Right
1761468302755, -21.51, 36.52, -13.61, Right
1761468302799, -21.41, 36.47, -13.55, Right
1761468302843, -21.41, 36.46, -13.56, Right
1761468302934, -21.31, 36.44, -13.60, Right
1761468302979, -21.21, 36.41, -13.58, Right
1761468303022, -20.91, 36.33, -13.54, Right
1761468303066, -20.92, 36.33, -13.61, Right
1761468303109, -20.96, 36.21, -13.70, Right
1761468303207, -20.99, 36.29, -13.72, Right
1761468303250, -21.03, 36.31, -13.73, Right
1761468303295, -21.05, 36.19, -13.73, Right
1761468303340, -21.16, 36.34, -13.70, Right
1761468303386, -21.15, 36.34, -13.71, Right
1761468303462, -21.17, 36.23, -13.67, Right
1761468303506, -21.31, 36.36, -13.66, Right
1761468303550, -21.45, 36.50, -13.67, Right
1761468303594, -21.43, 36.38, -13.74, Right
1761468303638, -21.48, 36.31, -13.75, Right
1761468303734, -21.53, 36.26, -13.69, Right
1761468303782, -21.65, 36.30, -13.66, Right
1761468303828, -21.72, 36.42, -13.69, Right
1761468303872, -21.67, 36.29, -13.75, Right
1761468303919, -21.63, 36.19, -13.75, Right
1761468303991, -21.70, 36.09, -13.86, Right
1761468304034, -21.69, 35.99, -13.92, Right
1761468304079, -21.80, 35.83, -14.00, Right
1761468304124, -21.95, 35.81, -14.00, Right
1761468304171, -22.04, 35.95, -13.96, Right
1761468304263, -21.96, 36.08, -14.00, Right
1761468304305, -21.84, 36.01, -14.01, Right
1761468304352, -21.73, 36.03, -14.00, Right
1761468304399, -21.71, 36.14, -13.92, Right
1761468304443, -21.72, 36.08, -13.91, Right
1761468304534, -21.72, 36.45, -13.76, Right
1761468304577, -21.64, 36.47, -13.73, Right
1761468304622, -21.54, 36.64, -13.58, Right
1761468304667, -21.35, 36.63, -13.46, Right
1761468304711, -21.23, 36.58, -13.38, Right
1761468304790, -21.31, 36.51, -13.40, Right
1761468304841, -21.40, 36.68, -13.36, Right
1761468304889, -21.39, 36.72, -13.36, Right
1761468304934, -21.45, 36.55, -13.40, Right
1761468304978, -21.58, 36.54, -13.44, Right
1761468305063, -21.82, 36.51, -13.53, Right
1761468305108, -22.13, 36.66, -13.54, Right
1761468305155, -22.38, 36.81, -13.58, Right
1761468305202, -22.53, 36.81, -13.65, Right
1761468305248, -22.63, 36.85, -13.70, Right
1761468305336, -22.82, 36.96, -13.78, Right
1761468305381, -23.05, 37.24, -13.84, Right
1761468305424, -23.34, 37.28, -13.95, Right
1761468305474, -23.59, 37.62, -13.97, Right
1761468305517, -23.58, 37.83, -13.90, Right
1761468305590, -23.25, 37.67, -13.83, Right
1761468305639, -22.86, 37.74, -13.73, Right
1761468305683, -22.44, 37.55, -13.75, Right
1761468305729, -22.23, 37.69, -13.71, Right
1761468305772, -22.15, 37.63, -13.74, Right
1761468305862, -21.96, 37.60, -13.62, Right
1761468305906, -21.75, 37.26, -13.64, Right
1761468305949, -21.56, 37.19, -13.55, Right
1761468305993, -21.30, 36.87, -13.59, Right
1761468306038, -21.35, 36.86, -13.62, Right
1761468306135, -21.57, 37.01, -13.68, Right
1761468306180, -21.85, 36.97, -13.76, Right
1761468306224, -22.13, 36.97, -13.80, Right
1761468306269, -22.44, 37.09, -13.79, Right
1761468306314, -22.46, 37.14, -13.74, Right
1761468306391, -22.43, 37.21, -13.75, Right
1761468306440, -22.46, 37.24, -13.73, Right
1761468306486, -22.47, 37.38, -13.73, Right
1761468306533, -22.51, 37.59, -13.69, Right
1761468306576, -22.26, 37.62, -13.62, Right
1761468306663, -22.04, 37.55, -13.61, Right
1761468306707, -21.73, 37.47, -13.58, Right
1761468306755, -21.45, 37.57, -13.55, Right
1761468306800, -21.05, 37.56, -13.52, Right
1761468306847, -20.96, 37.62, -13.53, Right
1761468306934, -20.68, 37.36, -13.52, Right
1761468306977, -20.35, 37.18, -13.43, Right
1761468307021, -20.05, 36.91, -13.37, Right
1761468307065, -19.79, 36.72, -13.34, Right
1761468307109, -19.71, 36.58, -13.35, Right
1761468307190, -19.44, 36.40, -13.25, Right
1761468307238, -19.22, 36.16, -13.19, Right
1761468307282, -18.98, 35.88, -13.08, Right
1761468307328, -18.84, 35.56, -13.05, Right
1761468307372, -18.61, 35.36, -13.00, Right
1761468307462, -18.51, 35.32, -12.99, Right
1761468307506, -18.43, 35.17, -12.98, Right
1761468307555, -18.34, 35.01, -12.95, Right
1761468307599, -18.06, 34.78, -12.84, Right
1761468307641, -17.80, 34.50, -12.78, Right
1761468307735, -17.67, 34.38, -12.76, Right
1761468307780, -17.46, 34.25, -12.72, Right
1761468307824, -17.29, 34.08, -12.70, Right
1761468307866, -16.95, 34.58, -12.48, Right
1761468307911, -16.50, 35.02, -12.27, Right
1761468307991, -15.96, 38.53, -11.83, Right
1761468308038, -15.66, 41.80, -11.58, Right
1761468308087, -15.25, 45.25, -11.28, Right
1761468308134, -14.95, 48.73, -11.07, Right
1761468308180, -14.18, 53.34, -10.97, Right
1761468308262, -13.05, 58.34, -11.04, Right
1761468308305, -12.05, 63.39, -11.21, Right
1761468308348, -11.05, 68.33, -11.36, Right
1761468308392, -11.24, 74.16, -28.34, Right
1761468308437, -10.07, 79.40, -28.69, Right
1761468308534, -10.27, 82.82, -46.07, Right
1761468308578, -10.35, 86.64, -63.16, Right
1761468308622, -10.33, 90.27, -80.46, Right
1761468308668, -11.16, 90.64, -97.89, Right
1761468308713, -11.40, 93.33, -115.35, Right
1761468308791, -11.67, 95.77, -132.79, Right
1761468308836, -11.93, 98.24, -150.14, Right
1761468308881, -12.10, 100.84, -167.58, Right
1761468308924, -10.79, 100.74, -168.57, Right
1761468308971, -12.60, 93.52, -186.93, Right
1761468309063, -11.42, 93.86, -188.12, Right
1761468309109, -8.55, 93.09, -172.81, Right
1761468309155, -7.50, 93.40, -173.88, Right
1761468309199, -4.31, 95.72, -158.05, Right
1761468309243, -2.45, 94.52, -141.88, Right
1761468309334, -0.81, 93.02, -125.62, Right
1761468309380, -0.64, 92.41, -125.97, Right
1761468309426, -0.56, 91.72, -126.30, Right
1761468309481, -0.01, 90.58, -109.03, Right
1761468309528, 1.77, 97.07, -90.83, Right
1761468309595, 1.40, 93.13, -73.21, Right
1761468309643, -0.46, 90.42, -72.22, Right
1761468309689, -0.80, 86.69, -54.68, Right
1761468309738, -2.40, 84.27, -53.90, Right
1761468309786, -3.37, 79.98, -53.15, Right
1761468309864, -4.73, 74.57, -52.17, Right
1761468309909, -4.66, 68.10, -34.53, Right
1761468309955, -4.56, 61.67, -16.86, Right
1761468310000, -5.58, 56.82, -16.61, Right
1761468310043, -6.10, 52.12, -16.53, Right
1761468310134, -6.55, 49.37, -16.19, Right
1761468310180, -7.05, 46.47, -15.88, Right
1761468310223, -7.38, 43.41, -15.58, Right
1761468310268, -7.80, 40.11, -15.21, Right
1761468310311, -8.58, 38.71, -15.01, Right
1761468310394, -8.94, 38.64, -14.96, Right
1761468310437, -9.21, 38.76, -14.96, Right
1761468310481, -9.55, 38.82, -14.95, Right
1761468310526, -9.69, 38.87, -14.90, Right
1761468310570, -9.92, 38.99, -14.91, Right
1761468310663, -9.70, 38.86, -14.94, Right
1761468310707, -9.52, 38.62, -14.93, Right
1761468310754, -9.43, 38.45, -14.90, Right
1761468310798, -9.40, 38.42, -14.96, Right
1761468310842, -9.33, 38.52, -15.01, Right
1761468310934, -9.52, 38.68, -15.14, Right
1761468310980, -9.70, 38.89, -15.31, Right
1761468311025, -9.86, 39.09, -15.45, Right
1761468311069, -10.26, 39.47, -15.60, Right
1761468311113, -10.52, 39.61, -15.71, Right
1761468311191, -10.86, 39.62, -15.72, Right
1761468311237, -11.15, 39.90, -15.81, Right
1761468311282, -11.45, 40.18, -15.90, Right
1761468311325, -11.62, 40.47, -15.96, Right
1761468311371, -11.84, 40.50, -15.94, Right
1761468311463, -11.92, 40.39, -15.93, Right
1761468311507, -12.16, 40.19, -15.87, Right
1761468311553, -12.36, 40.08, -15.84, Right
1761468311596, -12.25, 39.94, -15.79, Right
1761468311641, -12.23, 39.94, -15.78, Right
1761468311735, -12.21, 39.98, -15.86, Right
1761468311780, -12.21, 40.05, -15.92, Right
1761468311824, -12.25, 40.09, -15.99, Right
1761468311873, -12.21, 40.30, -16.12, Right
1761468311916, -12.29, 40.80, -16.27, Right
1761468311991, -12.17, 41.30, -16.43, Right
1761468312038, -11.95, 41.79, -16.59, Right
1761468312085, -11.72, 42.28, -16.75, Right
1761468312130, -11.55, 42.60, -16.94, Right
1761468312175, -11.27, 43.00, -17.15, Right
1761468312263, -11.10, 43.74, -17.31, Right
1761468312307, -10.92, 44.23, -17.54, Right
1761468312354, -10.70, 44.76, -17.76, Right
1761468312397, -10.67, 45.12, -17.91, Right
1761468312440, -10.59, 45.42, -18.10, Right
1761468312535, -10.66, 45.52, -18.19, Right
1761468312582, -10.66, 45.72, -18.26, Right
1761468312625, -10.68, 45.89, -18.33, Right
1761468312669, -10.77, 46.19, -18.45, Right
1761468312713, -10.91, 46.37, -18.49, Right
1761468312791, -11.15, 46.34, -18.52, Right
1761468312836, -11.32, 46.36, -18.47, Right
1761468312880, -11.44, 46.23, -18.43, Right
1761468312925, -11.47, 46.13, -18.38, Right
1761468312970, -11.66, 46.01, -18.26, Right
1761468313063, -11.81, 45.89, -18.12, Right
1761468313108, -12.05, 45.70, -18.03, Right
1761468313154, -12.32, 45.50, -17.91, Right
1761468313199, -12.59, 45.22, -17.71, Right
1761468313244, -13.00, 44.96, -17.54, Right
1761468313334, -13.19, 44.37, -17.33, Right
1761468313381, -13.57, 43.84, -17.14, Right
1761468313424, -13.96, 43.46, -16.94, Right
1761468313469, -14.24, 42.92, -16.63, Right
1761468313514, -14.44, 42.35, -16.40, Right
1761468313590, -14.62, 41.65, -16.18, Right
1761468313634, -14.83, 41.06, -15.95, Right
1761468313681, -14.92, 40.49, -15.74, Right
1761468313723, -14.95, 39.88, -15.57, Right
1761468313769, -14.81, 39.20, -15.32, Right
1761468313863, -14.90, 38.82, -15.17, Right
1761468313907, -14.81, 38.39, -15.02, Right
1761468313953, -14.76, 37.95, -14.87, Right
1761468314000, -14.80, 37.81, -14.78, Right
1761468314044, -14.76, 37.71, -14.67, Right
1761468314135, -14.90, 37.83, -14.64, Right
1761468314179, -14.92, 37.84, -14.56, Right
1761468314225, -15.04, 37.73, -14.50, Right
1761468314272, -15.02, 37.56, -14.39, Right
1761468314318, -15.16, 37.54, -14.36, Right
1761468314392, -15.20, 37.45, -14.29, Right
1761468314435, -15.29, 37.34, -14.24, Right
1761468314479, -15.33, 37.31, -14.16, Right
1761468314522, -15.44, 37.13, -14.13, Right
1761468314664, -15.46, 37.21, -14.09, Right
1761468314707, -15.41, 37.27, -14.02, Right
1761468314790, -15.42, 37.33, -14.02, Right
1761468314835, -15.37, 37.45, -13.99, Right
1761468314880, -15.46, 37.62, -14.02, Right
1761468314925, -15.34, 37.59, -14.01, Right
1761468315062, -15.27, 37.68, -14.00, Right
1761468315107, -15.16, 37.79, -13.96, Right
1761468315191, -15.05, 37.95, -14.00, Right
1761468315235, -14.89, 38.08, -14.01, Right
1761468315278, -14.70, 37.94, -14.03, Right
1761468315320, -14.64, 37.90, -14.11, Right
1761468315462, -14.41, 37.56, -14.12, Right
1761468315506, -14.15, 37.32, -14.13, Right
1761468315591, -13.69, 37.09, -14.14, Right
1761468315640, -13.33, 37.01, -14.15, Right
1761468315685, -12.90, 36.83, -14.17, Right
1761468315730, -12.49, 36.69, -14.24, Right
1761468315862, -12.01, 36.62, -14.32, Right
1761468315907, -11.47, 36.59, -14.38, Right
1761468315991, -11.12, 36.44, -14.46, Right
1761468316037, -10.48, 36.15, -14.45, Right
1761468316081, -10.06, 36.17, -14.47, Right
1761468316128, -9.67, 36.14, -14.48, Right
1761468316262, -9.58, 35.97, -14.52, Right
1761468316306, -9.42, 35.80, -14.58, Right
1761468316391, -9.28, 35.87, -14.63, Right
1761468316436, -9.13, 35.70, -14.60, Right
1761468316479, -9.04, 35.32, -14.53, Right
1761468316524, -9.04, 35.13, -14.53, Right
1761468316664, -8.96, 34.87, -14.46, Right
1761468316709, -8.94, 34.68, -14.45, Right
1761468316790, -8.90, 34.54, -14.45, Right
1761468316834, -8.92, 34.38, -14.48, Right
1761468316880, -8.85, 34.21, -14.45, Right
1761468316928, -8.90, 34.31, -14.47, Right
1761468317062, -9.17, 34.66, -14.54, Right
1761468317106, -9.59, 35.53, -14.68, Right
1761468317190, -10.07, 36.25, -14.74, Right
1761468317236, -10.48, 36.96, -14.79, Right
1761468317282, -10.90, 37.82, -14.89, Right
1761468317328, -11.34, 38.50, -14.98, Right
1761468317464, -11.87, 39.24, -15.08, Right
1761468317508, -12.37, 40.01, -15.17, Right
1761468317591, -12.86, 40.97, -15.26, Right
1761468317635, -13.30, 41.62, -15.34, Right
1761468317678, -13.58, 41.86, -15.37, Right
1761468317721, -13.65, 41.75, -15.35, Right
1761468317862, -13.76, 41.80, -15.37, Right
1761468317906, -13.92, 41.68, -15.39, Right
1761468317991, -13.98, 41.54, -15.38, Right
1761468318035, -14.21, 41.65, -15.38, Right
1761468318079, -14.25, 41.60, -15.34, Right
1761468318123, -14.26, 41.53, -15.28, Right
1761468318262, -14.32, 41.26, -15.27, Right
1761468318308, -14.39, 41.10, -15.23, Right
1761468318391, -14.32, 41.08, -15.17, Right
1761468318437, -14.33, 41.04, -15.11, Right
1761468318481, -14.26, 41.04, -15.08, Right
1761468318527, -14.28, 41.09, -15.07, Right
1761468318663, -14.37, 41.18, -15.08, Right
1761468318708, -14.26, 41.08, -15.07, Right
1761468318791, -14.18, 40.96, -15.03, Right
1761468318836, -14.18, 40.86, -15.03, Right
1761468318881, -14.13, 40.91, -15.00, Right
1761468318925, -14.05, 40.96, -14.97, Right
1761468319062, -14.18, 40.87, -14.98, Right
1761468319106, -14.23, 40.79, -14.98, Right
1761468319191, -14.36, 40.58, -15.02, Right
1761468319234, -14.35, 40.46, -14.99, Right
1761468319279, -14.28, 40.29, -14.97, Right
1761468319323, -14.25, 40.08, -14.96, Right
1761468319463, -13.87, 40.26, -15.15, Right
1761468319507, -13.38, 40.62, -15.35, Right
1761468319590, -12.83, 40.99, -15.52, Right
1761468319637, -12.23, 41.17, -15.71, Right
1761468319683, -11.64, 41.40, -15.90, Right
1761468319727, -11.04, 41.71, -16.10, Right
1761468319863, -10.38, 42.27, -16.29, Right
1761468319909, -9.76, 42.53, -16.51, Right
1761468319990, -9.19, 43.19, -16.70, Right
1761468320034, -8.73, 43.89, -16.89, Right
1761468320079, -8.67, 44.27, -16.92, Right
1761468320122, -8.67, 44.55, -16.96, Right
1761468320262, -8.79, 44.70, -17.06, Right
1761468320306, -9.04, 45.09, -17.16, Right
1761468320390, -9.10, 45.32, -17.20, Right
1761468320433, -9.18, 45.55, -17.31, Right
1761468320480, -9.30, 45.65, -17.36, Right
1761468320524, -9.53, 45.99, -17.47, Right
1761468320663, -9.64, 45.85, -17.57, Right
1761468320708, -9.74, 45.89, -17.66, Right
1761468320790, -9.83, 46.01, -17.81, Right
1761468320835, -9.80, 45.95, -17.88, Right
1761468320884, -9.72, 45.99, -17.95, Right
1761468320927, -9.75, 46.20, -17.97, Right
1761468321064, -9.84, 46.40, -18.02, Right
1761468321110, -9.96, 46.50, -18.00, Right
1761468321191, -10.15, 46.56, -17.98, Right
1761468321235, -10.10, 46.61, -17.89, Right
1761468321281, -10.14, 46.62, -17.81, Right
1761468321326, -10.34, 46.79, -17.77, Right
1761468321463, -10.70, 46.70, -17.64, Right
1761468321506, -11.07, 46.74, -17.54, Right
1761468321590, -11.53, 46.67, -17.38, Right
1761468321634, -11.88, 46.28, -17.29, Right
1761468321677, -12.26, 46.00, -17.23, Right
1761468321720, -12.54, 45.68, -17.15, Right
1761468321863, -12.98, 45.39, -17.11, Right
1761468321907, -13.65, 45.04, -17.12, Right
1761468321991, -14.24, 44.94, -17.15, Right
1761468322035, -14.67, 44.82, -17.12, Right
1761468322084, -14.90, 44.83, -17.16, Right
1761468322130, -15.15, 44.77, -17.21, Right
1761468322262, -15.39, 44.71, -17.28, Right
1761468322308, -15.44, 44.67, -17.32, Right
1761468322390, -15.37, 44.67, -17.33, Right
1761468322436, -15.40, 44.58, -17.33, Right
1761468322484, -15.28, 44.49, -17.33, Right
1761468322528, -15.15, 44.40, -17.31, Right
1761468322663, -15.01, 44.39, -17.28, Right
1761468322708, -14.85, 44.03, -17.28, Right
1761468322790, -14.76, 43.57, -17.19, Right
1761468322833, -14.78, 43.32, -17.14, Right
1761468322879, -14.72, 43.21, -17.07, Right
1761468322924, -14.76, 42.92, -16.97, Right
1761468323062, -15.00, 42.52, -16.88, Right
1761468323107, -15.12, 42.21, -16.82, Right
1761468323190, -15.14, 42.13, -16.68, Right
1761468323235, -15.07, 41.98, -16.57, Right
1761468323280, -15.13, 41.57, -16.43, Right
1761468323322, -15.12, 41.31, -16.27, Right
1761468323462, -15.16, 41.04, -16.12, Right
1761468323508, -15.16, 40.76, -15.90, Right
1761468323590, -15.15, 40.44, -15.68, Right
1761468323633, -15.19, 40.20, -15.47, Right
1761468323678, -15.13, 40.10, -15.29, Right
1761468323723, -15.07, 39.86, -15.05, Right
1761468323864, -15.05, 39.36, -14.85, Right
1761468323907, -15.03, 38.93, -14.61, Right
1761468323991, -15.05, 38.53, -14.40, Right
1761468324035, -15.06, 38.20, -14.25, Right
1761468324077, -15.02, 37.95, -14.14, Right
1761468324121, -14.97, 37.44, -14.05, Right
1761468324262, -14.91, 37.08, -14.02, Right
1761468324307, -14.87, 36.83, -14.01, Right
1761468324391, -14.79, 36.57, -13.96, Right
1761468324434, -14.84, 36.45, -13.99, Right
1761468324479, -14.83, 36.40, -14.03, Right
1761468324523, -14.87, 36.27, -14.09, Right
1761468324662, -14.95, 36.13, -14.08, Right
1761468324709, -14.88, 36.01, -14.02, Right
1761468324755, -14.89, 35.98, -13.98, Right
1761468324801, -14.91, 36.08, -13.95, Right
1761468324847, -14.93, 36.13, -13.88, Right
1761468324891, -14.88, 36.09, -13.78, Right
1761468324934, -14.95, 35.97, -13.76, Right
1761468324979, -14.99, 35.93, -13.71, Right
1761468325022, -15.04, 35.79, -13.70, Right
1761468325067, -15.02, 35.87, -13.64, Right
1761468325190, -15.02, 36.02, -13.67, Right
1761468325234, -15.13, 36.11, -13.70, Right
1761468325319, -15.14, 36.18, -13.70, Right
1761468325366, -15.19, 36.27, -13.72, Right
1761468325410, -15.27, 36.30, -13.73, Right
1761468325455, -15.36, 36.29, -13.79, Right
1761468325590, -15.38, 36.37, -13.80, Right
1761468325634, -15.32, 36.39, -13.77, Right
1761468325718, -15.36, 36.53, -13.70, Right
1761468325761, -15.45, 36.48, -13.66, Right
1761468325805, -15.36, 36.42, -13.59, Right
1761468325852, -15.38, 36.41, -13.57, Right
1761468325899, -15.42, 36.34, -13.58, Right
1761468325944, -15.43, 36.24, -13.57, Right
1761468325987, -15.45, 36.14, -13.55, Right
1761468326035, -15.53, 36.30, -13.53, Right
1761468326084, -15.58, 36.46, -13.50, Right
1761468326133, -15.81, 36.52, -13.52, Right
1761468326180, -15.94, 36.61, -13.56, Right
1761468326225, -16.08, 36.75, -13.59, Right
1761468326268, -16.30, 36.80, -13.63, Right
1761468326392, -16.36, 36.78, -13.56, Right
1761468326435, -16.33, 36.79, -13.48, Right
1761468326519, -16.42, 36.82, -13.45, Right
1761468326565, -16.42, 36.81, -13.42, Right
1761468326610, -16.37, 36.69, -13.41, Right
1761468326654, -16.37, 36.34, -13.36, Right
1761468326791, -16.23, 36.17, -13.34, Right
1761468326835, -16.14, 35.93, -13.30, Right
1761468326918, -16.07, 35.61, -13.28, Right
1761468326966, -15.97, 35.45, -13.26, Right
1761468327009, -16.00, 35.39, -13.32, Right
1761468327053, -15.96, 35.31, -13.35, Right
1761468327192, -15.84, 35.19, -13.34, Right
1761468327235, -15.84, 35.14, -13.33, Right
1761468327318, -15.77, 35.07, -13.28, Right
1761468327365, -15.78, 35.23, -13.29, Right
1761468327411, -15.73, 35.29, -13.27, Right
1761468327456, -15.92, 35.55, -13.34, Right
1761468327591, -16.03, 35.77, -13.35, Right
1761468327635, -16.06, 35.92, -13.32, Right
1761468327718, -16.06, 36.12, -13.31, Right
1761468327762, -16.16, 36.25, -13.33, Right
1761468327808, -16.28, 36.48, -13.35, Right
1761468327852, -16.36, 36.61, -13.37, Right
1761468327990, -16.49, 36.80, -13.37, Right
1761468328034, -16.57, 36.96, -13.41, Right
1761468328119, -16.70, 36.99, -13.46, Right
1761468328164, -16.64, 36.81, -13.43, Right
1761468328211, -16.59, 36.79, -13.48, Right
1761468328255, -16.61, 36.76, -13.54, Right
1761468328391, -16.54, 36.53, -13.55, Right
1761468328435, -16.63, 36.35, -13.59, Right
1761468328519, -16.59, 36.14, -13.60, Right
1761468328565, -16.54, 36.05, -13.61, Right
1761468328610, -16.50, 35.86, -13.65, Right
1761468328655, -16.47, 35.66, -13.63, Right
1761468328790, -16.36, 35.52, -13.60, Right
1761468328835, -16.20, 35.39, -13.57, Right
1761468328918, -16.11, 35.41, -13.51, Right
1761468328965, -16.09, 35.42, -13.48, Right
1761468329008, -16.16, 35.52, -13.47, Right
1761468329054, -16.19, 35.74, -13.45, Right
1761468329192, -16.18, 35.73, -13.41, Right
1761468329235, -16.22, 35.72, -13.40, Right
1761468329318, -16.14, 35.64, -13.38, Right
1761468329363, -16.11, 35.53, -13.38, Right
1761468329409, -16.22, 35.49, -13.38, Right
1761468329453, -16.27, 35.58, -13.38, Right
1761468329591, -16.29, 35.58, -13.39, Right
1761468329634, -16.30, 35.47, -13.41, Right
1761468329719, -16.30, 35.46, -13.42, Right
1761468329764, -16.25, 35.38, -13.44, Right
1761468329809, -16.34, 35.51, -13.49, Right
1761468329853, -16.40, 35.70, -13.54, Right
1761468329990, -16.79, 36.28, -13.65, Right
1761468330037, -17.15, 37.10, -13.74, Right
1761468330119, -17.50, 37.78, -13.89, Right
1761468330171, -17.90, 38.21, -14.00, Right
1761468330215, -18.28, 38.54, -14.12, Right
1761468330258, -20.06, 41.28, -31.92, Right
1761468331848, -23.61, 42.38, -49.67, Right
1761468331894, -27.30, 43.28, -67.47, Right
1761468331939, -30.90, 44.32, -85.26, Right
1761468331983, -34.53, 45.18, -103.01, Right
1761468332649, -38.37, 45.65, -120.78, Right
1761468332694, -39.25, 46.39, -120.48, Right
1761468332738, -39.99, 47.48, -120.08, Right
1761468332782, -40.80, 48.58, -119.76, Right
1761468332829, -41.54, 49.77, -119.39, Right
1761468332871, -40.96, 48.69, -101.32, Right
1761468332922, -38.40, 49.00, -83.35, Right
1761468332968, -35.77, 49.72, -65.32, Right
1761468333016, -33.17, 50.26, -47.32, Right
1761468333059, -33.44, 50.16, -47.37, Right
1761468333191, -30.25, 50.54, -29.48, Right
1761468333235, -29.95, 50.37, -29.60, Right
1761468333319, -30.08, 49.68, -29.77, Right
1761468333364, -30.19, 48.91, -29.94, Right
1761468333410, -30.31, 48.12, -30.14, Right
1761468333454, -30.25, 47.28, -30.21, Right
1761468333591, -30.06, 46.35, -30.38, Right
1761468333635, -29.79, 45.06, -30.49, Right
1761468333718, -29.54, 43.45, -30.87, Right
1761468333765, -26.36, 42.80, -13.16, Right
1761468333809, -26.27, 41.75, -13.32, Right
1761468333852, -26.16, 40.69, -13.61, Right
1761468333990, -25.89, 40.16, -13.92, Right
1761468334033, -28.46, 39.32, 3.34, Right
1761468334120, -31.30, 38.38, 20.47, Right
1761468334165, -34.05, 37.51, 37.54, Right
1761468334211, -37.11, 36.95, 54.77, Right
1761468334255, -37.25, 36.83, 54.40, Right
1761468334390, -40.18, 36.65, 71.74, Right
1761468334436, -43.31, 36.30, 88.96, Right
1761468334519, -46.24, 36.06, 106.33, Right
1761468334565, -49.26, 35.92, 123.74, Right
1761468334610, -52.11, 35.60, 141.21, Right
1761468334652, -51.94, 35.68, 141.08, Right
1761468334791, -51.62, 35.91, 141.16, Right
1761468334834, -48.53, 36.37, 123.62, Right
1761468334918, -45.55, 36.70, 105.95, Right
1761468334964, -45.53, 36.99, 105.90, Right
1761468335008, -42.74, 37.53, 88.36, Right
1761468335053, -39.82, 38.18, 70.89, Right
1761468335191, -37.07, 38.67, 53.35, Right
1761468335235, -34.32, 39.09, 35.82, Right
1761468335318, -31.53, 39.46, 18.28, Right
1761468335365, -28.81, 39.99, 0.85, Right
1761468335409, -26.05, 40.44, -16.69, Right
1761468335452, -26.10, 40.59, -16.64, Right
1761468335591, -26.04, 40.65, -16.50, Right
1761468335634, -25.97, 40.49, -16.46, Right
1761468335681, -25.90, 40.56, -16.35, Right
1761468335726, -25.89, 40.41, -16.24, Right
1761468335769, -25.81, 40.36, -16.22, Right
1761468335847, -25.70, 40.31, -16.19, Right
1761468335893, -25.67, 40.43, -16.20, Right
1761468335937, -25.67, 40.46, -16.23, Right
1761468335981, -25.66, 40.48, -16.25, Right
1761468336026, -25.64, 40.54, -16.34, Right
1761468336118, -25.75, 40.59, -16.36, Right
1761468336162, -25.88, 40.52, -16.36, Right
1761468336205, -26.00, 40.56, -16.32, Right
1761468336249, -28.97, 40.35, 1.29, Right
1761468336292, -28.98, 40.32, 1.31, Right
1761468336374, -28.96, 40.31, 1.40, Right
1761468336418, -28.90, 40.10, 1.43, Right
1761468336464, -28.86, 39.99, 1.52, Right
1761468336512, -28.84, 39.79, 1.56, Right
1761468336561, -31.73, 39.22, 19.20, Right
1761468336647, -34.50, 38.76, 36.74, Right
1761468336693, -37.18, 38.43, 54.35, Right
1761468336737, -39.90, 37.86, 71.88, Right
1761468336780, -36.75, 37.98, 54.27, Right
1761468336823, -36.51, 37.80, 54.30, Right
1761468336918, -36.38, 37.78, 54.29, Right
1761468336964, -36.29, 37.73, 54.32, Right
1761468337007, -39.10, 37.31, 71.85, Right
1761468337052, -38.94, 37.50, 71.95, Right
1761468337095, -36.06, 37.95, 54.49, Right
1761468337175, -33.30, 38.38, 37.03, Right
1761468337217, -30.62, 38.62, 19.50, Right
1761468337266, -27.85, 39.17, 2.06, Right
1761468337316, -28.04, 39.06, 2.10, Right
1761468337364, -28.29, 39.32, 2.19, Right
1761468337446, -28.52, 39.38, 2.24, Right
1761468337490, -28.67, 39.41, 2.27, Right
1761468337533, -25.92, 39.82, -15.23, Right
1761468337579, -26.08, 39.68, -15.22, Right
1761468337625, -26.15, 39.73, -15.24, Right
1761468337719, -29.03, 39.29, 2.27, Right
1761468337763, -28.94, 39.29, 2.30, Right
1761468337808, -28.92, 39.07, 2.28, Right
1761468337853, -31.73, 38.80, 19.81, Right
1761468337899, -31.63, 38.57, 19.77, Right
1761468337975, -31.54, 38.61, 19.73, Right
1761468338019, -31.52, 38.57, 19.76, Right
1761468338065, -31.55, 38.49, 19.73, Right
1761468338111, -31.57, 38.51, 19.68, Right
1761468338160, -31.57, 38.30, 19.61, Right
1761468338247, -28.62, 38.87, 2.12, Right
1761468338292, -28.67, 38.95, 2.10, Right
1761468338336, -28.70, 39.11, 2.10, Right
1761468338380, -25.83, 39.48, -15.39, Right
1761468338425, -25.81, 39.48, -15.42, Right
1761468338518, -25.71, 39.41, -15.35, Right
1761468338566, -25.62, 39.48, -15.39, Right
1761468338608, -25.49, 39.55, -15.36, Right
1761468338652, -25.49, 39.53, -15.40, Right
1761468338696, -25.55, 39.82, -15.36, Right
1761468338778, -25.65, 39.75, -15.43, Right
1761468338825, -25.57, 39.85, -15.41, Right
1761468338876, -25.52, 39.82, -15.46, Right
1761468338921, -25.44, 39.87, -15.43, Right
1761468338965, -25.56, 40.04, -15.37, Right
1761468339047, -25.69, 39.95, -15.43, Right
1761468339091, -25.68, 39.88, -15.40, Right
1761468339135, -25.69, 39.79, -15.40, Right
1761468339181, -25.53, 39.62, -15.36, Right
1761468339228, -25.35, 39.37, -15.35, Right
1761468339319, -25.26, 39.34, -15.28, Right
1761468339363, -25.39, 39.46, -15.28, Right
1761468339406, -25.54, 39.56, -15.29, Right
1761468339450, -25.65, 39.72, -15.31, Right
1761468339502, -25.63, 39.70, -15.37, Right
1761468339577, -25.55, 39.83, -15.41, Right
1761468339623, -25.54, 39.88, -15.39, Right
1761468339667, -25.53, 40.03, -15.43, Right
1761468339714, -25.61, 40.10, -15.43, Right
1761468339760, -25.64, 40.12, -15.40, Right
1761468339846, -25.48, 39.90, -15.45, Right
1761468339890, -25.24, 39.80, -15.49, Right
1761468339933, -24.91, 39.57, -15.49, Right
1761468339979, -24.80, 39.66, -15.53, Right
1761468340025, -24.71, 39.76, -15.51, Right
1761468340118, -24.69, 39.86, -15.47, Right
1761468340162, -24.77, 39.92, -15.53, Right
1761468340207, -24.76, 40.06, -15.50, Right
1761468340250, -24.80, 40.03, -15.59, Right
1761468340296, -27.78, 39.79, 1.86, Right
1761468340374, -27.77, 39.96, 1.85, Right
1761468340418, -27.81, 39.97, 1.80, Right
1761468340463, -27.87, 40.17, 1.80, Right
1761468340512, -27.81, 40.04, 1.80, Right
1761468340561, -27.58, 39.88, 1.78, Right
1761468340647, -26.99, 40.06, 1.85, Right
1761468340692, -26.30, 40.41, 1.99, Right
1761468340738, -25.70, 40.59, 2.04, Right
1761468340782, -25.04, 41.41, 2.26, Right
1761468340830, -21.25, 42.58, -15.02, Right
1761468340919, -20.13, 44.20, -15.00, Right
1761468340963, -18.84, 45.68, -14.95, Right
1761468341009, -17.55, 46.81, -14.93, Right
1761468341053, -16.00, 48.26, -15.02, Right
1761468341097, -14.57, 49.84, -15.14, Right
1761468341174, -13.23, 50.32, -15.31, Right
1761468341219, -11.87, 50.81, -15.55, Right
1761468341262, -10.60, 51.64, -15.81, Right
1761468341307, -9.31, 52.23, -16.13, Right
1761468341353, -8.09, 51.95, -16.41, Right
1761468341447, -7.22, 50.64, -16.47, Right
1761468341492, -6.35, 49.59, -16.50, Right
1761468341536, -5.55, 48.71, -16.53, Right
1761468341580, -5.14, 47.00, -16.39, Right
1761468341625, -4.73, 45.13, -16.21, Right
1761468341720, -4.43, 44.12, -16.10, Right
1761468341764, -4.17, 42.72, -15.89, Right
1761468341809, -3.85, 41.07, -15.62, Right
1761468341856, -3.05, 40.28, -15.39, Right
1761468341901, -2.77, 40.00, -15.23, Right
1761468341975, -2.22, 39.56, -14.94, Right
1761468342020, -1.98, 38.74, -14.61, Right
1761468342063, -1.74, 38.06, -14.30, Right
1761468342111, -1.34, 37.92, -14.06, Right
1761468342157, -0.72, 38.04, -13.75, Right
1761468342250, -0.10, 38.54, -13.39, Right
1761468342301, 0.29, 38.76, -12.99, Right
1761468342350, 0.75, 39.20, -12.64, Right
1761468342401, 0.83, 38.52, -12.19, Right
1761468342448, 1.23, 38.40, -11.77, Right
1761468342520, 1.25, 38.22, -11.48, Right
1761468342564, 1.55, 38.32, -11.19, Right
1761468342614, 1.83, 38.36, -10.93, Right
1761468342661, 2.07, 38.44, -10.66, Right
1761468342707, 2.05, 38.27, -10.48, Right
1761468342778, 2.03, 37.82, -10.32, Right
1761468342827, 2.22, 38.27, -10.35, Right
1761468342870, 2.35, 38.45, -10.32, Right
1761468342915, 2.38, 38.81, -10.35, Right
1761468342962, 2.44, 38.65, -10.34, Right
1761468343047, 2.57, 38.93, -10.37, Right
1761468343093, 2.62, 39.21, -10.47, Right
1761468343140, 2.78, 39.60, -10.53, Right
1761468343184, 2.93, 39.70, -10.56, Right
1761468343233, 3.04, 40.11, -10.69, Right
1761468343319, 3.21, 40.72, -10.80, Right
1761468343363, 3.45, 41.16, -10.82, Right
1761468343410, 3.72, 41.65, -10.89, Right
1761468343461, 3.86, 41.45, -10.88, Right
1761468343510, 4.07, 41.70, -10.92, Right
1761468343579, 4.13, 43.00, -11.20, Right
1761468343629, 4.14, 43.54, -11.31, Right
1761468343673, 4.06, 44.02, -11.43, Right
1761468343719, 4.03, 44.75, -11.58, Right
1761468343764, 4.13, 46.30, -11.91, Right
1761468343847, 4.01, 47.91, -12.35, Right
1761468343897, 3.81, 48.83, -12.65, Right
1761468343946, 3.56, 50.21, -13.05, Right
1761468343991, 3.50, 52.50, -13.64, Right
1761468344038, 3.24, 53.99, -14.07, Right
1761468344119, 3.16, 54.87, -14.41, Right
1761468344164, 3.13, 55.49, -14.68, Right
1761468344210, 3.05, 57.04, -15.10, Right
1761468344255, 3.04, 58.86, -15.65, Right
1761468344300, 2.92, 58.70, -15.75, Right
1761468344375, 2.79, 59.18, -15.96, Right
1761468344419, 2.63, 59.74, -16.23, Right
1761468344464, 2.57, 59.73, -16.37, Right
1761468344513, 2.44, 59.50, -16.40, Right
1761468344560, 2.48, 60.27, -16.69, Right
1761468344647, 2.35, 59.37, -16.59, Right
1761468344693, 2.46, 59.55, -16.75, Right
1761468344738, 2.61, 58.80, -16.76, Right
1761468344781, 2.58, 58.69, -16.87, Right
1761468344829, 2.52, 58.53, -17.00, Right
1761468344920, 2.44, 58.52, -17.14, Right
1761468344969, 2.32, 58.75, -17.37, Right
1761468345014, 2.14, 58.99, -17.58, Right
1761468345061, 2.09, 59.66, -17.87, Right
1761468345109, 1.87, 59.67, -18.00, Right
1761468345180, 1.70, 61.13, -18.40, Right
1761468345227, 1.36, 62.26, -18.72, Right
1761468345273, 1.02, 63.40, -19.04, Right
1761468345321, 0.80, 63.58, -19.15, Right
1761468345367, 0.64, 64.66, -19.42, Right
1761468345448, 0.47, 64.30, -19.43, Right
1761468345496, 0.40, 64.20, -19.44, Right
1761468345541, 0.37, 64.11, -19.49, Right
1761468345586, 0.35, 63.05, -19.33, Right
1761468345630, 0.56, 62.29, -19.23, Right
1761468345718, 0.86, 61.17, -19.15, Right
1761468345762, 1.07, 60.26, -19.09, Right
1761468345808, 1.28, 59.35, -19.04, Right
1761468345854, 1.45, 58.90, -19.06, Right
1761468345900, 1.46, 58.46, -19.04, Right
1761468345975, 1.58, 58.86, -19.16, Right
1761468346021, 1.77, 58.21, -19.13, Right
1761468346068, 1.89, 57.86, -19.13, Right
1761468346114, 1.89, 57.74, -19.20, Right
1761468346164, 1.73, 58.39, -19.43, Right
1761468346248, 1.51, 59.23, -19.64, Right
1761468346297, 1.46, 59.58, -19.78, Right
1761468346344, 1.32, 59.99, -19.93, Right
1761468346390, 1.35, 60.37, -20.04, Right
1761468346434, 1.62, 60.79, -20.22, Right
1761468346519, 1.83, 60.43, -20.25, Right
1761468346562, 1.91, 60.89, -20.36, Right
1761468346606, 2.03, 61.08, -20.42, Right
1761468346654, 2.08, 61.54, -20.51, Right
1761468346699, 2.21, 61.18, -20.43, Right
1761468346775, 2.34, 60.56, -20.32, Right
1761468346821, 2.37, 60.47, -20.28, Right
1761468346864, 2.39, 60.35, -20.24, Right
1761468346912, 2.31, 59.84, -20.15, Right
1761468346957, 2.10, 59.22, -20.03, Right
1761468347046, 1.91, 59.29, -20.05, Right
1761468347093, 1.77, 59.14, -20.05, Right
1761468347140, 1.62, 58.94, -20.05, Right
1761468347184, 1.51, 59.43, -20.20, Right
1761468347230, 1.45, 59.01, -20.19, Right
1761468347302, 1.36, 59.38, -20.29, Right
1761468347347, 1.28, 59.20, -20.28, Right
1761468347392, 1.30, 59.46, -20.34, Right
1761468347441, 1.28, 59.74, -20.40, Right
1761468347485, 1.22, 60.14, -20.50, Right
1761468347574, 1.20, 58.78, -20.26, Right
1761468347620, 1.40, 58.01, -20.13, Right
1761468347664, 1.47, 57.29, -19.99, Right
1761468347712, 1.49, 56.76, -19.88, Right
1761468347756, 1.45, 57.08, -19.93, Right
1761468347849, 1.49, 56.31, -19.77, Right
1761468347893, 1.57, 56.02, -19.71, Right
1761468347941, 1.62, 55.15, -19.57, Right
1761468347986, 1.62, 54.77, -19.55, Right
1761468348029, 1.68, 53.52, -19.36, Right
1761468348103, 1.66, 54.36, -19.53, Right
1761468348148, 1.45, 55.26, -19.71, Right
1761468348197, 1.34, 55.91, -19.89, Right
1761468348243, 1.30, 55.72, -19.90, Right
1761468348286, 1.26, 55.17, -19.85, Right
1761468348374, 1.19, 55.04, -19.86, Right
1761468348420, 1.12, 54.89, -19.87, Right
1761468348465, 1.05, 54.86, -19.88, Right
1761468348513, 1.21, 53.68, -19.58, Right
1761468348562, 1.31, 54.57, -19.66, Right
1761468348646, 1.39, 53.24, -19.36, Right
1761468348698, 1.48, 51.65, -19.02, Right
1761468348745, 1.57, 50.04, -18.65, Right
1761468348794, 1.48, 48.96, -18.37, Right
1761468348851, 1.48, 47.90, -18.09, Right
1761468348907, 1.44, 46.19, -17.71, Right
1761468348953, 1.27, 44.50, -17.32, Right
1761468348999, 1.17, 42.91, -16.94, Right
1761468349050, 0.93, 41.95, -16.76, Right
1761468349096, 0.74, 39.68, -16.30, Right
1761468349175, 0.73, 40.69, -16.08, Right
1761468349223, 0.61, 41.68, -15.74, Right
1761468349267, 0.51, 43.10, -15.53, Right
1761468349311, 0.08, 46.91, -14.68, Right
1761468349355, -0.67, 50.91, -13.97, Right
1761468349446, -1.81, 56.59, -30.95, Right
1761468349492, -1.22, 62.24, -31.11, Right
1761468349536, -0.73, 67.76, -31.27, Right
1761468349577, -0.06, 73.32, -31.68, Right
1761468349623, -0.88, 79.23, -48.98, Right
1761468349702, -0.07, 83.13, -49.63, Right
1761468349749, 0.75, 87.10, -50.34, Right
1761468349795, 1.53, 90.86, -50.97, Right
1761468349843, 2.77, 91.74, -52.09, Right
1761468349889, 4.85, 92.90, -53.36, Right
1761468349974, 6.17, 94.54, -54.18, Right
1761468350018, 7.70, 95.33, -55.41, Right
1761468350061, 9.33, 96.29, -56.63, Right
1761468350106, 7.39, 97.61, -70.98, Right
1761468350150, 9.24, 99.44, -36.05, Right
1761468350246, 9.61, 101.45, -17.83, Right
1761468350294, 11.39, 102.40, -18.92, Right
1761468350338, 13.05, 103.32, -20.00, Right
1761468350382, 13.53, 105.24, -1.81, Right
1761468350425, 14.75, 105.96, -2.64, Right
1761468350504, 11.67, 103.26, -1.20, Right
1761468350547, 8.32, 99.11, -17.07, Right
1761468350594, 3.38, 97.08, -32.10, Right
1761468350641, 4.26, 94.26, -34.18, Right
1761468350686, 4.43, 87.69, -53.15, Right
1761468350775, 3.87, 84.17, -71.32, Right
1761468350819, 1.71, 81.58, -70.24, Right
1761468350863, -0.31, 79.03, -69.17, Right
1761468350905, -1.20, 74.30, -87.19, Right
1761468350949, -3.59, 71.04, -86.04, Right
1761468351047, -0.32, 67.89, -69.78, Right
1761468351093, 1.33, 66.95, -52.59, Right
1761468351139, 4.46, 63.90, -36.28, Right
1761468351189, 5.23, 60.28, -19.48, Right
1761468351237, 4.37, 59.49, -18.16, Right
1761468351308, 4.07, 54.92, -17.45, Right
1761468351358, 4.05, 50.79, -16.80, Right
1761468351407, 4.03, 46.66, -16.15, Right
1761468351451, 4.29, 44.42, -15.83, Right
1761468351497, 4.59, 41.81, -15.45, Right
1761468351575, 5.07, 40.98, -15.42, Right
1761468351619, 5.55, 39.88, -15.35, Right
1761468351664, 6.06, 38.73, -15.30, Right
1761468351714, 6.52, 38.80, -15.37, Right
1761468351761, 7.01, 38.75, -15.39, Right
1761468351847, 7.41, 39.68, -15.67, Right
1761468351897, 7.76, 39.92, -15.80, Right
1761468351946, 8.07, 40.20, -15.97, Right
1761468351988, 8.21, 40.32, -16.28, Right
1761468352034, 8.47, 40.12, -16.47, Right
1761468352103, 8.42, 40.88, -16.84, Right
1761468352149, 8.53, 41.66, -17.18, Right
1761468352195, 8.62, 42.22, -17.48, Right
1761468352241, 8.70, 42.52, -17.72, Right
1761468352285, 8.79, 43.19, -18.12, Right
1761468352375, 8.81, 42.96, -18.31, Right
1761468352420, 8.92, 42.67, -18.46, Right
1761468352465, 9.04, 42.22, -18.56, Right
1761468352511, 9.01, 41.43, -18.57, Right
1761468352557, 9.04, 40.73, -18.64, Right
1761468352647, 9.05, 39.98, -18.53, Right
1761468352694, 9.00, 39.00, -18.37, Right
1761468352739, 8.93, 38.08, -18.19, Right
1761468352785, 8.96, 37.69, -18.23, Right
1761468352828, 8.79, 36.52, -18.07, Right
1761468352902, 8.81, 35.56, -17.94, Right
1761468352947, 8.75, 35.27, -17.97, Right
1761468352993, 8.73, 35.08, -18.01, Right
1761468353042, 8.84, 34.52, -17.86, Right
1761468353087, 8.91, 33.69, -17.87, Right
1761468353176, 8.68, 32.08, -17.72, Right
1761468353221, 8.51, 31.24, -17.68, Right
1761468353266, 8.38, 30.46, -17.67, Right
1761468353311, 8.16, 29.23, -17.44, Right
1761468353354, 8.08, 28.64, -17.38, Right
1761468353447, 7.87, 28.65, -17.47, Right
1761468353493, 7.57, 28.29, -17.55, Right
1761468353539, 7.27, 27.93, -17.63, Right
1761468353584, 6.95, 27.86, -17.72, Right
1761468353628, 6.69, 28.55, -17.75, Right
1761468353703, 6.62, 29.11, -17.85, Right
1761468353747, 6.40, 29.27, -17.94, Right
1761468353793, 6.19, 29.42, -18.02, Right
1761468353840, 5.95, 29.49, -18.12, Right
1761468353888, 5.84, 30.02, -18.23, Right
1761468353975, 5.71, 30.86, -18.32, Right
1761468354023, 5.68, 31.78, -18.38, Right
1761468354081, 5.62, 32.54, -18.41, Right
1761468354134, 5.60, 33.49, -18.53, Right
1761468354181, 5.38, 33.67, -18.53, Right
1761468354248, 5.42, 34.05, -18.55, Right
1761468354295, 5.60, 34.72, -18.60, Right
1761468354346, 5.79, 35.40, -18.65, Right
1761468354395, 5.81, 35.68, -18.69, Right
1761468354443, 5.70, 35.30, -18.65, Right
1761468354506, 5.68, 35.11, -18.68, Right
1761468354551, 5.50, 34.45, -18.68, Right
1761468354595, 5.35, 33.80, -18.66, Right
1761468354647, 5.23, 32.98, -18.59, Right
1761468354694, 5.33, 33.01, -18.68, Right
1761468354776, 5.31, 32.57, -18.61, Right
1761468354823, 5.14, 31.89, -18.54, Right
1761468354869, 4.94, 31.22, -18.50, Right
1761468354914, 4.91, 30.75, -18.36, Right
1761468354960, 4.92, 30.55, -18.27, Right
1761468355050, 5.16, 30.43, -18.23, Right
1761468355093, 5.53, 30.83, -18.24, Right
1761468355136, 5.98, 31.13, -18.22, Right
1761468355180, 6.36, 31.67, -18.19, Right
1761468355226, 6.53, 31.27, -17.95, Right
1761468355305, 6.52, 31.29, -17.77, Right
1761468355352, 6.57, 31.36, -17.58, Right
1761468355398, 6.64, 31.59, -17.40, Right
1761468355445, 6.71, 31.98, -17.33, Right
1761468355493, 6.74, 32.36, -17.21, Right
1761468355574, 6.45, 31.95, -16.91, Right
1761468355617, 6.18, 31.19, -16.52, Right
1761468355661, 5.85, 30.95, -16.29, Right
1761468355706, 5.56, 30.46, -15.94, Right
1761468355751, 5.31, 30.34, -15.67, Right
1761468355847, 5.13, 30.35, -15.48, Right
1761468355891, 4.92, 30.53, -15.31, Right
1761468355936, 4.72, 30.46, -15.09, Right
1761468355981, 4.54, 30.67, -14.95, Right
1761468356025, 4.41, 30.59, -14.70, Right
1761468356102, 4.49, 31.33, -14.69, Right
1761468356147, 4.57, 32.35, -14.71, Right
1761468356190, 4.62, 33.13, -14.66, Right
1761468356235, 4.68, 33.72, -14.73, Right
1761468356281, 4.67, 34.11, -14.70, Right
1761468356374, 4.75, 34.66, -14.70, Right
1761468356420, 4.95, 35.11, -14.72, Right
1761468356464, 5.06, 35.68, -14.73, Right
1761468356511, 5.19, 36.30, -14.65, Right
1761468356554, 5.26, 36.97, -14.69, Right
1761468356648, 5.14, 36.58, -14.44, Right
1761468356693, 5.08, 36.14, -14.25, Right
1761468356739, 4.99, 35.72, -14.04, Right
1761468356787, 4.94, 35.53, -13.88, Right
1761468356833, 4.91, 35.73, -13.89, Right
1761468356903, 4.93, 36.27, -13.98, Right
1761468356948, 4.87, 36.84, -14.07, Right
1761468356994, 4.91, 37.37, -14.17, Right
1761468357040, 4.90, 37.61, -14.28, Right
1761468357083, 4.87, 37.60, -14.27, Right
1761468357175, 4.72, 37.86, -14.37, Right
1761468357220, 4.48, 38.27, -14.43, Right
1761468357266, 4.31, 38.63, -14.51, Right
1761468357309, 3.95, 39.24, -14.58, Right
1761468357355, 3.61, 39.38, -14.57, Right
1761468357447, 3.14, 38.88, -14.37, Right
1761468357492, 2.64, 38.18, -14.15, Right
1761468357537, 2.15, 37.45, -13.92, Right
1761468357582, 1.62, 36.69, -13.63, Right
1761468357626, 1.13, 36.36, -13.45, Right
1761468357702, 0.88, 35.65, -13.18, Right
1761468357746, 0.60, 35.05, -12.94, Right
1761468357792, 0.31, 34.56, -12.70, Right
1761468357836, 0.07, 33.50, -12.48, Right
1761468357880, -0.07, 32.96, -12.30, Right
1761468357976, 0.07, 32.90, -12.30, Right
1761468358022, 0.13, 32.93, -12.30, Right
1761468358067, 0.20, 32.98, -12.31, Right
1761468358112, 0.27, 32.93, -12.33, Right
1761468358159, 0.21, 32.70, -12.35, Right
1761468358231, 0.07, 32.86, -12.50, Right
1761468358277, 0.07, 33.03, -12.64, Right
1761468358324, 0.07, 33.05, -12.81, Right
1761468358372, 0.16, 33.16, -12.90, Right
1761468358416, 0.32, 34.29, -13.14, Right
1761468358503, 0.15, 34.74, -13.17, Right
1761468358549, 0.01, 35.02, -13.22, Right
1761468358592, -0.16, 35.40, -13.27, Right
1761468358637, -0.41, 35.76, -13.22, Right
1761468358680, -0.48, 36.46, -13.23, Right
1761468358779, -0.58, 37.27, -13.14, Right
1761468358827, -0.86, 38.05, -13.08, Right
1761468358874, -1.14, 38.86, -12.99, Right
1761468358920, -1.52, 39.55, -12.87, Right
1761468358963, -2.03, 39.27, -12.66, Right
1761468359032, -2.36, 39.15, -12.50, Right
1761468359074, -2.61, 39.30, -12.33, Right
1761468359119, -2.85, 39.38, -12.18, Right
1761468359162, -2.99, 39.61, -12.17, Right
1761468359209, -3.14, 39.62, -12.08, Right
1761468359305, -3.19, 39.30, -12.07, Right
1761468359349, -3.16, 39.02, -12.05, Right
1761468359394, -3.24, 38.72, -12.05, Right
1761468359438, -2.94, 38.54, -12.16, Right
1761468359482, -2.90, 38.68, -12.30, Right
1761468359575, -2.95, 38.60, -12.48, Right
1761468359621, -2.97, 38.87, -12.70, Right
1761468359666, -2.98, 39.10, -12.87, Right
1761468359711, -3.05, 39.40, -13.09, Right
1761468359757, -3.09, 39.62, -13.32, Right
1761468359831, -3.15, 40.17, -13.52, Right
1761468359874, -3.20, 40.36, -13.65, Right
1761468359919, -3.15, 40.82, -13.81, Right
1761468359965, -3.39, 41.02, -13.86, Right
1761468360009, -3.42, 40.74, -13.80, Right
1761468360102, -3.36, 40.75, -13.76, Right
1761468360146, -3.37, 40.29, -13.66, Right
1761468360193, -3.39, 39.87, -13.60, Right
1761468360237, -3.32, 39.45, -13.52, Right
1761468360281, -3.34, 39.25, -13.46, Right
1761468360374, -3.35, 39.17, -13.46, Right
1761468360420, -3.38, 39.25, -13.50, Right
1761468360463, -3.50, 38.92, -13.49, Right
1761468360508, -3.60, 38.79, -13.48, Right
1761468360552, -3.67, 39.03, -13.56, Right
1761468360633, -3.62, 38.85, -13.57, Right
1761468360677, -3.58, 39.08, -13.66, Right
1761468360725, -3.60, 39.27, -13.72, Right
1761468360770, -3.67, 39.47, -13.74, Right
1761468360816, -3.64, 39.82, -13.80, Right
1761468360902, -3.72, 39.86, -13.79, Right
1761468360947, -3.75, 39.98, -13.77, Right
1761468360991, -3.70, 40.33, -13.79, Right
1761468361038, -3.58, 40.62, -13.78, Right
1761468361082, -3.54, 40.45, -13.73, Right
1761468361174, -3.59, 40.62, -13.68, Right
1761468361218, -3.62, 40.53, -13.60, Right
1761468361264, -3.56, 40.44, -13.52, Right
1761468361309, -3.41, 40.28, -13.44, Right
1761468361355, -3.43, 39.88, -13.32, Right
1761468361430, -3.45, 39.75, -13.29, Right
1761468361474, -3.36, 39.57, -13.25, Right
1761468361518, -3.29, 39.20, -13.17, Right
1761468361562, -3.29, 39.00, -13.16, Right
1761468361606, -3.19, 39.26, -13.29, Right
1761468361702, -2.91, 40.38, -13.57, Right
1761468361746, -2.80, 41.45, -13.81, Right
1761468361790, -2.69, 42.66, -14.08, Right
1761468361834, -2.50, 43.33, -14.37, Right
1761468361878, -2.19, 44.09, -14.67, Right
1761468361975, -1.82, 44.00, -14.77, Right
1761468362022, -1.65, 45.10, -15.08, Right
1761468362068, -1.47, 46.32, -15.41, Right
1761468362112, -1.12, 47.22, -15.65, Right
1761468362157, -0.93, 47.67, -15.72, Right
1761468362230, -0.88, 47.68, -15.76, Right
1761468362274, -0.73, 47.26, -15.80, Right
1761468362319, -0.50, 46.70, -15.85, Right
1761468362363, -0.40, 46.68, -15.86, Right
1761468362406, -0.34, 46.61, -15.75, Right
1761468362504, -0.21, 46.51, -15.62, Right
1761468362547, 0.02, 45.67, -15.38, Right
1761468362591, 0.25, 44.48, -15.06, Right
1761468362636, 0.31, 43.72, -14.85, Right
1761468362682, 0.53, 43.24, -14.69, Right
1761468362774, 0.61, 41.85, -14.39, Right
1761468362819, 0.65, 41.09, -14.14, Right
1761468362864, 0.69, 40.41, -13.88, Right
1761468362908, 0.69, 40.06, -13.68, Right
1761468362952, 0.60, 39.70, -13.61, Right
1761468363030, 0.46, 39.29, -13.54, Right
1761468363074, 0.30, 38.40, -13.39, Right
1761468363124, 0.14, 37.86, -13.32, Right
1761468363170, -0.03, 37.15, -13.21, Right
1761468363216, -0.18, 36.50, -13.10, Right
1761468363302, -0.19, 36.97, -13.20, Right
1761468363350, -0.23, 36.92, -13.26, Right
1761468363395, -0.38, 36.57, -13.26, Right
1761468363441, -0.26, 37.04, -13.42, Right
1761468363485, -0.07, 36.99, -13.51, Right
1761468363576, 0.24, 37.36, -13.60, Right
1761468363622, 0.38, 38.01, -13.77, Right
1761468363668, 0.51, 38.66, -13.94, Right
1761468363713, 0.64, 38.52, -13.93, Right
1761468363757, 0.71, 38.62, -13.98, Right
1761468363830, 0.80, 38.51, -13.92, Right
1761468363874, 1.18, 39.11, -13.94, Right
1761468363917, 1.54, 39.99, -14.04, Right
1761468363961, 1.67, 39.56, -13.89, Right
1761468364006, 1.87, 39.87, -13.81, Right
1761468364102, 1.67, 39.38, -13.63, Right
1761468364146, 1.76, 38.78, -13.37, Right
1761468364191, 1.78, 38.17, -13.13, Right
1761468364236, 1.99, 38.35, -13.00, Right
1761468364280, 2.18, 38.30, -12.81, Right
1761468364376, 2.38, 37.52, -12.51, Right
1761468364419, 2.34, 36.52, -12.14, Right
1761468364463, 2.33, 35.51, -11.76, Right
1761468364508, 2.27, 34.50, -11.39, Right
1761468364553, 2.09, 33.28, -11.06, Right
1761468364638, 2.22, 33.31, -10.95, Right
1761468364685, 2.07, 33.30, -10.91, Right
1761468364736, 2.08, 33.29, -10.84, Right
1761468364782, 1.88, 33.39, -10.88, Right
1761468364827, 1.70, 33.01, -10.87, Right
1761468364903, 1.36, 33.37, -11.06, Right
1761468364950, 1.13, 33.95, -11.28, Right
1761468365002, 0.91, 34.27, -11.48, Right
1761468365045, 0.95, 35.00, -11.61, Right
1761468365102, 1.02, 35.66, -11.75, Right
1761468365191, 1.12, 36.14, -11.91, Right
1761468365240, 1.41, 36.30, -11.98, Right
1761468365307, 1.56, 36.41, -12.06, Right
1761468365363, 1.74, 36.58, -12.14, Right
1761468365423, 2.02, 36.77, -12.18, Right
1761468365469, 2.39, 37.12, -12.20, Right
1761468365577, 2.58, 36.98, -12.19, Right
1761468365639, 2.75, 36.98, -12.17, Right
1761468365686, 2.70, 36.74, -12.25, Right
1761468365732, 2.65, 36.25, -12.26, Right
1761468365779, 2.58, 35.81, -12.23, Right
1761468365842, 2.50, 35.74, -12.25, Right
1761468365890, 2.49, 35.73, -12.27, Right
1761468365938, 2.48, 35.59, -12.27, Right
1761468365985, 2.27, 35.61, -12.31, Right
1761468366033, 2.10, 35.23, -12.30, Right
1761468366110, 2.00, 34.84, -12.25, Right
1761468366158, 1.95, 34.61, -12.22, Right
1761468366205, 1.89, 34.39, -12.19, Right
1761468366252, 2.09, 34.96, -12.31, Right
1761468366299, 2.25, 35.32, -12.40, Right
1761468366390, 2.39, 35.23, -12.42, Right
1761468366435, 2.43, 35.23, -12.47, Right
1761468366482, 2.46, 35.20, -12.51, Right
1761468366529, 2.69, 34.90, -12.46, Right
1761468366576, 2.81, 34.63, -12.41, Right
1761468366639, 2.90, 34.44, -12.40, Right
1761468366685, 2.96, 34.19, -12.40, Right
1761468366731, 3.02, 33.94, -12.40, Right
1761468366779, 2.82, 33.34, -12.35, Right
1761468366827, 2.61, 32.86, -12.29, Right
1761468366906, 2.37, 32.42, -12.21, Right
1761468366953, 2.28, 31.80, -12.13, Right
1761468367001, 2.24, 31.35, -12.04, Right
1761468367049, 2.00, 31.41, -12.16, Right
1761468367095, 1.72, 31.26, -12.24, Right
1761468367189, 1.49, 31.38, -12.37, Right
1761468367236, 1.39, 31.49, -12.48, Right
1761468367283, 1.23, 31.38, -12.57, Right
1761468367330, 1.20, 31.62, -12.68, Right
1761468367376, 1.11, 31.64, -12.77, Right
1761468367441, 1.10, 32.21, -12.96, Right
1761468367503, 1.04, 32.50, -13.04, Right
1761468367549, 0.93, 32.64, -13.14, Right
1761468367595, 0.94, 32.67, -13.11, Right
1761468367642, 0.95, 32.80, -13.13, Right
1761468367707, 1.17, 33.26, -13.18, Right
1761468367777, 1.33, 33.43, -13.15, Right
1761468367835, 1.53, 34.15, -13.18, Right
1761468367893, 1.67, 34.13, -13.13, Right
1761468367960, 1.81, 34.27, -13.11, Right
1761468368015, 2.06, 33.90, -12.97, Right
1761468368108, 2.15, 33.79, -12.92, Right
1761468368155, 2.14, 33.67, -12.87, Right
1761468368201, 2.27, 33.73, -12.82, Right
1761468368247, 2.28, 33.55, -12.76, Right
1761468368293, 2.14, 32.71, -12.58, Right
1761468368388, 1.96, 32.28, -12.49, Right
1761468368435, 1.77, 31.51, -12.34, Right
1761468368481, 1.64, 31.06, -12.22, Right
1761468368528, 1.55, 30.68, -12.09, Right
1761468368577, 1.31, 30.59, -12.09, Right
1761468368642, 1.16, 30.67, -12.08, Right
1761468368704, 1.24, 30.80, -12.06, Right
1761468368764, 1.22, 30.82, -12.06, Right
1761468368809, 1.40, 31.25, -12.05, Right
1761468368856, 1.60, 31.66, -12.07, Right
1761468368921, 1.60, 31.67, -12.04, Right
1761468368981, 1.57, 31.69, -11.99, Right
1761468369030, 1.55, 31.72, -11.96, Right
1761468369076, 1.41, 31.70, -11.95, Right
1761468369123, 1.26, 31.63, -11.91, Right
1761468369184, 1.23, 31.96, -11.99, Right
1761468369307, 1.02, 32.16, -12.10, Right
1761468369353, 0.84, 32.11, -12.16, Right
1761468369400, 0.72, 31.80, -12.20, Right
1761468369448, 0.66, 31.91, -12.34, Right
1761468369495, 0.80, 32.52, -12.58, Right
1761468369575, 0.96, 32.64, -12.77, Right
1761468369622, 1.14, 32.84, -12.97, Right
1761468369667, 1.40, 33.17, -13.16, Right
1761468369715, 1.68, 33.72, -13.36, Right
1761468369762, 1.80, 33.90, -13.45, Right
