Head Tracking Session: phase1_cycle1_1761465339482
Start Time: 2025-10-26T03:55:39.488500
==================================================
Timestamp (ms), Pitch, Yaw, Roll, Direction
1761465343027, 0.00, 0.00, 0.00, Forward
1761465343079, 0.92, 0.07, 0.07, Forward
1761465343135, 1.14, 0.17, 0.10, Forward
1761465343190, 1.17, 0.24, 0.15, Forward
1761465343243, 0.94, 0.02, 0.22, Forward
1761465343294, 0.90, 0.08, 0.24, Forward
1761465343345, 0.87, 0.13, 0.26, Forward
1761465343398, 0.82, 0.07, 0.26, Forward
1761465343449, 0.79, 0.07, 0.25, Forward
1761465343505, 0.77, 0.13, 0.23, Forward
1761465343555, 0.83, 0.25, 0.22, Forward
1761465343604, 0.70, 0.24, 0.22, Forward
1761465343653, 0.52, 0.32, 0.22, Forward
1761465343704, 0.34, 0.39, 0.20, Forward
1761465343759, 0.32, 0.50, 0.18, Forward
1761465343809, 0.23, 0.47, 0.18, Forward
1761465343859, 0.14, 0.45, 0.18, Forward
1761465343908, 0.14, 0.58, 0.18, Forward
1761465343958, 0.11, 0.62, 0.16, Forward
1761465344040, 0.08, 0.57, 0.18, Forward
1761465344091, 0.07, 0.47, 0.20, Forward
1761465344143, 0.05, 0.48, 0.21, Forward
1761465344192, 0.06, 0.43, 0.22, Forward
1761465344242, 0.15, 0.37, 0.25, Forward
1761465344305, 0.11, 0.42, 0.24, Forward
1761465344355, 0.03, 0.34, 0.23, Forward
1761465344406, -0.08, 0.34, 0.22, Forward
1761465344457, -0.21, 0.10, 0.27, Forward
1761465344507, -0.30, 0.15, 0.32, Forward
1761465344564, -0.41, 0.19, 0.33, Forward
1761465344614, -0.45, 0.23, 0.33, Forward
1761465344659, -0.54, 0.19, 0.33, Forward
1761465344707, -0.56, 0.14, 0.32, Forward
1761465344758, -0.65, 0.06, 0.32, Forward
1761465344834, -0.62, -0.03, 0.33, Forward
1761465344887, -0.59, 0.05, 0.33, Forward
1761465344938, -0.48, 0.06, 0.33, Forward
1761465344991, -0.25, 0.29, 0.27, Forward
1761465345043, -0.05, 0.39, 0.21, Forward
1761465345104, 0.01, 0.52, 0.19, Forward
1761465345151, -0.01, 0.61, 0.18, Forward
1761465345199, 0.01, 0.78, 0.16, Forward
1761465345243, 0.12, 0.94, 0.13, Forward
1761465345290, 0.27, 1.00, 0.10, Forward
1761465345356, 0.31, 1.13, 0.07, Forward
1761465345404, 0.44, 1.22, 0.05, Forward
1761465345447, 0.47, 1.28, 0.02, Forward
1761465345492, 0.42, 1.28, 0.02, Forward
1761465345539, 0.39, 1.19, 0.04, Forward
1761465345626, 0.37, 1.12, 0.03, Forward
1761465345673, 0.37, 1.05, 0.03, Forward
1761465345721, 0.45, 1.10, 0.03, Forward
1761465345766, 0.46, 0.95, 0.08, Forward
1761465345811, 0.54, 0.94, 0.13, Forward
1761465345901, 0.66, 0.89, 0.13, Forward
1761465345949, 0.88, 0.89, 0.11, Forward
1761465345994, 1.04, 0.91, 0.11, Forward
1761465346044, 1.25, 1.03, 0.07, Forward
1761465346096, 1.46, 1.13, 0.02, Forward
1761465346167, 1.73, 1.15, 0.02, Forward
1761465346219, 2.00, 1.16, 0.01, Forward
1761465346270, 2.26, 1.06, -0.01, Forward
1761465346325, 2.28, 1.19, -0.09, Forward
1761465346374, 2.26, 1.32, -0.14, Forward
1761465346436, 2.35, 1.52, -0.17, Forward
1761465346480, 2.26, 1.66, -0.17, Forward
1761465346528, 2.31, 1.79, -0.19, Forward
1761465346576, 2.15, 1.99, 0.00, Forward
1761465346624, 2.00, 2.29, 0.20, Forward
1761465346702, -0.50, 4.52, -15.52, Forward
1761465346754, -0.96, 6.76, -14.49, Forward
1761465346803, -3.66, 8.75, -30.28, Forward
1761465346850, -3.28, 11.81, -29.08, Right
1761465346896, -5.45, 14.61, -44.22, Right
1761465346977, -4.81, 17.68, -43.12, Right
1761465347030, -6.83, 20.60, -58.21, Right
1761465347091, -6.25, 23.68, -57.10, Right
1761465347143, -5.42, 27.00, -56.19, Right
1761465347191, -7.33, 30.30, -71.32, Right
1761465347242, -3.97, 31.88, -54.68, Right
1761465347364, -5.51, 34.02, -70.33, Right
1761465347417, -4.94, 36.38, -69.22, Right
1761465347468, -7.09, 37.64, -85.18, Right
1761465347523, -6.90, 39.25, -84.44, Right
1761465347576, -8.97, 36.08, -101.85, Right
1761465347640, -8.02, 33.39, -102.73, Right
1761465347690, -10.35, 34.83, -118.44, Right
1761465347736, -12.89, 35.81, -134.10, Right
1761465347788, -12.68, 32.81, -135.22, Right
1761465347835, -15.29, 33.34, -150.80, Right
1761465347903, -14.66, 33.16, -151.27, Right
1761465347955, -13.94, 33.06, -151.67, Right
1761465348005, -13.43, 32.90, -151.96, Right
1761465348053, -12.13, 32.31, -153.15, Right
1761465348101, -9.12, 35.70, -136.24, Right
1761465348160, -6.11, 38.00, -119.80, Right
1761465348207, -2.39, 35.96, -104.72, Right
1761465348259, 1.45, 33.92, -89.68, Right
1761465348306, 5.09, 35.60, -73.22, Right
1761465348354, 8.68, 33.52, -58.22, Right
1761465348434, 11.86, 31.19, -42.75, Right
1761465348477, 14.79, 28.68, -27.25, Right
1761465348525, 17.72, 26.22, -11.74, Right
1761465348577, 20.18, 23.91, 4.27, Right
1761465348625, 20.25, 22.18, 4.06, Right
1761465348705, 19.94, 21.29, 4.00, Right
1761465348751, 19.55, 20.39, 3.98, Right
1761465348794, 19.06, 19.50, 3.96, Right
1761465348847, 18.71, 18.85, 4.05, Right
1761465348901, 18.39, 18.26, 4.16, Right
1761465348967, 18.12, 18.15, 4.29, Right
1761465349017, 18.07, 18.10, 4.37, Right
1761465349069, 18.04, 18.07, 4.40, Right
1761465349118, 17.97, 18.41, 4.39, Right
1761465349171, 17.85, 18.35, 4.47, Right
1761465349234, 17.98, 17.90, 4.46, Right
1761465349281, 18.12, 17.72, 4.38, Right
1761465349327, 18.26, 17.53, 4.29, Right
1761465349380, 18.33, 17.01, 4.16, Right
1761465349425, 18.38, 16.81, 4.03, Right
1761465349506, 18.40, 16.43, 3.88, Right
1761465349555, 18.47, 16.24, 3.71, Right
1761465349604, 18.52, 15.99, 3.56, Right
1761465349651, 18.49, 15.48, 3.57, Right
1761465349696, 18.53, 15.13, 3.52, Right
1761465349765, 18.45, 14.03, 3.53, Right
1761465349809, 18.43, 11.38, 3.83, Right
1761465349862, 18.35, 8.86, 4.10, Up
1761465349908, 18.56, 5.85, 4.18, Up
1761465349956, 18.70, 2.37, 4.28, Up
1761465350031, 18.81, -0.57, 4.10, Up
1761465350081, 18.96, -3.30, 3.83, Up
1761465350133, 19.15, -5.97, 3.57, Up
1761465350180, 19.24, -6.20, 2.90, Up
1761465350228, 19.26, -6.09, 2.09, Up
1761465350301, 18.81, -4.69, 1.35, Up
1761465350347, 18.28, -1.99, 0.36, Up
1761465350396, 17.81, 0.65, -0.59, Up
1761465350448, 17.36, 2.62, -1.45, Up
1761465350492, 16.72, 4.82, -2.28, Up
1761465350556, 16.22, 4.53, -2.50, Up
1761465350607, 15.52, 4.22, -2.70, Up
1761465350654, 14.75, 3.90, -2.91, Up
1761465350700, 14.11, 1.00, -2.74, Up
1761465350743, 13.42, -1.15, -2.25, Up
1761465350827, 13.08, -1.97, -1.65, Up
1761465350881, 12.71, -2.92, -1.04, Up
1761465350934, 12.34, -3.87, -0.43, Up
1761465350988, 11.58, -3.24, 0.14, Up
1761465351040, 11.23, -2.65, 0.65, Up
1761465351102, 11.04, -1.79, 0.57, Up
1761465351151, 10.85, -1.37, 0.55, Up
1761465351199, 10.71, -1.18, 0.55, Up
1761465351252, 10.71, -0.55, 0.64, Up
1761465351300, 10.80, -0.64, 0.42, Up
1761465351361, 10.92, -1.28, 0.18, Up
1761465351408, 11.20, -1.91, -0.02, Up
1761465351457, 11.38, -2.50, -0.22, Up
1761465351502, 11.73, -1.10, -0.29, Up
1761465351546, 11.88, 0.23, -0.34, Up
1761465351625, 11.85, 3.92, -0.17, Up
1761465351672, 11.92, 7.70, 0.06, Up
1761465351716, 12.03, 11.67, 0.23, Right
1761465351760, 11.91, 14.92, 0.04, Right
1761465351806, 11.80, 17.83, -0.07, Right
1761465351901, 12.01, 17.47, -0.39, Right
1761465351944, 11.85, 17.22, -0.73, Right
1761465351991, 11.76, 16.99, -1.11, Right
1761465352040, 11.89, 13.20, -1.09, Right
1761465352087, 11.99, 9.71, -1.13, Up
1761465352158, 12.03, 6.32, -0.99, Up
1761465352206, 12.21, 3.10, -0.90, Up
1761465352253, 12.34, -0.13, -0.78, Up
1761465352305, 12.47, -2.92, -0.38, Up
1761465352357, 12.97, -4.16, -0.09, Up
1761465352442, 12.93, -2.91, 0.26, Up
1761465352489, 13.06, -1.60, 0.56, Up
1761465352537, 13.33, -0.48, 0.91, Up
1761465352582, 13.41, 1.37, 0.76, Up
1761465352626, 13.49, 2.97, 0.69, Up
1761465352685, 13.73, 2.72, 0.66, Up
1761465352729, 13.80, 2.39, 0.62, Up
1761465352773, 13.90, 2.17, 0.57, Up
1761465352822, 14.01, 2.00, 0.49, Up
1761465352867, 13.83, -0.56, 0.51, Up
1761465352956, 13.73, -2.99, 0.65, Up
1761465353001, 13.82, -5.34, 0.77, Up
1761465353046, 13.82, -7.58, 0.88, Up
1761465353090, 14.06, -7.49, 1.11, Up
1761465353137, 14.19, -7.39, 1.37, Up
1761465353225, 14.20, -4.79, 1.47, Up
1761465353271, 14.28, -2.25, 1.58, Up
1761465353316, 14.29, 0.19, 1.74, Up
1761465353360, 14.13, 2.51, 1.84, Up
1761465353406, 13.93, 5.68, 1.96, Up
1761465353486, 13.93, 7.52, 1.83, Up
1761465353533, 13.74, 9.21, 1.73, Up
1761465353587, 13.47, 10.83, 1.63, Right
1761465353637, 12.99, 9.80, 1.41, Up
1761465353683, 12.68, 8.65, 1.14, Up
1761465353762, 12.47, 5.65, 0.83, Up
1761465353812, 12.11, 2.76, 0.52, Up
1761465353859, 11.81, -0.14, 0.18, Up
1761465353905, 11.79, -1.95, -0.04, Up
1761465353953, 11.76, -3.65, -0.27, Up
1761465354027, 11.78, -2.65, -0.04, Up
1761465354076, 11.78, -1.51, 0.17, Up
1761465354123, 11.86, -0.33, 0.44, Up
1761465354169, 11.66, 2.23, 0.97, Up
1761465354217, 11.63, 4.92, 1.46, Up
1761465354288, 11.52, 7.55, 1.77, Up
1761465354337, 11.34, 10.05, 2.12, Right
1761465354383, 11.17, 12.56, 2.47, Right
1761465354440, 10.95, 14.05, 2.74, Right
1761465354490, 11.03, 14.24, 2.83, Right
1761465354561, 10.96, 12.16, 2.50, Right
1761465354612, 10.95, 9.65, 2.30, Up
1761465354666, 10.98, 7.14, 2.06, Up
1761465354714, 11.19, 4.81, 1.64, Up
1761465354762, 11.38, 2.48, 1.26, Up
1761465354835, 11.44, 1.58, 1.05, Up
1761465354881, 11.73, 0.75, 0.81, Up
1761465354937, 11.96, -0.09, 0.58, Up
1761465354988, 12.04, -0.14, 0.29, Up
1761465355040, 11.81, 1.13, 0.20, Up
1761465355089, 11.57, 2.93, 0.21, Up
1761465355234, 11.43, 3.88, -0.02, Up
1761465355281, 11.23, 4.89, -0.23, Up
1761465355332, 11.02, 5.43, -0.43, Up
1761465355383, 10.91, 5.10, -0.69, Up
1761465355434, 10.74, 3.60, -0.87, Up
1761465355486, 10.62, 1.81, -1.00, Up
1761465355536, 10.44, 0.01, -1.15, Up
1761465355583, 10.39, -2.36, -1.23, Up
1761465355633, 10.38, -4.86, -1.33, Up
1761465355682, 10.51, -6.73, -1.42, Up
1761465355762, 10.79, -6.04, -1.34, Up
1761465355819, 10.90, -5.26, -1.26, Up
1761465355867, 10.97, -4.61, -1.16, Up
1761465355917, 10.98, -2.21, -1.04, Up
1761465355968, 11.09, 0.52, -0.98, Up
1761465356033, 10.95, 3.15, -1.03, Up
1761465356081, 10.98, 5.86, -1.11, Up
1761465356134, 11.02, 8.40, -1.16, Up
1761465356181, 11.23, 10.23, -1.34, Right
1761465356234, 11.23, 11.45, -1.51, Right
1761465356285, 11.38, 10.23, -1.94, Right
1761465356332, 11.44, 8.73, -2.39, Up
1761465356384, 11.57, 7.38, -2.87, Up
1761465356438, 11.55, 5.31, -3.33, Up
1761465356491, 11.53, 3.09, -3.69, Up
1761465356565, 11.85, 2.43, -3.93, Up
1761465356609, 12.10, 1.48, -4.11, Up
1761465356654, 12.43, 0.52, -4.34, Up
1761465356701, 12.47, 1.02, -4.28, Up
1761465356745, 12.50, 1.42, -4.24, Up
1761465356827, 12.29, 3.43, -3.91, Up
1761465356874, 12.41, 5.55, -3.57, Up
1761465356921, 12.42, 7.56, -3.21, Up
1761465356971, 12.29, 9.36, -2.78, Up
1761465357020, 12.23, 11.37, -2.41, Right
1761465357086, 12.15, 11.60, -2.23, Right
1761465357133, 11.97, 11.95, -2.03, Right
1761465357183, 11.68, 12.29, -1.80, Right
1761465357234, 11.56, 11.98, -1.75, Right
1761465357283, 11.56, 10.95, -1.81, Right
1761465357357, 11.61, 9.23, -1.84, Up
1761465357406, 11.59, 7.85, -1.95, Up
1761465357451, 11.66, 6.38, -2.05, Up
1761465357497, 11.69, 5.95, -2.09, Up
1761465357541, 11.66, 5.44, -2.12, Up
1761465357626, 11.57, 6.07, -1.96, Up
1761465357671, 11.52, 6.76, -1.81, Up
1761465357718, 11.45, 7.49, -1.68, Up
1761465357766, 11.14, 8.04, -1.54, Up
1761465357818, 10.85, 9.43, -1.31, Up
1761465357891, 10.61, 10.63, -1.27, Right
1761465357947, 10.34, 11.56, -1.20, Right
1761465358006, 9.99, 12.54, -1.11, Right
1761465358060, 9.91, 12.59, -1.20, Right
1761465358113, 9.79, 12.62, -1.29, Right
1761465358170, 9.56, 11.80, -1.42, Right
1761465358217, 9.35, 10.98, -1.60, Right
1761465358266, 9.28, 10.10, -1.77, Right
1761465358316, 9.45, 9.89, -1.96, Forward
1761465358365, 9.42, 9.49, -2.08, Forward
1761465358438, 9.19, 10.14, -1.96, Right
1761465358488, 9.10, 10.93, -1.90, Right
1761465358539, 9.10, 11.76, -1.87, Right
1761465358591, 9.16, 12.92, -1.81, Right
1761465358641, 9.13, 14.21, -1.76, Right
1761465358690, 9.06, 15.49, -1.70, Right
1761465358831, 9.25, 16.29, -1.79, Right
1761465358883, 9.23, 17.02, -1.83, Right
1761465358934, 9.19, 17.27, -1.85, Right
1761465358983, 9.66, 17.12, -2.04, Right
1761465359031, 10.05, 15.99, -2.26, Right
1761465359087, 10.42, 14.55, -2.40, Right
1761465359136, 10.79, 13.20, -2.57, Right
1761465359183, 11.05, 11.34, -2.64, Right
1761465359237, 11.45, 9.41, -2.75, Up
1761465359283, 11.96, 7.69, -2.93, Up
1761465359360, 12.11, 7.63, -2.98, Up
1761465359408, 12.25, 7.64, -3.00, Up
1761465359457, 12.48, 7.69, -3.09, Up
1761465359505, 12.30, 9.25, -3.09, Up
1761465359556, 12.18, 11.07, -3.11, Right
1761465359636, 12.07, 13.07, -3.18, Right
1761465359684, 11.98, 15.01, -3.25, Right
1761465359732, 11.80, 17.05, -3.33, Right
1761465359783, 11.72, 18.22, -3.51, Right
1761465359832, 11.64, 19.51, -3.61, Right
1761465359887, 11.68, 18.92, -3.55, Right
1761465359936, 11.79, 18.39, -3.58, Right
1761465359984, 11.80, 17.85, -3.56, Right
1761465360041, 11.84, 16.33, -3.51, Right
1761465360089, 12.05, 14.40, -3.44, Right
1761465360167, 12.14, 12.44, -3.30, Right
1761465360219, 12.20, 10.37, -3.11, Right
1761465360268, 12.31, 8.30, -2.93, Up
1761465360314, 12.15, 7.33, -2.58, Up
1761465360360, 12.00, 6.33, -2.25, Up
1761465360435, 11.86, 6.15, -1.99, Up
1761465360480, 11.75, 5.93, -1.68, Up
1761465360530, 11.60, 5.72, -1.37, Up
1761465360582, 11.50, 6.11, -1.08, Up
1761465360632, 11.27, 6.91, -0.84, Up
1761465360691, 11.07, 7.92, -0.61, Up
1761465360741, 10.80, 9.14, -0.41, Up
1761465360789, 10.61, 10.30, -0.21, Right
1761465360844, 10.59, 11.03, -0.20, Right
1761465360902, 10.49, 11.67, -0.18, Right
1761465360962, 10.54, 11.87, -0.29, Right
1761465361016, 10.49, 11.94, -0.37, Right
1761465361069, 10.47, 12.00, -0.46, Right
1761465361115, 10.53, 11.32, -0.49, Right
1761465361194, 10.50, 10.50, -0.54, Right
1761465361260, 10.61, 9.60, -0.61, Up
1761465361370, 10.54, 8.78, -0.62, Up
1761465361420, 10.40, 7.95, -0.61, Up
1761465361470, 10.32, 7.24, -0.51, Up
1761465361521, 10.16, 7.37, -0.35, Up
1761465361570, 9.88, 7.96, -0.14, Forward
1761465361632, 9.98, 8.89, -0.07, Forward
1761465361680, 10.02, 9.87, 0.00, Up
1761465361728, 9.96, 11.00, 0.06, Right
1761465361776, 9.94, 11.96, 0.06, Right
1761465361825, 9.70, 12.81, 0.09, Right
1761465361889, 9.88, 12.84, 0.03, Right
1761465361938, 10.04, 13.06, -0.08, Right
1761465361988, 10.19, 13.39, -0.19, Right
1761465362035, 10.39, 12.73, -0.37, Right
1761465362082, 10.53, 11.89, -0.55, Right
1761465362157, 10.41, 11.02, -0.62, Right
1761465362205, 10.32, 10.09, -0.68, Right
1761465362255, 10.33, 9.13, -0.81, Up
1761465362306, 10.26, 8.69, -0.82, Up
1761465362357, 10.13, 8.36, -0.86, Up
1761465362434, 10.02, 8.74, -0.89, Up
1761465362484, 9.76, 9.03, -0.89, Forward
1761465362539, 9.52, 9.28, -0.85, Forward
1761465362586, 9.42, 10.05, -0.86, Right
1761465362633, 9.34, 10.82, -0.84, Right
1761465362688, 9.21, 11.15, -0.86, Right
1761465362741, 9.07, 11.56, -0.90, Right
1761465362798, 8.88, 11.98, -0.90, Right
1761465362847, 8.92, 12.02, -0.93, Right
1761465362961, 9.16, 11.70, -0.91, Right
1761465363007, 9.12, 11.33, -0.86, Right
1761465363085, 9.20, 10.96, -0.84, Right
1761465363132, 9.28, 10.61, -0.86, Right
1761465363179, 9.22, 9.96, -0.82, Forward
1761465363227, 9.21, 9.37, -0.78, Forward
1761465363275, 9.16, 9.07, -0.65, Forward
1761465363321, 9.14, 8.79, -0.54, Forward
1761465363370, 9.12, 8.45, -0.39, Forward
1761465363416, 8.99, 8.33, -0.31, Forward
1761465363461, 8.87, 8.47, -0.25, Forward
1761465363504, 8.79, 8.49, -0.23, Forward
1761465363614, 8.91, 8.70, -0.24, Forward
1761465363663, 8.93, 8.69, -0.19, Forward
1761465363714, 8.90, 8.71, -0.14, Forward
1761465363767, 8.88, 8.54, -0.07, Forward
1761465363813, 8.97, 8.27, -0.08, Forward
1761465363886, 9.04, 8.09, -0.10, Forward
1761465363934, 9.10, 8.04, -0.14, Forward
1761465363982, 9.20, 7.94, -0.15, Forward
1761465364031, 9.10, 7.67, -0.14, Forward
1761465364166, 9.06, 7.52, -0.12, Forward
1761465364219, 8.84, 7.15, -0.01, Forward
1761465364292, 8.59, 7.03, 0.01, Forward
1761465364347, 8.37, 6.83, 0.07, Forward
1761465364404, 8.18, 6.90, 0.08, Forward
1761465364453, 8.08, 7.08, 0.08, Forward
1761465364558, 7.90, 6.93, 0.16, Forward
1761465364605, 7.66, 6.75, 0.23, Forward
1761465364686, 7.55, 6.40, 0.30, Forward
1761465364733, 7.56, 6.24, 0.31, Forward
1761465364779, 7.62, 6.06, 0.31, Forward
1761465364824, 7.69, 6.28, 0.24, Forward
1761465364955, 7.60, 7.05, 0.23, Forward
1761465365003, 7.38, 8.00, 0.19, Forward
1761465365085, 7.51, 9.14, 0.07, Forward
1761465365130, 7.51, 9.97, -0.01, Forward
1761465365180, 7.57, 11.00, -0.10, Right
1761465365232, 7.54, 12.24, -0.22, Right
1761465365357, 7.68, 12.82, -0.40, Right
1761465365404, 7.68, 13.39, -0.54, Right
1761465365487, 7.75, 13.74, -0.65, Right
1761465365535, 7.77, 13.66, -0.69, Right
1761465365580, 8.04, 13.16, -0.75, Right
1761465365622, 8.45, 12.29, -0.79, Right
1761465365756, 8.43, 11.02, -0.68, Right
1761465365804, 8.43, 9.95, -0.59, Forward
1761465365886, 8.51, 8.80, -0.50, Forward
1761465365933, 8.66, 7.45, -0.41, Forward
1761465365980, 8.54, 6.93, -0.25, Forward
1761465366034, 8.31, 6.13, -0.01, Forward
1761465366168, 8.17, 5.74, 0.10, Forward
1761465366215, 8.10, 5.28, 0.26, Forward
1761465366286, 7.93, 4.76, 0.40, Forward
1761465366337, 7.78, 4.49, 0.49, Forward
1761465366384, 7.64, 4.36, 0.53, Forward
1761465366430, 7.51, 4.04, 0.59, Forward
1761465366561, 7.38, 3.89, 0.62, Forward
1761465366614, 7.30, 3.75, 0.64, Forward
1761465366684, 7.03, 3.56, 0.70, Forward
1761465366730, 7.06, 3.67, 0.65, Forward
1761465366779, 6.91, 3.70, 0.69, Forward
1761465366828, 6.83, 3.70, 0.72, Forward
1761465366957, 6.79, 3.64, 0.73, Forward
1761465367002, 6.70, 3.57, 0.77, Forward
1761465367089, 6.63, 3.27, 0.79, Forward
1761465367136, 6.50, 3.26, 0.81, Forward
1761465367184, 6.36, 3.10, 0.83, Forward
1761465367236, 6.20, 2.72, 0.91, Forward
1761465367369, 6.29, 1.92, 0.92, Forward
1761465367417, 6.22, 1.21, 0.93, Forward
1761465367485, 6.26, 0.18, 0.97, Forward
1761465367531, 6.12, -0.64, 1.00, Forward
1761465367576, 6.08, -1.55, 1.04, Forward
1761465367621, 6.07, -2.30, 1.04, Forward
1761465367758, 6.06, -2.74, 1.08, Forward
1761465367805, 6.09, -3.36, 1.09, Forward
1761465367887, 6.02, -4.07, 1.12, Forward
1761465367952, 5.96, -4.50, 1.15, Forward
1761465368007, 5.82, -4.46, 1.19, Forward
1761465368062, 5.68, -4.71, 1.30, Forward
1761465368155, 5.62, -4.72, 1.35, Forward
1761465368212, 5.59, -4.84, 1.40, Forward
1761465368294, 5.47, -4.82, 1.50, Forward
1761465368348, 5.26, -5.06, 1.63, Forward
1761465368396, 5.08, -5.29, 1.72, Forward
1761465368446, 4.86, -5.22, 1.76, Forward
1761465368568, 4.64, -5.18, 1.83, Forward
1761465368618, 4.46, -5.16, 1.90, Forward
1761465368688, 4.35, -5.33, 2.00, Forward
1761465368743, 4.35, -5.20, 2.01, Forward
1761465368793, 4.25, -5.23, 2.04, Forward
1761465368847, 4.29, -5.30, 2.01, Forward
1761465368966, 4.51, -5.58, 1.96, Forward
1761465369015, 4.70, -5.49, 1.87, Forward
1761465369092, 5.01, -4.81, 1.76, Forward
1761465369145, 5.40, -4.19, 1.67, Forward
1761465369200, 5.86, -3.52, 1.51, Forward
1761465369249, 6.35, -2.11, 1.27, Forward
1761465369364, 6.75, -0.22, 0.99, Forward
1761465369412, 7.12, 1.50, 0.70, Forward
1761465369487, 7.57, 3.17, 0.29, Forward
1761465369537, 7.98, 4.56, -0.03, Forward
1761465369585, 8.31, 6.08, -0.35, Forward
1761465369634, 8.81, 7.24, -0.72, Forward
1761465369758, 9.19, 7.06, -1.06, Forward
1761465369812, 9.55, 6.92, -1.38, Forward
1761465369889, 9.84, 7.34, -1.69, Forward
1761465369939, 10.06, 6.90, -1.94, Up
1761465369990, 10.30, 6.16, -2.13, Up
1761465370042, 10.63, 5.86, -2.26, Up
1761465370166, 10.70, 5.29, -2.24, Up
1761465370220, 10.70, 5.03, -2.25, Up
1761465370286, 10.73, 4.47, -2.21, Up
1761465370342, 10.49, 4.09, -2.05, Up
1761465370399, 10.29, 4.37, -1.95, Up
1761465370449, 9.98, 4.41, -1.72, Forward
1761465370569, 9.83, 3.84, -1.52, Forward
1761465370621, 9.69, 3.34, -1.31, Forward
1761465370690, 9.62, 2.77, -1.13, Forward
1761465370743, 9.37, 1.89, -0.95, Forward
1761465370795, 9.26, 1.19, -0.80, Forward
1761465370844, 9.29, 1.16, -0.76, Forward
1761465370969, 9.33, 0.68, -0.61, Forward
1761465371020, 9.59, 0.61, -0.62, Forward
1761465371089, 9.81, 0.05, -0.55, Forward
1761465371139, 10.12, -0.17, -0.57, Up
1761465371187, 10.27, -0.11, -0.58, Up
1761465371236, 10.30, -0.38, -0.54, Up
1761465371363, 10.39, 0.06, -0.57, Up
1761465371414, 10.60, 0.32, -0.64, Up
1761465371491, 10.80, 0.26, -0.68, Up
1761465371547, 10.83, -0.34, -0.61, Up
1761465371596, 10.73, -0.01, -0.74, Up
1761465371642, 10.57, -0.22, -0.70, Up
1761465371765, 10.36, 0.07, -0.73, Up
1761465371813, 10.30, 0.14, -0.73, Up
1761465371891, 10.36, -0.01, -0.72, Up
1761465371949, 10.47, 0.21, -0.75, Up
1761465372007, 10.46, -0.16, -0.72, Up
1761465372067, 10.38, -0.56, -0.65, Up
1761465372170, 10.26, -0.53, -0.60, Up
1761465372222, 10.15, -0.58, -0.57, Up
1761465372288, 10.26, -0.71, -0.51, Up
1761465372341, 10.38, -0.81, -0.51, Up
1761465372394, 10.57, -0.91, -0.49, Up
1761465372448, 10.47, -1.13, -0.44, Up
1761465372569, 10.39, -1.31, -0.44, Up
1761465372621, 10.34, -1.31, -0.46, Up
1761465372688, 10.22, -1.47, -0.42, Up
1761465372738, 10.11, -1.58, -0.39, Up
1761465372787, 10.07, -1.55, -0.38, Up
1761465372837, 10.05, -1.42, -0.35, Up
1761465372960, 9.82, -1.33, -0.30, Forward
1761465373011, 9.58, -1.32, -0.26, Forward
1761465373086, 9.32, -1.24, -0.22, Forward
1761465373135, 9.15, -1.23, -0.19, Forward
1761465373184, 8.89, -1.23, -0.11, Forward
1761465373231, 8.77, -1.32, -0.03, Forward
1761465373362, 8.70, -1.40, 0.03, Forward
1761465373415, 8.63, -1.41, 0.09, Forward
1761465373489, 8.48, -1.37, 0.14, Forward
1761465373537, 8.28, -1.41, 0.21, Forward
1761465373591, 8.19, -1.53, 0.25, Forward
1761465373645, 8.05, -1.62, 0.31, Forward
1761465373764, 7.94, -1.77, 0.40, Forward
1761465373814, 7.93, -1.67, 0.41, Forward
1761465373863, 7.92, -1.57, 0.42, Forward
1761465373917, 7.85, -1.54, 0.47, Forward
1761465373968, 7.77, -1.57, 0.49, Forward
1761465374017, 7.76, -1.64, 0.52, Forward
1761465374145, 7.63, -1.85, 0.57, Forward
1761465374196, 7.53, -2.04, 0.61, Forward
1761465374246, 7.43, -2.20, 0.66, Forward
1761465374294, 7.36, -2.17, 0.69, Forward
1761465374344, 7.33, -2.13, 0.69, Forward
1761465374403, 7.27, -2.14, 0.74, Forward
1761465374453, 7.25, -2.10, 0.79, Forward
1761465374499, 7.13, -2.15, 0.83, Forward
1761465374545, 6.97, -2.12, 0.86, Forward
1761465374588, 6.70, -2.05, 0.86, Forward
1761465374689, 6.72, -1.88, 0.80, Forward
1761465374735, 6.75, -1.75, 0.75, Forward
1761465374812, 6.91, -1.63, 0.72, Forward
1761465374856, 7.02, -1.68, 0.69, Forward
1761465374907, 7.15, -1.66, 0.67, Forward
1761465374963, 7.13, -1.68, 0.64, Forward
1761465375098, 7.02, -1.73, 0.60, Forward
1761465375146, 6.99, -1.70, 0.53, Forward
1761465375224, 7.03, -1.54, 0.49, Forward
1761465375276, 7.09, -1.39, 0.47, Forward
1761465375319, 7.06, -1.25, 0.49, Forward
1761465375368, 7.01, -1.06, 0.49, Forward
1761465375490, 6.86, -0.79, 0.47, Forward
1761465375539, 6.76, -0.66, 0.47, Forward
1761465375613, 6.63, -0.72, 0.47, Forward
1761465375661, 6.66, -0.58, 0.47, Forward
1761465375704, 6.73, -0.44, 0.46, Forward
1761465375751, 6.70, -0.28, 0.50, Forward
1761465375895, 6.75, -0.47, 0.53, Forward
1761465375945, 6.79, -0.43, 0.53, Forward
1761465376016, 6.82, -0.59, 0.58, Forward
1761465376066, 6.76, -0.81, 0.64, Forward
1761465376115, 6.76, -1.11, 0.70, Forward
1761465376164, 6.69, -1.09, 0.71, Forward
1761465376296, 6.61, -1.16, 0.79, Forward
1761465376347, 6.43, -1.36, 0.87, Forward
1761465376414, 6.30, -1.58, 0.96, Forward
1761465376465, 6.14, -1.95, 1.04, Forward
1761465376512, 5.95, -2.03, 1.10, Forward
1761465376567, 5.84, -2.26, 1.11, Forward
1761465376704, 5.73, -2.27, 1.10, Forward
1761465376760, 5.62, -2.28, 1.10, Forward
1761465376816, 5.54, -2.36, 1.10, Forward
1761465376863, 5.55, -2.50, 1.14, Forward
1761465376914, 5.57, -2.36, 1.08, Forward
1761465376960, 5.63, -2.45, 1.07, Forward
1761465377095, 5.62, -2.23, 1.05, Forward
1761465377145, 5.60, -2.12, 1.03, Forward
1761465377214, 5.68, -2.02, 1.01, Forward
1761465377265, 5.67, -2.04, 1.04, Forward
1761465377314, 5.62, -2.08, 1.07, Forward
1761465377367, 5.78, -1.84, 1.07, Forward
1761465377493, 5.75, -1.67, 0.99, Forward
1761465377547, 5.76, -1.64, 0.93, Forward
1761465377620, 5.77, -1.64, 0.92, Forward
1761465377669, 5.88, -1.53, 0.89, Forward
1761465377719, 5.98, -1.77, 0.87, Forward
1761465377767, 6.03, -1.71, 0.82, Forward
1761465377894, 6.03, -1.52, 0.78, Forward
1761465377944, 6.05, -1.35, 0.73, Forward
1761465378018, 6.06, -1.38, 0.71, Forward
1761465378067, 5.95, -1.65, 0.69, Forward
1761465378116, 5.89, -1.77, 0.73, Forward
1761465378167, 5.83, -1.89, 0.78, Forward
1761465378299, 5.78, -1.92, 0.80, Forward
1761465378351, 5.64, -1.90, 0.80, Forward
1761465378418, 5.50, -1.90, 0.78, Forward
1761465378468, 5.47, -2.15, 0.79, Forward
1761465378518, 5.39, -2.32, 0.79, Forward
1761465378569, 5.39, -2.55, 0.84, Forward
1761465378696, 5.39, -2.49, 0.83, Forward
1761465378746, 5.36, -2.46, 0.86, Forward
1761465378818, 5.31, -2.59, 0.91, Forward
1761465378868, 5.22, -2.67, 0.94, Forward
1761465378919, 5.10, -2.89, 0.99, Forward
1761465378968, 5.07, -2.97, 1.00, Forward
1761465379089, 5.08, -2.97, 1.04, Forward
1761465379140, 5.13, -2.78, 1.06, Forward
1761465379215, 5.13, -2.92, 1.13, Forward
1761465379264, 5.03, -2.81, 1.10, Forward
1761465379311, 4.99, -3.03, 1.15, Forward
1761465379359, 4.94, -3.02, 1.20, Forward
1761465379494, 5.02, -2.99, 1.19, Forward
1761465379543, 5.12, -2.84, 1.19, Forward
1761465379615, 5.08, -2.78, 1.19, Forward
1761465379664, 5.03, -2.81, 1.21, Forward
1761465379714, 4.95, -2.88, 1.25, Forward
1761465379763, 4.80, -3.00, 1.29, Forward
1761465379885, 4.62, -2.89, 1.28, Forward
1761465379933, 4.59, -2.96, 1.31, Forward
1761465380025, 4.53, -2.81, 1.30, Forward
1761465380079, 4.52, -2.88, 1.26, Forward
1761465380129, 4.37, -2.90, 1.27, Forward
1761465380178, 4.25, -2.87, 1.24, Forward
1761465380296, 4.31, -2.71, 1.24, Forward
1761465380342, 4.30, -2.68, 1.25, Forward
1761465380416, 4.23, -2.73, 1.26, Forward
1761465380466, 4.25, -2.76, 1.23, Forward
1761465380514, 4.33, -2.94, 1.22, Forward
1761465380559, 4.33, -2.97, 1.19, Forward
1761465380690, 4.34, -3.07, 1.20, Forward
1761465380744, 4.35, -3.12, 1.22, Forward
1761465380816, 4.16, -2.92, 1.17, Forward
1761465380864, 4.05, -3.05, 1.16, Forward
1761465380910, 3.86, -3.25, 1.11, Forward
1761465380954, 3.76, -3.23, 1.11, Forward
1761465381086, 3.63, -3.11, 1.09, Forward
1761465381134, 3.44, -3.00, 1.09, Forward
1761465381213, 3.31, -2.98, 1.12, Forward
1761465381260, 3.24, -2.99, 1.16, Forward
1761465381312, 3.09, -2.95, 1.19, Forward
1761465381362, 2.93, -3.01, 1.25, Forward
1761465381490, 3.03, -3.12, 1.39, Forward
1761465381541, 3.00, -3.01, 1.52, Forward
1761465381621, 2.92, -2.94, 1.65, Forward
1761465381672, 2.78, -2.97, 1.72, Forward
1761465381719, 2.75, -3.02, 1.81, Forward
1761465381769, 2.80, -3.05, 1.88, Forward
1761465381898, 2.70, -2.73, 1.89, Forward
1761465381945, 2.50, -2.74, 1.94, Forward
1761465382014, 2.45, -2.78, 2.04, Forward
1761465382059, 2.32, -2.76, 2.06, Forward
1761465382103, 2.20, -2.84, 2.13, Forward
1761465382151, 2.03, -2.84, 2.15, Forward
1761465382284, 1.97, -2.79, 2.21, Forward
1761465382330, 1.94, -2.92, 2.29, Forward
1761465382413, 1.92, -2.96, 2.33, Forward
1761465382458, 1.79, -3.05, 2.40, Forward
1761465382502, 1.70, -3.39, 2.49, Forward
1761465382548, 1.68, -3.43, 2.58, Forward
1761465382685, 1.49, -3.51, 2.62, Forward
1761465382730, 1.39, -3.61, 2.69, Forward
1761465382811, 1.23, -3.78, 2.67, Forward
1761465382857, 1.12, -4.08, 2.70, Forward
1761465382903, 0.99, -4.29, 2.70, Forward
1761465382949, 0.76, -4.36, 2.69, Forward
1761465383091, 0.56, -4.28, 2.71, Forward
1761465383144, 0.43, -4.14, 2.72, Forward
1761465383221, 0.38, -4.31, 2.73, Forward
1761465383282, 0.21, -4.51, 2.73, Forward
1761465383332, 0.19, -4.43, 2.70, Forward
1761465383378, 0.27, -4.33, 2.64, Forward
1761465383485, 0.27, -4.37, 2.64, Forward
1761465383530, 0.43, -4.10, 2.63, Forward
1761465383613, 1.07, -3.27, 2.46, Forward
1761465383658, 1.66, -3.19, 2.39, Forward
1761465383702, 2.24, -3.41, 2.33, Forward
1761465383749, 2.95, -3.30, 2.25, Forward
1761465383885, 3.62, -2.82, 2.14, Forward
1761465383931, 4.28, -2.33, 2.01, Forward
1761465384013, 4.88, -1.97, 1.83, Forward
1761465384058, 5.46, -1.89, 1.68, Forward
1761465384101, 6.17, -1.63, 1.56, Forward
1761465384147, 6.88, -1.19, 1.39, Forward
1761465384284, 7.10, -1.15, 1.33, Forward
1761465384333, 7.42, -0.38, 1.17, Forward
1761465384417, 7.83, 0.04, 1.04, Forward
1761465384467, 8.09, -0.33, 1.00, Forward
1761465384518, 8.34, -0.75, 0.98, Forward
1761465384568, 8.65, -0.37, 0.87, Forward
1761465384684, 8.82, -0.55, 0.88, Forward
1761465384731, 9.02, -0.49, 0.87, Forward
1761465384778, 9.30, -0.45, 0.82, Forward
1761465384826, 9.24, -0.93, 0.88, Forward
1761465384869, 9.13, -1.64, 0.97, Forward
1761465384940, 9.13, -2.16, 1.04, Forward
1761465384985, 8.95, -2.55, 1.13, Forward
1761465385037, 8.80, -2.52, 1.15, Forward
1761465385086, 8.52, -2.40, 1.17, Forward
1761465385132, 8.33, -3.00, 1.26, Forward
1761465385217, 8.33, -3.12, 1.30, Forward
1761465385264, 8.19, -3.03, 1.35, Forward
1761465385313, 7.94, -3.09, 1.43, Forward
1761465385359, 7.85, -3.10, 1.38, Forward
1761465385411, 7.80, -3.09, 1.34, Forward
1761465385478, 7.68, -3.11, 1.39, Forward
1761465385527, 7.65, -2.75, 1.37, Forward
1761465385577, 7.60, -2.48, 1.38, Forward
1761465385622, 7.67, -2.56, 1.31, Forward
1761465385673, 7.64, -2.78, 1.29, Forward
1761465385745, 7.67, -4.02, 1.15, Forward
1761465385797, 7.71, -5.31, 1.03, Forward
1761465385848, 7.78, -6.55, 0.86, Forward
1761465385897, 7.73, -7.79, 0.87, Forward
1761465385949, 7.73, -9.16, 0.86, Forward
1761465386016, 7.67, -9.27, 0.96, Forward
1761465386067, 7.56, -9.30, 1.09, Forward
1761465386116, 7.55, -9.12, 1.19, Forward
1761465386167, 7.38, -7.37, 1.51, Forward
1761465386217, 7.30, -5.60, 1.78, Forward
1761465386276, 7.05, -2.91, 2.16, Forward
1761465386327, 6.90, -0.36, 2.57, Forward
1761465386377, 6.59, 2.30, 2.97, Forward
1761465386424, 6.71, 3.43, 3.07, Forward
1761465386475, 6.52, 4.71, 3.14, Forward
1761465386542, 6.92, 3.36, 2.94, Forward
1761465386594, 7.14, 1.95, 2.75, Forward
1761465386642, 7.26, 0.43, 2.55, Forward
1761465386693, 8.08, -2.70, 2.23, Forward
1761465386739, 8.60, -5.71, 1.91, Forward
1761465386815, 9.08, -8.48, 1.51, Forward
1761465386863, 9.52, -11.24, 1.09, Left
1761465386911, 10.05, -13.97, 0.65, Left
1761465386962, 10.02, -15.23, 0.36, Left
1761465387009, 10.06, -16.52, 0.11, Left
1761465387076, 9.26, -15.88, 0.05, Left
1761465387124, 8.63, -15.26, -0.01, Left
1761465387174, 7.99, -14.68, -0.07, Left
1761465387226, 6.91, -12.75, 0.01, Left
1761465387275, 6.02, -10.84, 0.13, Left
1761465387346, 5.28, -9.17, 0.48, Forward
1761465387396, 4.62, -7.42, 0.84, Forward
1761465387446, 3.99, -5.70, 1.20, Forward
1761465387495, 3.81, -3.67, 1.59, Forward
1761465387546, 3.94, -1.63, 1.93, Forward
1761465387615, 4.51, -0.38, 2.28, Forward
1761465387661, 4.93, 0.75, 2.64, Forward
1761465387709, 5.44, 1.92, 3.00, Forward
1761465387760, 5.93, 2.28, 3.36, Forward
1761465387810, 6.44, 2.35, 3.77, Forward
1761465387877, 6.70, 2.45, 4.16, Forward
1761465387929, 6.91, 2.46, 4.57, Forward
1761465387975, 7.07, 2.46, 4.98, Forward
1761465388024, 6.89, 2.03, 5.39, Forward
1761465388071, 6.57, 1.62, 5.82, Forward
1761465388143, 6.18, 0.49, 6.12, Forward
1761465388192, 5.91, -0.60, 6.44, Forward
1761465388245, 5.52, -1.50, 6.71, Forward
1761465388294, 4.91, -2.74, 6.80, Forward
1761465388340, 4.40, -3.75, 6.86, Forward
1761465388415, 4.04, -4.73, 6.80, Forward
1761465388464, 3.55, -5.64, 6.67, Forward
1761465388513, 3.10, -6.52, 6.56, Forward
1761465388561, 2.63, -7.06, 6.43, Forward
1761465388609, 2.23, -7.72, 6.31, Forward
1761465388677, 1.87, -7.62, 6.23, Forward
1761465388724, 1.55, -7.47, 6.13, Forward
1761465388776, 1.28, -7.58, 6.10, Forward
1761465388826, 1.16, -7.56, 5.99, Forward
1761465388876, 0.99, -7.72, 5.86, Forward
1761465388947, 0.87, -7.98, 5.54, Forward
1761465388999, 0.86, -8.30, 5.26, Forward
1761465389053, 0.76, -8.55, 4.96, Forward
1761465389107, 1.02, -9.10, 4.60, Forward
1761465389164, 1.24, -9.57, 4.23, Forward
1761465389218, 1.31, -9.93, 3.74, Forward
1761465389266, 1.39, -10.32, 3.23, Left
1761465389316, 1.39, -10.66, 2.70, Left
1761465389365, 1.52, -10.96, 2.17, Left
1761465389416, 1.64, -11.12, 1.64, Left
1761465389478, 1.99, -11.21, 1.18, Left
1761465389524, 2.17, -11.22, 0.70, Left
1761465389574, 2.47, -11.25, 0.23, Left
1761465389624, 3.12, -10.73, -0.50, Left
1761465389677, 3.71, -10.14, -1.20, Left
1761465389741, 4.66, -9.02, -2.09, Forward
1761465389791, 5.50, -8.03, -2.90, Forward
1761465389841, 6.45, -7.03, -3.73, Forward
1761465389891, 7.49, -5.89, -4.57, Forward
1761465389944, 8.37, -4.74, -5.39, Forward
1761465390016, 9.30, -3.14, -6.25, Forward
1761465390065, 10.33, -1.67, -7.03, Up
1761465390116, 11.34, -0.03, -7.86, Up
1761465390165, 11.84, 1.98, -8.46, Up
1761465390215, 12.39, 3.93, -9.04, Up
1761465390275, 12.84, 5.44, -9.28, Up
1761465390325, 13.46, 7.20, -9.65, Up
1761465390377, 14.03, 8.98, -9.95, Up
1761465390431, 14.41, 10.14, -10.05, Right
1761465390483, 15.09, 11.76, -10.24, Right
1761465390545, 15.47, 12.63, -10.21, Right
1761465390596, 16.05, 13.64, -10.29, Right
1761465390646, 16.51, 14.58, -10.31, Right
1761465390696, 17.25, 13.53, -10.08, Right
1761465390742, 17.83, 12.47, -9.93, Right
1761465390815, 18.24, 9.63, -9.63, Up
1761465390866, 18.61, 6.76, -9.31, Up
1761465390916, 18.99, 3.84, -9.04, Up
1761465390967, 19.29, 1.79, -8.74, Up
1761465391019, 19.20, -0.76, -8.37, Up
1761465391078, 19.02, -2.62, -8.00, Up
1761465391125, 18.44, -4.50, -7.57, Up
1761465391172, 17.95, -6.50, -7.17, Up
1761465391222, 17.27, -7.16, -6.74, Up
1761465391274, 16.64, -7.84, -6.26, Up
1761465391344, 15.80, -6.90, -5.88, Up
1761465391391, 14.89, -6.00, -5.50, Up
1761465391442, 13.99, -5.09, -5.10, Up
1761465391491, 13.09, -4.54, -4.69, Up
1761465391538, 12.31, -3.92, -4.28, Up
1761465391616, 11.39, -3.77, -3.82, Up
1761465391667, 10.71, -3.51, -3.40, Up
1761465391716, 10.03, -3.28, -2.94, Up
1761465391766, 9.22, -3.35, -2.56, Forward
1761465391816, 8.51, -3.51, -2.12, Forward
1761465391876, 8.07, -3.49, -1.81, Forward
1761465391930, 7.67, -3.46, -1.45, Forward
1761465391978, 7.28, -3.63, -1.08, Forward
1761465392030, 6.80, -3.99, -0.82, Forward
1761465392082, 6.48, -4.20, -0.58, Forward
1761465392144, 6.37, -4.17, -0.49, Forward
1761465392191, 6.30, -4.39, -0.34, Forward
1761465392240, 6.27, -4.41, -0.22, Forward
1761465392292, 6.16, -4.36, -0.21, Forward
1761465392339, 6.01, -4.22, -0.24, Forward
1761465392416, 5.78, -4.30, -0.27, Forward
1761465392465, 5.55, -4.41, -0.29, Forward
1761465392514, 5.34, -4.31, -0.34, Forward
1761465392568, 5.27, -4.02, -0.41, Forward
1761465392619, 5.23, -3.94, -0.46, Forward
1761465392677, 5.01, -3.90, -0.42, Forward
1761465392721, 4.78, -4.00, -0.43, Forward
1761465392774, 4.52, -4.30, -0.42, Forward
1761465392825, 4.27, -4.15, -0.36, Forward
1761465392875, 4.09, -4.10, -0.35, Forward
1761465392940, 3.89, -4.17, -0.24, Forward
1761465392991, 3.73, -4.36, -0.14, Forward
1761465393043, 3.45, -4.57, -0.03, Forward
1761465393095, 3.29, -4.96, 0.07, Forward
1761465393145, 3.06, -5.35, 0.15, Forward
1761465393216, 3.10, -6.00, 0.14, Forward
1761465393267, 3.13, -6.48, 0.17, Forward
1761465393318, 3.16, -6.98, 0.21, Forward
1761465393364, 3.65, -8.59, 0.38, Forward
1761465393414, 4.00, -9.91, 0.51, Forward
1761465393476, 4.43, -11.11, 0.63, Left
1761465393524, 4.80, -12.00, 0.68, Left
1761465393576, 5.32, -12.89, 0.75, Left
1761465393630, 5.79, -13.68, 0.87, Left
1761465393680, 6.43, -14.39, 1.03, Left
1761465393744, 6.97, -14.86, 1.24, Left
1761465393795, 7.44, -15.14, 1.44, Left
1761465393845, 7.94, -15.45, 1.64, Left
1761465393896, 8.08, -14.89, 1.69, Left
1761465393945, 8.37, -14.51, 1.85, Left
1761465394018, 8.58, -13.96, 1.91, Left
1761465394074, 8.83, -13.69, 2.02, Left
1761465394127, 8.99, -13.41, 2.14, Left
1761465394175, 8.91, -12.97, 2.17, Left
1761465394224, 8.67, -12.55, 2.17, Left
1761465394274, 8.44, -12.22, 2.16, Left
1761465394415, 8.18, -12.02, 2.11, Left
1761465394464, 7.89, -11.79, 2.05, Left
1761465394513, 7.61, -11.65, 2.00, Left
1761465394564, 7.19, -11.49, 1.94, Left
1761465394614, 6.94, -11.39, 1.92, Left
1761465394676, 6.52, -11.30, 1.91, Left
1761465394724, 6.12, -11.31, 1.86, Left
1761465394773, 5.91, -11.48, 1.86, Left
1761465394822, 5.66, -11.51, 1.86, Left
1761465394875, 5.46, -11.49, 1.87, Left
1761465394944, 5.52, -11.48, 1.90, Left
1761465394991, 5.56, -11.39, 1.95, Left
1761465395039, 5.62, -11.38, 1.98, Left
1761465395090, 5.83, -11.34, 1.95, Left
1761465395141, 5.90, -11.38, 1.93, Left
1761465395224, 6.32, -12.32, 2.05, Left
1761465395281, 6.70, -12.97, 2.22, Left
1761465395336, 7.05, -13.66, 2.38, Left
1761465395386, 7.52, -14.17, 2.47, Left
1761465395437, 7.89, -14.51, 2.49, Left
1761465395486, 8.17, -14.47, 2.48, Left
1761465395616, 8.47, -14.28, 2.36, Left
1761465395665, 8.77, -14.00, 2.24, Left
1761465395719, 9.04, -13.78, 2.16, Left
1761465395771, 9.33, -13.56, 2.10, Left
1761465395823, 9.47, -12.27, 1.87, Left
1761465395873, 9.55, -11.39, 1.62, Left
1761465395924, 9.67, -10.57, 1.37, Left
1761465395976, 9.73, -9.98, 1.19, Forward
1761465396024, 9.87, -9.02, 0.96, Forward
1761465396073, 9.82, -8.56, 0.79, Forward
1761465396144, 9.69, -8.15, 0.67, Forward
1761465396192, 9.51, -7.94, 0.60, Forward
1761465396242, 9.32, -7.74, 0.52, Forward
1761465396291, 9.02, -7.30, 0.38, Forward
1761465396341, 8.74, -6.89, 0.27, Forward
1761465396402, 8.60, -6.48, 0.17, Forward
1761465396455, 8.42, -5.97, 0.09, Forward
1761465396508, 8.21, -5.51, -0.01, Forward
1761465396556, 8.02, -5.52, -0.03, Forward
1761465396609, 8.05, -5.41, -0.02, Forward
1761465396674, 8.08, -5.56, 0.01, Forward
1761465396728, 8.19, -5.39, 0.01, Forward
1761465396781, 8.25, -5.27, 0.03, Forward
1761465396833, 8.44, -5.53, 0.07, Forward
1761465396885, 8.63, -5.84, 0.07, Forward
1761465396940, 8.93, -6.10, 0.12, Forward
1761465396992, 9.17, -6.40, 0.16, Forward
1761465397041, 9.51, -6.73, 0.23, Forward
1761465397090, 9.79, -7.35, 0.36, Forward
1761465397140, 9.97, -7.98, 0.45, Forward
1761465397206, 10.14, -8.67, 0.55, Up
1761465397262, 10.28, -9.40, 0.62, Up
1761465397312, 10.46, -10.10, 0.67, Left
1761465397364, 10.54, -10.36, 0.75, Left
1761465397418, 10.59, -10.58, 0.83, Left
1761465397478, 10.06, -10.23, 0.72, Left
1761465397529, 9.78, -9.89, 0.65, Forward
1761465397577, 9.42, -9.47, 0.53, Forward
1761465397624, 8.93, -8.74, 0.37, Forward
1761465397677, 8.40, -7.96, 0.20, Forward
1761465397743, 7.86, -7.01, 0.03, Forward
1761465397792, 7.32, -6.13, -0.08, Forward
1761465397841, 6.81, -5.16, -0.23, Forward
1761465397891, 6.38, -4.50, -0.42, Forward
1761465397940, 5.94, -3.87, -0.59, Forward
1761465398006, 5.88, -3.80, -0.60, Forward
1761465398053, 5.68, -3.75, -0.61, Forward
1761465398097, 5.47, -3.77, -0.60, Forward
1761465398148, 5.72, -3.44, -0.66, Forward
1761465398197, 5.81, -3.32, -0.65, Forward
1761465398269, 6.11, -3.72, -0.57, Forward
1761465398315, 6.34, -4.09, -0.52, Forward
1761465398368, 6.50, -4.50, -0.46, Forward
1761465398422, 6.84, -4.94, -0.34, Forward
1761465398474, 7.16, -5.10, -0.26, Forward
1761465398546, 7.53, -5.49, -0.19, Forward
1761465398596, 7.87, -5.63, -0.17, Forward
1761465398646, 8.20, -5.79, -0.12, Forward
1761465398696, 8.39, -6.66, 0.02, Forward
1761465398747, 8.86, -7.47, 0.12, Forward
1761465398807, 9.25, -8.07, 0.19, Forward
1761465398855, 9.62, -8.76, 0.29, Forward
1761465398903, 10.01, -9.48, 0.39, Up
1761465398954, 10.23, -9.71, 0.41, Up
1761465399000, 10.46, -10.38, 0.48, Left
1761465399068, 10.70, -10.56, 0.52, Left
1761465399118, 10.91, -10.74, 0.55, Left
1761465399170, 11.19, -11.05, 0.60, Left
1761465399217, 11.40, -11.38, 0.60, Left
1761465399269, 11.54, -11.73, 0.60, Left
1761465399341, 11.52, -11.97, 0.56, Left
1761465399386, 11.70, -11.94, 0.51, Left
1761465399433, 11.88, -11.90, 0.47, Left
1761465399481, 12.02, -12.46, 0.50, Left
1761465399527, 12.25, -13.32, 0.60, Left
1761465399599, 12.22, -13.18, 0.50, Left
1761465399647, 12.18, -13.59, 0.48, Left
1761465399694, 12.11, -13.74, 0.38, Left
1761465399740, 12.02, -13.56, 0.33, Left
1761465399785, 12.00, -13.46, 0.32, Left
1761465399869, 12.09, -13.53, 0.37, Left
1761465399915, 12.14, -13.71, 0.45, Left
1761465399963, 12.20, -13.70, 0.47, Left
1761465400009, 12.21, -13.58, 0.52, Left
1761465400057, 12.21, -13.10, 0.50, Left
1761465400142, 12.43, -13.73, 0.72, Left
1761465400190, 12.67, -14.02, 0.86, Left
1761465400239, 12.87, -14.25, 1.00, Left
1761465400289, 13.05, -14.62, 1.17, Left
1761465400337, 13.07, -14.57, 1.27, Left
1761465400403, 13.05, -14.57, 1.35, Left
1761465400452, 12.98, -14.65, 1.45, Left
1761465400503, 12.91, -14.74, 1.52, Left
1761465400547, 12.88, -15.08, 1.66, Left
1761465400595, 12.90, -15.33, 1.78, Left
1761465400666, 12.82, -15.70, 1.86, Left
1761465400714, 12.74, -15.99, 1.98, Left
1761465400761, 12.68, -16.51, 2.14, Left
1761465400809, 12.61, -16.90, 2.20, Left
1761465400854, 12.62, -17.53, 2.32, Left
1761465400942, 12.62, -17.49, 2.24, Left
1761465400987, 12.51, -17.32, 2.12, Left
1761465401034, 12.38, -17.30, 2.03, Left
1761465401082, 12.43, -17.34, 1.95, Left
1761465401136, 12.39, -17.42, 1.91, Left
1761465401206, 12.40, -17.49, 1.90, Left
1761465401251, 12.46, -17.73, 1.89, Left
1761465401308, 12.53, -17.75, 1.88, Left
1761465401353, 12.57, -18.01, 1.94, Left
1761465401401, 12.64, -18.21, 1.96, Left
1761465401468, 12.79, -18.79, 2.09, Left
1761465401518, 13.00, -19.46, 2.26, Left
1761465401567, 13.23, -20.05, 2.44, Left
1761465401613, 13.31, -20.45, 2.53, Left
1761465401661, 13.44, -20.85, 2.58, Left
1761465401742, 13.47, -20.82, 2.55, Left
1761465401792, 13.56, -20.80, 2.52, Left
1761465401839, 13.64, -21.00, 2.51, Left
1761465401885, 13.78, -20.75, 2.40, Left
1761465401930, 13.81, -20.41, 2.26, Left
1761465401999, 13.83, -20.58, 2.32, Left
1761465402048, 13.76, -20.76, 2.30, Left
1761465402096, 13.74, -21.08, 2.34, Left
1761465402143, 13.58, -21.04, 2.33, Left
1761465402190, 13.45, -21.10, 2.33, Left
1761465402268, 13.45, -21.42, 2.40, Left
1761465402313, 13.34, -21.64, 2.46, Left
1761465402359, 13.21, -21.81, 2.51, Left
1761465402407, 13.12, -22.20, 2.63, Left
1761465402451, 13.08, -22.80, 2.80, Left
1761465402539, 13.05, -22.80, 2.79, Left
1761465402583, 13.17, -22.84, 2.81, Left
1761465402628, 13.16, -22.83, 2.77, Left
1761465402674, 13.30, -23.00, 2.81, Left
1761465402721, 13.44, -23.18, 2.85, Left
1761465402799, 13.58, -23.31, 2.89, Left
1761465402846, 13.66, -23.34, 2.90, Left
1761465402893, 13.74, -23.38, 2.91, Left
1761465402939, 13.75, -23.42, 2.92, Left
1761465402986, 13.89, -23.11, 2.81, Left
1761465403067, 13.97, -23.18, 2.77, Left
1761465403112, 13.99, -23.12, 2.71, Left
1761465403161, 14.10, -23.12, 2.72, Left
1761465403207, 14.10, -23.15, 2.65, Left
1761465403253, 14.06, -22.96, 2.55, Left
1761465403339, 14.11, -22.90, 2.51, Left
1761465403384, 14.15, -22.83, 2.47, Left
1761465403429, 14.16, -22.79, 2.41, Left
1761465403477, 14.27, -22.87, 2.40, Left
1761465403523, 14.19, -23.12, 2.46, Left
1761465403597, 14.19, -22.83, 2.44, Left
1761465403642, 14.12, -22.82, 2.46, Left
1761465403687, 14.10, -22.95, 2.45, Left
1761465403738, 14.07, -22.83, 2.45, Left
1761465403784, 14.04, -22.93, 2.49, Left
1761465403864, 13.98, -22.71, 2.41, Left
1761465403913, 13.98, -22.60, 2.40, Left
1761465403959, 13.97, -22.44, 2.40, Left
1761465404007, 13.88, -22.31, 2.35, Left
1761465404056, 13.84, -22.17, 2.30, Left
1761465404144, 13.78, -22.52, 2.31, Left
1761465404193, 13.81, -22.66, 2.32, Left
1761465404240, 13.78, -22.59, 2.31, Left
1761465404286, 13.83, -22.83, 2.33, Left
1761465404333, 13.94, -22.77, 2.31, Left
1761465404399, 13.89, -23.11, 2.33, Left
1761465404450, 13.91, -23.42, 2.34, Left
1761465404500, 13.97, -23.64, 2.37, Left
1761465404550, 14.06, -23.88, 2.40, Left
1761465404599, 14.21, -24.14, 2.46, Left
1761465404668, 14.30, -23.80, 2.42, Left
1761465404715, 14.41, -23.83, 2.45, Left
1761465404765, 14.51, -23.74, 2.46, Left
1761465404813, 14.57, -23.49, 2.46, Left
1761465404860, 14.60, -23.60, 2.47, Left
1761465404939, 14.64, -23.63, 2.45, Left
1761465404985, 14.64, -23.30, 2.40, Left
1761465405032, 14.66, -23.37, 2.33, Left
1761465405081, 14.67, -23.33, 2.26, Left
1761465405126, 14.62, -23.39, 2.21, Left
1761465405198, 14.60, -23.50, 2.16, Left
1761465405249, 14.61, -23.54, 2.11, Left
1761465405298, 14.61, -23.75, 2.09, Left
1761465405348, 14.59, -23.57, 2.01, Left
1761465405394, 14.53, -23.45, 1.97, Left
1761465405472, 14.59, -23.35, 1.97, Left
1761465405522, 14.59, -23.62, 1.98, Left
1761465405575, 14.56, -23.61, 1.98, Left
1761465405624, 14.65, -22.94, 1.88, Left
1761465405673, 14.59, -22.25, 1.73, Left
1761465405747, 14.65, -22.08, 1.76, Left
1761465405799, 14.63, -21.78, 1.77, Left
1761465405850, 14.60, -21.40, 1.73, Left
1761465405900, 14.59, -21.55, 1.77, Left
1761465405952, 14.54, -21.37, 1.77, Left
1761465406005, 14.50, -21.16, 1.77, Left
1761465406055, 14.43, -20.89, 1.80, Left
1761465406101, 14.33, -20.65, 1.83, Left
1761465406147, 14.13, -20.95, 1.95, Left
1761465406196, 14.07, -21.32, 2.07, Left
1761465406267, 13.89, -21.49, 2.08, Left
1761465406311, 13.77, -21.44, 2.08, Left
1761465406360, 13.72, -21.44, 2.11, Left
1761465406410, 13.69, -21.46, 2.14, Left
1761465406461, 13.72, -21.63, 2.17, Left
1761465406551, 13.69, -21.81, 2.22, Left
1761465406609, 13.76, -22.01, 2.25, Left
1761465406670, 13.86, -22.17, 2.30, Left
1761465406728, 13.91, -22.28, 2.30, Left
1761465406777, 13.96, -22.06, 2.27, Left
1761465406837, 14.06, -21.98, 2.27, Left
1761465406928, 14.20, -22.21, 2.31, Left
1761465406975, 14.16, -22.37, 2.33, Left
1761465407024, 14.11, -22.51, 2.35, Left
1761465407069, 14.14, -22.59, 2.39, Left
1761465407117, 14.06, -22.65, 2.38, Left
1761465407199, 14.08, -22.88, 2.37, Left
1761465407246, 14.07, -23.21, 2.38, Left
1761465407293, 14.08, -23.65, 2.42, Left
1761465407341, 14.13, -24.23, 2.53, Left
1761465407387, 14.08, -24.63, 2.56, Left
1761465407469, 14.03, -24.97, 2.57, Left
1761465407518, 14.08, -25.22, 2.55, Left
1761465407567, 14.13, -25.33, 2.56, Left
1761465407616, 14.10, -25.54, 2.50, Left
1761465407669, 14.18, -25.69, 2.46, Left
1761465407730, 14.26, -25.55, 2.37, Left
1761465407777, 14.46, -25.52, 2.31, Left
1761465407825, 14.59, -25.53, 2.27, Left
1761465407871, 14.72, -25.64, 2.26, Left
1761465407916, 14.85, -25.70, 2.28, Left
1761465407998, 14.92, -25.53, 2.23, Left
1761465408045, 14.99, -25.68, 2.26, Left
1761465408092, 15.07, -25.84, 2.27, Left
1761465408141, 15.19, -25.95, 2.26, Left
1761465408188, 15.32, -26.22, 2.29, Left
1761465408268, 15.33, -26.64, 2.39, Left
1761465408314, 15.28, -26.63, 2.43, Left
1761465408362, 15.30, -26.57, 2.44, Left
1761465408409, 15.21, -26.50, 2.39, Left
1761465408460, 15.23, -26.47, 2.35, Left
1761465408527, 15.26, -26.65, 2.37, Left
1761465408576, 15.30, -26.69, 2.36, Left
1761465408626, 15.34, -26.69, 2.34, Left
1761465408675, 15.31, -26.62, 2.37, Left
1761465408722, 15.27, -26.39, 2.35, Left
1761465408796, 15.21, -26.14, 2.30, Left
1761465408845, 15.17, -26.12, 2.27, Left
1761465408892, 15.13, -26.09, 2.25, Left
1761465408941, 15.22, -26.09, 2.27, Left
1761465408987, 15.28, -26.05, 2.27, Left
1761465409068, 15.34, -25.63, 2.15, Left
1761465409112, 15.41, -25.24, 2.06, Left
1761465409157, 15.50, -24.94, 2.00, Left
1761465409203, 15.60, -24.88, 2.03, Left
1761465409248, 15.66, -24.76, 2.02, Left
1761465409323, 15.75, -24.68, 2.05, Left
1761465409369, 15.71, -24.78, 2.08, Left
1761465409413, 15.67, -24.89, 2.10, Left
1761465409464, 15.59, -25.03, 2.14, Left
1761465409511, 15.55, -25.13, 2.18, Left
1761465409596, 15.45, -25.32, 2.27, Left
1761465409643, 15.41, -25.46, 2.33, Left
1761465409690, 15.33, -25.68, 2.38, Left
1761465409736, 15.27, -25.74, 2.37, Left
1761465409779, 15.19, -25.86, 2.38, Left
1761465409868, 15.16, -25.79, 2.33, Left
1761465409914, 15.20, -25.78, 2.31, Left
1761465409961, 15.25, -25.76, 2.30, Left
1761465410007, 15.25, -25.71, 2.29, Left
1761465410058, 15.19, -25.55, 2.21, Left
1761465410127, 15.23, -25.14, 2.13, Left
1761465410173, 15.29, -24.77, 2.08, Left
1761465410221, 15.44, -24.50, 2.08, Left
1761465410267, 15.57, -24.08, 2.03, Left
1761465410312, 15.72, -23.92, 2.00, Left
1761465410394, 15.75, -23.88, 2.03, Left
1761465410443, 15.79, -23.56, 2.01, Left
1761465410491, 15.83, -23.23, 1.99, Left
1761465410540, 15.77, -22.81, 1.93, Left
1761465410584, 15.74, -22.55, 1.93, Left
1761465410671, 15.71, -22.82, 2.01, Left
1761465410717, 15.62, -23.06, 2.05, Left
1761465410764, 15.45, -23.07, 2.02, Left
1761465410811, 15.23, -23.07, 2.02, Left
1761465410858, 15.02, -22.86, 1.97, Left
1761465410928, 14.92, -22.65, 1.96, Left
1761465410976, 14.76, -22.63, 1.96, Left
1761465411024, 14.59, -22.61, 1.97, Left
1761465411072, 14.53, -22.54, 2.00, Left
1761465411118, 14.50, -22.54, 2.03, Left
1761465411194, 14.44, -22.39, 2.00, Left
1761465411241, 14.36, -22.26, 2.00, Left
1761465411286, 14.28, -22.24, 2.03, Left
1761465411332, 14.27, -22.25, 2.01, Left
1761465411379, 14.31, -22.25, 2.05, Left
1761465411467, 14.25, -22.24, 1.97, Left
1761465411512, 14.24, -22.05, 1.88, Left
1761465411560, 14.36, -21.99, 1.82, Left
1761465411607, 14.43, -21.55, 1.68, Left
1761465411654, 14.49, -21.12, 1.56, Left
1761465411730, 14.59, -20.95, 1.50, Left
1761465411785, 14.64, -20.74, 1.44, Left
1761465411833, 14.64, -20.49, 1.37, Left
1761465411883, 14.68, -20.45, 1.39, Left
1761465411935, 14.63, -20.45, 1.40, Left
1761465412000, 14.73, -20.40, 1.46, Left
1761465412050, 14.73, -20.46, 1.51, Left
1761465412098, 14.69, -20.37, 1.56, Left
1761465412145, 14.71, -20.71, 1.67, Left
1761465412191, 14.70, -21.09, 1.76, Left
1761465412267, 14.57, -21.29, 1.81, Left
1761465412310, 14.55, -21.52, 1.85, Left
1761465412357, 14.54, -21.74, 1.90, Left
1761465412403, 14.44, -21.65, 1.85, Left
1761465412448, 14.49, -21.61, 1.84, Left
1761465412525, 14.41, -21.72, 1.80, Left
1761465412572, 14.54, -21.56, 1.75, Left
1761465412619, 14.56, -21.41, 1.68, Left
1761465412665, 14.61, -21.35, 1.65, Left
1761465412710, 14.66, -21.37, 1.62, Left
1761465412803, 14.67, -21.29, 1.61, Left
1761465412853, 14.62, -21.15, 1.53, Left
1761465412900, 14.63, -21.00, 1.46, Left
1761465412945, 14.67, -21.24, 1.51, Left
1761465412991, 14.71, -21.43, 1.54, Left
1761465413068, 14.77, -21.63, 1.61, Left
1761465413111, 14.79, -21.99, 1.71, Left
1761465413158, 14.72, -22.26, 1.79, Left
1761465413205, 14.65, -22.55, 1.85, Left
1761465413250, 14.70, -22.54, 1.83, Left
1761465413325, 14.77, -22.71, 1.86, Left
1761465413371, 14.76, -22.80, 1.90, Left
1761465413414, 14.79, -23.11, 2.01, Left
1761465413463, 14.83, -23.09, 2.03, Left
1761465413511, 14.77, -22.81, 1.97, Left
1761465413594, 14.73, -22.59, 1.93, Left
1761465413640, 14.61, -22.35, 1.84, Left
1761465413688, 14.58, -22.19, 1.78, Left
1761465413733, 14.52, -22.14, 1.79, Left
1761465413778, 14.35, -22.20, 1.84, Left
1761465413869, 14.27, -22.36, 1.91, Left
1761465413913, 14.19, -22.76, 1.99, Left
1761465413963, 14.15, -22.90, 2.03, Left
1761465414010, 14.05, -23.16, 2.09, Left
1761465414056, 13.97, -23.62, 2.17, Left
1761465414125, 13.87, -23.99, 2.24, Left
1761465414170, 13.85, -24.42, 2.36, Left
1761465414215, 13.82, -24.85, 2.49, Left
1761465414261, 13.81, -25.16, 2.55, Left
1761465414309, 13.80, -25.51, 2.61, Left
1761465414397, 13.76, -25.46, 2.55, Left
1761465414446, 13.82, -25.48, 2.54, Left
1761465414495, 13.78, -25.58, 2.50, Left
1761465414542, 13.86, -25.52, 2.44, Left
1761465414590, 13.98, -25.51, 2.44, Left
1761465414670, 14.10, -25.36, 2.42, Left
1761465414714, 14.15, -25.22, 2.38, Left
1761465414766, 14.19, -25.12, 2.36, Left
1761465414818, 14.21, -24.87, 2.32, Left
1761465414863, 14.24, -24.60, 2.30, Left
1761465414931, 14.29, -24.57, 2.37, Left
1761465414980, 14.33, -24.35, 2.37, Left
1761465415030, 14.36, -24.06, 2.35, Left
1761465415080, 14.35, -23.79, 2.34, Left
1761465415129, 14.31, -23.43, 2.28, Left
1761465415197, 14.28, -23.41, 2.25, Left
1761465415246, 14.30, -23.41, 2.23, Left
1761465415295, 14.32, -23.36, 2.18, Left
1761465415345, 14.39, -23.35, 2.17, Left
1761465415395, 14.40, -23.25, 2.10, Left
1761465415469, 14.42, -23.19, 2.04, Left
1761465415519, 14.42, -22.81, 1.91, Left
1761465415567, 14.40, -22.45, 1.83, Left
1761465415617, 14.41, -22.34, 1.78, Left
1761465415665, 14.40, -22.22, 1.73, Left
1761465415735, 14.37, -22.01, 1.67, Left
1761465415784, 14.34, -21.68, 1.59, Left
1761465415832, 14.28, -21.30, 1.51, Left
1761465415880, 14.13, -20.67, 1.34, Left
1761465415932, 14.11, -20.10, 1.18, Left
1761465415999, 14.13, -19.67, 1.08, Left
1761465416046, 14.14, -19.56, 1.07, Left
1761465416097, 14.17, -19.41, 1.04, Left
1761465416149, 14.16, -19.15, 0.99, Left
1761465416198, 14.09, -18.92, 0.94, Left
1761465416271, 14.08, -18.49, 0.88, Left
1761465416318, 14.08, -18.35, 0.85, Left
1761465416362, 14.09, -18.26, 0.83, Left
1761465416412, 14.21, -18.38, 0.86, Left
1761465416463, 14.23, -18.51, 0.91, Left
1761465416531, 14.15, -18.65, 0.93, Left
1761465416579, 14.10, -18.77, 0.93, Left
1761465416630, 14.05, -18.93, 0.95, Left
1761465416678, 13.99, -18.88, 0.91, Left
1761465416742, 14.01, -18.59, 0.84, Left
1761465416807, 14.00, -18.67, 0.83, Left
1761465416862, 13.97, -18.59, 0.80, Left
1761465416923, 13.95, -18.50, 0.78, Left
1761465416970, 13.89, -18.53, 0.76, Left
1761465417031, 13.77, -18.38, 0.72, Left
1761465417079, 13.72, -18.27, 0.67, Left
1761465417201, 13.69, -17.98, 0.61, Left
1761465417252, 13.73, -17.56, 0.55, Left
1761465417301, 13.80, -17.34, 0.52, Left
1761465417349, 13.80, -17.66, 0.56, Left
1761465417396, 13.76, -17.60, 0.53, Left
1761465417470, 13.76, -17.37, 0.41, Left
1761465417519, 13.76, -17.30, 0.33, Left
1761465417569, 13.79, -17.19, 0.28, Left
1761465417619, 13.88, -17.36, 0.33, Left
1761465417668, 13.95, -17.29, 0.33, Left
1761465417729, 13.96, -17.35, 0.35, Left
1761465417776, 13.92, -17.64, 0.38, Left
1761465417824, 13.85, -17.83, 0.42, Left
1761465417873, 13.84, -17.96, 0.45, Left
1761465417918, 13.92, -18.25, 0.53, Left
1761465417999, 13.90, -18.59, 0.67, Left
1761465418043, 13.91, -18.71, 0.77, Left
1761465418094, 13.96, -18.99, 0.87, Left
1761465418142, 14.01, -19.37, 0.93, Left
1761465418190, 14.05, -19.72, 1.00, Left
1761465418255, 14.12, -20.10, 1.03, Left
1761465418356, 14.18, -20.19, 1.01, Left
1761465418404, 14.16, -20.48, 1.02, Left
1761465418451, 14.14, -20.51, 1.05, Left
1761465418496, 14.08, -20.55, 1.03, Left
1761465418546, 14.08, -20.66, 1.03, Left
1761465418657, 13.99, -20.64, 0.96, Left
1761465418708, 13.94, -20.55, 0.91, Left
1761465418758, 13.85, -20.24, 0.84, Left
1761465418806, 13.80, -20.14, 0.78, Left
1761465418854, 13.78, -19.89, 0.74, Left
1761465418933, 13.78, -19.99, 0.76, Left
1761465418981, 13.78, -19.92, 0.74, Left
1761465419031, 13.78, -19.96, 0.71, Left
1761465419079, 13.86, -19.71, 0.64, Left
1761465419129, 13.89, -19.56, 0.56, Left
1761465419196, 13.92, -19.14, 0.50, Left
1761465419244, 13.93, -19.17, 0.51, Left
1761465419294, 14.00, -18.98, 0.46, Left
1761465419342, 14.08, -18.79, 0.44, Left
1761465419389, 14.04, -18.81, 0.47, Left
1761465419454, 14.00, -18.61, 0.45, Left
1761465419499, 13.99, -18.37, 0.41, Left
1761465419545, 14.06, -18.02, 0.35, Left
1761465419594, 14.01, -17.91, 0.36, Left
1761465419641, 14.06, -18.00, 0.45, Left
1761465419730, 14.10, -18.39, 0.56, Left
1761465419778, 14.07, -18.25, 0.55, Left
1761465419829, 14.03, -18.44, 0.64, Left
1761465419877, 13.88, -18.59, 0.70, Left
1761465419922, 13.81, -18.72, 0.72, Left
1761465419999, 13.79, -18.81, 0.75, Left
1761465420046, 13.89, -19.11, 0.83, Left
1761465420098, 13.90, -19.42, 0.91, Left
1761465420145, 13.82, -19.75, 0.97, Left
1761465420195, 13.75, -19.74, 0.95, Left
1761465420254, 13.74, -20.00, 0.97, Left
1761465420302, 13.76, -20.36, 1.02, Left
1761465420348, 13.69, -20.63, 1.03, Left
1761465420396, 13.78, -20.73, 1.01, Left
1761465420448, 13.80, -20.83, 1.03, Left
1761465420533, 13.73, -20.92, 1.03, Left
1761465420580, 13.64, -20.90, 1.02, Left
1761465420631, 13.55, -20.87, 1.01, Left
1761465420678, 13.56, -20.63, 1.01, Left
1761465420727, 13.53, -20.52, 1.00, Left
1761465420797, 13.54, -20.49, 1.02, Left
1761465420844, 13.48, -20.27, 0.99, Left
1761465420894, 13.56, -20.27, 1.03, Left
1761465420944, 13.54, -20.07, 1.00, Left
1761465420992, 13.56, -19.84, 0.93, Left
1761465421054, 13.65, -19.73, 0.93, Left
1761465421101, 13.71, -19.59, 0.93, Left
1761465421146, 13.78, -19.45, 0.93, Left
1761465421195, 13.84, -19.50, 0.93, Left
1761465421244, 13.86, -19.56, 0.93, Left
1761465421329, 13.87, -19.09, 0.81, Left
1761465421378, 13.88, -18.99, 0.71, Left
1761465421429, 13.81, -18.59, 0.55, Left
1761465421480, 13.85, -18.57, 0.53, Left
1761465421529, 13.86, -18.67, 0.55, Left
1761465421597, 13.84, -18.54, 0.53, Left
1761465421648, 13.84, -18.58, 0.51, Left
1761465421696, 13.83, -18.59, 0.50, Left
1761465421745, 13.79, -18.53, 0.45, Left
1761465421793, 13.78, -18.52, 0.43, Left
1761465421854, 13.75, -18.81, 0.53, Left
1761465421902, 13.81, -18.94, 0.67, Left
1761465421949, 13.84, -18.95, 0.77, Left
1761465421998, 13.81, -18.76, 0.79, Left
1761465422045, 13.81, -18.64, 0.74, Left
1761465422129, 13.77, -18.60, 0.69, Left
1761465422177, 13.73, -18.50, 0.65, Left
1761465422227, 13.71, -18.47, 0.61, Left
1761465422295, 13.71, -18.62, 0.62, Left
1761465422349, 13.72, -18.65, 0.61, Left
1761465422404, 13.69, -18.17, 0.50, Left
1761465422454, 13.62, -17.97, 0.39, Left
1761465422503, 13.57, -17.98, 0.29, Left
1761465422550, 13.58, -18.13, 0.23, Left
1761465422593, 13.58, -18.35, 0.26, Left
1761465422653, 13.59, -18.67, 0.28, Left
1761465422697, 13.61, -18.90, 0.32, Left
1761465422741, 13.63, -19.09, 0.35, Left
1761465422787, 13.65, -19.17, 0.38, Left
1761465422832, 13.73, -19.18, 0.37, Left
1761465422925, 13.81, -19.62, 0.41, Left
1761465422974, 13.91, -19.74, 0.43, Left
1761465423022, 13.99, -19.88, 0.47, Left
1761465423067, 14.01, -20.04, 0.53, Left
1761465423112, 14.06, -19.87, 0.52, Left
1761465423194, 14.02, -19.03, 0.40, Left
1761465423237, 13.96, -18.51, 0.31, Left
1761465423280, 13.94, -18.08, 0.21, Left
1761465423329, 14.06, -17.81, 0.18, Left
1761465423376, 13.99, -17.58, 0.18, Left
1761465423450, 13.91, -17.31, 0.16, Left
1761465423493, 13.84, -17.02, 0.14, Left
1761465423538, 13.80, -16.76, 0.14, Left
1761465423580, 13.75, -16.35, 0.07, Left
1761465423623, 13.70, -16.08, 0.02, Left
1761465423720, 13.70, -16.49, 0.13, Left
1761465423764, 13.77, -16.87, 0.23, Left
1761465423807, 13.80, -16.90, 0.29, Left
1761465423850, 13.64, -16.83, 0.29, Left
1761465423894, 13.58, -16.79, 0.30, Left
1761465423994, 13.56, -17.20, 0.36, Left
1761465424042, 13.52, -17.66, 0.47, Left
1761465424089, 13.48, -18.03, 0.55, Left
1761465424134, 13.41, -18.41, 0.62, Left
1761465424177, 13.35, -18.77, 0.71, Left
1761465424254, 13.39, -19.11, 0.78, Left
1761465424300, 13.37, -19.19, 0.78, Left
1761465424345, 13.34, -19.54, 0.84, Left
1761465424393, 13.38, -19.82, 0.89, Left
1761465424444, 13.40, -20.05, 0.90, Left
1761465424530, 13.33, -19.98, 0.93, Left
1761465424575, 13.33, -19.61, 0.87, Left
1761465424622, 13.31, -19.63, 0.88, Left
1761465424667, 13.36, -19.49, 0.91, Left
1761465424715, 13.41, -19.49, 0.94, Left
1761465424798, 13.46, -19.27, 0.90, Left
1761465424841, 13.45, -19.11, 0.83, Left
1761465424888, 13.51, -18.89, 0.77, Left
1761465424935, 13.50, -19.02, 0.78, Left
1761465424982, 13.51, -19.21, 0.81, Left
1761465425052, 13.57, -19.45, 0.82, Left
1761465425098, 13.62, -19.86, 0.89, Left
1761465425144, 13.71, -20.06, 0.93, Left
1761465425187, 13.80, -20.24, 0.95, Left
1761465425232, 13.81, -20.34, 0.95, Left
1761465425325, 13.76, -20.72, 1.03, Left
1761465425381, 13.78, -21.03, 1.14, Left
1761465425432, 13.73, -21.41, 1.23, Left
1761465425483, 13.73, -21.22, 1.20, Left
1761465425533, 13.69, -21.23, 1.22, Left
1761465425595, 13.79, -20.86, 1.15, Left
1761465425655, 13.80, -20.29, 1.04, Left
1761465425704, 13.71, -19.58, 0.87, Left
1761465425755, 13.60, -19.57, 0.79, Left
1761465425803, 13.62, -19.69, 0.77, Left
1761465425854, 13.56, -19.48, 0.71, Left
1761465425900, 13.56, -19.41, 0.69, Left
1761465425946, 13.54, -19.31, 0.67, Left
1761465425991, 13.55, -19.27, 0.69, Left
1761465426038, 13.60, -19.39, 0.72, Left
1761465426123, 13.53, -19.65, 0.78, Left
1761465426167, 13.46, -20.17, 0.90, Left
1761465426214, 13.53, -20.75, 1.02, Left
1761465426260, 13.54, -20.58, 1.03, Left
1761465426305, 13.50, -20.30, 1.01, Left
1761465426394, 13.63, -20.42, 1.04, Left
1761465426438, 13.59, -20.31, 1.01, Left
1761465426482, 13.58, -20.23, 0.99, Left
1761465426528, 13.59, -20.00, 0.91, Left
1761465426574, 13.64, -18.98, 0.68, Left
1761465426651, 13.68, -18.70, 0.63, Left
1761465426696, 13.72, -18.47, 0.57, Left
1761465426741, 13.74, -18.21, 0.52, Left
1761465426784, 13.77, -18.12, 0.49, Left
1761465426830, 13.76, -18.10, 0.48, Left
1761465426923, 13.75, -18.12, 0.48, Left
1761465426967, 13.86, -18.25, 0.50, Left
1761465427012, 13.96, -18.30, 0.50, Left
1761465427058, 13.90, -18.70, 0.58, Left
1761465427104, 13.82, -19.52, 0.76, Left
1761465427196, 13.77, -19.48, 0.75, Left
1761465427241, 13.73, -19.60, 0.75, Left
1761465427284, 13.68, -19.79, 0.76, Left
1761465427329, 13.70, -20.03, 0.82, Left
1761465427374, 13.76, -20.26, 0.89, Left
1761465427450, 13.74, -20.13, 0.89, Left
1761465427494, 13.67, -20.01, 0.90, Left
1761465427538, 13.60, -19.97, 0.92, Left
1761465427581, 13.64, -19.89, 0.96, Left
1761465427624, 13.74, -19.19, 0.82, Left
1761465427725, 13.55, -18.40, 0.66, Left
1761465427772, 13.45, -17.59, 0.49, Left
1761465427818, 13.25, -16.68, 0.31, Left
1761465427862, 12.95, -15.48, 0.14, Left
1761465427906, 12.66, -13.96, -0.14, Left
1761465427994, 12.26, -12.59, -0.42, Left
1761465428041, 11.90, -11.21, -0.70, Left
1761465428086, 11.55, -9.83, -0.98, Up
1761465428132, 11.27, -9.21, -1.16, Up
1761465428177, 10.95, -9.32, -1.13, Up
1761465428252, 10.89, -9.95, -1.04, Up
1761465428298, 10.78, -10.43, -0.94, Left
1761465428342, 10.78, -10.83, -0.84, Left
1761465428387, 10.82, -11.52, -0.78, Left
1761465428432, 10.90, -12.54, -0.64, Left
1761465428476, 11.08, -13.59, -0.46, Left
1761465428524, 11.20, -14.59, -0.30, Left
1761465428568, 11.26, -15.85, -0.08, Left
1761465428611, 11.25, -16.41, 0.05, Left
1761465428656, 11.22, -17.08, 0.20, Left
1761465428779, 11.37, -17.73, 0.46, Left
1761465428825, 11.41, -18.42, 0.71, Left
1761465428870, 11.47, -19.32, 1.00, Left
1761465428925, 11.66, -20.60, 1.50, Left
1761465428974, 11.74, -21.54, 1.96, Left
1761465429051, 11.86, -22.59, 2.52, Left
1761465429094, 11.82, -23.46, 3.04, Left
1761465429139, 11.89, -24.18, 3.50, Left
1761465429182, 12.08, -25.03, 4.06, Left
1761465429323, 12.12, -25.55, 4.54, Left
1761465429367, 11.98, -26.02, 4.94, Left
1761465429450, 11.95, -26.47, 5.36, Left
1761465429494, 11.91, -26.82, 5.76, Left
1761465429540, 11.75, -26.79, 5.94, Left
1761465429588, 11.59, -26.76, 6.09, Left
1761465429730, 11.48, -26.59, 6.18, Left
1761465429778, 11.57, -26.81, 6.37, Left
1761465429856, 11.67, -26.97, 6.64, Left
1761465429906, 11.54, -27.00, 6.79, Left
1761465429955, 11.59, -27.09, 6.92, Left
1761465430021, 11.62, -27.03, 6.99, Left
1761465430133, 11.51, -26.90, 6.98, Left
1761465430188, 11.42, -26.68, 6.97, Left
1761465430255, 11.35, -26.43, 6.96, Left
1761465430314, 11.34, -26.35, 6.98, Left
1761465430363, 11.23, -26.35, 6.96, Left
1761465430409, 11.16, -26.22, 6.92, Left
1761465430522, 11.02, -26.03, 6.76, Left
1761465430566, 11.03, -25.69, 6.59, Left
1761465430651, 10.95, -25.48, 6.44, Left
1761465430696, 10.93, -25.34, 6.32, Left
1761465430739, 10.93, -25.27, 6.26, Left
1761465430783, 11.10, -25.06, 6.17, Left
1761465430927, 11.29, -25.09, 6.07, Left
1761465430975, 11.54, -25.14, 6.00, Left
1761465431054, 11.69, -24.96, 5.86, Left
1761465431100, 11.83, -24.84, 5.74, Left
1761465431145, 11.93, -24.67, 5.63, Left
1761465431189, 12.04, -24.75, 5.45, Left
1761465431322, 12.34, -24.67, 5.21, Left
1761465431368, 12.69, -24.54, 4.98, Left
1761465431450, 13.32, -24.56, 4.46, Left
1761465431493, 13.73, -24.56, 3.94, Left
1761465431537, 14.06, -24.33, 3.47, Left
1761465431582, 14.35, -23.82, 2.77, Left
1761465431725, 14.79, -23.71, 2.17, Left
1761465431774, 15.11, -23.65, 1.58, Left
1761465431852, 15.59, -23.35, 0.95, Left
1761465431897, 16.10, -22.18, 0.27, Left
1761465431941, 16.47, -21.41, -0.30, Left
1761465431984, 16.88, -20.95, -0.79, Left
1761465432124, 16.97, -20.58, -0.90, Left
1761465432168, 17.08, -20.60, -0.97, Left
1761465432253, 17.12, -20.43, -1.09, Left
1761465432297, 17.12, -20.38, -1.06, Left
1761465432343, 17.08, -20.10, -1.08, Left
1761465432389, 17.18, -19.69, -1.07, Left
1761465432526, 17.16, -19.65, -0.95, Left
1761465432570, 16.94, -20.56, -0.69, Left
1761465432657, 16.89, -20.90, -0.45, Left
1761465432709, 16.72, -21.17, -0.30, Left
1761465432754, 16.67, -21.17, -0.26, Left
1761465432800, 16.67, -20.56, -0.27, Left
1761465432923, 16.70, -20.76, -0.14, Left
1761465432968, 16.70, -21.23, 0.08, Left
1761465433057, 16.75, -21.47, 0.28, Left
1761465433109, 16.69, -21.81, 0.44, Left
1761465433154, 16.65, -21.95, 0.52, Left
1761465433201, 16.75, -22.04, 0.62, Left
1761465433327, 16.57, -22.35, 0.69, Left
1761465433373, 16.44, -22.42, 0.77, Left
1761465433457, 16.32, -22.79, 0.88, Left
1761465433505, 16.22, -23.43, 1.03, Left
1761465433551, 16.13, -23.48, 1.04, Left
1761465433602, 16.12, -23.23, 1.01, Left
1761465433721, 16.04, -23.24, 1.01, Left
1761465433764, 16.00, -23.13, 0.97, Left
1761465433852, 15.90, -23.31, 1.01, Left
1761465433899, 15.85, -23.28, 1.01, Left
1761465433947, 15.86, -23.32, 1.02, Left
1761465433991, 15.95, -23.27, 1.01, Left
1761465434121, 15.94, -23.00, 0.96, Left
1761465434165, 15.95, -22.86, 0.89, Left
1761465434250, 15.99, -22.66, 0.84, Left
1761465434294, 15.96, -22.85, 0.80, Left
1761465434337, 15.92, -23.05, 0.78, Left
1761465434382, 15.91, -22.56, 0.67, Left
1761465434522, 16.13, -22.20, 0.54, Left
1761465434566, 16.18, -21.99, 0.46, Left
1761465434649, 16.26, -21.68, 0.39, Left
1761465434698, 16.19, -21.81, 0.40, Left
1761465434742, 16.24, -21.92, 0.44, Left
1761465434788, 16.28, -21.90, 0.45, Left
1761465434925, 16.16, -22.05, 0.50, Left
1761465434973, 16.09, -22.09, 0.56, Left
1761465435054, 15.97, -21.98, 0.61, Left
1761465435101, 15.86, -22.59, 0.75, Left
1761465435146, 15.59, -22.90, 0.86, Left
1761465435189, 15.46, -23.05, 0.92, Left
1761465435326, 15.41, -23.32, 0.97, Left
1761465435378, 15.32, -22.90, 0.89, Left
1761465435458, 15.28, -22.51, 0.85, Left
1761465435507, 15.11, -22.32, 0.86, Left
1761465435551, 15.10, -21.93, 0.80, Left
1761465435597, 15.02, -21.53, 0.71, Left
1761465435721, 15.06, -21.45, 0.70, Left
1761465435769, 15.09, -21.27, 0.67, Left
1761465435852, 15.13, -20.89, 0.56, Left
1761465435896, 15.06, -20.43, 0.44, Left
1761465435943, 14.94, -19.93, 0.33, Left
1761465435988, 14.90, -19.99, 0.33, Left
1761465436124, 14.76, -20.16, 0.30, Left
1761465436170, 14.78, -20.11, 0.22, Left
1761465436251, 14.93, -20.17, 0.25, Left
1761465436300, 15.10, -20.33, 0.31, Left
1761465436345, 15.20, -20.39, 0.34, Left
1761465436391, 15.21, -20.16, 0.25, Left
1761465436525, 15.05, -20.12, 0.23, Left
1761465436567, 15.02, -19.92, 0.19, Left
1761465436654, 14.96, -19.65, 0.13, Left
1761465436701, 14.89, -19.33, 0.05, Left
1761465436752, 14.90, -18.94, -0.02, Left
1761465436799, 14.76, -18.81, -0.10, Left
1761465436921, 14.55, -18.72, -0.21, Left
1761465436967, 14.46, -18.52, -0.35, Left
1761465437052, 14.35, -18.59, -0.45, Left
1761465437099, 14.35, -18.99, -0.43, Left
1761465437146, 14.49, -19.46, -0.37, Left
1761465437194, 14.41, -20.00, -0.29, Left
1761465437325, 14.32, -20.49, -0.22, Left
1761465437370, 14.24, -20.63, -0.21, Left
1761465437452, 14.08, -20.56, -0.23, Left
1761465437496, 13.94, -20.53, -0.16, Left
1761465437540, 13.80, -20.44, -0.12, Left
1761465437586, 13.68, -20.25, -0.11, Left
1761465437723, 13.48, -19.72, -0.21, Left
1761465437767, 13.33, -19.34, -0.28, Left
1761465437852, 13.16, -18.92, -0.32, Left
1761465437897, 13.17, -18.80, -0.38, Left
1761465437943, 13.19, -18.89, -0.37, Left
1761465437986, 13.17, -19.25, -0.33, Left
1761465438124, 13.25, -19.73, -0.30, Left
1761465438166, 13.39, -20.12, -0.29, Left
1761465438249, 13.49, -20.54, -0.27, Left
1761465438294, 13.47, -20.91, -0.24, Left
1761465438336, 13.65, -21.45, -0.13, Left
1761465438384, 13.75, -21.32, -0.16, Left
1761465438527, 13.87, -21.14, -0.26, Left
1761465438576, 13.87, -20.90, -0.29, Left
1761465438653, 13.92, -20.55, -0.40, Left
1761465438699, 14.08, -20.41, -0.44, Left
1761465438745, 14.19, -20.32, -0.45, Left
1761465438789, 14.27, -20.28, -0.47, Left
1761465438923, 14.26, -20.16, -0.50, Left
1761465438970, 14.27, -19.81, -0.57, Left
1761465439017, 14.16, -19.37, -0.71, Left
1761465439063, 14.10, -19.77, -0.64, Left
1761465439110, 14.04, -20.16, -0.55, Left
1761465439155, 14.07, -20.47, -0.49, Left
1761465439201, 14.12, -20.24, -0.50, Left
1761465439245, 14.08, -19.72, -0.58, Left
1761465439289, 13.96, -19.11, -0.69, Left
1761465439333, 13.88, -18.76, -0.73, Left
1761465439450, 13.91, -18.43, -0.76, Left
1761465439494, 13.93, -18.47, -0.70, Left
1761465439578, 14.01, -18.52, -0.63, Left
1761465439620, 14.13, -18.70, -0.54, Left
1761465439664, 14.29, -18.74, -0.48, Left
1761465439709, 14.28, -18.62, -0.46, Left
1761465439849, 14.42, -18.62, -0.36, Left
1761465439893, 14.44, -18.57, -0.32, Left
1761465439982, 14.48, -18.75, -0.25, Left
1761465440029, 14.48, -18.58, -0.26, Left
1761465440072, 14.43, -18.39, -0.30, Left
1761465440116, 14.37, -18.26, -0.34, Left
1761465440249, 14.36, -17.97, -0.41, Left
1761465440293, 14.26, -17.39, -0.57, Left
1761465440378, 14.21, -16.96, -0.69, Left
1761465440422, 14.29, -16.84, -0.78, Left
1761465440470, 14.19, -17.16, -0.84, Left
1761465440518, 14.21, -17.22, -0.88, Left
1761465440660, 14.33, -16.32, -1.13, Left
1761465440706, 14.34, -15.50, -1.35, Left
1761465440779, 14.20, -14.89, -1.55, Left
1761465440824, 14.07, -13.92, -1.81, Left
1761465440873, 13.80, -13.14, -2.02, Left
1761465440923, 13.13, -11.90, -2.20, Left
1761465441057, 12.30, -10.25, -2.41, Left
1761465441105, 11.41, -8.54, -2.62, Up
1761465441181, 10.33, -6.88, -2.88, Up
1761465441225, 9.21, -5.43, -3.08, Forward
1761465441273, 8.07, -4.73, -3.13, Forward
1761465441321, 6.95, -3.96, -3.14, Forward
1761465441455, 6.09, -3.02, -3.13, Forward
1761465441501, 2.99, -2.21, -20.82, Forward
1761465441577, 2.22, -1.47, -20.76, Forward
1761465441621, 1.90, -1.03, -20.75, Forward
1761465441668, 1.64, -1.06, -20.71, Forward
1761465441714, 1.49, -0.98, -20.64, Forward
1761465441856, 1.62, -1.14, -20.50, Forward
1761465441904, 1.90, -1.38, -20.36, Forward
1761465441979, 0.03, -1.69, -38.05, Forward
1761465442023, 0.60, -2.04, -37.90, Forward
1761465442073, 1.16, -2.13, -37.83, Forward
1761465442123, 3.88, -2.24, -20.03, Forward
1761465442254, 4.00, -2.37, -19.95, Forward
1761465442300, 4.07, -2.45, -19.88, Forward
1761465442379, 4.24, -2.52, -19.81, Forward
1761465442424, 4.25, -2.56, -19.78, Forward
1761465442473, 4.21, -2.29, -19.76, Forward
1761465442523, 3.97, -2.13, -19.71, Forward
1761465442656, 5.87, -1.89, -1.84, Forward
1761465442707, 5.36, -1.65, -1.86, Forward
1761465442777, 4.83, -1.67, -1.80, Forward
1761465442821, 4.35, -1.69, -1.71, Forward
1761465442867, 4.20, -1.54, -1.69, Forward
1761465442913, 4.05, -1.51, -1.65, Forward
1761465443054, 3.68, -1.56, -1.63, Forward
1761465443101, 3.46, -1.54, -1.57, Forward
1761465443178, 3.89, -0.54, -1.51, Forward
1761465443222, 4.39, 0.06, -1.45, Forward
1761465443272, 4.89, 0.82, -1.35, Forward
1761465443322, 5.62, 0.91, -1.18, Forward
1761465443456, 6.38, 0.91, -1.08, Forward
1761465443508, 7.18, 0.78, -1.01, Forward
1761465443582, 8.00, 0.61, -0.98, Forward
1761465443629, 8.86, 0.58, -0.91, Forward
1761465443674, 9.87, 0.61, -0.86, Forward
1761465443722, 10.80, 0.35, -0.81, Up
1761465443855, 11.02, -1.25, -0.67, Up
1761465443902, 11.23, -2.41, -0.57, Up
1761465443980, 11.45, -3.61, -0.47, Up
1761465444025, 11.48, -4.38, -0.43, Up
1761465444073, 11.45, -5.05, -0.36, Up
1761465444122, 11.40, -5.65, -0.29, Up
1761465444255, 11.44, -6.22, -0.20, Up
1761465444304, 11.32, -6.85, -0.12, Up
1761465444378, 11.27, -7.20, -0.07, Up
1761465444424, 11.39, -7.40, -0.03, Up
1761465444472, 11.49, -7.24, -0.08, Up
1761465444521, 11.53, -7.36, -0.10, Up
1761465444655, 11.57, -7.43, -0.17, Up
1761465444704, 11.67, -7.26, -0.25, Up
1761465444780, 11.69, -7.17, -0.30, Up
1761465444827, 11.79, -7.48, -0.27, Up
1761465444875, 11.79, -7.81, -0.19, Up
1761465444922, 12.02, -7.55, -0.28, Up
1761465445054, 12.08, -7.49, -0.30, Up
1761465445102, 11.93, -7.28, -0.40, Up
1761465445181, 11.92, -6.63, -0.51, Up
1761465445224, 12.00, -5.98, -0.57, Up
1761465445273, 12.05, -5.47, -0.57, Up
1761465445321, 12.28, -5.37, -0.49, Up
1761465445453, 11.64, -5.67, 0.13, Up
1761465445499, 11.07, -5.32, 0.71, Up
1761465445708, 11.27, -5.26, 2.12, Up
1761465445754, 11.37, -4.87, 3.69, Up
1761465445800, 10.58, -5.55, -12.32, Up
1761465445848, 10.08, -5.54, -27.93, Up
1761465445896, 11.35, -5.36, -25.72, Up
1761465445941, 8.41, -5.83, -41.62, Forward
1761465445986, 9.37, -5.46, -40.58, Forward
1761465446032, 9.15, -3.15, -39.85, Forward
1761465446078, 10.11, -0.59, -39.52, Up
1761465446122, 9.52, -1.35, -57.55, Forward
1761465446258, 8.09, -0.55, -58.14, Forward
1761465446305, 6.41, -1.35, -58.53, Forward
1761465446384, 8.32, -1.00, -41.71, Forward
1761465446433, 7.39, -2.19, -43.34, Forward
1761465446480, 5.47, -4.18, -63.13, Forward
1761465446524, 9.21, -3.41, -46.06, Forward
1761465446654, 9.00, -5.17, -45.21, Forward
1761465446706, 9.70, -7.65, -43.89, Forward
1761465446781, 9.14, -11.24, -60.66, Left
1761465446827, 9.92, -11.57, -58.79, Left
1761465446871, 11.13, -13.39, -75.19, Left
1761465446919, 11.82, -14.72, -92.10, Left
1761465447052, 10.69, -16.18, -108.77, Left
1761465447099, 11.63, -18.02, -107.50, Left
1761465447180, 9.35, -19.24, -106.65, Left
1761465447225, 4.98, -22.09, -124.70, Left
1761465447268, 0.91, -23.23, -143.44, Left
1761465447315, 8.83, -20.01, -147.73, Left
1761465447453, 13.24, -11.60, -134.25, Left
1761465447498, 13.33, -11.66, -117.51, Left
1761465447581, 12.78, -11.01, -100.78, Left
1761465447626, 13.28, -10.35, -83.77, Left
1761465447670, 10.70, -11.12, -85.20, Left
1761465447715, 8.40, -10.58, -86.57, Left
1761465447850, 12.87, -8.33, -66.64, Up
1761465447895, 17.99, -6.31, -47.67, Up
1761465447978, 22.84, -4.30, -27.55, Up
1761465448024, 15.71, -7.45, -23.28, Up
1761465448069, 13.18, -14.48, -18.80, Left
1761465448113, 13.52, -13.71, -18.74, Left
1761465448253, 11.01, -14.65, -37.26, Left
1761465448299, 6.74, -14.70, -55.77, Left
1761465448381, 9.17, -12.99, -37.15, Left
1761465448427, 9.28, -12.60, -36.68, Left
1761465448471, 7.25, -12.03, -36.84, Left
1761465448517, 2.44, -14.16, -55.86, Left
1761465448653, 0.26, -14.92, -57.65, Left
1761465448697, -1.99, -15.70, -58.29, Left
1761465448782, -4.11, -16.73, -59.01, Left
1761465448828, -4.80, -17.63, -58.91, Left
1761465448878, -2.22, -17.04, -40.29, Left
1761465448928, 3.86, -16.00, -20.09, Left
1761465449057, 5.55, -15.31, -18.39, Left
1761465449104, 9.85, -13.58, -0.53, Left
1761465449181, 11.88, -14.14, -1.65, Left
1761465449227, 15.32, -13.81, 16.57, Left
1761465449274, 14.14, -16.55, -2.53, Left
1761465449323, 14.71, -17.94, -2.63, Left
1761465449453, 14.91, -17.76, -2.64, Left
1761465449499, 15.23, -16.96, -2.65, Left
1761465449580, 13.52, -18.48, -21.50, Left
1761465449625, 19.57, -14.37, -27.69, Left
1761465449671, 17.71, -15.86, -29.37, Left
1761465449719, 16.06, -17.70, -28.86, Left
1761465449854, 16.10, -17.71, -29.15, Left
1761465449899, 15.78, -17.00, -29.26, Left
1761465449945, 17.38, -14.79, -10.42, Left
1761465449988, 17.65, -13.69, -10.57, Left
1761465450037, 18.03, -14.04, -10.92, Left
1761465450107, 18.27, -15.31, -11.06, Left
1761465450152, 20.41, -14.52, 7.73, Left
1761465450198, 12.75, -20.89, 12.36, Left
1761465450246, 13.02, -21.25, 12.33, Left
1761465450292, 13.10, -20.48, 12.22, Left
1761465450379, 11.34, -21.78, 12.07, Left
1761465450422, 11.39, -22.08, 12.44, Left
1761465450468, 11.55, -22.00, 12.65, Left
1761465450515, 11.18, -22.43, 12.84, Left
1761465450560, 12.68, -21.19, 14.64, Left
1761465450637, 12.45, -21.18, 14.82, Left
1761465450683, 12.19, -21.15, 14.88, Left
1761465450731, 11.85, -20.76, 14.85, Left
1761465450777, 11.58, -20.78, 14.89, Left
1761465450824, 13.17, -19.71, 14.38, Left
1761465450908, 13.14, -19.17, 14.28, Left
1761465450952, 12.86, -18.64, 14.00, Left
1761465451003, 10.46, -19.76, -4.85, Left
1761465451046, 10.83, -19.19, -4.89, Left
1761465451094, 10.84, -19.21, -6.34, Left
1761465451178, 10.97, -17.68, -6.52, Left
1761465451221, 10.96, -16.96, -6.75, Left
1761465451265, 10.88, -16.15, -6.95, Left
1761465451310, 10.86, -15.31, -7.16, Left
1761465451355, 8.78, -16.34, -6.72, Left
1761465451434, 8.39, -16.57, -6.74, Left
1761465451477, 8.14, -16.61, -6.71, Left
1761465451520, 10.05, -15.36, 12.05, Left
1761465451563, 14.02, -7.43, 8.01, Up
1761465451610, 14.06, -7.44, 9.18, Up
1761465451713, 13.50, -8.65, 9.21, Up
1761465451764, 15.37, -7.51, 9.12, Up
1761465451816, 17.41, -6.44, 10.42, Up
1761465451863, 19.34, -5.46, 11.41, Up
1761465451911, 21.43, -4.42, 12.67, Up
1761465451978, 23.63, -3.45, 14.19, Up
1761465452026, 25.93, -2.26, 14.93, Up
1761465452075, 24.87, -3.49, -2.43, Up
1761465452122, 19.95, -11.53, 1.47, Left
1761465452168, 17.94, -12.78, 0.34, Left
1761465452237, 18.87, -11.61, 0.56, Left
1761465452282, 15.71, -13.62, -17.37, Left
1761465452327, 13.87, -14.36, -18.36, Left
1761465452373, 11.93, -14.95, -19.04, Left
1761465452417, 10.59, -15.47, -20.06, Left
1761465452512, 9.11, -16.09, -21.48, Left
1761465452560, 7.51, -17.07, -22.06, Left
1761465452608, 9.33, -15.52, -4.63, Left
1761465452658, 10.09, -15.51, -4.52, Left
1761465452708, 10.62, -15.14, -4.60, Left
1761465452778, 11.81, -15.20, -4.73, Left
1761465452821, 15.16, -13.79, 13.79, Left
1761465452871, 17.20, -13.77, 14.07, Left
1761465452915, 18.55, -13.94, 14.15, Left
1761465452964, 19.21, -13.80, 14.19, Left
1761465453037, 19.43, -14.01, 14.21, Left
1761465453090, 19.80, -14.14, 14.20, Left
1761465453138, 20.13, -14.27, 14.29, Left
1761465453185, 20.65, -14.01, 14.46, Left
1761465453232, 20.98, -13.73, 14.54, Left
1761465453316, 19.99, -14.21, 14.61, Left
1761465453362, 18.35, -14.90, 14.47, Left
1761465453407, 14.67, -17.13, -4.54, Left
1761465453450, 11.85, -19.59, -23.34, Left
1761465453495, 9.08, -22.03, -42.10, Left
1761465453580, 9.07, -22.29, -41.85, Left
1761465453623, 8.99, -22.34, -41.67, Left
1761465453670, 8.84, -22.59, -41.53, Left
1761465453718, 8.58, -23.15, -41.42, Left
1761465453766, 8.42, -23.99, -41.28, Left
1761465453836, 8.43, -24.59, -41.04, Left
1761465453882, 8.67, -24.86, -40.83, Left
1761465453925, 8.81, -25.25, -40.84, Left
1761465453975, 10.99, -23.53, -21.88, Left
1761465454022, 10.58, -23.98, -22.08, Left
1761465454106, 18.89, -19.63, -22.59, Left
1761465454155, 20.09, -18.76, -22.79, Left
1761465454200, 21.26, -17.66, -23.06, Left
1761465454247, 21.12, -17.53, -23.48, Left
1761465454293, 20.95, -16.21, -23.99, Left
1761465454378, 20.83, -15.49, -24.91, Left
1761465454425, 20.61, -14.62, -25.69, Left
1761465454471, 22.49, -12.02, -7.47, Left
1761465454515, 22.84, -10.26, -8.78, Left
1761465454559, 25.64, -7.73, 9.25, Up
1761465454637, 17.69, -10.99, 8.33, Left
1761465454681, 16.85, -10.51, 7.03, Left
1761465454725, 15.98, -10.10, 5.73, Left
1761465454771, 16.59, -8.73, 4.68, Up
1761465454819, 17.16, -7.43, 3.35, Up
1761465454905, 16.90, -4.60, 2.28, Up
1761465454948, 16.77, -1.95, 1.13, Up
1761465454991, 16.69, 0.64, -0.01, Up
1761465455036, 15.31, 2.07, -0.30, Up
1761465455081, 14.29, 4.54, -0.80, Up
1761465455177, 12.80, 5.95, -0.69, Up
1761465455224, 11.45, 6.70, -0.47, Up
1761465455268, 10.08, 7.59, -0.25, Up
1761465455312, 8.51, 8.39, 0.14, Forward
1761465455358, 7.05, 8.09, 0.87, Forward
1761465455433, 5.80, 6.62, 1.88, Forward
1761465455476, 4.60, 5.31, 2.75, Forward
1761465455521, 3.42, 4.08, 3.61, Forward
1761465455565, 2.85, 3.02, 4.17, Forward
1761465455609, 2.06, 1.58, 4.85, Forward
1761465455705, 1.63, 0.27, 5.32, Forward
1761465455753, 0.96, -0.72, 5.80, Forward
1761465455798, 0.43, -1.89, 6.31, Forward
1761465455846, -1.63, -3.50, -11.55, Forward
1761465455893, -3.34, -5.03, -29.33, Forward
1761465455978, -4.25, -6.36, -47.32, Forward
1761465456025, -5.58, -7.77, -65.19, Forward
1761465456070, -6.89, -9.23, -83.11, Forward
1761465456113, -7.97, -10.68, -101.01, Left
1761465456160, -9.09, -11.55, -118.93, Left
1761465456235, -9.74, -12.48, -136.99, Left
1761465456278, -10.36, -13.59, -155.05, Left
1761465456325, -10.97, -14.47, -173.09, Left
1761465456372, -9.94, -14.69, -173.03, Left
1761465456417, -8.80, -14.62, -172.98, Left
1761465456506, -7.85, -14.26, -172.83, Left
1761465456549, -6.54, -13.76, -172.72, Left
1761465456593, -5.13, -13.10, -172.56, Left
1761465456640, -4.13, -12.63, -172.56, Left
1761465456686, -2.87, -12.37, -172.57, Left
1761465456778, -2.41, -11.45, -172.44, Left
1761465456825, -1.70, -10.57, -172.36, Left
1761465456871, -1.11, -9.83, -172.31, Forward
1761465456915, -0.49, -9.04, -172.27, Forward
1761465456960, -0.15, -8.60, -172.22, Forward
1761465457033, 0.01, -8.02, -172.27, Forward
1761465457080, 0.18, -7.84, -172.38, Forward
1761465457125, 0.18, -7.68, -172.50, Forward
1761465457173, 0.51, -7.41, -172.48, Forward
1761465457219, 0.71, -7.05, -172.53, Forward
1761465457305, 1.15, -7.35, -172.54, Forward
1761465457351, 1.05, -7.66, -172.54, Forward
1761465457395, 0.98, -7.87, -172.52, Forward
1761465457441, 1.03, -8.10, -172.52, Forward
1761465457486, 0.54, -8.20, -172.54, Forward
1761465457578, -0.29, -8.84, -172.55, Forward
1761465457624, -1.43, -9.21, -172.55, Forward
1761465457669, -2.35, -9.61, -172.51, Forward
1761465457714, -3.89, -10.36, -172.68, Left
1761465457758, -5.13, -11.04, -172.78, Left
1761465457834, -6.12, -10.59, -155.00, Left
1761465457877, -6.51, -10.10, -137.21, Left
1761465457923, -8.87, -10.24, -137.40, Left
1761465457968, -9.41, -9.71, -119.55, Forward
1761465458011, -9.80, -9.28, -101.81, Forward
1761465458105, -9.76, -8.63, -84.13, Forward
1761465458148, -9.35, -8.00, -66.39, Forward
1761465458191, -9.11, -7.43, -48.71, Forward
1761465458240, -8.34, -6.49, -30.87, Forward
1761465458284, -7.82, -5.74, -13.08, Forward
1761465458377, -7.42, -5.84, -13.41, Forward
1761465458425, -7.49, -5.89, -13.68, Forward
1761465458472, -5.56, -5.45, 4.03, Forward
1761465458519, -5.30, -5.69, 3.67, Forward
1761465458562, -5.01, -5.92, 3.40, Forward
1761465458634, -4.96, -6.18, 3.12, Forward
1761465458680, -4.73, -6.41, 2.84, Forward
1761465458724, -4.53, -6.59, 2.57, Forward
1761465458770, -4.32, -6.86, 2.39, Forward
1761465458815, -4.32, -7.06, 2.13, Forward
1761465458905, -4.51, -7.21, 2.02, Forward
1761465458949, -4.56, -7.47, 1.90, Forward
1761465458992, -4.70, -7.60, 1.80, Forward
1761465459038, -4.84, -7.58, 1.71, Forward
1761465459084, -4.92, -7.61, 1.68, Forward
1761465459177, -4.66, -7.58, 1.69, Forward
1761465459223, -6.84, -7.94, -16.41, Forward
1761465459268, -8.85, -8.32, -34.54, Forward
1761465459313, -9.26, -8.06, -34.50, Forward
1761465459357, -9.35, -7.78, -34.40, Forward
1761465459433, -9.79, -7.57, -34.39, Forward
1761465459476, -10.22, -7.14, -34.38, Down
1761465459524, -10.61, -6.91, -34.44, Down
1761465459568, -11.16, -6.68, -34.38, Down
1761465459611, -11.57, -6.28, -34.37, Down
1761465459706, -12.05, -6.19, -34.36, Down
1761465459751, -10.35, -5.59, -16.25, Down
1761465459797, -8.76, -5.09, 1.88, Forward
1761465459843, -8.89, -5.22, 1.90, Forward
1761465459888, -9.40, -5.29, 1.88, Forward
1761465459978, -9.31, -5.27, 2.20, Forward
1761465460023, -9.29, -5.36, 2.45, Forward
1761465460067, -9.24, -5.32, 2.71, Forward
1761465460112, -9.41, -5.38, 3.11, Forward
1761465460157, -13.08, -6.05, -14.65, Down
1761465460233, -16.65, -6.76, -32.43, Down
1761465460277, -20.10, -7.52, -50.17, Down
1761465460322, -23.52, -8.16, -67.89, Down
1761465460366, -26.87, -8.75, -85.69, Down
1761465460409, -29.69, -9.50, -103.35, Down
1761465460505, -29.64, -9.88, -103.11, Down
1761465460549, -29.51, -10.18, -102.83, Left
1761465460593, -32.31, -11.21, -120.74, Left
1761465460641, -32.04, -11.45, -120.56, Left
1761465460686, -28.42, -11.26, -102.24, Left
1761465460778, -28.11, -11.52, -102.18, Left
1761465460822, -24.78, -11.01, -83.91, Left
1761465460865, -21.57, -10.57, -65.66, Left
1761465460908, -21.43, -10.74, -65.68, Left
1761465460957, -21.62, -10.85, -65.80, Left
1761465461033, -25.11, -11.28, -84.05, Left
1761465461078, -28.45, -11.85, -102.35, Left
1761465461125, -25.85, -11.09, -84.26, Left
1761465461170, -29.36, -11.52, -102.57, Left
1761465461213, -32.86, -11.89, -120.86, Left
1761465461305, -33.25, -11.48, -120.94, Left
1761465461349, -36.64, -11.97, -139.29, Left
1761465461394, -40.03, -12.45, -157.65, Left
1761465461443, -40.34, -12.13, -157.67, Left
1761465461491, -40.73, -11.84, -157.76, Left
1761465461562, -41.00, -11.60, -157.76, Left
1761465461606, -41.44, -11.37, -157.76, Left
1761465461650, -44.98, -11.61, -175.90, Left
1761465461694, -45.24, -11.43, -175.90, Left
1761465461739, -45.41, -11.30, -176.01, Left
1761465461833, -45.67, -11.18, -176.12, Left
1761465461878, -45.88, -10.97, -176.13, Left
1761465461922, -46.06, -10.67, -176.12, Left
1761465461967, -46.22, -10.48, -176.15, Left
1761465462010, -46.43, -10.26, -176.08, Left
1761465462105, -46.28, -10.15, -176.18, Left
1761465462151, -42.92, -9.57, -158.21, Down
1761465462194, -42.67, -9.62, -158.34, Down
1761465462239, -39.24, -9.16, -140.38, Down
1761465462284, -35.96, -8.59, -122.32, Down
1761465462362, -35.98, -8.39, -122.28, Down
1761465462406, -36.05, -8.25, -122.32, Down
1761465462451, -36.15, -8.11, -122.35, Down
1761465462494, -36.19, -8.09, -122.42, Down
1761465462540, -35.80, -8.11, -122.52, Down
1761465462633, -35.72, -8.07, -122.45, Down
1761465462677, -39.02, -8.42, -140.44, Down
1761465462723, -39.07, -8.30, -140.37, Down
1761465462770, -42.29, -8.81, -158.39, Down
1761465462813, -45.59, -9.35, -176.37, Down
1761465462904, -45.46, -9.55, -176.34, Down
1761465462948, -45.50, -9.74, -176.32, Down
1761465462992, -45.42, -9.91, -176.27, Down
1761465463034, -45.20, -9.93, -176.02, Down
1761465463078, -45.38, -9.90, -175.80, Down
1761465463161, -42.23, -9.57, -157.70, Down
1761465463206, -42.16, -9.74, -157.68, Down
1761465463249, -42.13, -9.82, -157.60, Down
1761465463291, -38.91, -9.21, -139.51, Down
1761465463341, -38.79, -9.17, -139.44, Down
1761465463433, -38.58, -9.27, -139.42, Down
1761465463477, -38.33, -9.22, -139.26, Down
1761465463523, -38.13, -9.31, -139.22, Down
1761465463568, -38.28, -9.42, -139.34, Down
1761465463611, -38.28, -9.47, -139.46, Down
1761465463706, -41.53, -10.02, -157.63, Left
1761465463751, -41.44, -10.04, -157.64, Left
1761465463794, -41.37, -10.15, -157.73, Left
1761465463841, -44.43, -11.00, -175.89, Left
1761465463885, -44.35, -11.21, -176.00, Left
1761465463962, -44.00, -11.25, -175.95, Left
1761465464008, -43.62, -11.35, -176.02, Left
1761465464057, -43.39, -11.43, -176.03, Left
1761465464103, -42.87, -11.49, -176.04, Left
1761465464148, -42.67, -11.69, -176.11, Left
1761465464234, -42.41, -11.67, -176.00, Left
1761465464277, -42.11, -11.67, -175.96, Left
1761465464322, -41.78, -11.71, -175.96, Left
1761465464367, -41.53, -11.44, -175.89, Left
1761465464411, -41.30, -11.34, -175.87, Left
1761465464505, -41.39, -11.31, -175.89, Left
1761465464549, -41.48, -11.32, -175.91, Left
1761465464593, -41.38, -11.33, -175.99, Left
1761465464639, -41.48, -11.47, -176.01, Left
1761465464684, -41.32, -11.52, -175.92, Left
1761465464762, -41.14, -11.64, -176.02, Left
1761465464805, -41.08, -11.82, -176.10, Left
1761465464851, -40.98, -11.78, -176.07, Left
1761465464895, -40.86, -11.96, -176.10, Left
1761465464939, -40.71, -11.91, -176.05, Left
1761465465034, -40.72, -11.88, -176.04, Left
1761465465077, -37.67, -11.33, -157.88, Left
1761465465123, -34.63, -10.83, -139.69, Left
1761465465170, -31.60, -10.30, -121.57, Left
1761465465213, -31.74, -10.34, -121.57, Left
1761465465306, -31.94, -10.26, -121.47, Left
1761465465351, -32.07, -10.16, -121.37, Left
1761465465395, -32.32, -10.26, -121.37, Left
1761465465440, -32.55, -10.20, -121.26, Left
1761465465487, -32.74, -10.26, -121.24, Left
1761465465561, -32.80, -10.29, -121.28, Left
1761465465606, -35.85, -10.85, -139.40, Left
1761465465651, -38.98, -11.31, -157.50, Left
1761465465696, -42.03, -11.78, -175.61, Left
1761465465740, -41.98, -11.79, -175.63, Left
1761465465834, -41.84, -11.77, -175.60, Left
1761465465876, -41.93, -11.77, -175.56, Left
1761465465922, -41.83, -11.69, -175.49, Left
1761465465965, -41.75, -11.68, -175.48, Left
1761465466009, -41.64, -11.69, -175.45, Left
1761465466105, -41.41, -11.53, -175.32, Left
1761465466149, -41.24, -11.45, -175.24, Left
1761465466192, -41.07, -11.40, -175.20, Left
1761465466239, -40.69, -11.32, -175.16, Left
1761465466283, -40.45, -11.24, -175.16, Left
1761465466361, -40.21, -11.31, -175.19, Left
1761465466404, -39.72, -11.37, -175.26, Left
1761465466449, -39.46, -11.48, -175.31, Left
1761465466494, -39.20, -11.55, -175.34, Left
1761465466541, -39.00, -11.54, -175.32, Left
1761465466635, -39.01, -11.69, -175.36, Left
1761465466684, -39.16, -11.76, -175.40, Left
1761465466728, -39.35, -11.84, -175.41, Left
1761465466773, -36.69, -11.45, -157.24, Left
1761465466817, -36.81, -11.48, -157.07, Left
1761465466904, -34.01, -11.04, -138.87, Left
1761465466951, -34.48, -11.06, -138.80, Left
1761465466994, -34.91, -11.11, -138.76, Left
1761465467039, -35.33, -11.11, -138.70, Left
1761465467083, -35.74, -11.23, -138.75, Left
1761465467161, -35.99, -11.37, -138.76, Left
1761465467205, -36.04, -11.55, -138.77, Left
1761465467250, -36.07, -11.64, -138.73, Left
1761465467293, -39.01, -12.20, -156.85, Left
1761465467338, -39.14, -12.17, -156.95, Left
1761465467434, -42.26, -12.60, -175.04, Left
1761465467476, -42.26, -12.53, -174.97, Left
1761465467522, -42.16, -12.37, -174.85, Left
1761465467567, -42.28, -12.42, -174.89, Left
1761465467610, -42.26, -12.40, -174.87, Left
1761465467706, -42.15, -12.21, -174.79, Left
1761465467752, -42.22, -12.04, -174.79, Left
1761465467799, -42.23, -11.88, -174.75, Left
1761465467844, -42.37, -11.90, -174.87, Left
1761465467887, -42.33, -11.90, -174.89, Left
1761465467961, -42.47, -12.08, -175.03, Left
1761465468006, -42.41, -12.24, -175.18, Left
1761465468057, -42.34, -12.46, -175.35, Left
1761465468106, -42.13, -12.50, -175.36, Left
1761465468150, -42.12, -12.47, -175.36, Left
1761465468233, -42.25, -12.60, -175.43, Left
1761465468277, -42.25, -12.61, -175.37, Left
1761465468321, -42.29, -12.71, -175.45, Left
1761465468364, -42.23, -12.71, -175.40, Left
1761465468407, -42.25, -12.87, -175.47, Left
1761465468505, -41.96, -12.85, -175.43, Left
1761465468549, -41.79, -12.86, -175.41, Left
1761465468594, -41.66, -12.85, -175.38, Left
1761465468638, -41.55, -12.98, -175.43, Left
1761465468683, -41.40, -13.20, -175.53, Left
1761465468761, -41.47, -13.26, -175.53, Left
1761465468804, -41.49, -13.38, -175.56, Left
1761465468850, -38.37, -12.86, -157.36, Left
1761465468893, -35.34, -12.34, -139.18, Left
1761465468939, -32.22, -11.72, -120.93, Left
1761465469033, -32.32, -11.69, -120.87, Left
1761465469081, -32.49, -11.62, -120.82, Left
1761465469124, -32.66, -11.55, -120.79, Left
1761465469169, -29.63, -10.98, -102.53, Left
1761465469215, -29.79, -10.93, -102.46, Left
1761465469305, -29.57, -10.88, -102.42, Left
1761465469351, -29.45, -10.87, -102.38, Left
1761465469396, -32.47, -11.44, -120.52, Left
1761465469440, -35.34, -12.00, -138.64, Left
1761465469486, -38.40, -12.48, -156.78, Left
1761465469561, -38.36, -12.58, -156.81, Left
1761465469605, -38.34, -12.71, -156.88, Left
1761465469648, -38.29, -12.79, -156.86, Left
1761465469692, -41.38, -13.28, -175.01, Left
1761465469738, -38.12, -12.67, -156.81, Left
1761465469833, -37.98, -12.95, -156.88, Left
1761465469878, -37.77, -13.16, -156.94, Left
1761465469922, -37.57, -13.39, -156.99, Left
1761465469966, -37.69, -13.33, -156.99, Left
1761465470011, -37.72, -13.37, -156.99, Left
1761465470106, -37.87, -13.39, -157.02, Left
1761465470150, -37.86, -13.40, -156.99, Left
1761465470192, -37.89, -13.44, -157.02, Left
1761465470237, -34.67, -12.90, -138.84, Left
1761465470281, -34.71, -12.95, -138.85, Left
1761465470361, -34.72, -12.77, -138.81, Left
1761465470407, -34.75, -12.64, -138.80, Left
1761465470457, -34.84, -12.51, -138.79, Left
1761465470507, -34.72, -12.60, -138.81, Left
1761465470554, -34.50, -12.77, -138.82, Left
1761465470634, -31.35, -12.23, -120.59, Left
1761465470678, -31.24, -12.35, -120.65, Left
1761465470723, -31.11, -12.42, -120.67, Left
1761465470770, -34.03, -13.20, -138.91, Left
1761465470818, -36.82, -13.94, -157.10, Left
1761465470905, -36.61, -14.05, -156.99, Left
1761465470949, -36.62, -14.17, -156.96, Left
1761465470993, -36.49, -14.25, -156.82, Left
1761465471036, -33.51, -13.82, -138.52, Left
1761465471081, -30.62, -13.19, -120.23, Left
1761465471162, -30.54, -13.09, -120.13, Left
1761465471205, -27.52, -12.42, -101.79, Left
1761465471250, -24.42, -11.73, -83.48, Left
1761465471293, -21.59, -11.00, -65.16, Left
1761465471337, -18.71, -10.44, -46.87, Left
1761465471433, -15.82, -9.86, -28.78, Down
1761465471477, -12.78, -9.26, -10.57, Down
1761465471522, -9.81, -8.76, 7.55, Forward
1761465471565, -12.73, -9.43, -10.85, Down
1761465471609, -15.55, -10.19, -29.23, Left
1761465471705, -18.45, -10.82, -47.54, Left
1761465471748, -21.35, -11.39, -65.84, Left
1761465471792, -24.39, -12.03, -84.12, Left
1761465471838, -27.36, -12.70, -102.35, Left
1761465471882, -27.36, -12.57, -102.40, Left
1761465471962, -27.47, -12.48, -102.38, Left
1761465472005, -27.52, -12.48, -102.35, Left
1761465472050, -27.55, -12.39, -102.37, Left
1761465472093, -24.66, -11.69, -84.00, Left
1761465472138, -21.81, -11.06, -65.66, Left
1761465472233, -18.97, -10.61, -47.41, Left
1761465472279, -16.10, -10.05, -29.14, Left
1761465472324, -13.18, -9.54, -10.89, Down
1761465472375, -10.16, -8.99, 7.30, Down
1761465472422, -10.16, -9.15, 7.31, Down
1761465472490, -13.21, -9.96, -11.02, Down
1761465472536, -16.17, -10.76, -29.40, Left
1761465472582, -19.25, -11.52, -47.75, Left
1761465472626, -22.15, -12.29, -66.12, Left
1761465472669, -25.08, -12.94, -84.44, Left
1761465472761, -27.94, -13.51, -102.72, Left
1761465472805, -30.71, -14.11, -120.93, Left
1761465472851, -33.56, -14.65, -139.16, Left
1761465472894, -33.57, -14.65, -139.12, Left
1761465472937, -36.62, -15.28, -157.41, Left
1761465473034, -33.56, -14.67, -138.96, Left
1761465473077, -30.63, -13.96, -120.52, Left
1761465473121, -27.63, -13.31, -102.06, Left
1761465473166, -24.61, -12.60, -83.66, Left
1761465473210, -21.60, -11.99, -65.29, Left
1761465473289, -18.65, -11.51, -46.99, Left
1761465473338, -15.84, -10.97, -28.77, Left
1761465473382, -12.95, -10.52, -10.52, Left
1761465473426, -12.98, -10.47, -10.52, Left
1761465473470, -13.00, -10.33, -10.43, Left
1761465473562, -16.05, -10.85, -28.74, Left
1761465473606, -16.09, -10.75, -28.76, Left
1761465473652, -16.11, -10.67, -28.78, Left
1761465473696, -16.34, -10.68, -28.88, Left
1761465473742, -16.59, -10.63, -28.99, Left
1761465473833, -19.65, -11.16, -47.31, Left
1761465473876, -22.71, -11.77, -65.57, Left
1761465473920, -25.86, -12.29, -83.83, Left
1761465473964, -28.97, -12.87, -102.10, Left
1761465474007, -29.06, -13.02, -102.19, Left
1761465474090, -29.04, -13.20, -102.26, Left
1761465474139, -31.91, -14.01, -120.61, Left
1761465474186, -34.78, -14.82, -138.96, Left
1761465474229, -37.60, -15.57, -157.22, Left
1761465474274, -37.43, -15.73, -157.03, Left
1761465474361, -34.42, -15.14, -138.74, Left
1761465474407, -31.34, -14.55, -120.46, Left
1761465474453, -28.19, -14.04, -102.19, Left
1761465474499, -25.00, -13.55, -83.91, Left
1761465474544, -24.87, -13.56, -83.96, Left
1761465474634, -25.02, -13.56, -84.03, Left
1761465474679, -25.23, -13.51, -84.06, Left
1761465474724, -25.50, -13.45, -84.07, Left
1761465474770, -22.55, -12.88, -65.72, Left
1761465474814, -22.55, -12.91, -65.81, Left
1761465474891, -22.49, -13.05, -65.74, Left
1761465474937, -22.37, -13.31, -65.70, Left
1761465474982, -22.32, -13.55, -65.68, Left
1761465475027, -22.27, -13.73, -65.64, Left
1761465475071, -19.19, -13.12, -47.20, Left
1761465475162, -18.98, -13.21, -47.07, Left
1761465475204, -15.73, -12.81, -28.60, Left
1761465475252, -12.43, -12.30, -10.12, Left
1761465475298, -12.41, -12.30, -10.15, Left
1761465475341, -15.43, -13.02, -28.56, Left
1761465475433, -15.55, -12.88, -28.57, Left
1761465475478, -15.73, -12.66, -28.62, Left
1761465475522, -15.89, -12.37, -28.62, Left
1761465475569, -19.03, -12.79, -46.98, Left
1761465475612, -19.17, -12.89, -47.08, Left
1761465475690, -19.50, -12.70, -47.12, Left
1761465475738, -19.64, -12.36, -47.21, Left
1761465475783, -22.80, -12.88, -65.63, Left
1761465475829, -25.88, -13.40, -83.92, Left
1761465475873, -22.85, -12.60, -65.42, Left
1761465475961, -22.66, -12.78, -65.36, Left
1761465476005, -22.60, -12.99, -65.24, Left
1761465476054, -22.41, -13.19, -65.13, Left
1761465476096, -19.36, -12.62, -46.66, Left
1761465476141, -19.34, -12.51, -46.55, Left
1761465476234, -16.11, -12.04, -28.18, Left
1761465476281, -16.13, -12.30, -28.11, Left
1761465476324, -13.12, -11.76, -9.74, Left
1761465476367, -10.02, -11.23, 8.71, Left
1761465476410, -10.06, -11.29, 8.71, Left
1761465476489, -10.16, -11.19, 8.70, Left
1761465476535, -10.21, -11.07, 8.72, Left
1761465476579, -10.31, -10.98, 8.70, Left
1761465476621, -10.38, -11.05, 8.65, Left
1761465476670, -10.30, -11.18, 8.69, Left
1761465476761, -10.25, -11.34, 8.74, Left
1761465476804, -10.21, -11.41, 8.75, Left
1761465476850, -10.20, -11.47, 8.76, Left
1761465476893, -10.24, -11.50, 8.67, Left
1761465476936, -10.21, -11.68, 8.60, Left
1761465477033, -10.08, -11.92, 8.60, Left
1761465477078, -9.96, -11.95, 8.54, Left
1761465477121, -9.88, -12.04, 8.51, Left
1761465477168, -9.88, -11.93, 8.48, Left
1761465477213, -9.91, -11.79, 8.45, Left
1761465477289, -9.94, -11.73, 8.39, Left
1761465477337, -9.85, -11.71, 8.39, Left
1761465477386, -9.78, -11.77, 8.41, Left
1761465477432, -9.67, -11.90, 8.47, Left
1761465477476, -9.61, -12.02, 8.68, Left
1761465477562, -9.70, -11.89, 8.71, Left
1761465477605, -9.80, -12.03, 8.74, Left
1761465477652, -9.79, -12.17, 8.78, Left
1761465477696, -9.70, -12.47, 8.84, Left
1761465477740, -12.90, -13.29, -9.54, Left
1761465477833, -12.82, -13.41, -9.42, Left
1761465477878, -12.93, -13.44, -9.36, Left
1761465477920, -12.89, -13.41, -9.33, Left
1761465477968, -12.97, -13.39, -9.30, Left
1761465478011, -13.04, -13.25, -9.41, Left
1761465478090, -12.90, -13.46, -9.33, Left
1761465478135, -12.62, -13.63, -9.22, Left
1761465478182, -12.43, -13.76, -9.12, Left
1761465478231, -12.24, -13.80, -9.03, Left
1761465478278, -8.91, -13.16, 9.39, Left
1761465478369, -11.58, -13.66, -9.01, Left
1761465478416, -11.36, -13.69, -9.01, Left
1761465478472, -11.17, -13.70, -8.99, Left
1761465478516, -11.13, -13.57, -8.97, Left
1761465478564, -11.00, -13.51, -8.86, Left
1761465478636, -11.03, -13.49, -8.84, Left
1761465478683, -11.19, -13.20, -8.85, Left
1761465478729, -11.28, -12.99, -8.88, Left
1761465478774, -11.42, -12.75, -8.89, Left
1761465478818, -11.47, -12.64, -8.84, Left
1761465478890, -8.83, -12.05, 9.44, Left
1761465478937, -8.99, -12.05, 9.37, Left
1761465478982, -9.16, -12.11, 9.35, Left
1761465479027, -9.13, -12.27, 9.34, Left
1761465479070, -9.21, -12.52, 9.24, Left
1761465479161, -9.19, -12.61, 9.27, Left
1761465479205, -9.23, -12.84, 9.22, Left
1761465479252, -9.27, -13.12, 9.24, Left
1761465479296, -9.35, -13.12, 9.11, Left
1761465479340, -9.44, -13.21, 8.99, Left
1761465479434, -9.37, -13.31, 9.11, Left
1761465479477, -9.31, -13.30, 9.21, Left
1761465479519, -9.24, -13.34, 9.24, Left
1761465479565, -9.33, -13.14, 9.17, Left
1761465479608, -9.43, -12.93, 9.10, Left
1761465479689, -9.64, -12.79, 8.95, Left
1761465479734, -9.68, -12.83, 8.93, Left
1761465479779, -9.78, -12.73, 8.85, Left
1761465479824, -9.84, -12.95, 8.90, Left
1761465479867, -9.84, -13.06, 9.08, Left
1761465479962, -9.88, -12.90, 9.12, Left
1761465480007, -9.89, -12.77, 9.11, Left
1761465480054, -9.96, -12.52, 9.10, Left
1761465480100, -9.88, -12.75, 9.11, Left
1761465480144, -9.74, -12.86, 9.12, Left
1761465480234, -9.62, -12.78, 9.13, Left
1761465480279, -9.57, -12.71, 9.11, Left
1761465480324, -9.49, -12.55, 9.10, Left
1761465480368, -9.43, -12.54, 9.05, Left
1761465480412, -9.45, -12.45, 8.99, Left
1761465480490, -9.62, -12.58, 8.84, Left
1761465480534, -9.73, -12.74, 8.78, Left
1761465480579, -9.95, -12.97, 8.68, Left
1761465480625, -10.08, -13.07, 8.62, Left
1761465480669, -10.22, -13.08, 8.61, Left
1761465480760, -10.28, -13.12, 8.66, Left
1761465480806, -10.40, -13.11, 8.68, Left
1761465480851, -10.49, -13.13, 8.72, Left
1761465480895, -10.46, -13.04, 8.71, Left
1761465480939, -10.41, -13.22, 8.61, Left
1761465481034, -10.28, -13.47, 8.63, Left
1761465481083, -10.30, -13.71, 8.58, Left
1761465481126, -10.20, -13.92, 8.58, Left
1761465481169, -10.11, -14.14, 8.55, Left
1761465481217, -10.01, -14.17, 8.57, Left
1761465481289, -10.05, -14.24, 8.49, Left
1761465481334, -10.09, -14.36, 8.43, Left
1761465481380, -10.08, -14.46, 8.35, Left
1761465481423, -10.15, -14.53, 8.35, Left
1761465481467, -13.20, -15.02, -10.10, Left
1761465481561, -13.22, -14.72, -10.15, Left
1761465481606, -13.02, -14.53, -10.12, Left
1761465481651, -12.94, -14.35, -10.10, Left
1761465481695, -12.87, -14.10, -9.97, Left
1761465481740, -12.79, -14.21, -9.97, Left
1761465481833, -12.71, -14.19, -9.98, Left
1761465481877, -12.55, -14.08, -9.99, Left
1761465481922, -12.49, -13.97, -9.98, Left
1761465481968, -12.55, -13.74, -10.06, Left
1761465482012, -12.70, -13.51, -9.96, Left
1761465482089, -12.83, -13.49, -9.97, Left
1761465482135, -13.00, -13.32, -10.06, Left
1761465482179, -13.22, -13.11, -10.13, Left
1761465482224, -13.50, -12.96, -10.26, Left
1761465482268, -16.82, -13.36, -28.76, Left
1761465482362, -16.80, -13.35, -28.82, Left
1761465482407, -16.82, -13.53, -28.86, Left
1761465482451, -16.77, -13.48, -28.87, Left
1761465482494, -19.34, -14.07, -47.14, Left
1761465482538, -18.96, -14.17, -47.12, Left
1761465482634, -22.03, -14.82, -65.60, Left
1761465482679, -25.19, -15.46, -84.01, Left
1761465482722, -28.18, -16.21, -102.50, Left
1761465482767, -30.93, -16.72, -120.81, Left
1761465482812, -30.77, -16.50, -120.68, Left
1761465482889, -30.91, -16.32, -120.60, Left
1761465482936, -31.02, -15.84, -120.52, Left
1761465482980, -31.20, -15.62, -120.47, Left
1761465483024, -31.95, -15.49, -120.49, Left
1761465483068, -32.21, -15.55, -120.58, Left
1761465483161, -28.99, -14.79, -102.07, Left
1761465483204, -28.78, -14.57, -101.87, Left
1761465483252, -25.67, -13.76, -83.31, Left
1761465483296, -22.75, -13.11, -64.91, Left
1761465483340, -19.80, -12.63, -46.52, Left
1761465483421, -19.64, -12.51, -46.53, Left
1761465483468, -19.52, -12.56, -46.61, Left
1761465483512, -19.39, -12.61, -46.67, Left
1761465483555, -15.95, -11.93, -28.32, Left
1761465483602, -15.95, -11.89, -28.30, Left
1761465483688, -18.95, -12.29, -46.59, Left
1761465483737, -18.81, -12.36, -46.69, Left
1761465483785, -21.77, -12.90, -65.08, Left
1761465483832, -24.26, -13.41, -83.46, Left
1761465483877, -26.63, -13.86, -101.82, Left
1761465483961, -29.59, -14.34, -120.05, Left
1761465484004, -29.64, -14.48, -119.96, Left
1761465484051, -32.84, -15.15, -138.30, Left
1761465484097, -35.70, -15.97, -156.76, Left
1761465484141, -35.44, -15.87, -156.76, Left
1761465484218, -35.32, -16.03, -156.91, Left
1761465484263, -35.30, -16.19, -157.07, Left
1761465484307, -35.19, -16.26, -157.12, Left
1761465484351, -35.46, -16.44, -157.25, Left
1761465484394, -36.08, -16.54, -157.35, Left
1761465484489, -35.87, -16.77, -157.63, Left
1761465484534, -38.71, -17.14, -176.07, Left
1761465484579, -38.49, -17.13, -176.20, Left
1761465484627, -38.64, -17.50, -176.33, Left
1761465484670, -38.65, -17.87, -176.48, Left
1761465484761, -38.55, -17.94, -176.57, Left
1761465484806, -38.49, -17.90, -176.58, Left
1761465484849, -38.09, -17.98, -176.66, Left
1761465484893, -38.33, -17.92, -176.58, Left
1761465484937, -38.44, -17.95, -176.61, Left
1761465485018, -38.50, -17.92, -176.54, Left
1761465485064, -38.48, -18.20, -176.65, Left
1761465485108, -38.16, -18.18, -176.51, Left
1761465485153, -37.80, -17.89, -176.29, Left
1761465485201, -37.66, -17.77, -176.21, Left
1761465485289, -37.62, -17.63, -176.06, Left
1761465485335, -37.81, -17.51, -175.89, Left
1761465485383, -38.22, -17.43, -175.77, Left
1761465485429, -38.20, -17.42, -175.85, Left
1761465485472, -37.75, -17.47, -175.98, Left
1761465485562, -37.59, -17.41, -175.95, Left
1761465485605, -37.46, -17.13, -175.74, Left
1761465485651, -37.46, -17.13, -175.64, Left
1761465485695, -37.74, -17.06, -175.63, Left
1761465485738, -37.83, -16.83, -175.54, Left
1761465485818, -38.19, -16.77, -175.59, Left
1761465485861, -38.29, -16.67, -175.63, Left
1761465485905, -38.47, -16.60, -175.72, Left
1761465485951, -38.53, -16.53, -175.70, Left
1761465485995, -38.42, -16.35, -175.47, Left
1761465486090, -38.67, -16.39, -175.58, Left
1761465486133, -35.88, -15.86, -157.39, Left
1761465486179, -36.08, -15.85, -157.62, Left
1761465486222, -35.99, -15.85, -157.66, Left
1761465486268, -36.17, -15.95, -157.76, Left
1761465486362, -35.63, -16.36, -158.00, Left
1761465486405, -35.00, -16.73, -158.19, Left
1761465486453, -34.44, -17.02, -158.42, Left
1761465486500, -34.07, -16.82, -158.41, Left
1761465486543, -34.24, -16.85, -158.68, Left
1761465486617, -34.08, -16.90, -158.41, Left
1761465486662, -37.14, -17.64, -176.68, Left
1761465486705, -37.46, -17.66, -176.54, Left
1761465486749, -37.76, -17.69, -176.51, Left
1761465486795, -37.70, -17.72, -176.52, Left
1761465486889, -37.91, -17.57, -176.55, Left
1761465486932, -35.54, -16.95, -158.08, Left
1761465486976, -33.00, -16.36, -139.61, Left
1761465487019, -33.27, -16.39, -139.52, Left
1761465487067, -33.32, -16.36, -139.38, Left
1761465487161, -33.60, -16.59, -139.69, Left
1761465487205, -33.45, -16.67, -139.79, Left
1761465487250, -32.89, -16.87, -139.91, Left
1761465487296, -32.57, -16.86, -140.01, Left
1761465487340, -32.54, -16.67, -139.88, Left
1761465487416, -32.52, -16.46, -139.59, Left
1761465487463, -32.40, -16.23, -139.59, Left
1761465487507, -32.28, -15.83, -139.48, Left
1761465487552, -32.16, -15.97, -139.58, Left
1761465487599, -32.12, -15.93, -139.48, Left
1761465487689, -32.20, -15.78, -139.40, Left
1761465487737, -32.40, -15.51, -139.23, Left
1761465487786, -32.66, -15.44, -139.16, Left
1761465487834, -32.76, -15.36, -139.13, Left
1761465487880, -29.87, -14.89, -120.91, Left
1761465487961, -29.87, -15.11, -121.08, Left
1761465488004, -32.73, -15.92, -139.53, Left
1761465488051, -35.60, -16.85, -157.98, Left
1761465488096, -35.39, -16.93, -157.98, Left
1761465488139, -35.41, -17.06, -158.06, Left
1761465488217, -34.88, -16.92, -157.96, Left
1761465488262, -34.65, -17.01, -158.02, Left
1761465488307, -34.46, -16.83, -158.03, Left
1761465488351, -34.23, -16.83, -158.00, Left
1761465488399, -37.07, -17.54, -176.22, Left
1761465488489, -37.09, -17.36, -176.14, Left
1761465488532, -37.05, -17.12, -176.07, Left
1761465488577, -36.96, -16.96, -175.97, Left
1761465488621, -34.23, -16.67, -157.66, Left
1761465488666, -34.11, -16.59, -157.66, Left
1761465488762, -34.31, -16.46, -157.51, Left
1761465488804, -34.42, -16.29, -157.32, Left
1761465488849, -34.70, -16.29, -157.21, Left
1761465488894, -31.97, -15.91, -138.92, Left
1761465488940, -29.10, -15.21, -120.79, Left
1761465489020, -26.12, -14.77, -102.33, Left
1761465489066, -26.17, -14.71, -102.21, Left
1761465489111, -26.40, -14.80, -102.20, Left
1761465489154, -29.38, -15.02, -120.45, Left
1761465489198, -29.53, -15.05, -120.44, Left
1761465489289, -29.29, -15.12, -120.63, Left
1761465489334, -28.93, -15.32, -120.91, Left
1761465489378, -28.51, -15.31, -121.05, Left
1761465489424, -28.44, -15.12, -120.98, Left
1761465489467, -31.35, -15.63, -139.18, Left
1761465489560, -34.02, -16.13, -157.53, Left
1761465489605, -33.74, -16.30, -157.54, Left
1761465489650, -33.63, -16.29, -157.52, Left
1761465489693, -33.42, -16.59, -157.69, Left
1761465489737, -32.97, -16.71, -157.76, Left
1761465489816, -33.30, -16.91, -157.91, Left
1761465489863, -33.81, -17.00, -158.01, Left
1761465489911, -34.26, -17.26, -158.12, Left
1761465489952, -37.31, -17.97, -176.57, Left
1761465489998, -37.54, -18.04, -176.70, Left
1761465490089, -37.70, -17.80, -176.78, Left
1761465490133, -37.86, -17.51, -176.88, Left
1761465490176, -37.65, -17.24, -176.96, Left
1761465490220, -37.31, -17.02, -176.92, Left
1761465490266, -37.28, -16.81, -176.94, Left
1761465490361, -34.33, -16.10, -158.60, Left
1761465490406, -34.04, -15.92, -158.57, Left
1761465490451, -33.84, -15.69, -158.57, Left
1761465490494, -33.31, -15.54, -158.47, Left
1761465490537, -32.95, -15.69, -158.47, Left
1761465490617, -32.88, -15.86, -158.45, Left
1761465490667, -32.88, -16.11, -158.46, Left
1761465490712, -32.99, -16.33, -158.47, Left
1761465490756, -33.29, -16.36, -158.49, Left
1761465490801, -33.72, -16.38, -158.46, Left
1761465490889, -36.91, -17.11, -176.88, Left
1761465490932, -37.19, -17.27, -176.94, Left
1761465490979, -34.30, -16.79, -158.52, Left
1761465491023, -34.34, -16.64, -158.47, Left
1761465491066, -34.35, -16.41, -158.32, Left
1761465491161, -34.63, -16.59, -158.52, Left
1761465491204, -34.60, -16.55, -158.58, Left
1761465491249, -34.80, -16.56, -158.66, Left
1761465491294, -35.00, -16.40, -158.50, Left
1761465491339, -34.84, -16.74, -158.55, Left
1761465491418, -34.81, -16.76, -158.44, Left
1761465491463, -34.65, -16.75, -158.30, Left
1761465491506, -37.72, -17.27, -176.52, Left
1761465491550, -38.19, -17.61, -176.63, Left
1761465491594, -38.37, -17.70, -176.81, Left
1761465491689, -38.11, -17.45, -176.65, Left
1761465491734, -38.35, -17.29, -176.51, Left
1761465491782, -38.40, -17.15, -176.37, Left
1761465491828, -38.49, -16.95, -176.30, Left
1761465491872, -38.71, -16.57, -176.17, Left
1761465491961, -38.51, -16.49, -176.09, Left
1761465492006, -38.64, -16.42, -176.08, Left
1761465492050, -38.63, -16.45, -176.14, Left
1761465492097, -38.44, -16.10, -176.03, Left
1761465492141, -38.25, -15.88, -175.88, Left
1761465492217, -38.47, -16.16, -175.94, Left
1761465492266, -38.37, -16.42, -175.94, Left
1761465492310, -38.39, -16.55, -175.96, Left
1761465492352, -38.26, -16.97, -176.16, Left
1761465492398, -37.91, -17.20, -176.30, Left
1761465492489, -37.80, -16.90, -176.19, Left
1761465492533, -37.51, -16.75, -176.13, Left
1761465492577, -37.20, -16.77, -176.18, Left
1761465492623, -37.60, -17.12, -176.31, Left
1761465492666, -38.00, -17.33, -176.34, Left
1761465492760, -37.85, -17.13, -176.27, Left
1761465492805, -37.67, -17.15, -176.38, Left
1761465492850, -37.15, -17.24, -176.53, Left
1761465492893, -36.89, -17.11, -176.61, Left
1761465492940, -36.88, -16.87, -176.51, Left
1761465493018, -36.90, -17.34, -176.71, Left
1761465493064, -37.02, -17.56, -176.82, Left
1761465493108, -37.20, -17.70, -176.87, Left
1761465493153, -36.83, -17.75, -176.91, Left
1761465493201, -36.39, -17.67, -176.92, Left
1761465493290, -36.50, -17.53, -176.99, Left
1761465493333, -36.36, -17.35, -176.96, Left
1761465493382, -36.58, -16.99, -176.79, Left
1761465493426, -36.94, -16.81, -176.62, Left
1761465493471, -37.28, -16.82, -176.70, Left
1761465493561, -37.14, -16.34, -176.55, Left
1761465493606, -36.77, -16.10, -176.44, Left
1761465493650, -36.52, -15.70, -176.28, Left
1761465493697, -36.89, -15.52, -176.34, Left
1761465493742, -36.94, -15.46, -176.39, Left
1761465493817, -37.10, -15.58, -176.46, Left
1761465493864, -37.40, -15.72, -176.59, Left
1761465493909, -37.46, -15.96, -176.70, Left
1761465493952, -37.24, -16.25, -176.81, Left
1761465494088, -36.78, -16.39, -176.87, Left
1761465494132, -33.88, -16.01, -158.70, Left
1761465494217, -34.26, -16.05, -158.94, Left
1761465494265, -34.36, -16.20, -159.13, Left
1761465494310, -34.09, -16.19, -159.24, Left
1761465494353, -34.19, -16.19, -159.20, Left
1761465494490, -34.06, -15.97, -158.98, Left
1761465494532, -33.95, -15.72, -158.78, Left
1761465494617, -34.08, -15.50, -158.61, Left
1761465494666, -34.40, -15.12, -158.48, Left
1761465494714, -34.80, -14.82, -158.32, Left
1761465494759, -37.91, -14.83, -176.19, Left
1761465494889, -35.02, -13.81, -157.69, Left
1761465494935, -34.97, -13.20, -157.21, Left
1761465495016, -32.24, -12.19, -138.72, Left
1761465495063, -29.70, -11.45, -120.53, Left
1761465495108, -27.13, -10.74, -102.42, Left
1761465495151, -24.66, -9.82, -84.18, Down
1761465495290, -22.08, -9.22, -66.03, Down
1761465495332, -19.39, -8.64, -47.87, Down
1761465495417, -16.76, -8.23, -29.82, Down
1761465495464, -13.97, -8.19, -12.13, Down
1761465495509, -14.02, -8.49, -12.45, Down
1761465495555, -14.38, -8.52, -12.66, Down
1761465495689, -14.51, -8.50, -12.70, Down
1761465495733, -14.46, -8.26, -12.70, Down
1761465495816, -14.13, -7.93, -12.75, Down
1761465495865, -13.83, -7.81, -12.90, Down
1761465495911, -13.48, -7.42, -12.98, Down
1761465495954, -14.80, -7.12, -30.99, Down
1761465496089, -15.74, -7.18, -49.18, Down
1761465496134, -14.49, -6.94, -49.27, Down
1761465496218, -13.43, -6.27, -49.31, Down
1761465496265, -9.42, -5.25, -31.45, Forward
1761465496310, -8.19, -4.63, -31.62, Forward
1761465496354, -7.82, -4.42, -31.77, Forward
1761465496489, -7.82, -4.34, -31.91, Forward
1761465496531, -7.85, -4.20, -31.99, Forward
1761465496618, -8.01, -4.00, -32.17, Forward
1761465496664, -6.43, -3.84, -14.40, Forward
1761465496710, -5.28, -3.17, 3.69, Forward
1761465496752, -6.66, -2.72, 3.73, Forward
1761465496890, -7.76, -2.83, 3.72, Forward
1761465496932, -8.79, -3.26, 3.63, Forward
1761465497018, -9.73, -3.68, 3.60, Forward
1761465497064, -9.85, -3.66, 3.58, Forward
1761465497108, -9.94, -3.67, 3.60, Forward
1761465497153, -10.12, -3.76, 3.59, Down
1761465497290, -10.20, -4.01, 3.68, Down
1761465497332, -10.27, -4.18, 3.75, Down
1761465497417, -10.43, -4.27, 3.81, Down
1761465497465, -10.40, -4.38, 3.78, Down
1761465497510, -10.47, -4.49, 3.82, Down
1761465497554, -13.83, -4.80, -14.07, Down
1761465497689, -14.12, -4.80, -14.07, Down
1761465497733, -14.37, -4.81, -14.05, Down
1761465497818, -17.70, -5.37, -31.95, Down
1761465497863, -20.93, -5.81, -49.88, Down
1761465497909, -24.10, -6.14, -67.82, Down
1761465497951, -27.41, -6.50, -85.80, Down
1761465498089, -27.58, -6.52, -85.81, Down
1761465498132, -30.87, -7.01, -103.78, Down
1761465498217, -34.17, -7.54, -121.75, Down
1761465498265, -31.09, -7.24, -103.76, Down
1761465498309, -31.15, -7.28, -103.68, Down
1761465498355, -34.29, -7.71, -121.57, Down
1761465498488, -31.16, -7.23, -103.64, Down
1761465498534, -31.07, -7.22, -103.67, Down
1761465498617, -27.83, -6.88, -85.71, Down
1761465498663, -24.52, -6.59, -67.73, Down
1761465498708, -24.32, -6.64, -67.71, Down
1761465498751, -24.21, -6.60, -67.69, Down
1761465498889, -24.23, -6.43, -67.67, Down
1761465498933, -27.25, -6.81, -85.70, Down
1761465499018, -30.35, -7.19, -103.68, Down
1761465499064, -30.35, -7.30, -103.72, Down
1761465499108, -33.51, -7.73, -121.63, Down
1761465499152, -30.52, -7.33, -103.63, Down
1761465499288, -30.72, -7.35, -103.51, Down
1761465499332, -30.87, -7.43, -103.37, Down
1761465499418, -34.24, -7.84, -121.31, Down
1761465499467, -31.20, -7.58, -103.23, Down
1761465499516, -28.05, -7.29, -85.15, Down
1761465499564, -28.27, -7.55, -85.14, Down
1761465499689, -28.38, -7.73, -85.17, Down
1761465499731, -25.31, -7.48, -67.12, Down
1761465499817, -22.23, -7.28, -49.07, Down
1761465499862, -22.23, -7.42, -49.00, Down
1761465499906, -22.19, -7.51, -49.02, Down
1761465499950, -22.14, -7.38, -49.04, Down
1761465500090, -18.83, -7.02, -30.92, Down
1761465500133, -18.75, -7.08, -30.85, Down
1761465500217, -20.80, -7.65, -48.82, Down
1761465500265, -19.71, -7.50, -48.68, Down
1761465500308, -18.70, -7.43, -48.62, Down
1761465500352, -20.67, -8.24, -66.67, Down
1761465500489, -22.25, -9.33, -84.92, Down
1761465500534, -23.98, -10.31, -103.06, Left
1761465500617, -23.62, -10.41, -102.89, Left
1761465500663, -23.28, -10.85, -102.69, Left
1761465500709, -22.96, -11.15, -102.57, Left
1761465500755, -22.59, -11.36, -102.33, Left
1761465500891, -20.15, -11.17, -84.03, Left
1761465500933, -17.52, -11.12, -65.74, Left
1761465501018, -14.84, -11.20, -47.37, Left
1761465501062, -12.49, -10.72, -28.98, Left
1761465501106, -10.47, -10.01, -10.42, Left
1761465501151, -8.32, -9.37, 8.10, Forward
1761465501289, -8.17, -9.73, 8.36, Forward
1761465501333, -8.01, -9.74, 8.53, Forward
1761465501418, -7.98, -9.88, 8.74, Forward
1761465501464, -10.53, -10.68, -9.52, Left
1761465501508, -13.04, -11.52, -27.81, Left
1761465501551, -13.20, -11.69, -27.79, Left
1761465501689, -13.32, -11.48, -27.82, Left
1761465501732, -13.40, -11.32, -27.83, Left
1761465501816, -13.47, -11.26, -27.87, Left
1761465501859, -13.58, -11.20, -27.93, Left
1761465501903, -13.80, -10.91, -28.05, Left
1761465501946, -14.06, -10.78, -28.16, Left
1761465502089, -14.18, -10.59, -28.21, Left
1761465502133, -11.82, -9.70, -9.97, Down
1761465502218, -9.19, -8.85, 8.29, Forward
1761465502265, -9.04, -8.58, 8.25, Forward
1761465502311, -8.91, -8.63, 8.28, Forward
1761465502354, -8.82, -8.65, 8.25, Forward
1761465502490, -8.72, -8.59, 8.28, Forward
1761465502534, -8.64, -8.55, 8.28, Forward
1761465502616, -8.65, -8.74, 8.30, Forward
1761465502662, -11.54, -9.38, -9.93, Down
1761465502707, -14.49, -9.99, -28.18, Down
1761465502751, -17.29, -10.59, -46.38, Left
1761465502888, -17.35, -10.55, -46.35, Left
1761465502933, -17.35, -10.59, -46.35, Left
1761465503017, -17.48, -10.49, -46.36, Left
1761465503061, -17.46, -10.57, -46.31, Left
1761465503106, -17.50, -10.52, -46.29, Left
1761465503149, -17.59, -10.57, -46.32, Left
1761465503290, -17.47, -10.43, -46.32, Left
1761465503333, -14.54, -9.70, -28.03, Down
1761465503417, -11.60, -9.03, -9.80, Down
1761465503462, -8.66, -8.51, 8.45, Forward
1761465503508, -8.65, -8.53, 8.49, Forward
1761465503553, -8.71, -8.50, 8.52, Forward
1761465503689, -8.65, -8.55, 8.52, Forward
1761465503732, -8.65, -8.39, 8.49, Forward
1761465503817, -10.71, -8.52, -9.34, Down
1761465503862, -12.55, -8.75, -27.23, Down
1761465503907, -14.54, -8.96, -45.06, Down
1761465503951, -16.10, -9.87, -63.47, Down
1761465504089, -17.28, -10.68, -81.89, Left
1761465504133, -18.56, -11.45, -100.39, Left
1761465504218, -19.45, -12.49, -118.99, Left
1761465504262, -18.43, -12.82, -119.20, Left
1761465504305, -17.31, -12.98, -119.39, Left
1761465504349, -17.94, -14.56, -138.11, Left
1761465504489, -14.33, -14.94, -120.51, Left
1761465504533, -10.89, -15.04, -102.78, Left
1761465504578, -7.36, -15.22, -85.11, Left
1761465504624, -4.42, -14.67, -67.09, Left
1761465504670, -1.83, -14.27, -49.01, Left
1761465504714, 0.83, -13.59, -30.87, Left
1761465504757, 2.76, -12.41, -12.66, Left
1761465504800, 2.83, -11.83, -12.83, Left
1761465504846, 2.74, -11.26, -13.00, Left
1761465504890, 4.39, -9.48, 5.42, Forward
1761465505017, 3.71, -8.73, 5.26, Forward
1761465505064, 2.92, -7.98, 5.08, Forward
1761465505146, 2.07, -7.50, 4.95, Forward
1761465505192, 1.46, -6.94, 4.98, Forward
1761465505238, 0.83, -6.35, 4.97, Forward
1761465505281, 0.18, -5.94, 4.99, Forward
1761465505418, -0.16, -5.91, 5.01, Forward
1761465505462, -0.52, -5.91, 5.05, Forward
1761465505544, -0.89, -5.88, 5.05, Forward
1761465505590, -1.25, -5.84, 5.01, Forward
1761465505634, -1.45, -5.82, 5.05, Forward
1761465505677, -1.57, -5.98, 5.09, Forward
1761465505817, -1.55, -5.77, 5.05, Forward
1761465505863, -1.57, -5.82, 5.07, Forward
1761465505947, -3.67, -6.08, -12.85, Forward
1761465505996, -5.96, -6.55, -30.84, Forward
1761465506041, -8.24, -6.99, -48.92, Forward
1761465506084, -10.39, -7.62, -66.99, Down
1761465506218, -12.31, -8.53, -85.13, Down
1761465506264, -11.91, -8.93, -85.08, Down
1761465506347, -13.58, -9.85, -103.31, Down
1761465506393, -13.00, -10.24, -103.30, Left
1761465506438, -14.73, -11.13, -121.46, Left
1761465506483, -14.24, -11.41, -121.57, Left
1761465506619, -11.46, -12.08, -103.65, Left
1761465506664, -10.57, -13.19, -104.20, Left
1761465506746, -7.51, -13.53, -86.19, Left
1761465506792, -4.52, -13.82, -68.14, Left
1761465506835, -1.72, -13.91, -50.02, Left
1761465506879, -1.26, -14.59, -50.18, Left
1761465507017, 1.38, -14.64, -32.15, Left
1761465507063, 1.72, -15.25, -32.35, Left
1761465507146, 4.29, -15.37, -14.35, Left
1761465507189, 4.74, -16.04, -14.41, Left
1761465507236, 4.92, -16.12, -14.57, Left
1761465507283, 7.23, -15.68, 3.77, Left
1761465507418, 7.28, -15.73, 3.67, Left
1761465507465, 7.30, -15.89, 3.56, Left
1761465507547, 7.32, -16.12, 3.43, Left
1761465507592, 7.44, -16.12, 3.43, Left
1761465507637, 7.45, -16.19, 3.46, Left
1761465507680, 7.47, -16.25, 3.52, Left
1761465507817, 7.50, -16.30, 3.52, Left
1761465507862, 7.57, -16.57, 3.56, Left
1761465507945, 7.73, -16.76, 3.60, Left
1761465507990, 7.90, -16.82, 3.68, Left
1761465508033, 8.14, -17.06, 3.71, Left
1761465508079, 8.30, -17.33, 3.73, Left
1761465508217, 8.40, -17.54, 3.78, Left
1761465508262, 8.51, -17.86, 3.81, Left
1761465508345, 8.68, -17.93, 3.77, Left
1761465508391, 8.89, -17.88, 3.67, Left
1761465508434, 9.11, -17.91, 3.64, Left
1761465508478, 9.16, -18.16, 3.69, Left
1761465508617, 9.24, -18.32, 3.67, Left
1761465508664, 9.26, -18.32, 3.64, Left
1761465508745, 9.31, -18.37, 3.59, Left
1761465508793, 9.42, -18.29, 3.55, Left
1761465508838, 9.60, -18.26, 3.51, Left
1761465508882, 9.64, -17.97, 3.40, Left
1761465509017, 9.67, -17.80, 3.42, Left
1761465509060, 9.74, -17.93, 3.49, Left
1761465509144, 9.76, -17.95, 3.53, Left
1761465509189, 9.84, -17.49, 3.47, Left
1761465509233, 9.86, -17.26, 3.46, Left
1761465509279, 9.83, -17.06, 3.44, Left
1761465509419, 9.86, -17.26, 3.55, Left
1761465509462, 9.89, -17.43, 3.62, Left
1761465509545, 9.90, -17.39, 3.62, Left
1761465509589, 9.88, -17.69, 3.73, Left
1761465509633, 9.81, -18.14, 3.80, Left
1761465509677, 9.69, -18.27, 3.79, Left
1761465509817, 9.60, -18.13, 3.74, Left
1761465509861, 9.54, -17.97, 3.68, Left
1761465509945, 9.47, -17.50, 3.61, Left
1761465509990, 9.42, -17.22, 3.55, Left
1761465510033, 9.28, -16.50, 3.38, Left
1761465510078, 9.30, -16.22, 3.34, Left
1761465510218, 9.15, -16.00, 3.31, Left
1761465510263, 9.10, -15.68, 3.22, Left
1761465510345, 9.05, -15.11, 3.09, Left
1761465510391, 9.05, -14.51, 3.02, Left
1761465510436, 9.10, -14.28, 3.02, Left
1761465510481, 9.08, -14.25, 3.02, Left
1761465510622, 9.06, -14.30, 3.06, Left
1761465510673, 9.03, -14.22, 3.07, Left
1761465510746, 9.12, -14.43, 3.18, Left
1761465510788, 8.96, -14.16, 3.15, Left
1761465510833, 9.04, -14.11, 3.17, Left
1761465510880, 9.20, -13.83, 3.22, Left
1761465511017, 9.33, -14.04, 3.33, Left
1761465511060, 9.41, -14.08, 3.45, Left
1761465511146, 9.20, -13.80, 3.43, Left
1761465511194, 8.94, -13.53, 3.43, Left
1761465511240, 8.73, -13.48, 3.41, Left
1761465511285, 8.26, -13.10, 3.43, Left
1761465511418, 7.62, -12.10, 3.33, Left
1761465511461, 7.11, -11.20, 3.29, Left
1761465511545, 6.43, -10.44, 3.27, Left
1761465511590, 5.68, -9.72, 3.23, Forward
1761465511634, 4.92, -8.78, 3.19, Forward
1761465511680, 4.15, -8.05, 3.13, Forward
1761465511816, 3.66, -7.67, 3.18, Forward
1761465511860, 3.23, -7.03, 3.18, Forward
1761465511945, 2.82, -6.34, 3.19, Forward
1761465511994, 2.70, -6.09, 3.18, Forward
1761465512038, 2.64, -6.17, 3.17, Forward
1761465512081, 2.58, -6.13, 3.15, Forward
1761465512218, 2.60, -5.94, 3.12, Forward
1761465512261, 2.54, -5.98, 3.10, Forward
1761465512346, 2.59, -5.72, 3.05, Forward
1761465512390, 2.65, -5.50, 3.05, Forward
1761465512434, 2.69, -5.41, 3.04, Forward
1761465512478, 2.64, -5.48, 3.07, Forward
1761465512619, 2.66, -5.51, 3.10, Forward
1761465512662, 2.66, -5.32, 3.12, Forward
1761465512746, 2.61, -5.36, 3.19, Forward
1761465512794, 2.49, -5.44, 3.23, Forward
1761465512839, 2.34, -5.50, 3.27, Forward
1761465512885, 2.23, -5.47, 3.39, Forward
1761465513016, 2.22, -5.63, 3.46, Forward
1761465513060, 2.16, -5.69, 3.50, Forward
1761465513145, 2.03, -5.71, 3.52, Forward
1761465513191, 2.00, -5.62, 3.54, Forward
1761465513235, 1.91, -5.60, 3.56, Forward
1761465513279, 1.84, -5.73, 3.64, Forward
1761465513417, 1.77, -5.76, 3.64, Forward
1761465513461, 1.67, -5.82, 3.67, Forward
1761465513546, 1.73, -5.75, 3.72, Forward
1761465513591, 1.80, -5.71, 3.68, Forward
1761465513635, 1.70, -5.75, 3.72, Forward
1761465513678, 1.67, -5.94, 3.79, Forward
1761465513817, 1.76, -5.98, 3.83, Forward
1761465513861, 1.83, -6.16, 3.88, Forward
1761465513947, 1.84, -6.27, 3.92, Forward
1761465513992, 1.87, -6.40, 3.93, Forward
1761465514036, 1.94, -6.41, 3.96, Forward
1761465514079, 1.99, -6.25, 3.99, Forward
1761465514217, 2.02, -6.40, 4.02, Forward
1761465514260, 2.11, -6.43, 4.06, Forward
1761465514345, 2.31, -6.34, 4.10, Forward
1761465514391, 0.37, -6.48, -13.86, Forward
1761465514435, -1.75, -6.93, -31.88, Forward
1761465514478, -3.56, -7.24, -49.94, Forward
1761465514618, -5.54, -7.83, -68.04, Forward
1761465514662, -7.55, -8.43, -86.15, Forward
1761465514746, -7.65, -8.60, -86.12, Forward
1761465514792, -7.64, -8.80, -86.11, Forward
1761465514837, -7.66, -8.86, -86.12, Forward
1761465514882, -7.78, -8.88, -86.13, Forward
1761465515018, -8.03, -9.08, -86.15, Forward
1761465515061, -6.07, -8.95, -68.22, Forward
1761465515109, -4.02, -8.44, -50.18, Forward
1761465515158, -2.15, -8.03, -32.11, Forward
1761465515202, -0.10, -7.39, -13.97, Forward
1761465515285, 1.90, -6.62, 4.15, Forward
1761465515329, 1.99, -6.30, 4.08, Forward
1761465515376, 2.10, -6.23, 4.07, Forward
1761465515424, 2.04, -6.21, 4.05, Forward
1761465515467, 2.02, -6.27, 4.02, Forward
1761465515546, 2.09, -6.04, 4.02, Forward
1761465515592, -0.49, -6.25, -13.95, Forward
1761465515637, -0.55, -6.11, -13.94, Forward
1761465515681, -3.97, -6.41, -31.96, Forward
1761465515726, -7.35, -6.73, -49.96, Forward
1761465515802, -7.79, -6.87, -49.97, Forward
1761465515845, -8.22, -7.08, -49.91, Forward
1761465515892, -8.71, -7.14, -49.90, Forward
1761465515938, -9.06, -7.00, -49.90, Forward
1761465515981, -12.26, -7.27, -67.94, Down
1761465516074, -12.54, -7.50, -67.94, Down
1761465516117, -10.22, -7.35, -49.98, Down
1761465516161, -10.39, -7.71, -49.97, Down
1761465516209, -10.01, -7.68, -50.02, Down
1761465516254, -7.02, -7.43, -32.05, Forward
1761465516345, -10.00, -7.96, -50.23, Down
1761465516393, -12.96, -8.31, -68.39, Down
1761465516438, -13.08, -8.50, -68.40, Down
1761465516483, -13.20, -8.63, -68.39, Down
1761465516527, -10.48, -8.39, -50.34, Down
1761465516601, -10.89, -8.41, -50.35, Down
1761465516645, -11.34, -8.35, -50.34, Down
1761465516693, -11.79, -8.34, -50.34, Down
1761465516737, -9.50, -8.27, -32.29, Forward
1761465516781, -9.96, -8.51, -32.27, Forward
1761465516874, -10.44, -8.42, -32.19, Down
1761465516920, -7.89, -8.17, -13.96, Forward
1761465516963, -8.22, -8.12, -13.92, Forward
1761465517009, -11.55, -8.33, -31.97, Down
1761465517053, -11.87, -8.32, -31.97, Down
1761465517145, -12.00, -8.22, -31.97, Down
1761465517190, -12.14, -8.20, -31.98, Down
1761465517234, -12.31, -8.11, -31.99, Down
1761465517277, -15.10, -8.12, -49.97, Down
1761465517325, -17.86, -8.21, -68.04, Down
1761465517401, -16.89, -8.15, -68.02, Down
1761465517445, -19.00, -8.36, -86.12, Down
1761465517490, -21.03, -8.57, -104.21, Down
1761465517536, -19.97, -8.75, -104.24, Down
1761465517578, -22.17, -9.03, -122.32, Down
1761465517673, -24.40, -9.57, -140.45, Down
1761465517719, -23.84, -9.66, -140.48, Down
1761465517761, -25.93, -10.05, -158.62, Left
1761465517810, -22.82, -10.15, -140.66, Left
1761465517856, -19.64, -10.15, -122.62, Left
1761465517945, -17.00, -9.91, -104.61, Down
1761465517991, -14.40, -9.71, -86.62, Down
1761465518035, -11.77, -9.53, -68.62, Down
1761465518080, -11.97, -9.36, -68.71, Down
1761465518126, -9.12, -9.08, -50.71, Forward
1761465518202, -6.27, -8.75, -32.70, Forward
1761465518246, -6.21, -8.78, -32.79, Forward
1761465518292, -3.43, -8.46, -14.76, Forward
1761465518338, -3.28, -8.28, -14.87, Forward
1761465518383, -5.89, -8.25, -33.07, Forward
1761465518472, -5.80, -8.12, -33.21, Forward
1761465518516, -5.65, -7.95, -33.33, Forward
1761465518558, -8.31, -8.05, -51.53, Forward
1761465518603, -8.12, -8.06, -51.67, Forward
1761465518648, -8.00, -7.98, -51.78, Forward
1761465518745, -10.53, -8.07, -69.87, Down
1761465518792, -13.10, -8.09, -87.92, Down
1761465518836, -15.67, -8.18, -105.99, Down
1761465518879, -15.94, -7.94, -106.07, Down
1761465518925, -13.42, -7.58, -88.02, Down
1761465519001, -16.07, -7.69, -106.01, Down
1761465519045, -18.61, -7.65, -123.95, Down
1761465519092, -15.82, -7.14, -105.88, Down
1761465519137, -15.79, -6.81, -105.69, Down
1761465519183, -18.55, -6.78, -123.63, Down
1761465519274, -18.54, -6.47, -123.54, Down
1761465519320, -18.48, -6.18, -123.46, Down
1761465519364, -18.47, -5.91, -123.37, Down
1761465519408, -18.16, -5.74, -123.39, Down
1761465519453, -17.91, -5.45, -123.39, Down
1761465519545, -15.39, -5.17, -105.47, Down
1761465519590, -13.03, -4.89, -87.60, Down
1761465519635, -13.21, -4.66, -87.68, Down
1761465519679, -12.98, -4.60, -87.69, Down
1761465519727, -10.14, -4.20, -69.81, Down
1761465519802, -10.04, -4.34, -69.86, Down
1761465519846, -7.45, -4.33, -51.94, Forward
1761465519890, -4.76, -4.25, -34.03, Forward
1761465519936, -4.70, -4.36, -33.99, Forward
1761465519979, -4.61, -4.46, -33.97, Forward
1761465520074, -4.59, -4.54, -33.86, Forward
1761465520117, -7.14, -4.96, -51.73, Forward
1761465520162, -7.09, -5.38, -51.61, Forward
1761465520208, -4.78, -5.19, -33.66, Forward
1761465520252, -5.07, -5.37, -33.59, Forward
1761465520345, -2.57, -5.08, -15.56, Forward
1761465520393, -5.36, -5.18, -33.42, Forward
1761465520440, -5.58, -5.27, -33.37, Forward
1761465520484, -5.74, -5.21, -33.38, Forward
1761465520528, -6.02, -5.22, -33.42, Forward
1761465520601, -6.24, -5.20, -33.38, Forward
1761465520644, -3.72, -4.90, -15.40, Forward
1761465520692, -3.96, -4.73, -15.39, Forward
1761465520737, -4.10, -4.72, -15.38, Forward
1761465520781, -4.33, -4.81, -15.38, Forward
1761465520872, -4.77, -4.88, -15.39, Forward
1761465520917, -2.44, -4.75, 2.48, Forward
1761465520960, -2.84, -4.62, 2.42, Forward
1761465521003, -5.65, -4.72, -15.48, Forward
1761465521047, -8.35, -4.94, -33.36, Forward
1761465521146, -8.16, -4.90, -33.40, Forward
1761465521192, -8.05, -4.85, -33.39, Forward
1761465521236, -7.82, -4.79, -33.39, Forward
1761465521280, -7.69, -4.82, -33.34, Forward
1761465521325, -7.42, -4.86, -33.25, Forward
1761465521401, -7.14, -5.01, -33.22, Forward
1761465521444, -6.80, -5.10, -33.21, Forward
1761465521491, -6.39, -5.36, -33.14, Forward
1761465521536, -3.59, -5.29, -15.20, Forward
1761465521579, -3.37, -5.50, -15.29, Forward
1761465521674, -3.14, -5.62, -15.34, Forward
1761465521718, -2.94, -5.66, -15.43, Forward
1761465521763, -2.72, -5.77, -15.51, Forward
1761465521809, -2.28, -5.76, -15.71, Forward
1761465521852, -1.84, -5.46, -15.95, Forward
1761465521947, -3.29, -4.57, -33.80, Forward
1761465521993, -2.55, -4.21, -34.06, Forward
1761465522038, -1.84, -3.86, -34.29, Forward
1761465522082, -3.44, -3.61, -52.34, Forward
1761465522125, -2.36, -2.95, -52.36, Forward
1761465522201, -4.13, -2.38, -70.26, Forward
1761465522244, -3.76, -1.87, -70.44, Forward
1761465522291, -5.38, -1.16, -88.27, Forward
1761465522337, -5.22, -0.75, -88.39, Forward
1761465522387, -5.04, -0.71, -88.46, Forward
1761465522473, -2.94, -1.38, -70.83, Forward
1761465522526, -3.01, -1.47, -70.77, Forward
1761465522574, -3.04, -1.40, -70.76, Forward
1761465522622, -0.77, -1.70, -52.91, Forward
1761465522674, 1.42, -2.02, -35.01, Forward
1761465522745, 3.69, -2.62, -17.24, Forward
1761465522791, 3.80, -2.86, -17.21, Forward
1761465522837, 5.87, -3.26, 0.47, Forward
1761465522880, 6.02, -3.59, 0.55, Forward
1761465522924, 6.12, -3.93, 0.61, Forward
1761465523001, 6.22, -3.88, 0.59, Forward
1761465523044, 6.20, -3.90, 0.56, Forward
1761465523094, 6.17, -3.94, 0.53, Forward
1761465523146, 6.16, -3.73, 0.50, Forward
1761465523190, 6.18, -3.76, 0.46, Forward
1761465523273, 6.28, -3.77, 0.51, Forward
1761465523317, 6.38, -4.20, 0.59, Forward
1761465523361, 6.49, -4.60, 0.64, Forward
1761465523409, 6.42, -4.65, 0.67, Forward
1761465523458, 6.37, -4.62, 0.70, Forward
1761465523545, 6.37, -4.80, 0.75, Forward
1761465523592, 6.46, -5.20, 0.79, Forward
1761465523638, 6.54, -5.26, 0.80, Forward
1761465523682, 6.68, -5.48, 0.80, Forward
1761465523727, 6.64, -5.56, 0.78, Forward
1761465523802, 6.65, -5.38, 0.70, Forward
1761465523845, 6.61, -5.41, 0.64, Forward
1761465523891, 6.59, -5.49, 0.59, Forward
1761465523938, 6.63, -5.73, 0.56, Forward
1761465523981, 6.72, -6.01, 0.50, Forward
1761465524073, 6.77, -6.07, 0.39, Forward
1761465524117, 6.72, -5.87, 0.26, Forward
1761465524162, 6.68, -6.18, 0.16, Forward
1761465524208, 6.71, -6.35, 0.12, Forward
1761465524252, 6.84, -6.27, 0.07, Forward
1761465524345, 7.20, -6.13, -0.05, Forward
1761465524393, 7.54, -5.58, -0.19, Forward
1761465524442, 7.89, -5.35, -0.27, Forward
1761465524488, 8.20, -5.21, -0.34, Forward
1761465524530, 8.45, -5.11, -0.36, Forward
1761465524603, 8.75, -4.48, -0.43, Forward
1761465524647, 9.01, -4.48, -0.41, Forward
1761465524691, 9.35, -4.28, -0.38, Forward
1761465524738, 9.48, -4.09, -0.41, Forward
1761465524783, 9.69, -3.90, -0.47, Forward
1761465524873, 9.28, -3.89, -0.46, Forward
1761465524919, 9.11, -4.15, -0.42, Forward
1761465524962, 8.89, -4.13, -0.45, Forward
1761465525007, 8.79, -4.15, -0.46, Forward
1761465525052, 8.66, -3.88, -0.54, Forward
1761465525145, 8.64, -4.52, -0.42, Forward
1761465525191, 8.61, -4.42, -0.43, Forward
1761465525235, 8.55, -4.06, -0.48, Forward
1761465525278, 8.45, -4.07, -0.52, Forward
1761465525323, 8.43, -3.84, -0.54, Forward
1761465525400, 8.51, -4.05, -0.51, Forward
1761465525444, 8.44, -4.15, -0.49, Forward
1761465525490, 8.39, -4.16, -0.47, Forward
1761465525534, 8.31, -4.09, -0.49, Forward
1761465525579, 8.19, -4.18, -0.52, Forward
1761465525674, 8.07, -3.99, -0.59, Forward
1761465525718, 8.00, -4.15, -0.60, Forward
1761465525766, 7.90, -4.49, -0.57, Forward
1761465525811, 7.90, -4.92, -0.44, Forward
1761465525857, 7.87, -5.01, -0.41, Forward
1761465525945, 7.93, -4.50, -0.46, Forward
1761465525991, 8.06, -3.72, -0.56, Forward
1761465526037, 8.19, -2.94, -0.64, Forward
1761465526080, 8.20, -2.20, -0.70, Forward
1761465526125, 8.35, -1.38, -0.71, Forward
1761465526200, 8.13, -1.08, -0.79, Forward
1761465526244, 7.91, -0.62, -0.83, Forward
1761465526291, 7.65, -0.32, -0.87, Forward
1761465526338, 7.45, 0.62, -1.03, Forward
1761465526382, 6.88, 0.84, -1.06, Forward
1761465526473, 6.53, 0.97, -1.01, Forward
1761465526516, 6.07, 0.79, -0.91, Forward
1761465526558, 5.67, 0.57, -0.81, Forward
1761465526604, 5.29, 0.37, -0.73, Forward
1761465526649, 4.99, -0.01, -0.54, Forward
1761465526729, 4.51, -0.18, -0.35, Forward
1761465526773, 4.20, -0.41, -0.18, Forward
1761465526815, 3.86, -0.76, -0.01, Forward
1761465526859, 3.52, -1.14, 0.16, Forward
1761465526906, 3.34, -1.59, 0.36, Forward
1761465527001, 2.80, -2.27, 0.54, Forward
1761465527046, 2.42, -2.84, 0.71, Forward
1761465527089, 1.91, -3.37, 0.88, Forward
1761465527134, 1.23, -3.94, 1.02, Forward
1761465527177, 0.52, -4.34, 1.08, Forward
1761465527273, 0.24, -4.49, 1.19, Forward
1761465527318, -0.17, -4.57, 1.25, Forward
1761465527361, -3.40, -4.73, -16.62, Forward
1761465527410, -6.27, -4.89, -34.40, Forward
1761465527456, -8.86, -4.83, -52.15, Forward
1761465527530, -11.16, -4.81, -70.02, Down
1761465527574, -13.50, -4.77, -87.81, Down
1761465527618, -15.73, -4.78, -105.63, Down
1761465527660, -17.72, -4.74, -123.43, Down
1761465527706, -17.21, -4.48, -123.44, Down
1761465527801, -16.75, -4.20, -123.53, Down
1761465527846, -18.54, -4.21, -141.40, Down
1761465527889, -15.23, -3.96, -123.50, Down
1761465527934, -12.23, -3.74, -105.66, Down
1761465527977, -11.65, -3.63, -105.72, Down
1761465528074, -8.90, -3.29, -87.86, Forward
1761465528117, -6.22, -3.03, -70.08, Forward
1761465528160, -3.55, -2.84, -52.27, Forward
1761465528206, -1.04, -2.66, -34.44, Forward
1761465528250, -1.09, -2.67, -34.41, Forward
1761465528331, -1.10, -2.97, -34.37, Forward
1761465528376, 1.21, -3.03, -16.50, Forward
1761465528423, 1.23, -3.01, -16.50, Forward
1761465528470, 1.25, -3.17, -16.47, Forward
1761465528514, 3.46, -3.33, 1.33, Forward
1761465528602, 3.35, -3.40, 1.30, Forward
1761465528647, 3.35, -3.52, 1.27, Forward
1761465528691, 3.22, -3.52, 1.23, Forward
1761465528735, 3.25, -3.67, 1.17, Forward
1761465528779, 3.32, -3.75, 1.09, Forward
1761465528874, 3.32, -3.51, 1.04, Forward
1761465528919, 3.36, -3.34, 0.99, Forward
1761465528961, 3.38, -3.23, 0.95, Forward
1761465529008, 3.29, -2.88, 0.86, Forward
1761465529056, 0.82, -2.79, -16.97, Forward
1761465529128, -1.68, -2.88, -34.81, Forward
1761465529172, -1.79, -2.98, -34.83, Forward
1761465529217, -1.77, -2.98, -34.87, Forward
1761465529260, -4.26, -2.86, -52.68, Forward
1761465529305, -4.33, -2.85, -52.66, Forward
1761465529402, -6.67, -2.52, -70.28, Forward
1761465529446, -6.54, -2.13, -70.32, Forward
1761465529489, -6.45, -1.76, -70.34, Forward
1761465529534, -8.75, -1.55, -87.93, Forward
1761465529578, -6.28, -1.40, -70.12, Forward
1761465529676, -3.93, -1.27, -52.26, Forward
1761465529724, -4.14, -1.32, -52.22, Forward
1761465529768, -4.35, -1.48, -52.16, Forward
1761465529812, -2.09, -1.59, -34.30, Forward
1761465529855, -2.28, -1.54, -34.29, Forward
1761465529929, -0.31, -1.98, -16.58, Forward
1761465529972, -0.79, -2.40, -16.47, Forward
1761465530019, -1.21, -2.82, -16.36, Forward
1761465530065, 0.80, -3.22, 1.30, Forward
1761465530109, 0.56, -3.35, 1.31, Forward
1761465530201, 0.44, -3.45, 1.33, Forward
1761465530246, 0.36, -3.28, 1.38, Forward
1761465530289, 0.27, -3.16, 1.42, Forward
1761465530333, 0.40, -3.08, 1.44, Forward
1761465530378, 0.38, -3.18, 1.52, Forward
1761465530474, 0.47, -3.04, 1.52, Forward
1761465530520, 0.49, -3.01, 1.52, Forward
1761465530565, 0.50, -2.96, 1.49, Forward
1761465530607, 0.56, -2.88, 1.55, Forward
1761465530653, 0.50, -2.88, 1.66, Forward
1761465530733, 0.34, -2.94, 1.71, Forward
1761465530782, 0.23, -3.01, 1.76, Forward
1761465530827, 0.08, -2.98, 1.79, Forward
1761465530879, -0.31, -2.95, 1.81, Forward
1761465530928, -0.42, -2.88, 1.85, Forward
1761465531004, -0.45, -2.97, 1.92, Forward
1761465531052, -0.49, -2.99, 1.98, Forward
1761465531097, -0.55, -2.91, 2.05, Forward
1761465531141, -0.71, -2.97, 2.07, Forward
1761465531189, -0.76, -2.82, 2.06, Forward
1761465531273, -0.66, -2.79, 2.06, Forward
1761465531317, -0.57, -2.86, 2.08, Forward
1761465531361, -0.43, -2.92, 2.09, Forward
1761465531409, -0.28, -3.04, 2.13, Forward
1761465531456, -0.28, -3.13, 2.12, Forward
1761465531529, -0.36, -3.04, 2.08, Forward
1761465531571, -0.45, -2.96, 2.05, Forward
1761465531615, -0.48, -3.06, 2.03, Forward
1761465531658, -0.42, -3.09, 2.01, Forward
1761465531705, -0.46, -3.21, 2.02, Forward
1761465531801, -0.55, -3.15, 2.04, Forward
1761465531846, -0.63, -3.08, 2.04, Forward
1761465531890, -0.72, -2.99, 2.07, Forward
1761465531934, -0.78, -2.97, 2.10, Forward
1761465531976, -0.84, -2.75, 2.12, Forward
1761465532073, -0.84, -2.83, 2.19, Forward
1761465532117, -0.80, -2.74, 2.21, Forward
1761465532161, -0.77, -2.64, 2.24, Forward
1761465532206, -0.87, -2.55, 2.31, Forward
1761465532252, -0.96, -2.50, 2.35, Forward
1761465532331, -0.88, -2.55, 2.34, Forward
1761465532376, -0.83, -2.52, 2.29, Forward
1761465532424, -0.73, -2.49, 2.27, Forward
1761465532473, -0.64, -2.32, 2.24, Forward
1761465532518, -0.61, -2.55, 2.22, Forward
1761465532601, -2.78, -2.73, -15.69, Forward
1761465532647, -4.82, -2.95, -33.52, Forward
1761465532690, -6.72, -3.39, -51.47, Forward
1761465532738, -6.19, -3.30, -51.57, Forward
1761465532782, -5.72, -3.26, -51.64, Forward
1761465532874, -5.30, -3.23, -51.67, Forward
1761465532923, -4.85, -3.22, -51.68, Forward
1761465532970, -4.44, -3.21, -51.72, Forward
1761465533015, -4.33, -3.41, -51.80, Forward
1761465533058, -4.25, -3.39, -51.87, Forward
1761465533129, -1.91, -3.18, -34.01, Forward
1761465533172, 0.34, -3.14, -16.17, Forward
1761465533217, 2.35, -2.75, 1.75, Forward
1761465533261, 2.10, -2.82, 1.82, Forward
1761465533304, 1.93, -2.85, 1.85, Forward
1761465533402, 1.66, -2.73, 1.85, Forward
1761465533447, 1.41, -2.73, 1.89, Forward
1761465533490, 1.20, -2.73, 1.90, Forward
1761465533538, 1.17, -2.65, 1.97, Forward
1761465533585, 1.26, -2.47, 2.03, Forward
1761465533674, 1.29, -2.45, 2.02, Forward
1761465533721, 1.30, -2.33, 2.00, Forward
1761465533766, 1.40, -2.29, 1.99, Forward
1761465533810, 1.46, -2.29, 1.94, Forward
1761465533857, 1.44, -2.33, 1.94, Forward
1761465533928, 1.49, -2.45, 1.98, Forward
1761465533972, 1.37, -2.48, 2.02, Forward
1761465534017, 1.27, -2.47, 2.05, Forward
1761465534061, 1.32, -2.37, 2.06, Forward
1761465534106, 1.32, -2.49, 2.07, Forward
1761465534201, 1.24, -2.59, 2.09, Forward
1761465534244, 1.10, -2.67, 2.10, Forward
1761465534288, 0.96, -2.75, 2.12, Forward
1761465534333, 0.78, -2.47, 2.04, Forward
1761465534379, 0.67, -1.76, 1.96, Forward
1761465534474, 0.89, 0.05, 1.67, Forward
1761465534522, 1.28, 1.73, 1.41, Forward
1761465534566, 1.66, 3.29, 1.20, Forward
1761465534610, 2.45, 5.37, 0.87, Forward
1761465534653, 3.65, 7.24, 0.47, Forward
1761465534730, 4.96, 9.35, -0.00, Forward
1761465534774, 6.47, 11.64, -0.49, Right
1761465534820, 7.90, 13.87, -0.89, Right
1761465534866, 9.40, 15.72, -1.20, Right
1761465534909, 11.05, 17.16, -1.65, Right
1761465535002, 12.55, 17.48, -1.94, Right
1761465535050, 14.00, 17.91, -2.27, Right
1761465535095, 15.42, 18.43, -2.61, Right
1761465535140, 16.36, 18.47, -2.88, Right
1761465535184, 16.89, 18.84, -3.03, Right
1761465535273, 17.20, 19.07, -3.10, Right
1761465535320, 17.28, 18.97, -3.03, Right
1761465535366, 17.37, 18.93, -3.06, Right
1761465535410, 16.98, 18.66, -3.05, Right
1761465535454, 16.22, 18.48, -2.93, Right
1761465535530, 15.11, 16.43, -2.49, Right
1761465535573, 13.90, 14.62, -2.07, Right
1761465535620, 12.71, 12.98, -1.69, Right
1761465535665, 11.57, 11.14, -1.25, Right
1761465535710, 10.17, 8.96, -0.77, Up
1761465535801, 8.61, 6.67, -0.27, Forward
1761465535846, 7.13, 4.60, 0.08, Forward
1761465535889, 5.78, 2.47, 0.49, Forward
1761465535934, 4.76, 0.35, 0.91, Forward
1761465535978, 3.95, -1.79, 1.29, Forward
1761465536073, 3.27, -1.79, 1.37, Forward
1761465536120, 2.54, -2.00, 1.49, Forward
1761465536166, 1.82, -2.41, 1.64, Forward
1761465536208, 0.98, -2.77, 1.76, Forward
1761465536252, 0.40, -2.81, 1.77, Forward
1761465536332, 0.04, -2.82, 1.78, Forward
1761465536375, -0.34, -2.90, 1.83, Forward
1761465536422, -0.76, -2.87, 1.85, Forward
1761465536467, -1.14, -2.57, 1.83, Forward
1761465536510, -1.61, -2.53, 1.80, Forward
1761465536602, -1.99, -2.61, 1.79, Forward
1761465536646, -2.30, -2.76, 1.80, Forward
1761465536689, -2.61, -2.92, 1.81, Forward
1761465536734, -2.73, -2.95, 1.81, Forward
1761465536779, -2.70, -2.88, 1.83, Forward
1761465536872, -2.72, -2.74, 1.82, Forward
1761465536918, -2.81, -2.72, 1.78, Forward
1761465536962, -2.90, -2.74, 1.76, Forward
1761465537005, -3.06, -2.79, 1.69, Forward
1761465537054, -3.05, -2.57, 1.68, Forward
1761465537129, -3.15, -2.58, 1.66, Forward
1761465537172, -3.17, -2.55, 1.65, Forward
1761465537218, -3.22, -2.52, 1.62, Forward
1761465537262, -3.48, -2.54, 1.61, Forward
1761465537306, -3.86, -2.54, 1.59, Forward
1761465537401, -4.17, -2.67, 1.58, Forward
1761465537447, -4.39, -2.75, 1.60, Forward
1761465537491, -4.60, -2.87, 1.60, Forward
1761465537535, -4.73, -2.92, 1.66, Forward
1761465537579, -4.97, -3.11, 1.68, Forward
1761465537658, -5.11, -3.06, 1.70, Forward
1761465537706, -5.26, -3.02, 1.69, Forward
1761465537755, -5.43, -2.98, 1.67, Forward
1761465537803, -5.43, -2.91, 1.66, Forward
1761465537848, -5.33, -2.93, 1.68, Forward
1761465537929, -8.17, -3.11, -16.21, Forward
1761465537972, -11.04, -3.27, -34.10, Down
1761465538021, -13.89, -3.40, -51.98, Down
1761465538065, -13.87, -3.38, -51.99, Down
1761465538109, -13.85, -3.30, -51.98, Down
1761465538200, -16.94, -3.60, -69.85, Down
1761465538245, -17.05, -3.78, -69.81, Down
1761465538290, -17.14, -3.92, -69.77, Down
1761465538339, -17.20, -4.00, -69.75, Down
1761465538386, -17.45, -4.01, -69.74, Down
1761465538467, -17.73, -4.04, -69.73, Down
1761465538516, -15.00, -3.83, -51.82, Down
1761465538563, -15.28, -3.84, -51.75, Down
1761465538608, -15.46, -3.89, -51.73, Down
1761465538651, -15.73, -3.91, -51.73, Down
1761465538729, -15.81, -3.89, -51.70, Down
1761465538772, -18.95, -3.95, -69.50, Down
1761465538816, -22.00, -4.04, -87.29, Down
1761465538860, -22.32, -4.09, -87.22, Down
1761465538904, -22.47, -4.19, -87.18, Down
1761465539001, -22.49, -4.24, -87.14, Down
1761465539048, -22.58, -4.32, -87.10, Down
1761465539092, -22.64, -4.43, -87.15, Down
1761465539136, -22.73, -4.42, -87.11, Down
1761465539181, -25.84, -4.65, -104.93, Down
1761465539258, -26.01, -4.65, -104.88, Down
1761465539304, -26.08, -4.78, -104.93, Down
1761465539350, -26.25, -4.89, -104.97, Down
1761465539396, -29.28, -5.15, -122.85, Down
1761465539439, -32.39, -5.37, -140.67, Down
1761465539529, -32.45, -5.36, -140.57, Down
1761465539572, -35.49, -5.54, -158.39, Down
1761465539620, -35.60, -5.51, -158.29, Down
1761465539664, -38.63, -5.74, -176.15, Down
1761465539708, -38.46, -5.79, -176.15, Down
1761465539802, -38.38, -5.82, -176.17, Down
1761465539847, -38.24, -5.80, -176.16, Down
1761465539891, -38.06, -5.73, -176.12, Down
1761465539936, -34.86, -5.45, -158.22, Down
1761465539981, -31.65, -5.16, -140.36, Down
1761465540056, -31.84, -5.17, -140.37, Down
1761465540102, -31.84, -5.18, -140.37, Down
1761465540145, -31.89, -5.18, -140.38, Down
1761465540190, -31.96, -5.19, -140.34, Down
1761465540237, -32.02, -5.20, -140.32, Down
1761465540328, -29.00, -4.98, -122.45, Down
1761465540372, -26.07, -4.70, -104.59, Down
1761465540419, -23.17, -4.51, -86.76, Down
1761465540464, -23.20, -4.38, -86.72, Down
1761465540507, -23.22, -4.45, -86.70, Down
1761465540602, -19.96, -4.22, -68.86, Down
1761465540648, -16.84, -4.04, -51.03, Down
1761465540691, -13.65, -3.77, -33.18, Down
1761465540736, -10.43, -3.41, -15.31, Down
1761465540780, -7.21, -3.08, 2.56, Forward
1761465540858, -6.99, -3.11, 2.54, Forward
1761465540902, -6.90, -3.09, 2.54, Forward
1761465540947, -6.70, -3.09, 2.54, Forward
1761465540991, -6.55, -3.19, 2.49, Forward
1761465541034, -6.39, -3.12, 2.43, Forward
1761465541130, -6.25, -3.03, 2.41, Forward
1761465541174, -6.05, -2.90, 2.38, Forward
1761465541220, -5.84, -2.84, 2.35, Forward
1761465541267, -5.83, -2.96, 2.34, Forward
1761465541315, -5.90, -3.13, 2.36, Forward
1761465541401, -5.86, -3.06, 2.41, Forward
1761465541446, -5.67, -3.07, 2.41, Forward
1761465541489, -5.58, -3.06, 2.47, Forward
1761465541536, -5.54, -3.01, 2.53, Forward
1761465541581, -5.56, -3.10, 2.57, Forward
1761465541659, -5.63, -3.24, 2.58, Forward
1761465541703, -5.81, -3.40, 2.60, Forward
1761465541749, -5.94, -3.61, 2.64, Forward
1761465541799, -5.90, -3.61, 2.63, Forward
1761465541843, -5.78, -3.44, 2.65, Forward
1761465541928, -5.88, -3.45, 2.68, Forward
1761465541974, -6.09, -3.50, 2.73, Forward
1761465542023, -6.30, -3.43, 2.76, Forward
1761465542072, -6.36, -3.40, 2.76, Forward
1761465542119, -6.43, -3.38, 2.79, Forward
1761465542200, -6.40, -3.23, 2.74, Forward
1761465542245, -6.35, -3.11, 2.73, Forward
1761465542290, -6.33, -2.93, 2.69, Forward
1761465542337, -6.35, -2.85, 2.69, Forward
1761465542383, -6.39, -2.88, 2.67, Forward
1761465542457, -6.42, -2.75, 2.68, Forward
1761465542502, -6.33, -2.63, 2.69, Forward
1761465542547, -6.36, -2.58, 2.66, Forward
1761465542591, -6.41, -2.54, 2.66, Forward
1761465542635, -6.29, -2.42, 2.62, Forward
1761465542729, -6.25, -2.39, 2.67, Forward
1761465542772, -6.23, -2.34, 2.70, Forward
1761465542818, -6.21, -2.42, 2.75, Forward
1761465542865, -6.24, -2.47, 2.75, Forward
1761465542911, -6.30, -2.42, 2.75, Forward
1761465543002, -6.18, -2.52, 2.72, Forward
1761465543047, -6.17, -2.57, 2.68, Forward
1761465543092, -6.00, -2.68, 2.67, Forward
1761465543137, -5.93, -2.85, 2.64, Forward
1761465543181, -5.94, -2.93, 2.65, Forward
1761465543257, -6.04, -3.06, 2.72, Forward
1761465543304, -6.06, -3.13, 2.79, Forward
1761465543350, -6.06, -3.13, 2.86, Forward
1761465543395, -6.03, -3.20, 2.94, Forward
1761465543438, -5.97, -3.40, 2.96, Forward
1761465543529, -6.02, -3.52, 3.00, Forward
1761465543572, -6.02, -3.65, 3.06, Forward
1761465543619, -6.09, -3.68, 3.10, Forward
1761465543663, -6.18, -3.66, 3.09, Forward
1761465543706, -6.32, -3.64, 3.05, Forward
1761465543802, -6.35, -3.71, 2.99, Forward
1761465543844, -6.34, -3.72, 2.89, Forward
1761465543887, -6.33, -3.69, 2.80, Forward
1761465543932, -6.45, -3.72, 2.69, Forward
1761465543976, -6.43, -3.69, 2.64, Forward
1761465544057, -6.43, -3.50, 2.58, Forward
1761465544100, -6.36, -3.43, 2.52, Forward
1761465544147, -6.27, -3.36, 2.45, Forward
1761465544190, -6.13, -3.33, 2.46, Forward
1761465544236, -5.96, -3.27, 2.47, Forward
1761465544330, -5.96, -3.28, 2.42, Forward
1761465544374, -6.00, -3.32, 2.40, Forward
1761465544419, -6.08, -3.39, 2.35, Forward
1761465544463, -5.89, -3.21, 2.34, Forward
1761465544508, -5.88, -3.04, 2.33, Forward
1761465544601, -5.84, -3.18, 2.32, Forward
1761465544646, -5.92, -3.19, 2.30, Forward
1761465544689, -5.96, -3.21, 2.29, Forward
1761465544736, -6.10, -3.20, 2.28, Forward
1761465544782, -6.25, -3.26, 2.30, Forward
1761465544857, -6.26, -3.16, 2.35, Forward
1761465544901, -6.19, -3.13, 2.40, Forward
1761465544944, -6.18, -3.07, 2.46, Forward
1761465544987, -6.22, -3.16, 2.49, Forward
1761465545029, -6.18, -3.32, 2.51, Forward
1761465545129, -6.21, -3.20, 2.51, Forward
1761465545172, -6.23, -3.10, 2.50, Forward
1761465545218, -6.28, -3.03, 2.51, Forward
1761465545261, -6.34, -3.12, 2.53, Forward
1761465545304, -6.39, -3.20, 2.54, Forward
1761465545402, -6.32, -3.20, 2.53, Forward
1761465545446, -6.32, -3.29, 2.50, Forward
1761465545489, -6.27, -3.26, 2.48, Forward
1761465545537, -9.42, -3.54, -15.38, Forward
1761465545586, -9.59, -3.54, -15.35, Forward
1761465545656, -9.64, -3.72, -15.32, Forward
1761465545702, -9.67, -3.81, -15.25, Forward
1761465545750, -9.75, -3.87, -15.21, Forward
1761465545795, -9.64, -3.81, -15.18, Forward
1761465545838, -9.69, -3.81, -15.18, Forward
1761465545929, -9.74, -3.89, -15.12, Forward
1761465545972, -9.81, -3.87, -15.09, Forward
1761465546018, -9.85, -3.93, -15.09, Forward
1761465546062, -6.82, -3.71, 2.79, Forward
1761465546105, -6.72, -3.58, 2.77, Forward
1761465546202, -6.73, -3.31, 2.77, Forward
1761465546245, -6.75, -3.17, 2.71, Forward
1761465546290, -6.73, -3.02, 2.69, Forward
1761465546334, -9.91, -3.20, -15.18, Forward
1761465546379, -9.97, -3.08, -15.20, Forward
1761465546457, -10.11, -3.01, -15.26, Down
1761465546501, -13.29, -3.17, -33.16, Down
1761465546544, -16.48, -3.39, -51.06, Down
1761465546588, -16.53, -3.28, -51.09, Down
1761465546634, -16.49, -3.28, -51.08, Down
1761465546730, -19.80, -3.73, -68.95, Down
1761465546775, -22.87, -4.09, -86.77, Down
1761465546819, -25.87, -4.61, -104.63, Down
1761465546865, -25.75, -4.64, -104.69, Down
1761465546909, -25.78, -4.63, -104.70, Down
1761465547001, -28.82, -4.93, -122.62, Down
1761465547048, -28.81, -4.84, -122.59, Down
1761465547093, -28.87, -4.80, -122.59, Down
1761465547136, -28.90, -4.81, -122.60, Down
1761465547184, -32.22, -5.06, -140.47, Down
1761465547257, -28.96, -4.87, -122.65, Down
1761465547302, -25.88, -4.67, -104.85, Down
1761465547346, -22.84, -4.43, -87.04, Down
1761465547391, -19.85, -4.26, -69.19, Down
1761465547434, -19.75, -4.23, -69.18, Down
1761465547530, -16.70, -3.89, -51.27, Down
1761465547574, -13.64, -3.64, -33.45, Down
1761465547618, -10.51, -3.32, -15.57, Down
1761465547661, -10.52, -3.43, -15.51, Down
1761465547705, -7.36, -3.21, 2.36, Forward
1761465547801, -10.50, -3.32, -15.46, Down
1761465547846, -13.50, -3.55, -33.33, Down
1761465547890, -16.56, -3.69, -51.15, Down
1761465547933, -16.54, -3.62, -51.15, Down
1761465547978, -16.43, -3.74, -51.18, Down
1761465548057, -16.39, -3.86, -51.22, Down
1761465548101, -16.40, -3.94, -51.23, Down
1761465548146, -16.38, -4.02, -51.25, Down
1761465548190, -16.36, -3.93, -51.30, Down
1761465548237, -16.38, -3.94, -51.35, Down
1761465548329, -13.32, -3.76, -33.49, Down
1761465548373, -10.47, -3.53, -15.57, Down
1761465548418, -7.50, -3.28, 2.32, Forward
1761465548463, -10.86, -3.66, -15.53, Down
1761465548509, -10.95, -3.63, -15.47, Down
1761465548584, -10.97, -3.63, -15.37, Down
1761465548631, -10.94, -3.63, -15.29, Down
1761465548674, -10.98, -3.67, -15.19, Down
1761465548718, -13.98, -4.05, -32.99, Down
1761465548763, -17.24, -4.45, -50.82, Down
1761465548858, -20.29, -4.78, -68.68, Down
1761465548901, -23.28, -5.06, -86.59, Down
1761465548945, -26.26, -5.31, -104.43, Down
1761465548989, -25.89, -5.20, -104.37, Down
1761465549035, -28.80, -5.53, -122.21, Down
1761465549129, -32.14, -5.89, -140.16, Down
1761465549172, -35.40, -6.35, -158.12, Down
1761465549217, -38.64, -6.75, -176.05, Down
1761465549265, -35.67, -6.57, -158.15, Down
1761465549309, -32.41, -6.25, -140.23, Down
1761465549385, -29.32, -5.97, -122.35, Down
1761465549430, -26.38, -5.72, -104.45, Down
1761465549473, -23.57, -5.56, -86.59, Down
1761465549519, -20.76, -5.41, -68.74, Down
1761465549568, -21.16, -5.48, -68.81, Down
1761465549659, -20.95, -5.46, -68.85, Down
1761465549703, -20.85, -5.47, -68.90, Down
1761465549748, -17.64, -5.24, -51.02, Down
1761465549792, -20.73, -5.46, -69.03, Down
1761465549836, -23.72, -5.80, -87.00, Down
1761465549930, -26.84, -6.16, -104.95, Down
1761465549973, -29.77, -6.55, -122.94, Down
1761465550016, -32.70, -6.89, -140.87, Down
1761465550060, -35.61, -7.18, -158.85, Down
1761465550106, -35.33, -7.20, -158.84, Down
1761465550185, -35.32, -7.10, -158.74, Down
1761465550230, -32.20, -6.66, -140.78, Down
1761465550275, -35.23, -6.69, -158.62, Down
1761465550320, -35.21, -6.51, -158.50, Down
1761465550368, -35.32, -6.45, -158.42, Down
1761465550456, -35.25, -6.41, -158.38, Down
1761465550500, -35.36, -6.24, -158.30, Down
1761465550544, -35.34, -6.13, -158.26, Down
1761465550588, -35.46, -6.00, -158.14, Down
1761465550634, -35.44, -5.87, -158.10, Down
1761465550730, -35.43, -5.87, -158.10, Down
1761465550774, -38.52, -6.14, -175.93, Down
1761465550818, -35.38, -5.90, -158.04, Down
1761465550864, -35.38, -5.96, -158.07, Down
1761465550907, -35.37, -5.99, -158.11, Down
1761465550985, -35.46, -6.02, -158.14, Down
1761465551030, -35.42, -6.14, -158.16, Down
1761465551074, -35.48, -6.25, -158.19, Down
1761465551119, -35.50, -6.33, -158.25, Down
1761465551163, -35.51, -6.47, -158.33, Down
1761465551258, -32.47, -6.14, -140.42, Down
1761465551302, -32.56, -6.19, -140.45, Down
1761465551346, -35.74, -6.58, -158.35, Down
1761465551388, -32.69, -6.30, -140.50, Down
1761465551433, -29.59, -6.03, -122.62, Down
1761465551529, -26.45, -5.61, -104.66, Down
1761465551572, -26.44, -5.46, -104.61, Down
1761465551618, -26.42, -5.32, -104.57, Down
1761465551663, -23.29, -5.06, -86.64, Down
1761465551706, -20.13, -4.64, -68.68, Down
1761465551785, -23.14, -4.98, -86.61, Down
1761465551830, -19.97, -4.73, -68.72, Down
1761465551873, -16.90, -4.33, -50.81, Down
1761465551917, -16.87, -4.36, -50.74, Down
1761465551961, -16.86, -4.27, -50.64, Down
1761465552057, -20.09, -4.64, -68.58, Down
1761465552102, -20.23, -4.75, -68.64, Down
1761465552147, -20.24, -4.86, -68.70, Down
1761465552193, -23.46, -5.01, -86.59, Down
1761465552237, -26.69, -5.32, -104.47, Down
1761465552330, -26.57, -5.40, -104.49, Down
1761465552375, -29.41, -5.70, -122.41, Down
1761465552417, -32.23, -6.09, -140.35, Down
1761465552462, -35.24, -6.29, -158.22, Down
1761465552506, -38.33, -6.58, -176.12, Down
1761465552586, -38.14, -6.49, -176.06, Down
1761465552632, -34.99, -6.13, -158.08, Down
1761465552678, -34.85, -6.00, -157.97, Down
1761465552724, -34.65, -6.04, -157.96, Down
1761465552768, -34.60, -5.97, -157.95, Down
1761465552857, -34.75, -5.95, -157.92, Down
1761465552902, -31.95, -5.66, -139.98, Down
1761465552951, -29.12, -5.45, -122.02, Down
1761465552996, -26.10, -5.38, -104.20, Down
1761465553039, -23.04, -5.21, -86.37, Down
1761465553129, -23.41, -5.20, -86.42, Down
1761465553173, -26.68, -5.40, -104.33, Down
1761465553217, -27.06, -5.42, -104.41, Down
1761465553262, -27.14, -5.25, -104.35, Down
1761465553305, -27.33, -5.21, -104.41, Down
1761465553385, -27.47, -5.04, -104.40, Down
1761465553428, -30.67, -5.19, -122.33, Down
1761465553472, -33.86, -5.28, -140.27, Down
1761465553517, -37.11, -5.36, -158.15, Down
1761465553561, -40.27, -5.45, -175.99, Down
1761465553657, -39.91, -5.35, -175.96, Down
1761465553701, -39.67, -5.28, -175.92, Down
1761465553747, -39.25, -5.19, -175.89, Down
1761465553792, -39.17, -5.36, -176.00, Down
1761465553837, -38.95, -5.42, -175.96, Down
1761465553929, -38.78, -5.44, -175.95, Down
1761465553972, -35.52, -5.13, -158.09, Down
1761465554016, -35.32, -5.10, -158.07, Down
1761465554059, -35.05, -5.03, -158.07, Down
1761465554103, -34.84, -4.90, -158.10, Down
1761465554186, -34.97, -4.91, -158.03, Down
1761465554234, -35.02, -4.89, -157.98, Down
1761465554278, -35.22, -4.81, -157.89, Down
1761465554324, -35.45, -4.61, -157.75, Down
1761465554368, -35.60, -4.46, -157.80, Down
1761465554457, -35.75, -4.43, -157.84, Down
1761465554501, -38.78, -4.76, -175.70, Down
1761465554545, -38.93, -4.78, -175.70, Down
1761465554588, -39.17, -4.84, -175.74, Down
1761465554632, -39.38, -4.99, -175.80, Down
1761465554731, -39.21, -5.05, -175.93, Down
1761465554775, -38.98, -5.11, -176.07, Down
1761465554819, -38.81, -5.13, -176.20, Down
1761465554867, -38.71, -5.26, -176.32, Down
1761465554911, -38.80, -5.34, -176.24, Down
1761465554986, -38.82, -5.34, -176.18, Down
1761465555031, -35.91, -4.99, -158.32, Down
1761465555078, -35.95, -4.96, -158.31, Down
1761465555125, -36.00, -4.87, -158.20, Down
1761465555168, -35.90, -4.81, -158.11, Down
1761465555257, -35.90, -4.72, -158.02, Down
1761465555301, -36.16, -4.71, -157.95, Down
1761465555347, -36.35, -4.82, -157.91, Down
1761465555390, -33.37, -4.53, -140.05, Down
1761465555434, -30.21, -4.35, -122.22, Down
1761465555530, -27.03, -4.10, -104.41, Down
1761465555575, -26.98, -4.01, -104.43, Down
1761465555618, -23.80, -3.78, -86.62, Down
1761465555664, -23.74, -3.82, -86.67, Down
1761465555708, -23.87, -3.88, -86.72, Down
1761465555785, -24.01, -3.93, -86.74, Down
1761465555832, -23.98, -3.89, -86.74, Down
1761465555875, -23.99, -3.82, -86.73, Down
1761465555918, -26.99, -4.08, -104.57, Down
1761465555967, -30.15, -4.22, -122.41, Down
1761465556058, -33.13, -4.47, -140.25, Down
1761465556106, -36.26, -4.87, -158.08, Down
1761465556150, -39.33, -5.21, -175.92, Down
1761465556195, -39.18, -5.18, -175.95, Down
1761465556240, -39.12, -5.18, -176.01, Down
1761465556331, -38.95, -5.14, -175.98, Down
1761465556379, -35.80, -4.90, -158.15, Down
1761465556423, -35.65, -4.85, -158.13, Down
1761465556466, -35.61, -4.87, -158.11, Down
1761465556512, -35.53, -4.96, -158.16, Down
1761465556585, -35.66, -4.96, -158.12, Down
1761465556632, -35.59, -4.96, -158.10, Down
1761465556677, -35.64, -4.93, -158.06, Down
1761465556720, -35.70, -5.02, -158.02, Down
1761465556765, -35.73, -4.94, -157.91, Down
1761465556857, -35.98, -4.94, -157.91, Down
1761465556900, -36.02, -4.91, -157.92, Down
1761465556948, -36.27, -4.94, -157.93, Down
1761465556992, -36.37, -4.99, -158.01, Down
1761465557036, -36.35, -5.00, -158.02, Down
1761465557130, -36.17, -5.06, -158.10, Down
1761465557174, -36.09, -5.17, -158.15, Down
1761465557216, -35.93, -5.21, -158.21, Down
1761465557261, -35.86, -5.22, -158.27, Down
1761465557305, -35.79, -5.33, -158.32, Down
1761465557386, -32.64, -5.18, -140.43, Down
1761465557434, -35.62, -5.49, -158.22, Down
1761465557482, -35.54, -5.55, -158.19, Down
1761465557529, -32.33, -5.20, -140.27, Down
1761465557575, -32.27, -5.06, -140.17, Down
1761465557657, -32.30, -5.02, -140.10, Down
1761465557701, -29.34, -4.66, -122.20, Down
1761465557749, -26.41, -4.34, -104.30, Down
1761465557794, -26.31, -4.30, -104.30, Down
1761465557837, -26.12, -4.25, -104.34, Down
1761465557929, -29.12, -4.46, -122.27, Down
1761465557972, -29.01, -4.46, -122.32, Down
1761465558015, -28.78, -4.48, -122.38, Down
1761465558060, -31.82, -4.79, -140.22, Down
1761465558103, -31.79, -4.78, -140.23, Down
1761465558185, -31.90, -4.81, -140.26, Down
1761465558231, -34.95, -5.02, -158.06, Down
1761465558276, -38.02, -5.26, -175.93, Down
1761465558319, -38.24, -5.18, -175.83, Down
1761465558365, -35.29, -4.91, -157.93, Down
1761465558458, -35.40, -4.92, -157.94, Down
1761465558501, -35.58, -4.95, -157.96, Down
1761465558549, -35.66, -4.93, -157.97, Down
1761465558598, -35.58, -4.97, -157.99, Down
1761465558643, -35.39, -5.06, -158.00, Down
1761465558729, -35.28, -5.03, -158.05, Down
1761465558775, -35.14, -5.05, -158.18, Down
1761465558819, -35.07, -5.11, -158.26, Down
1761465558866, -34.74, -5.16, -158.38, Down
1761465558912, -37.66, -5.39, -176.23, Down
1761465558984, -37.51, -5.33, -176.18, Down
1761465559032, -37.46, -5.26, -176.11, Down
1761465559078, -37.44, -5.22, -176.09, Down
1761465559120, -37.86, -5.15, -176.05, Down
1761465559258, -38.19, -5.12, -176.11, Down
1761465559303, -38.28, -5.05, -176.06, Down
1761465559385, -38.57, -5.05, -176.02, Down
1761465559431, -38.71, -4.97, -175.97, Down
1761465559476, -39.06, -4.94, -175.93, Down
1761465559519, -39.32, -4.99, -175.93, Down
1761465559657, -39.34, -5.07, -175.99, Down
1761465559700, -39.23, -5.21, -176.06, Down
1761465559785, -39.40, -5.35, -176.10, Down
1761465559830, -39.17, -5.42, -176.13, Down
1761465559874, -39.03, -5.45, -176.10, Down
1761465559919, -38.86, -5.45, -176.11, Down
1761465560057, -38.96, -5.46, -176.08, Down
1761465560101, -39.05, -5.56, -176.11, Down
1761465560186, -38.96, -5.69, -176.15, Down
1761465560230, -38.89, -5.74, -176.17, Down
1761465560275, -35.87, -5.44, -158.27, Down
1761465560319, -35.80, -5.37, -158.26, Down
1761465560457, -35.66, -5.36, -158.27, Down
1761465560500, -35.61, -5.39, -158.30, Down
1761465560585, -32.62, -5.28, -140.48, Down
1761465560631, -29.69, -5.21, -122.63, Down
1761465560674, -26.36, -5.08, -104.82, Down
1761465560718, -23.11, -4.86, -86.90, Down
1761465560858, -23.16, -4.77, -86.93, Down
1761465560902, -23.16, -4.78, -87.02, Down
1761465560985, -26.11, -5.13, -104.97, Down
1761465561027, -26.24, -5.16, -105.04, Down
1761465561070, -26.23, -5.14, -105.10, Down
1761465561115, -26.16, -5.17, -105.18, Down
1761465561159, -29.04, -5.39, -123.09, Down
1761465561203, -32.02, -5.59, -140.93, Down
1761465561247, -35.00, -5.86, -158.76, Down
1761465561291, -37.94, -6.28, -176.74, Down
1761465561334, -37.92, -6.54, -176.78, Down
1761465561386, -38.05, -6.63, -176.78, Down
1761465561432, -38.31, -6.71, -176.81, Down
1761465561477, -38.53, -6.79, -176.81, Down
1761465561523, -38.65, -7.02, -176.83, Down
1761465561658, -38.79, -7.01, -176.77, Down
1761465561701, -38.96, -7.06, -176.72, Down
1761465561785, -38.99, -7.10, -176.72, Down
1761465561830, -39.08, -7.11, -176.71, Down
1761465561875, -39.20, -6.96, -176.60, Down
1761465561918, -39.18, -7.02, -176.56, Down
1761465562057, -39.11, -7.03, -176.45, Down
1761465562100, -39.09, -7.09, -176.36, Down
1761465562186, -35.91, -6.77, -158.40, Down
1761465562232, -35.77, -6.70, -158.35, Down
1761465562277, -32.60, -6.44, -140.41, Down
1761465562321, -32.72, -6.52, -140.45, Down
1761465562458, -32.75, -6.46, -140.40, Down
1761465562503, -32.66, -6.42, -140.37, Down
1761465562587, -32.76, -6.56, -140.47, Down
1761465562630, -32.98, -6.46, -140.46, Down
1761465562676, -33.13, -6.50, -140.50, Down
1761465562720, -33.11, -6.48, -140.54, Down
1761465562858, -36.36, -6.87, -158.45, Down
1761465562902, -33.52, -6.51, -140.49, Down
1761465562985, -36.65, -6.83, -158.38, Down
1761465563030, -36.55, -6.82, -158.38, Down
1761465563075, -36.55, -6.98, -158.50, Down
1761465563119, -36.78, -7.04, -158.55, Down
1761465563258, -33.64, -6.72, -140.52, Down
1761465563302, -33.54, -6.76, -140.55, Down
1761465563385, -33.21, -6.67, -140.50, Down
1761465563432, -30.11, -6.29, -122.55, Down
1761465563480, -26.96, -5.91, -104.62, Down
1761465563522, -26.90, -5.96, -104.61, Down
1761465563657, -23.85, -5.72, -86.70, Down
1761465563699, -20.81, -5.47, -68.72, Down
1761465563785, -20.76, -5.39, -68.66, Down
1761465563833, -20.69, -5.39, -68.69, Down
1761465563881, -20.77, -5.33, -68.74, Down
1761465563927, -20.73, -5.21, -68.65, Down
1761465564057, -20.94, -5.17, -68.61, Down
1761465564101, -24.00, -5.47, -86.49, Down
1761465564187, -24.00, -5.49, -86.47, Down
1761465564231, -24.07, -5.54, -86.47, Down
1761465564274, -24.22, -5.47, -86.47, Down
1761465564318, -24.20, -5.35, -86.47, Down
1761465564457, -24.37, -5.37, -86.50, Down
1761465564501, -21.41, -5.14, -68.54, Down
1761465564586, -24.52, -5.51, -86.45, Down
1761465564631, -24.52, -5.63, -86.47, Down
1761465564676, -24.61, -5.80, -86.54, Down
1761465564721, -24.70, -5.82, -86.57, Down
1761465564857, -27.80, -6.05, -104.43, Down
1761465564901, -30.77, -6.33, -122.41, Down
1761465564985, -33.86, -6.67, -140.33, Down
1761465565032, -37.26, -6.97, -158.27, Down
1761465565076, -37.46, -7.02, -158.27, Down
1761465565121, -40.41, -7.18, -176.14, Down
1761465565258, -40.44, -7.13, -176.13, Down
1761465565303, -40.55, -7.04, -176.12, Down
1761465565385, -40.66, -6.92, -176.09, Down
1761465565431, -40.95, -6.91, -176.05, Down
1761465565474, -41.20, -6.90, -176.06, Down
1761465565518, -41.41, -6.87, -176.02, Down
1761465565657, -41.35, -6.77, -176.02, Down
1761465565701, -41.17, -6.76, -176.03, Down
1761465565786, -40.98, -6.71, -175.99, Down
1761465565828, -41.16, -6.76, -176.07, Down
1761465565872, -41.10, -6.74, -176.08, Down
1761465565917, -40.95, -6.81, -176.11, Down
1761465566057, -40.77, -6.86, -176.16, Down
1761465566100, -40.40, -6.86, -176.24, Down
1761465566185, -40.01, -6.78, -176.28, Down
1761465566230, -39.96, -6.66, -176.30, Down
1761465566275, -39.97, -6.64, -176.32, Down
1761465566318, -39.70, -6.65, -176.31, Down
1761465566458, -39.55, -6.60, -176.29, Down
1761465566501, -39.30, -6.59, -176.26, Down
1761465566585, -39.12, -6.57, -176.26, Down
1761465566630, -39.00, -6.54, -176.26, Down
1761465566676, -38.86, -6.55, -176.26, Down
1761465566720, -38.85, -6.58, -176.24, Down
1761465566858, -38.82, -6.74, -176.24, Down
1761465566903, -38.57, -6.85, -176.21, Down
1761465566984, -38.45, -6.92, -176.18, Down
1761465567028, -38.53, -6.91, -176.17, Down
1761465567072, -38.49, -6.95, -176.20, Down
1761465567116, -38.48, -7.19, -176.29, Down
1761465567257, -38.64, -7.26, -176.30, Down
1761465567302, -38.89, -7.26, -176.33, Down
1761465567385, -39.00, -7.26, -176.30, Down
1761465567431, -39.05, -7.35, -176.32, Down
1761465567478, -39.17, -7.37, -176.34, Down
1761465567523, -39.27, -7.45, -176.33, Down
1761465567656, -39.16, -7.46, -176.32, Down
1761465567701, -39.07, -7.43, -176.26, Down
1761465567784, -39.10, -7.46, -176.28, Down
1761465567830, -39.10, -7.25, -176.18, Down
1761465567877, -38.98, -7.19, -176.15, Down
1761465567922, -38.78, -7.26, -176.13, Down
1761465568057, -35.75, -7.01, -158.18, Down
1761465568102, -35.77, -7.03, -158.20, Down
1761465568184, -35.87, -7.05, -158.17, Down
1761465568231, -35.84, -7.02, -158.16, Down
1761465568276, -35.99, -7.05, -158.18, Down
1761465568323, -36.27, -7.11, -158.22, Down
1761465568457, -36.29, -7.12, -158.21, Down
1761465568501, -36.30, -7.17, -158.22, Down
1761465568586, -36.35, -7.24, -158.25, Down
1761465568629, -36.50, -7.14, -158.19, Down
1761465568673, -39.52, -7.38, -176.12, Down
1761465568716, -39.59, -7.25, -176.00, Down
1761465568857, -36.37, -6.93, -158.07, Down
1761465568901, -36.26, -6.90, -158.08, Down
1761465568984, -33.30, -6.64, -140.11, Down
1761465569030, -30.10, -6.33, -122.18, Down
1761465569077, -27.12, -6.09, -104.24, Down
1761465569124, -24.08, -5.85, -86.27, Down
1761465569258, -20.96, -5.57, -68.33, Down
1761465569303, -20.92, -5.66, -68.39, Down
1761465569384, -20.84, -5.74, -68.42, Down
1761465569429, -20.74, -5.88, -68.52, Down
1761465569475, -23.73, -6.21, -86.51, Down
1761465569518, -24.06, -6.22, -86.53, Down
1761465569657, -27.16, -6.46, -104.47, Down
1761465569701, -30.29, -6.83, -122.39, Down
1761465569746, -33.38, -7.03, -140.28, Down
1761465569792, -36.50, -7.24, -158.25, Down
1761465569835, -39.68, -7.41, -176.15, Down
1761465569879, -39.65, -7.31, -176.11, Down
1761465569923, -39.83, -7.25, -176.03, Down
1761465569970, -39.83, -7.15, -175.92, Down
1761465570017, -40.00, -7.10, -175.82, Down
1761465570067, -39.79, -7.11, -175.78, Down
1761465570190, -39.63, -7.15, -175.80, Down
1761465570233, -39.55, -7.12, -175.79, Down
1761465570314, -39.42, -7.23, -175.87, Down
1761465570360, -36.24, -7.11, -157.92, Down
1761465570406, -33.02, -7.03, -139.95, Down
1761465570449, -32.86, -7.16, -139.93, Down
1761465570585, -32.65, -7.26, -140.03, Down
1761465570631, -32.58, -7.34, -140.15, Down
1761465570712, -29.48, -7.13, -122.29, Down
1761465570757, -26.49, -6.81, -104.32, Down
1761465570801, -23.52, -6.55, -86.36, Down
1761465570845, -23.56, -6.66, -86.46, Down
1761465570986, -20.55, -6.25, -68.45, Down
1761465571028, -20.70, -6.12, -68.48, Down
1761465571113, -23.92, -6.31, -86.48, Down
1761465571159, -21.05, -6.07, -68.57, Down
1761465571207, -18.07, -5.84, -50.57, Down
1761465571250, -18.10, -5.90, -50.56, Down
1761465571385, -21.03, -6.13, -68.46, Down
1761465571428, -24.04, -6.53, -86.43, Down
1761465571513, -23.96, -6.68, -86.44, Down
1761465571557, -20.86, -6.49, -68.44, Down
1761465571601, -20.88, -6.71, -68.45, Down
1761465571646, -24.00, -7.09, -86.38, Down
1761465571785, -20.84, -6.85, -68.38, Down
1761465571829, -20.79, -6.83, -68.33, Down
1761465571913, -23.93, -7.03, -86.24, Down
1761465571957, -23.91, -6.95, -86.16, Down
1761465572000, -23.98, -7.02, -86.15, Down
1761465572047, -23.97, -6.97, -86.09, Down
1761465572186, -23.89, -6.89, -86.09, Down
1761465572229, -23.97, -6.77, -86.08, Down
1761465572313, -23.99, -6.69, -86.09, Down
1761465572359, -20.83, -6.34, -68.12, Down
1761465572404, -20.91, -6.29, -68.13, Down
1761465572447, -20.95, -6.33, -68.15, Down
1761465572586, -20.88, -6.40, -68.22, Down
1761465572630, -20.83, -6.52, -68.31, Down
1761465572713, -17.79, -6.24, -50.38, Down
1761465572761, -17.84, -6.30, -50.47, Down
1761465572804, -17.97, -6.30, -50.46, Down
1761465572847, -17.95, -6.42, -50.44, Down
1761465572985, -20.97, -6.75, -68.40, Down
1761465573028, -23.97, -7.12, -86.34, Down
1761465573113, -26.89, -7.47, -104.37, Down
1761465573158, -29.73, -7.71, -122.38, Down
1761465573202, -29.60, -7.67, -122.35, Down
1761465573246, -29.74, -7.54, -122.30, Down
1761465573386, -32.91, -7.80, -140.24, Down
1761465573429, -32.82, -7.75, -140.17, Down
1761465573514, -35.73, -7.91, -158.08, Down
1761465573561, -38.75, -8.03, -176.01, Down
1761465573604, -38.71, -7.93, -175.97, Down
1761465573648, -38.85, -7.78, -175.95, Down
1761465573785, -39.00, -7.72, -175.86, Down
1761465573828, -39.19, -7.66, -175.80, Down
1761465573912, -39.43, -7.64, -175.75, Down
1761465573956, -39.49, -7.73, -175.74, Down
1761465574000, -39.50, -7.74, -175.70, Down
1761465574045, -39.46, -7.65, -175.65, Down
1761465574186, -39.59, -7.76, -175.73, Down
1761465574230, -39.55, -7.81, -175.76, Down
1761465574314, -39.76, -7.86, -175.80, Down
1761465574359, -39.79, -7.96, -175.84, Down
1761465574404, -39.86, -7.99, -175.86, Down
1761465574446, -40.01, -8.05, -175.88, Down
1761465574585, -40.01, -8.03, -175.89, Down
1761465574630, -39.96, -7.97, -175.88, Down
1761465574714, -39.89, -8.03, -175.92, Down
1761465574761, -40.01, -8.08, -176.01, Down
1761465574808, -40.08, -8.01, -176.01, Down
1761465574851, -40.06, -8.05, -175.99, Down
1761465574986, -39.87, -8.12, -175.96, Down
1761465575029, -36.65, -7.88, -157.96, Down
1761465575113, -36.60, -7.86, -157.94, Down
1761465575160, -36.44, -7.82, -157.93, Down
1761465575205, -36.40, -7.83, -157.94, Down
1761465575248, -36.46, -7.84, -157.94, Down
1761465575386, -36.52, -7.82, -157.97, Down
1761465575430, -36.53, -7.91, -157.95, Down
1761465575513, -36.47, -7.90, -157.97, Down
1761465575564, -36.64, -7.88, -158.01, Down
1761465575615, -36.76, -7.84, -158.05, Down
1761465575661, -39.93, -8.15, -176.03, Down
1761465575785, -40.02, -8.17, -176.05, Down
1761465575829, -40.09, -8.14, -176.04, Down
1761465575914, -40.00, -8.08, -176.01, Down
1761465575962, -39.81, -8.10, -176.02, Down
1761465576006, -39.65, -8.10, -175.98, Down
1761465576050, -39.81, -7.99, -175.95, Down
1761465576185, -39.67, -8.10, -175.95, Down
1761465576228, -39.62, -8.17, -175.95, Down
1761465576313, -39.74, -8.18, -175.95, Down
1761465576358, -39.79, -8.19, -176.01, Down
1761465576404, -39.81, -8.24, -176.02, Down
1761465576448, -36.80, -7.95, -158.08, Down
1761465576585, -36.66, -7.99, -158.12, Down
1761465576629, -36.73, -8.06, -158.19, Down
1761465576713, -33.74, -7.79, -140.21, Down
1761465576762, -30.49, -7.62, -122.26, Down
1761465576808, -27.55, -7.27, -104.24, Down
1761465576853, -27.70, -7.22, -104.26, Down
1761465576985, -27.54, -7.20, -104.22, Down
1761465577029, -27.44, -7.19, -104.19, Down
1761465577113, -27.48, -7.16, -104.18, Down
1761465577159, -30.62, -7.48, -122.13, Down
1761465577202, -30.96, -7.58, -122.14, Down
1761465577245, -31.02, -7.51, -122.04, Down
1761465577386, -34.13, -7.77, -140.01, Down
1761465577428, -37.23, -8.04, -157.98, Down
1761465577513, -40.49, -8.36, -176.04, Down
1761465577561, -40.46, -8.33, -176.05, Down
1761465577605, -40.55, -8.35, -176.10, Down
1761465577650, -40.54, -8.31, -176.10, Down
1761465577783, -40.45, -8.31, -176.08, Down
1761465577827, -40.39, -8.28, -176.04, Down
1761465577913, -40.41, -8.36, -176.12, Down
1761465577961, -40.60, -8.36, -176.18, Down
1761465578005, -40.82, -8.36, -176.22, Down
1761465578049, -40.85, -8.40, -176.21, Down
1761465578186, -40.77, -8.47, -176.17, Down
1761465578230, -40.69, -8.57, -176.09, Down
1761465578313, -40.75, -8.53, -176.02, Down
1761465578359, -40.92, -8.55, -176.02, Down
1761465578404, -41.01, -8.54, -176.02, Down
1761465578448, -41.07, -8.71, -176.13, Down
1761465578585, -40.91, -8.51, -176.01, Down
1761465578629, -40.62, -8.46, -175.94, Down
1761465578712, -40.17, -8.58, -175.93, Down
1761465578761, -40.09, -8.68, -176.00, Down
1761465578806, -39.96, -8.61, -175.97, Down
1761465578849, -40.13, -8.49, -175.93, Down
1761465578987, -40.14, -8.47, -175.95, Down
1761465579035, -40.07, -8.55, -175.98, Down
1761465579116, -39.98, -8.56, -175.99, Down
1761465579161, -39.94, -8.45, -175.90, Down
1761465579205, -40.05, -8.62, -175.97, Down
1761465579249, -40.02, -8.74, -175.98, Down
1761465579386, -40.37, -8.72, -175.97, Down
1761465579431, -37.48, -8.33, -157.91, Down
1761465579513, -37.61, -8.45, -157.93, Down
1761465579559, -34.33, -8.36, -139.92, Down
1761465579604, -31.10, -8.26, -121.84, Down
1761465579647, -31.09, -8.37, -121.89, Down
1761465579785, -31.30, -8.51, -121.98, Down
1761465579828, -31.48, -8.61, -122.06, Down
1761465579913, -28.43, -8.37, -104.04, Down
1761465579959, -28.68, -8.44, -104.12, Down
1761465580004, -25.61, -8.19, -86.12, Down
1761465580048, -28.78, -8.63, -104.17, Down
1761465580185, -28.83, -8.53, -104.12, Down
1761465580229, -32.08, -8.77, -122.20, Down
1761465580313, -35.33, -9.05, -140.29, Down
1761465580359, -35.57, -8.80, -140.14, Down
1761465580402, -35.52, -8.69, -140.00, Down
1761465580445, -35.47, -8.59, -139.91, Down
1761465580586, -38.52, -8.90, -157.90, Down
1761465580630, -38.49, -8.91, -157.83, Down
1761465580676, -38.48, -8.80, -157.77, Down
1761465580722, -38.57, -8.73, -157.77, Down
1761465580768, -38.64, -8.76, -157.81, Down
1761465580841, -35.57, -8.21, -139.83, Down
1761465580884, -35.49, -8.12, -139.80, Down
1761465580927, -35.23, -8.22, -139.86, Down
1761465580973, -35.11, -8.31, -140.03, Down
1761465581019, -31.91, -8.12, -122.06, Down
1761465581113, -31.86, -7.99, -122.03, Down
1761465581158, -31.98, -7.87, -122.06, Down
1761465581205, -35.10, -8.20, -140.13, Down
1761465581249, -31.87, -7.89, -122.06, Down
1761465581292, -28.81, -7.53, -103.97, Down
1761465581369, -32.03, -7.93, -121.93, Down
1761465581412, -32.10, -8.06, -122.03, Down
1761465581458, -32.19, -8.13, -122.05, Down
1761465581501, -32.35, -8.13, -122.03, Down
1761465581544, -35.54, -8.41, -140.05, Down
1761465581642, -35.58, -8.46, -140.11, Down
1761465581686, -32.28, -8.29, -122.11, Down
1761465581730, -29.09, -8.05, -104.13, Down
1761465581775, -31.91, -8.35, -122.12, Down
1761465581819, -31.78, -8.40, -122.15, Down
1761465581914, -31.67, -8.49, -122.16, Down
1761465581959, -31.76, -8.55, -122.18, Down
1761465582002, -31.85, -8.59, -122.21, Down
1761465582047, -31.75, -8.52, -122.17, Down
1761465582092, -31.72, -8.56, -122.16, Down
1761465582169, -31.85, -8.58, -122.13, Down
1761465582216, -35.17, -8.83, -140.12, Down
1761465582260, -38.46, -9.09, -158.09, Down
1761465582306, -38.80, -9.10, -158.14, Down
1761465582350, -41.90, -9.38, -176.22, Down
1761465582441, -41.79, -9.51, -176.26, Down
1761465582485, -41.81, -9.41, -176.19, Down
1761465582530, -41.72, -9.35, -176.15, Down
1761465582575, -41.67, -9.28, -176.07, Down
1761465582620, -41.45, -9.20, -176.05, Down
1761465582713, -38.20, -8.85, -158.06, Down
1761465582756, -34.99, -8.43, -140.06, Down
1761465582806, -34.88, -8.36, -140.04, Down
1761465582855, -34.81, -8.31, -140.09, Down
1761465582902, -34.93, -8.24, -140.02, Down
1761465582972, -34.95, -8.14, -140.07, Down
1761465583022, -34.82, -8.08, -140.11, Down
1761465583066, -34.79, -8.00, -140.13, Down
1761465583111, -34.88, -8.03, -140.21, Down
1761465583159, -31.93, -7.67, -122.26, Down
1761465583240, -31.98, -7.65, -122.28, Down
1761465583286, -31.92, -7.77, -122.30, Down
1761465583328, -28.75, -7.49, -104.35, Down
1761465583374, -28.75, -7.45, -104.33, Down
1761465583418, -28.70, -7.48, -104.33, Down
1761465583513, -25.68, -7.30, -86.21, Down
1761465583557, -22.62, -7.07, -68.12, Down
1761465583602, -19.61, -6.91, -50.06, Down
1761465583645, -19.73, -6.97, -50.06, Down
1761465583692, -22.85, -7.31, -68.02, Down
1761465583769, -26.08, -7.61, -86.00, Down
1761465583813, -29.38, -7.85, -104.01, Down
1761465583861, -32.76, -8.11, -121.97, Down
1761465583910, -29.78, -7.94, -103.95, Down
1761465583958, -29.80, -7.86, -103.83, Down
1761465584041, -33.03, -7.96, -121.85, Down
1761465584087, -36.20, -8.18, -139.86, Down
1761465584130, -39.37, -8.33, -157.88, Down
1761465584175, -36.15, -7.96, -139.79, Down
1761465584220, -36.16, -8.00, -139.76, Down
1761465584313, -36.03, -8.00, -139.78, Down
1761465584357, -35.93, -7.98, -139.79, Down
1761465584404, -35.71, -7.94, -139.77, Down
1761465584448, -35.61, -7.76, -139.77, Down
1761465584492, -35.65, -7.85, -139.85, Down
1761465584569, -32.51, -7.67, -121.79, Down
1761465584612, -29.42, -7.46, -103.74, Down
1761465584660, -26.37, -7.28, -85.69, Down
1761465584710, -26.47, -7.47, -85.67, Down
1761465584756, -26.64, -7.48, -85.71, Down
1761465584842, -23.52, -7.14, -67.70, Down
1761465584886, -20.35, -6.78, -49.65, Down
1761465584930, -17.23, -6.48, -31.67, Down
1761465584976, -17.23, -6.50, -31.60, Down
1761465585020, -14.11, -5.98, -13.60, Down
1761465585114, -17.22, -6.09, -31.65, Down
1761465585157, -20.47, -6.26, -49.70, Down
1761465585201, -23.62, -6.40, -67.77, Down
1761465585244, -26.67, -6.53, -85.88, Down
1761465585292, -26.59, -6.48, -85.91, Down
1761465585369, -29.81, -6.80, -103.86, Down
1761465585411, -29.93, -6.67, -103.84, Down
1761465585457, -30.03, -6.60, -103.85, Down
1761465585500, -33.16, -6.87, -121.86, Down
1761465585545, -33.24, -6.99, -121.95, Down
1761465585643, -30.06, -6.88, -103.97, Down
1761465585688, -26.79, -6.68, -85.98, Down
1761465585731, -26.78, -6.80, -86.03, Down
1761465585776, -23.67, -6.39, -68.01, Down
1761465585825, -23.68, -6.25, -67.96, Down
1761465585914, -20.56, -5.92, -50.00, Down
1761465585957, -20.54, -6.03, -50.06, Down
1761465586003, -23.59, -6.43, -68.03, Down
1761465586049, -20.43, -6.18, -50.09, Down
1761465586093, -23.38, -6.47, -68.03, Down
1761465586170, -23.34, -6.48, -68.01, Down
1761465586214, -26.36, -6.78, -86.09, Down
1761465586259, -26.15, -6.78, -86.07, Down
1761465586305, -29.19, -7.28, -104.11, Down
1761465586351, -26.13, -7.09, -86.11, Down
1761465586442, -29.17, -7.39, -104.16, Down
1761465586486, -29.13, -7.41, -104.21, Down
1761465586530, -29.16, -7.37, -104.30, Down
1761465586576, -32.32, -7.69, -122.36, Down
1761465586621, -32.47, -7.71, -122.41, Down
1761465586713, -35.26, -7.94, -140.42, Down
1761465586758, -35.17, -8.00, -140.42, Down
1761465586803, -35.03, -7.99, -140.40, Down
1761465586845, -34.88, -7.88, -140.38, Down
1761465586890, -37.71, -8.15, -158.42, Down
1761465586968, -37.67, -8.25, -158.37, Down
1761465587011, -40.77, -8.73, -176.37, Down
1761465587057, -40.76, -8.83, -176.35, Down
1761465587101, -40.73, -8.93, -176.36, Down
1761465587146, -40.52, -9.10, -176.35, Down
1761465587241, -40.80, -9.12, -176.41, Down
1761465587288, -40.85, -8.99, -176.39, Down
1761465587332, -41.00, -8.91, -176.39, Down
1761465587379, -40.87, -8.98, -176.36, Down
1761465587425, -40.81, -9.10, -176.33, Down
1761465587513, -40.65, -9.04, -176.33, Down
1761465587557, -40.44, -8.94, -176.29, Down
1761465587603, -40.26, -8.92, -176.27, Down
1761465587647, -39.94, -8.84, -176.22, Down
1761465587690, -39.92, -8.75, -176.22, Down
1761465587768, -39.54, -8.76, -176.24, Down
1761465587812, -39.32, -8.89, -176.33, Down
1761465587854, -38.99, -9.02, -176.41, Down
1761465587900, -39.00, -9.10, -176.47, Down
1761465587943, -39.03, -9.08, -176.51, Down
1761465588042, -35.93, -8.87, -158.52, Down
1761465588088, -32.84, -8.70, -140.46, Down
1761465588133, -29.66, -8.59, -122.44, Down
1761465588177, -26.58, -8.23, -104.41, Down
1761465588224, -23.33, -8.00, -86.41, Down
1761465588313, -22.94, -7.92, -86.35, Down
1761465588357, -19.64, -7.56, -68.16, Down
1761465588399, -16.39, -7.14, -50.00, Down
1761465588443, -14.45, -6.72, -49.87, Down
1761465588490, -12.34, -5.92, -49.65, Down
1761465588569, -13.23, -6.68, -68.00, Down
1761465588615, -11.90, -7.34, -68.10, Down
1761465588660, -10.69, -7.87, -68.21, Down
1761465588709, -9.53, -8.54, -68.30, Forward
1761465588755, -7.84, -9.31, -68.35, Forward
1761465588842, -3.24, -10.12, -50.48, Left
1761465588887, -1.35, -11.35, -50.63, Left
1761465588930, 0.51, -12.63, -50.79, Left
1761465588976, 4.06, -13.44, -33.05, Left
1761465589022, 7.52, -15.28, -15.31, Left
1761465589113, 10.64, -14.74, 2.70, Left
1761465589157, 11.43, -14.08, 2.39, Left
1761465589201, 12.39, -13.30, 2.07, Left
1761465589245, 12.95, -12.40, 1.75, Left
1761465589292, 13.03, -11.29, 1.35, Left
1761465589369, 12.48, -9.86, 1.03, Up
1761465589412, 11.84, -8.20, 0.70, Up
1761465589457, 11.14, -6.58, 0.34, Up
1761465589501, 10.13, -5.42, 0.10, Up
1761465589545, 8.82, -4.02, -0.20, Forward
1761465589641, 7.39, -3.53, -0.17, Forward
1761465589686, 6.04, -3.11, -0.11, Forward
1761465589729, 4.58, -2.94, -0.04, Forward
1761465589774, 3.42, -2.99, 0.06, Forward
1761465589818, 2.07, -3.09, 0.25, Forward
1761465589913, 0.96, -3.37, 0.37, Forward
1761465589960, -0.06, -3.63, 0.46, Forward
1761465590008, -1.13, -3.86, 0.58, Forward
1761465590055, -2.03, -4.11, 0.68, Forward
1761465590099, -2.69, -3.84, 0.73, Forward
1761465590172, -2.86, -3.88, 0.71, Forward
1761465590217, -3.09, -3.94, 0.70, Forward
1761465590261, -3.19, -3.89, 0.70, Forward
1761465590310, -3.14, -3.88, 0.68, Forward
1761465590357, -3.12, -3.80, 0.61, Forward
1761465590440, -3.11, -3.63, 0.54, Forward
1761465590485, -6.31, -3.55, -17.37, Forward
1761465590529, -6.41, -3.36, -17.46, Forward
1761465590575, -9.78, -3.22, -35.30, Forward
1761465590622, -13.09, -3.25, -53.14, Down
1761465590712, -16.61, -3.25, -71.06, Down
1761465590756, -19.95, -3.27, -88.96, Down
1761465590799, -23.43, -3.36, -106.85, Down
1761465590843, -26.89, -3.43, -124.74, Down
1761465590890, -30.22, -3.56, -142.61, Down
1761465590969, -33.57, -3.80, -160.40, Down
1761465591012, -33.76, -3.98, -160.35, Down
1761465591057, -36.96, -4.29, -178.14, Down
1761465591101, -37.05, -4.53, -178.17, Down
1761465591144, -37.49, -4.73, -178.17, Down
1761465591241, -38.01, -4.99, -178.15, Down
1761465591285, -38.43, -5.27, -178.13, Down
1761465591328, -38.88, -5.55, -178.16, Down
1761465591374, -39.62, -5.90, -178.17, Down
1761465591420, -40.27, -6.12, -178.16, Down
1761465591513, -40.78, -6.19, -178.20, Down
1761465591558, -41.37, -6.22, -178.15, Down
1761465591606, -42.10, -6.29, -178.13, Down
1761465591650, -42.70, -6.27, -178.10, Down
1761465591694, -42.91, -6.34, -178.09, Down
1761465591770, -42.83, -6.41, -178.04, Down
1761465591813, -42.92, -6.45, -177.99, Down
1761465591857, -43.01, -6.50, -177.91, Down
1761465591902, -42.90, -6.45, -177.84, Down
1761465591945, -42.93, -6.49, -177.77, Down
1761465592042, -42.84, -6.45, -177.73, Down
1761465592086, -42.77, -6.48, -177.75, Down
1761465592129, -42.49, -6.55, -177.76, Down
1761465592174, -42.35, -6.63, -177.74, Down
1761465592222, -42.23, -6.77, -177.72, Down
1761465592297, -42.35, -6.87, -177.79, Down
1761465592340, -42.40, -6.97, -177.90, Down
1761465592385, -42.47, -7.06, -177.99, Down
1761465592428, -42.47, -7.17, -178.10, Down
1761465592473, -42.48, -7.25, -178.14, Down
1761465592569, -42.57, -7.43, -178.17, Down
1761465592613, -42.64, -7.62, -178.20, Down
1761465592657, -42.80, -7.70, -178.21, Down
1761465592702, -42.91, -7.86, -178.23, Down
1761465592746, -43.00, -7.77, -178.15, Down
1761465592841, -42.89, -7.69, -178.00, Down
1761465592886, -42.83, -7.63, -177.83, Down
1761465592929, -42.75, -7.59, -177.64, Down
1761465592975, -42.84, -7.60, -177.52, Down
1761465593026, -42.88, -7.78, -177.52, Down
1761465593097, -42.83, -7.76, -177.53, Down
1761465593140, -42.78, -7.75, -177.53, Down
1761465593185, -42.60, -7.70, -177.53, Down
1761465593227, -42.55, -7.66, -177.56, Down
1761465593274, -42.41, -7.73, -177.58, Down
1761465593369, -42.55, -7.76, -177.60, Down
1761465593414, -42.58, -7.87, -177.63, Down
1761465593458, -42.71, -7.86, -177.65, Down
1761465593503, -42.55, -7.91, -177.63, Down
1761465593547, -42.42, -7.79, -177.54, Down
1761465593641, -42.34, -7.77, -177.46, Down
1761465593690, -42.29, -7.82, -177.38, Down
1761465593734, -42.35, -7.93, -177.31, Down
1761465593777, -42.26, -7.97, -177.19, Down
1761465593822, -42.14, -8.03, -177.17, Down
1761465593897, -41.96, -7.98, -177.04, Down
1761465593942, -41.86, -7.97, -176.98, Down
1761465593992, -41.59, -8.03, -176.94, Down
1761465594041, -41.50, -7.98, -176.89, Down
1761465594087, -41.28, -7.91, -176.86, Down
1761465594176, -41.19, -8.00, -176.89, Down
1761465594225, -40.98, -7.98, -176.90, Down
1761465594275, -40.74, -7.91, -176.87, Down
1761465594323, -40.76, -7.98, -176.89, Down
1761465594374, -41.03, -8.03, -176.93, Down
1761465594442, -40.97, -7.96, -176.98, Down
1761465594486, -40.73, -7.89, -176.89, Down
1761465594529, -40.66, -7.79, -176.84, Down
1761465594574, -40.69, -7.83, -176.82, Down
1761465594618, -40.69, -7.90, -176.77, Down
1761465594697, -40.55, -7.86, -176.62, Down
1761465594741, -37.53, -7.60, -158.49, Down
1761465594787, -34.38, -7.32, -140.40, Down
1761465594834, -31.11, -7.04, -122.39, Down
1761465594877, -31.01, -7.08, -122.41, Down
1761465594970, -27.88, -6.90, -104.45, Down
1761465595014, -25.05, -6.77, -86.54, Down
1761465595057, -22.02, -6.57, -68.63, Down
1761465595101, -22.02, -6.43, -68.54, Down
1761465595144, -22.12, -6.38, -68.54, Down
1761465595241, -22.14, -6.33, -68.56, Down
1761465595290, -25.19, -6.50, -86.54, Down
1761465595336, -28.35, -6.71, -104.51, Down
1761465595380, -31.23, -6.96, -122.43, Down
1761465595425, -31.08, -6.87, -122.26, Down
1761465595496, -33.92, -7.26, -140.17, Down
1761465595540, -36.66, -7.45, -158.05, Down
1761465595586, -36.57, -7.50, -157.92, Down
1761465595629, -33.30, -7.30, -139.92, Down
1761465595674, -29.96, -7.08, -121.86, Down
1761465595769, -26.88, -6.87, -103.76, Down
1761465595813, -23.74, -6.65, -85.68, Down
1761465595857, -20.55, -6.50, -67.58, Down
1761465595901, -17.48, -6.32, -49.51, Down
1761465595944, -14.23, -6.18, -31.47, Down
1761465596042, -11.34, -5.92, -13.41, Down
1761465596091, -8.33, -5.74, 4.65, Forward
1761465596137, -8.22, -5.78, 4.71, Forward
1761465596181, -8.14, -5.99, 4.76, Forward
1761465596225, -8.14, -6.16, 4.83, Forward
1761465596297, -8.08, -6.29, 4.81, Forward
1761465596340, -8.07, -6.49, 4.82, Forward
1761465596384, -8.09, -6.67, 4.78, Forward
1761465596427, -8.23, -6.77, 4.79, Forward
1761465596472, -8.30, -6.83, 4.78, Forward
1761465596569, -11.28, -7.17, -13.29, Down
1761465596614, -14.35, -7.40, -31.29, Down
1761465596657, -17.48, -7.67, -49.33, Down
1761465596704, -17.58, -7.68, -49.30, Down
1761465596747, -17.67, -7.67, -49.27, Down
1761465596842, -17.78, -7.62, -49.30, Down
1761465596890, -17.83, -7.51, -49.30, Down
1761465596935, -17.84, -7.41, -49.30, Down
1761465596980, -17.82, -7.32, -49.32, Down
1761465597022, -17.79, -7.12, -49.32, Down
1761465597097, -18.03, -7.12, -49.37, Down
1761465597140, -18.17, -7.21, -49.49, Down
1761465597190, -18.39, -7.24, -49.56, Down
1761465597234, -18.40, -7.16, -49.65, Down
1761465597278, -18.46, -7.10, -49.74, Down
1761465597369, -18.50, -7.09, -49.74, Down
1761465597413, -21.62, -7.37, -67.74, Down
1761465597458, -21.70, -7.31, -67.76, Down
1761465597504, -24.72, -7.63, -85.78, Down
1761465597549, -24.90, -7.84, -85.78, Down
1761465597641, -24.80, -7.79, -85.74, Down
1761465597687, -21.81, -7.51, -67.67, Down
1761465597731, -18.69, -7.23, -49.63, Down
1761465597774, -18.65, -7.19, -49.60, Down
1761465597821, -21.58, -7.42, -67.63, Down
1761465597898, -24.57, -7.78, -85.71, Down
1761465597944, -21.33, -7.49, -67.75, Down
1761465597989, -24.31, -7.87, -85.80, Down
1761465598035, -21.30, -7.54, -67.79, Down
1761465598079, -24.34, -7.81, -85.82, Down
1761465598169, -21.28, -7.59, -67.76, Down
1761465598213, -21.21, -7.59, -67.74, Down
1761465598257, -21.16, -7.68, -67.72, Down
1761465598304, -21.28, -7.73, -67.75, Down
1761465598350, -18.34, -7.41, -49.75, Down
1761465598442, -15.28, -7.09, -31.64, Down
1761465598486, -15.38, -7.04, -31.60, Down
1761465598531, -12.41, -6.60, -13.51, Down
1761465598575, -12.43, -6.53, -13.51, Down
1761465598621, -9.30, -6.17, 4.53, Forward
1761465598697, -9.30, -6.13, 4.54, Forward
1761465598740, -9.19, -6.15, 4.58, Forward
1761465598786, -9.12, -6.10, 4.61, Forward
1761465598830, -12.09, -6.39, -13.32, Down
1761465598873, -12.04, -6.52, -13.27, Down
1761465598969, -15.12, -6.84, -31.33, Down
1761465599012, -18.14, -7.23, -49.37, Down
1761465599056, -21.13, -7.64, -67.42, Down
1761465599101, -21.20, -7.66, -67.41, Down
1761465599144, -24.27, -7.91, -85.41, Down
1761465599241, -27.45, -8.22, -103.46, Down
1761465599293, -30.49, -8.52, -121.51, Down
1761465599351, -33.56, -8.79, -139.58, Down
1761465599403, -33.52, -8.86, -139.66, Down
1761465599454, -33.51, -8.81, -139.66, Down
1761465599500, -30.52, -8.54, -121.61, Down
1761465599550, -30.61, -8.60, -121.68, Down
1761465599593, -27.68, -8.30, -103.68, Down
1761465599641, -30.76, -8.73, -121.74, Down
1761465599688, -30.74, -8.89, -121.85, Down
1761465599769, -27.52, -8.51, -103.85, Down
1761465599814, -24.60, -8.18, -85.86, Down
1761465599857, -21.60, -7.84, -67.87, Down
1761465599904, -21.92, -7.84, -67.90, Down
1761465599947, -25.12, -8.14, -85.97, Down
1761465600041, -28.20, -8.47, -104.07, Down
1761465600085, -28.12, -8.52, -104.10, Down
1761465600129, -28.10, -8.56, -104.05, Down
1761465600174, -25.05, -8.22, -85.97, Down
1761465600223, -24.98, -8.09, -85.86, Down
1761465600297, -24.98, -8.17, -85.81, Down
1761465600340, -24.98, -8.16, -85.76, Down
1761465600388, -24.89, -8.24, -85.70, Down
1761465600431, -21.53, -7.95, -67.58, Down
1761465600474, -20.98, -7.92, -67.46, Down
1761465600569, -17.46, -7.61, -49.33, Down
1761465600612, -14.17, -7.22, -31.17, Down
1761465600656, -13.68, -7.28, -31.11, Down
1761465600704, -13.17, -7.55, -31.02, Down
1761465600747, -9.80, -7.46, -12.88, Forward
1761465600841, -9.29, -7.72, -12.74, Forward
1761465600888, -8.53, -7.95, -12.57, Forward
1761465600933, -7.81, -8.15, -12.39, Forward
1761465600978, -7.08, -8.44, -12.14, Forward
1761465601022, -3.59, -8.49, 6.09, Forward
1761465601097, -3.29, -8.53, 6.34, Forward
1761465601139, -2.98, -8.77, 6.53, Forward
1761465601186, -2.74, -8.94, 6.70, Forward
1761465601230, -2.54, -8.96, 6.85, Forward
1761465601274, -2.52, -8.62, 6.89, Forward
1761465601369, -2.71, -8.24, 6.96, Forward
1761465601415, -3.15, -7.87, 7.03, Forward
1761465601459, -3.62, -7.39, 7.05, Forward
1761465601504, -4.16, -6.77, 6.98, Forward
1761465601548, -4.83, -6.21, 6.88, Forward
1761465601641, -5.43, -5.90, 6.78, Forward
1761465601686, -6.00, -5.36, 6.73, Forward
1761465601730, -6.58, -4.87, 6.65, Forward
1761465601773, -7.23, -4.42, 6.53, Forward
1761465601821, -7.60, -4.27, 6.52, Forward
1761465601897, -7.91, -4.01, 6.41, Forward
1761465601942, -8.22, -3.76, 6.29, Forward
1761465601990, -8.67, -3.59, 6.18, Forward
1761465602040, -8.88, -3.47, 6.11, Forward
1761465602087, -9.12, -3.35, 6.03, Forward
1761465602168, -9.33, -3.28, 5.96, Forward
1761465602213, -9.50, -3.24, 5.92, Forward
1761465602257, -9.72, -3.06, 5.87, Forward
1761465602301, -9.77, -3.14, 5.79, Forward
1761465602347, -9.88, -3.09, 5.69, Forward
1761465602442, -10.16, -3.31, 5.64, Down
1761465602488, -10.25, -3.56, 5.58, Down
1761465602532, -10.23, -3.78, 5.54, Down
1761465602575, -10.37, -4.06, 5.45, Down
1761465602619, -10.42, -4.28, 5.41, Down
1761465602697, -10.35, -4.34, 5.33, Down
1761465602741, -10.29, -4.48, 5.19, Down
1761465602787, -10.29, -4.60, 5.09, Down
1761465602830, -10.24, -4.29, 4.98, Down
1761465602874, -10.19, -4.18, 4.86, Down
1761465602969, -10.00, -4.06, 4.69, Down
1761465603015, -9.84, -3.92, 4.53, Forward
1761465603058, -9.75, -3.73, 4.36, Forward
1761465603102, -9.73, -3.49, 4.21, Forward
1761465603145, -9.75, -3.45, 4.03, Forward
1761465603226, -9.83, -3.34, 3.91, Forward
1761465603270, -9.88, -3.34, 3.83, Forward
1761465603316, -9.90, -3.46, 3.74, Forward
1761465603359, -10.04, -3.74, 3.70, Down
1761465603404, -12.93, -4.49, -14.33, Down
1761465603497, -15.34, -5.23, -32.27, Down
1761465603541, -18.04, -5.81, -50.19, Down
1761465603586, -20.75, -6.46, -68.02, Down
1761465603631, -23.79, -7.31, -85.96, Down
1761465603673, -26.31, -7.99, -103.97, Down
1761465603769, -28.53, -8.70, -122.13, Down
1761465603814, -30.69, -9.06, -140.24, Down
1761465603858, -33.03, -9.37, -158.28, Down
1761465603903, -35.20, -9.41, -176.28, Down
1761465603948, -34.40, -8.90, -176.22, Down
1761465605372, -34.83, -8.75, -176.43, Down
1761465605421, -32.20, -8.51, -158.63, Down
1761465605463, -29.45, -8.25, -140.89, Down
1761465605510, -26.80, -7.84, -141.22, Down
1761465605554, -24.47, -6.05, -141.13, Down
1761465605627, -23.22, -5.83, -141.23, Down
1761465605670, -19.72, -5.78, -123.46, Down
1761465605715, -18.30, -5.93, -123.79, Down
1761465605764, -14.80, -5.99, -106.10, Down
1761465605810, -11.30, -6.34, -88.45, Down
1761465605898, -6.88, -6.15, -70.58, Forward
1761465605947, -5.23, -6.10, -70.77, Forward
1761465605992, -5.72, -6.33, -88.99, Forward
1761465606036, -3.59, -6.36, -70.96, Forward
1761465606081, -1.67, -7.77, -53.26, Forward
1761465606169, 1.20, -7.61, -35.26, Forward
1761465606215, 1.75, -7.61, -35.17, Forward
1761465606275, 4.53, -7.25, -17.07, Forward
1761465606330, 5.06, -7.34, -17.02, Forward
1761465606381, 5.39, -7.30, -17.00, Forward
1761465606441, 5.70, -7.47, -16.94, Forward
1761465606503, 5.91, -7.89, -16.86, Forward
1761465606568, 8.20, -8.08, 1.30, Forward
1761465606628, 8.48, -8.11, 1.29, Forward
1761465606674, 8.68, -8.18, 1.31, Forward
1761465606722, 8.89, -8.43, 1.33, Forward
1761465606828, 9.19, -9.01, 1.40, Forward
1761465606874, 9.43, -9.74, 1.50, Forward
1761465606921, 9.60, -10.45, 1.60, Left
1761465606967, 9.73, -10.88, 1.67, Left
1761465607014, 9.91, -11.33, 1.70, Left
1761465607108, 10.01, -11.97, 1.79, Left
1761465607170, 10.09, -12.56, 1.80, Left
1761465607216, 10.13, -13.44, 1.91, Left
1761465607264, 10.24, -13.53, 1.83, Left
1761465607312, 10.25, -13.77, 1.78, Left
1761465607372, 10.13, -13.93, 1.70, Left
1761465607421, 10.03, -14.13, 1.65, Left
1761465607468, 10.03, -14.16, 1.57, Left
1761465607515, 10.14, -14.48, 1.48, Left
1761465607562, 10.08, -14.66, 1.42, Left
1761465607639, 10.16, -14.84, 1.33, Left
1761465607687, 10.20, -15.13, 1.27, Left
1761465607732, 10.31, -15.42, 1.22, Left
1761465607779, 10.40, -16.42, 1.35, Left
1761465607824, 10.48, -16.97, 1.43, Left
1761465607904, 10.49, -17.23, 1.46, Left
1761465607950, 10.55, -17.47, 1.45, Left
1761465607997, 10.58, -17.61, 1.49, Left
1761465608044, 10.54, -17.77, 1.57, Left
1761465608090, 10.48, -17.86, 1.62, Left
1761465608185, 10.27, -17.82, 1.62, Left
1761465608230, 10.19, -17.61, 1.63, Left
