Head Tracking Session: phase1_cycle1_1761476570211
Start Time: 2025-10-26T07:02:50.217076
==================================================
Timestamp (ms), Pitch, Yaw, Roll, Direction
1761476573246, 0.00, 0.00, 0.00, Forward
1761476573294, 8.89, 0.83, -0.39, Forward
1761476573335, 10.89, -0.61, 0.27, Up
1761476573380, 13.38, -0.86, -0.06, Up
1761476573428, 14.11, -0.30, -0.28, Up
1761476573472, 14.74, -0.27, -0.50, Up
1761476573558, 15.74, -0.71, -0.32, Up
1761476573604, 15.76, -0.93, -0.39, Up
1761476573652, 15.92, -1.23, -0.45, Up
1761476573699, 16.06, -0.71, -0.63, Up
1761476573747, 17.61, -0.46, -0.76, Up
1761476573795, 17.62, -0.66, -0.93, Up
1761476573869, 17.09, 0.40, -1.91, Up
1761476573923, 15.31, 1.61, -2.59, Up
1761476573970, 15.28, 2.52, -3.42, Up
1761476574053, 15.19, 3.38, -3.92, Up
1761476574101, 14.58, 4.07, -4.51, Up
1761476574153, 14.47, 4.90, -5.03, Up
1761476574201, 13.10, 6.48, -5.93, Up
1761476574252, 11.73, 7.52, -6.76, Up
1761476574302, 10.70, 8.29, -7.33, Up
1761476574368, 8.61, 8.99, -7.54, Forward
1761476574413, 7.95, 8.90, -7.28, Forward
1761476574466, 8.26, 8.99, -7.10, Forward
1761476574558, 6.32, 8.19, -6.64, Forward
1761476574610, 4.39, 7.68, -6.32, Forward
1761476574666, 2.49, 7.66, -6.27, Forward
1761476574715, 0.23, 7.86, -6.35, Forward
1761476574766, -0.65, 7.54, -6.15, Forward
1761476574813, -1.06, 6.77, -5.50, Forward
1761476574882, -1.62, 6.35, -5.03, Forward
1761476574928, -1.49, 6.22, -4.80, Forward
1761476574981, -1.73, 6.47, -4.62, Forward
1761476575066, -2.15, 6.23, -4.25, Forward
1761476575117, -1.84, 6.16, -3.78, Forward
1761476575167, -1.51, 6.24, -3.52, Forward
1761476575217, -1.16, 6.55, -2.99, Forward
1761476575266, -0.33, 6.21, -2.19, Forward
1761476575321, 0.24, 5.77, -1.29, Forward
1761476575370, 0.84, 5.38, -0.86, Forward
1761476575420, 1.29, 5.31, -0.54, Forward
1761476575470, 1.97, 5.34, -0.32, Forward
1761476575517, 2.13, 5.20, -0.17, Forward
1761476575567, 2.29, 4.53, 0.05, Forward
1761476575619, 2.38, 4.62, 0.15, Forward
1761476575669, 2.56, 4.48, 0.21, Forward
1761476575720, 2.69, 4.29, 0.13, Forward
1761476575763, 3.36, 3.43, 0.11, Forward
1761476575864, 4.03, 3.16, 0.02, Forward
1761476575910, 4.16, 2.89, 0.09, Forward
1761476575958, 4.35, 2.15, 0.17, Forward
1761476576013, 4.39, 1.48, 0.28, Forward
1761476576059, 4.71, 0.26, 0.83, Forward
1761476576109, 4.99, 0.04, 0.78, Forward
1761476576151, 5.59, -0.66, 0.86, Forward
1761476576194, 6.17, -1.28, 0.93, Forward
1761476576242, 6.86, -1.84, 1.02, Forward
1761476576288, 6.75, -1.34, 0.81, Forward
1761476576334, 6.70, -1.32, 0.53, Forward
1761476576379, 7.04, -1.35, 0.60, Forward
1761476576452, 7.75, -0.80, 0.34, Forward
1761476576496, 8.37, -0.54, 0.17, Forward
1761476576547, 9.01, 0.18, -0.22, Forward
1761476576591, 9.49, 0.21, 0.00, Forward
1761476576637, 9.84, 0.67, -0.06, Forward
1761476576685, 10.04, 0.86, -0.15, Up
1761476576757, 10.30, 0.51, 0.13, Up
1761476576804, 10.91, 0.19, 0.44, Up
1761476576851, 11.42, -0.13, 0.92, Up
1761476576894, 11.63, -1.67, 1.45, Up
1761476576940, 11.58, -3.20, 2.18, Up
1761476580078, 12.35, -3.21, 2.05, Up
1761476580122, 13.10, -3.33, 1.90, Up
1761476580166, 13.94, -3.36, 1.58, Up
1761476580247, 15.10, -3.61, 1.27, Up
1761476580292, 16.33, -3.66, 1.14, Up
1761476580340, 17.42, -3.28, 0.60, Up
1761476580385, 18.10, -3.33, 0.43, Up
1761476580432, 18.65, -3.46, 0.20, Up
1761476580476, 19.08, -3.89, 0.29, Up
1761476583868, 19.21, -3.45, 0.06, Up
1761476583913, 18.62, -4.25, 0.56, Up
1761476583956, 17.91, -5.10, 1.15, Up
1761476584003, 17.20, -5.97, 1.55, Up
1761476584050, 16.28, -6.64, 2.09, Up
1761476584096, 13.88, -8.58, 2.93, Up
1761476584153, 12.93, -10.78, 3.84, Left
1761476584200, 12.48, -12.59, 4.53, Left
1761476584247, 12.12, -14.43, 5.29, Left
1761476584291, 8.01, -16.87, 21.11, Left
1761476584337, 4.00, -20.63, 37.19, Left
1761476584382, 3.70, -22.77, 37.67, Left
1761476584427, 0.60, -27.04, 53.75, Left
1761476584471, 1.57, -29.56, 54.77, Left
1761476584514, 2.65, -32.29, 56.06, Left
1761476584560, -1.24, -31.47, 72.10, Left
1761476585351, -0.43, -29.13, 71.00, Left
1761476585396, 0.13, -27.32, 70.09, Left
1761476585436, 0.60, -25.47, 69.13, Left
1761476585482, 4.86, -21.31, 52.42, Left
1761476585525, 9.29, -17.01, 35.78, Left
1761476585569, 10.04, -14.43, 34.84, Left
1761476585613, 13.66, -9.92, 18.32, Up
1761476585657, 13.23, -7.11, 17.11, Up
1761476585699, 12.61, -4.10, 15.48, Up
1761476585752, 18.57, -3.10, -1.25, Up
1761476585797, 18.57, -3.65, -0.85, Up
1761476585842, 18.64, -3.76, -0.63, Up
1761476585888, 19.25, -5.36, 0.33, Up
1761476585935, 19.89, -7.00, 1.26, Up
1761476585981, 20.73, -8.66, 2.23, Up
1761476586023, 21.61, -10.66, 3.90, Left
1761476586070, 17.71, -15.63, 20.80, Left
1761476586117, 18.24, -17.98, 22.74, Left
1761476588650, 18.01, -16.96, 22.25, Left
1761476588695, 17.61, -16.79, 22.00, Left
1761476588737, 17.13, -16.64, 21.82, Left
1761476588787, 16.57, -16.36, 21.46, Left
1761476588831, 15.62, -14.62, 20.31, Left
1761476588883, 14.74, -12.79, 19.17, Left
1761476588930, 13.59, -11.24, 18.11, Left
1761476588970, 12.79, -9.10, 16.31, Up
1761476589016, 16.84, -3.69, -0.74, Up
1761476589058, 16.42, -0.49, -3.14, Up
1761476589106, 16.70, -0.65, -3.10, Up
1761476589150, 16.89, -0.30, -3.26, Up
1761476589197, 16.88, 0.56, -3.53, Up
1761476589243, 16.93, 0.91, -3.57, Up
1761476589290, 16.92, 1.82, -3.74, Up
1761476589334, 16.86, 2.70, -3.93, Up
1761476589378, 16.84, 3.99, -4.37, Up
1761476589422, 16.39, 5.21, -4.82, Up
1761476589467, 15.97, 6.33, -5.26, Up
1761476589512, 15.58, 7.05, -5.46, Up
1761476589554, 15.22, 7.82, -5.68, Up
1761476589598, 14.78, 8.07, -5.64, Up
1761476589642, 14.72, 7.90, -5.53, Up
1761476589750, 14.69, 8.12, -5.71, Up
1761476589794, 14.54, 7.54, -5.61, Up
1761476589839, 14.51, 7.19, -5.64, Up
1761476589884, 14.38, 6.19, -5.21, Up
1761476589942, 14.40, 5.08, -4.70, Up
1761476589982, 14.42, 4.17, -4.32, Up
1761476590040, 14.54, 3.20, -3.86, Up
1761476590083, 14.58, 2.15, -3.41, Up
1761476590130, 14.76, 1.77, -3.31, Up
1761476590179, 14.70, 1.18, -3.27, Up
1761476590251, 14.97, 0.88, -2.99, Up
1761476590297, 15.34, 0.68, -2.78, Up
1761476590349, 15.67, 0.24, -2.44, Up
1761476590400, 15.71, 0.59, -2.59, Up
1761476590450, 15.74, 0.79, -2.82, Up
1761476590551, 15.66, 0.92, -2.77, Up
1761476590595, 15.46, 1.21, -2.95, Up
1761476590641, 15.36, 1.44, -3.01, Up
1761476590686, 15.66, 2.02, -3.35, Up
1761476590742, 15.63, 2.85, -3.47, Up
1761476590784, 15.20, 3.15, -3.58, Up
1761476590836, 15.00, 3.34, -3.76, Up
1761476590884, 14.64, 3.68, -3.99, Up
1761476590929, 14.78, 3.76, -4.08, Up
1761476590973, 14.67, 3.44, -3.85, Up
1761476591049, 14.54, 3.31, -3.96, Up
1761476591093, 14.41, 3.15, -3.98, Up
1761476591141, 14.26, 3.12, -4.12, Up
1761476591186, 13.78, 2.74, -3.91, Up
1761476591232, 13.80, 2.45, -3.88, Up
1761476591275, 13.51, 1.86, -3.68, Up
1761476591324, 12.96, 1.52, -3.42, Up
1761476591367, 12.54, 1.04, -3.23, Up
1761476591413, 12.08, 0.51, -3.02, Up
1761476591459, 11.95, 0.62, -3.11, Up
1761476591509, 11.99, 0.72, -3.14, Up
1761476591558, 11.99, 0.76, -3.13, Up
1761476591603, 12.11, 0.49, -2.82, Up
1761476591649, 12.04, 0.18, -2.72, Up
1761476591749, 11.77, 0.30, -2.89, Up
1761476591793, 11.69, 0.65, -3.15, Up
1761476591842, 11.74, 1.02, -3.50, Up
1761476591887, 11.75, 1.53, -3.74, Up
1761476591947, 11.90, 1.99, -3.93, Up
1761476591990, 11.85, 2.08, -4.00, Up
1761476592042, 7.15, 0.81, 13.73, Forward
1761476592088, 6.84, 0.33, 13.82, Forward
1761476592132, 6.50, 0.24, 13.62, Forward
1761476592177, 6.21, 0.36, 13.39, Forward
1761476592251, 5.88, -0.20, 13.62, Forward
1761476592306, 5.82, -0.54, 13.75, Forward
1761476592352, 5.66, -0.99, 14.01, Forward
1761476592395, 5.54, -1.13, 14.17, Forward
1761476592444, 5.45, -1.51, 14.36, Forward
1761476592494, 5.48, -1.51, 14.29, Forward
1761476592544, 10.06, -0.13, -3.58, Up
1761476592591, 10.29, 0.22, -3.68, Up
1761476592644, 10.48, 0.52, -3.74, Up
1761476592693, 10.52, 0.24, -3.39, Up
1761476592745, 10.81, 0.23, -3.27, Up
1761476592800, 10.98, 0.17, -3.16, Up
1761476592845, 11.22, 0.41, -3.25, Up
1761476592894, 11.39, 0.42, -3.27, Up
1761476592960, 11.41, 0.98, -3.52, Up
1761476593008, 11.25, 1.32, -3.64, Up
1761476593058, 11.19, 1.55, -3.67, Up
1761476593110, 10.90, 1.54, -3.60, Up
1761476593163, 11.04, 1.47, -3.57, Up
1761476593213, 11.21, 1.67, -3.74, Up
1761476593261, 11.21, 1.94, -3.93, Up
1761476593312, 11.13, 2.16, -4.07, Up
1761476593360, 11.20, 2.28, -4.09, Up
1761476593410, 11.27, 2.27, -4.13, Up
1761476593458, 11.11, 1.90, -4.00, Up
1761476593507, 10.97, 1.56, -3.86, Up
1761476593559, 10.82, 1.14, -3.69, Up
1761476593610, 11.18, 1.28, -3.74, Up
1761476593661, 11.03, 1.71, -3.83, Up
1761476593759, 10.93, 1.83, -3.88, Up
1761476593803, 10.77, 1.84, -3.90, Up
1761476593860, 10.75, 2.10, -4.02, Up
1761476593906, 10.59, 2.22, -4.06, Up
1761476593957, 10.02, 2.65, -4.09, Up
1761476594022, 9.75, 3.12, -4.13, Forward
1761476594080, 9.35, 3.58, -4.02, Forward
1761476594126, 9.11, 3.89, -3.89, Forward
1761476594171, 8.90, 4.31, -3.74, Forward
1761476594249, 8.61, 4.79, -3.49, Forward
1761476594296, 8.32, 5.55, -3.20, Forward
1761476594342, 8.12, 6.44, -2.94, Forward
1761476594389, 8.00, 7.11, -2.59, Forward
1761476594435, 7.92, 7.59, -2.30, Forward
1761476594482, 8.20, 7.16, -1.73, Forward
1761476594543, 8.55, 6.73, -1.21, Forward
1761476594587, 9.26, 6.49, -0.83, Forward
1761476594635, 9.56, 6.23, -0.49, Forward
1761476594682, 8.83, 5.31, -0.10, Forward
1761476594745, 8.17, 4.27, 0.31, Forward
1761476594794, 7.77, 3.28, 0.76, Forward
1761476594839, 7.89, 2.47, 0.94, Forward
1761476594886, 7.89, 1.65, 1.10, Forward
1761476594933, 7.76, 0.83, 1.36, Forward
1761476594982, 7.51, 0.28, 1.40, Forward
1761476595027, 7.09, -0.18, 1.47, Forward
1761476595076, 6.30, -0.47, 1.57, Forward
1761476595123, 5.61, -0.71, 1.57, Forward
1761476595168, 5.92, -0.59, 1.45, Forward
1761476595215, 6.22, -0.56, 1.09, Forward
1761476595265, 6.10, -0.86, 0.65, Forward
1761476595309, 5.36, -1.41, 0.55, Forward
1761476595356, 5.07, -1.95, 0.56, Forward
1761476595449, 5.40, -2.10, 0.35, Forward
1761476595498, 5.62, -1.63, -0.14, Forward
1761476595544, 5.84, -1.32, -0.50, Forward
1761476595592, 6.31, -1.30, -0.88, Forward
1761476595640, 6.36, -1.79, -0.81, Forward
1761476595684, 6.21, -1.75, -0.97, Forward
1761476595747, 5.58, -2.12, -0.79, Forward
1761476595795, 5.26, -1.77, -0.69, Forward
1761476595843, 5.03, -1.54, -0.60, Forward
1761476595890, 5.19, -1.62, -0.64, Forward
1761476595951, 4.24, -1.74, -0.69, Forward
1761476595999, 3.49, -2.37, -0.43, Forward
1761476596047, 2.76, -2.42, -0.37, Forward
1761476596091, 2.15, -2.46, -0.33, Forward
1761476596138, 2.12, -1.69, -0.76, Forward
1761476596184, 2.29, -1.75, -0.78, Forward
1761476596231, 2.67, -1.52, -1.05, Forward
1761476596280, 2.86, -1.93, -1.01, Forward
1761476596324, 3.22, -1.99, -1.12, Forward
1761476596372, 3.22, -1.88, -1.34, Forward
1761476596419, 3.71, -1.67, -1.52, Forward
1761476596467, 3.86, -1.44, -1.69, Forward
1761476596515, 3.75, -1.54, -1.87, Forward
1761476596561, 3.44, -1.75, -1.90, Forward
1761476596652, 4.06, -2.00, -1.86, Forward
1761476596699, 4.65, -1.84, -1.87, Forward
1761476596744, 5.22, -1.68, -1.84, Forward
1761476596791, 6.16, -1.16, -2.07, Forward
1761476596837, 6.63, -0.96, -2.13, Forward
1761476596884, 6.29, -0.27, -2.11, Forward
1761476596947, 6.26, -0.03, -1.93, Forward
1761476596997, 6.35, 0.37, -1.79, Forward
1761476597042, 6.89, 0.58, -1.61, Forward
1761476597087, 6.80, 0.79, -1.51, Forward
1761476597149, 6.20, 0.86, -1.42, Forward
1761476597198, 5.59, 0.93, -1.38, Forward
1761476597242, 5.39, 0.92, -1.27, Forward
1761476597291, 4.93, 1.09, -1.28, Forward
1761476597338, 4.85, 1.14, -1.28, Forward
1761476597386, 4.89, 0.80, -1.19, Forward
1761476597432, 4.77, 0.64, -1.15, Forward
1761476597481, 4.69, 0.78, -1.25, Forward
1761476597528, 4.01, 0.79, -1.24, Forward
1761476597574, 4.26, 0.85, -1.16, Forward
1761476597620, 3.88, 0.79, -1.04, Forward
1761476597666, 3.55, 0.83, -1.06, Forward
1761476597715, 3.27, 0.75, -0.98, Forward
1761476597760, 2.23, 0.37, -0.76, Forward
1761476597856, 1.67, -0.18, -0.59, Forward
1761476597900, 1.39, -0.06, -0.72, Forward
1761476597949, 1.29, -0.27, -0.61, Forward
1761476598041, 0.91, -0.52, -0.57, Forward
1761476598089, 1.08, -0.81, -0.62, Forward
1761476598134, 1.18, -0.94, -0.76, Forward
1761476598180, 1.62, -1.32, -0.78, Forward
1761476598231, 1.74, -1.63, -0.72, Forward
1761476598274, 1.31, -2.11, -0.59, Forward
1761476598323, 1.82, -2.16, -0.60, Forward
1761476598367, 1.73, -1.99, -0.54, Forward
1761476598415, 1.62, -2.25, -0.35, Forward
1761476598460, 2.01, -2.65, -0.35, Forward
1761476598506, 2.35, -3.08, -0.29, Forward
1761476598552, 2.38, -3.03, -0.15, Forward
1761476598646, 2.44, -3.13, 0.09, Forward
1761476598694, 2.17, -2.92, 0.13, Forward
1761476598739, 1.87, -3.04, 0.29, Forward
1761476598785, 1.93, -2.57, 0.12, Forward
1761476598832, 2.25, -2.30, -0.04, Forward
1761476598882, 2.81, -2.18, -0.21, Forward
1761476598942, 2.89, -1.96, -0.20, Forward
1761476598989, 2.28, -1.30, -0.32, Forward
1761476599037, 2.44, -0.66, -0.36, Forward
1761476599081, 2.95, -0.32, -0.49, Forward
1761476599144, 3.18, -0.09, -0.72, Forward
1761476599193, 3.37, -0.03, -0.77, Forward
1761476599238, 3.07, 0.02, -1.06, Forward
1761476599286, 3.24, -0.32, -1.19, Forward
1761476599330, 2.71, -0.83, -1.15, Forward
1761476599380, 2.86, -0.70, -1.16, Forward
1761476599425, 3.42, -0.99, -1.17, Forward
1761476599472, 3.12, -1.37, -1.05, Forward
1761476599520, 2.63, -1.63, -1.07, Forward
1761476599565, 2.13, -2.12, -0.90, Forward
1761476599614, 1.48, -2.53, -0.65, Forward
1761476599660, 1.18, -2.85, -0.60, Forward
1761476599705, 1.46, -2.82, -0.49, Forward
1761476599752, 1.41, -2.77, -0.22, Forward
1761476599845, 1.86, -2.41, -0.13, Forward
1761476599893, 1.47, -2.89, 0.10, Forward
1761476599940, 1.19, -2.59, 0.02, Forward
1761476599984, 1.70, -2.60, 0.05, Forward
1761476600034, 1.87, -2.76, 0.18, Forward
1761476600080, 2.29, -3.12, 0.25, Forward
1761476600142, 2.63, -3.09, 0.18, Forward
1761476600188, 3.20, -2.87, 0.17, Forward
1761476600238, 3.24, -2.85, 0.26, Forward
1761476600343, 3.70, -2.23, -0.03, Forward
1761476600391, 3.90, -2.11, -0.11, Forward
1761476600438, 3.93, -1.71, -0.28, Forward
1761476600484, 3.40, -1.78, -0.22, Forward
1761476600531, 2.93, -1.72, -0.18, Forward
1761476600579, 3.04, -1.47, -0.27, Forward
1761476600639, 3.00, -1.14, -0.44, Forward
1761476600686, 3.13, -1.09, -0.59, Forward
1761476600732, 2.97, -1.18, -0.68, Forward
1761476600780, 2.75, -1.38, -0.71, Forward
1761476600825, 2.19, -2.02, -0.50, Forward
1761476600874, 1.69, -2.51, -0.43, Forward
1761476600947, 1.24, -2.36, -0.42, Forward
1761476600993, 1.25, -2.56, -0.36, Forward
1761476601043, 1.40, -2.66, -0.34, Forward
1761476601145, 1.75, -2.83, -0.19, Forward
1761476601189, 1.73, -2.68, -0.07, Forward
1761476601238, 1.90, -2.56, 0.03, Forward
1761476601285, 2.26, -2.29, -0.04, Forward
1761476601340, 2.87, -1.85, -0.12, Forward
1761476601386, 3.96, -1.52, -0.25, Forward
1761476601435, 4.66, -1.04, -0.30, Forward
1761476601481, 5.28, -0.93, -0.36, Forward
1761476601529, 6.08, -0.63, -0.38, Forward
1761476601574, 6.76, -0.29, -0.51, Forward
1761476601622, 6.98, -0.39, -0.56, Forward
1761476601667, 7.36, -0.40, -0.61, Forward
1761476601731, 7.64, -0.09, -0.82, Forward
1761476601774, 7.30, 0.21, -0.87, Forward
1761476601819, 7.57, 0.33, -0.98, Forward
1761476601865, 6.89, 0.38, -0.86, Forward
1761476601910, 6.66, 0.32, -0.80, Forward
1761476601953, 6.42, 0.46, -0.87, Forward
1761476602038, 6.29, 0.86, -1.19, Forward
1761476602082, 6.23, 1.42, -1.46, Forward
1761476602133, 6.06, 2.12, -1.77, Forward
1761476602181, 5.87, 2.22, -1.92, Forward
1761476602231, 5.84, 1.92, -1.81, Forward
1761476602277, 6.21, 1.80, -1.69, Forward
1761476602342, 6.11, 1.84, -1.74, Forward
1761476602384, 6.56, 2.08, -1.97, Forward
1761476602433, 6.86, 2.23, -2.16, Forward
1761476602479, 7.65, 2.19, -2.16, Forward
1761476602525, 7.93, 1.84, -1.95, Forward
1761476602572, 8.03, 1.82, -1.99, Forward
1761476602635, 1.82, -1.29, -14.97, Forward
1761476602685, 1.87, -0.87, -15.18, Forward
1761476602739, -2.32, -1.25, 2.54, Forward
1761476602779, -1.99, -1.37, 1.94, Forward
1761476602825, -1.28, -1.38, 1.43, Forward
1761476602869, -1.29, -1.35, 0.51, Forward
1761476606041, -0.58, -1.63, 0.26, Forward
1761476606085, -0.20, -2.27, 0.12, Forward
1761476606132, 0.46, -2.54, -0.26, Forward
1761476606180, 1.11, -2.96, -0.69, Forward
1761476606228, 8.12, -0.56, 12.00, Forward
1761476606273, 8.87, -1.51, 11.91, Forward
1761476606335, 13.59, -1.97, -6.21, Up
1761476606382, 13.68, -3.15, -5.95, Up
1761476606430, 13.53, -4.45, -5.69, Up
1761476606476, 13.72, -6.09, -4.87, Up
1761476606527, 13.27, -7.40, -4.69, Up
1761476606568, 12.98, -8.35, -4.56, Up
1761476606630, 12.63, -9.43, -4.25, Up
1761476606678, 12.38, -10.52, -3.74, Left
1761476606723, 12.27, -11.35, -3.35, Left
1761476606770, 12.12, -11.93, -2.92, Left
1761476606815, 12.08, -12.24, -2.45, Left
1761476606863, 12.05, -12.15, -2.04, Left
1761476606941, 12.29, -11.93, -1.44, Left
1761476606988, 12.74, -11.38, -1.11, Left
1761476607035, 12.84, -11.20, -0.81, Left
1761476607127, 12.91, -10.79, -0.68, Left
1761476607175, 12.99, -10.55, -0.58, Left
1761476607220, 13.04, -10.57, -0.35, Left
1761476607267, 13.01, -10.57, -0.17, Left
1761476607312, 13.06, -10.27, -0.25, Left
1761476607361, 12.95, -10.12, -0.19, Left
1761476607438, 12.86, -9.71, -0.40, Up
1761476607486, 12.70, -9.46, -0.71, Up
1761476607532, 12.75, -9.49, -0.82, Up
1761476607643, 13.09, -9.00, -0.91, Up
1761476607690, 13.50, -8.74, -0.92, Up
1761476607737, 13.86, -8.59, -0.92, Up
1761476607781, 14.20, -8.19, -1.08, Up
1761476607828, 14.51, -8.14, -1.08, Up
1761476607877, 14.53, -8.09, -1.11, Up
1761476607938, 14.70, -7.64, -1.31, Up
1761476607983, 14.90, -7.40, -1.32, Up
1761476608030, 14.98, -7.15, -1.36, Up
1761476608076, 14.95, -7.02, -1.36, Up
1761476608127, 15.07, -6.95, -1.40, Up
1761476608169, 15.14, -7.02, -1.46, Up
1761476608232, 15.08, -6.95, -1.52, Up
1761476608279, 15.10, -7.01, -1.45, Up
1761476608327, 15.16, -6.64, -1.64, Up
1761476608371, 15.33, -6.70, -1.57, Up
1761476608418, 15.42, -6.89, -1.55, Up
1761476608464, 15.40, -7.15, -1.46, Up
1761476608542, 15.73, -7.25, -1.36, Up
1761476608591, 15.94, -6.92, -1.46, Up
1761476608637, 15.89, -6.68, -1.62, Up
1761476608730, 15.87, -6.12, -1.72, Up
1761476608778, 16.06, -5.76, -1.79, Up
1761476608824, 16.19, -5.44, -1.87, Up
1761476608872, 16.22, -5.68, -1.80, Up
1761476608918, 16.19, -5.67, -1.86, Up
1761476608963, 16.42, -5.26, -1.93, Up
1761476609041, 16.65, -5.28, -1.99, Up
1761476609087, 16.40, -5.55, -1.95, Up
1761476609133, 15.98, -6.13, -1.86, Up
1761476609244, 15.93, -6.39, -1.80, Up
1761476609289, 15.70, -7.04, -1.71, Up
1761476609337, 15.45, -7.58, -1.64, Up
1761476609384, 15.28, -7.79, -1.83, Up
1761476609430, 15.12, -7.61, -2.07, Up
1761476609477, 14.95, -7.75, -2.03, Up
1761476609540, 14.81, -8.40, -1.93, Up
1761476609587, 14.75, -8.78, -1.79, Up
1761476609634, 14.85, -9.04, -1.74, Up
1761476609679, 15.11, -9.00, -1.78, Up
1761476609729, 15.15, -9.15, -1.74, Up
1761476609771, 15.17, -9.26, -1.82, Up
1761476609836, 15.29, -9.42, -1.90, Up
1761476609882, 15.36, -9.81, -1.70, Up
1761476609930, 15.58, -10.05, -1.59, Left
1761476609976, 16.08, -10.10, -1.67, Left
1761476610025, 16.35, -10.03, -1.74, Left
1761476610070, 16.84, -9.67, -2.04, Up
1761476610132, 17.22, -9.54, -2.12, Up
1761476610179, 17.57, -9.33, -2.23, Up
1761476610229, 17.94, -9.31, -2.25, Up
1761476610273, 18.30, -9.07, -2.33, Up
1761476610322, 18.57, -8.77, -2.34, Up
1761476610367, 18.81, -8.89, -2.31, Up
1761476610443, 19.18, -8.98, -2.15, Up
1761476610491, 19.48, -9.00, -2.00, Up
1761476610536, 19.74, -9.08, -1.83, Up
1761476610584, 19.81, -9.81, -1.33, Up
1761476610629, 19.86, -10.28, -1.05, Left
1761476610678, 19.97, -10.79, -0.69, Left
1761476610728, 19.91, -11.27, -0.31, Left
1761476610773, 16.09, -13.17, 16.97, Left
1761476610821, 16.29, -13.81, 17.51, Left
1761476610867, 16.82, -14.01, 17.91, Left
1761476610914, 17.15, -14.39, 18.32, Left
1761476610962, 17.16, -14.88, 18.75, Left
1761476611039, 13.68, -16.99, 35.80, Left
1761476611086, 14.20, -17.36, 36.19, Left
1761476611131, 14.79, -17.61, 36.70, Left
1761476611240, 15.37, -18.03, 37.08, Left
1761476611288, 15.92, -18.23, 37.34, Left
1761476611333, 20.50, -17.13, 20.79, Left
1761476611379, 20.87, -17.49, 20.97, Left
1761476611429, 21.00, -17.98, 21.23, Left
1761476611473, 21.22, -18.12, 21.40, Left
1761476611535, 21.93, -17.88, 21.45, Left
1761476611580, 26.20, -16.05, 4.87, Left
1761476611627, 26.29, -15.99, 4.99, Left
1761476611734, 26.19, -15.99, 4.89, Left
1761476611783, 26.28, -15.79, 4.82, Left
1761476611828, 26.48, -15.77, 4.83, Left
1761476611878, 26.48, -15.72, 4.93, Left
1761476611926, 26.70, -15.50, 4.99, Left
1761476611971, 26.64, -15.18, 5.12, Left
1761476612032, 26.73, -15.59, 5.52, Left
1761476612080, 26.44, -16.21, 5.93, Left
1761476612128, 26.09, -16.86, 6.33, Left
1761476612174, 21.84, -19.38, 22.61, Left
1761476612224, 17.95, -21.95, 39.17, Left
1761476614473, 17.09, -21.61, 38.90, Left
1761476614520, 16.34, -21.00, 38.45, Left
1761476614565, 15.54, -20.18, 37.86, Left
1761476614643, 14.65, -19.09, 37.18, Left
1761476614693, 13.86, -18.04, 36.38, Left
1761476614738, 12.92, -16.44, 35.34, Left
1761476614831, 11.96, -14.53, 34.13, Left
1761476614879, 11.12, -12.54, 32.98, Left
1761476614928, 14.31, -8.15, 15.70, Up
1761476614972, 17.18, -3.79, -1.80, Up
1761476615020, 16.90, -2.34, -2.44, Up
1761476615065, 16.71, -1.61, -2.73, Up
1761476615127, 16.28, -1.29, -2.77, Up
1761476615176, 15.93, -1.08, -2.82, Up
1761476615219, 15.60, -0.95, -2.81, Up
1761476615267, 14.67, -1.51, -2.56, Up
1761476615312, 14.13, -2.30, -2.15, Up
1761476615360, 13.51, -2.86, -1.81, Up
1761476615436, 12.99, -4.13, -1.44, Up
1761476615483, 12.71, -5.41, -0.90, Up
1761476615530, 12.44, -6.48, -0.43, Up
1761476615626, 12.24, -6.77, -0.05, Up
1761476615676, 12.18, -7.21, 0.20, Up
1761476615720, 12.06, -7.71, 0.47, Up
1761476615767, 11.81, -8.09, 0.68, Up
1761476615814, 12.20, -7.89, 0.64, Up
1761476615861, 12.76, -7.67, 0.62, Up
1761476615923, 13.15, -7.66, 0.53, Up
1761476615971, 13.54, -7.13, 0.54, Up
1761476616020, 13.79, -6.71, 0.46, Up
1761476616064, 13.64, -7.02, 0.63, Up
1761476616111, 13.37, -7.41, 0.66, Up
1761476616160, 13.13, -7.32, 0.57, Up
1761476616234, 13.48, -7.61, 0.61, Up
1761476616282, 13.96, -8.01, 0.74, Up
1761476616329, 14.40, -8.37, 0.85, Up
1761476616376, 14.28, -8.74, 1.16, Up
1761476616423, 14.45, -9.14, 1.44, Up
1761476616471, 15.05, -9.99, 1.93, Up
1761476616546, 15.53, -11.67, 2.47, Left
1761476616592, 16.24, -12.74, 2.88, Left
1761476621622, 16.97, -13.05, 3.12, Left
1761476621668, 17.78, -13.57, 3.37, Left
1761476621716, 17.90, -13.69, 3.57, Left
1761476621761, 18.21, -14.06, 3.82, Left
1761476621809, 18.43, -14.49, 4.11, Left
1761476621859, 19.14, -15.91, 4.60, Left
1761476621935, 18.37, -15.83, 4.03, Left
1761476621983, 14.11, -19.42, 20.08, Left
1761476628640, 14.38, -16.78, 18.92, Left
1761476628717, 14.43, -14.35, 17.54, Left
1761476628763, 14.42, -12.86, 16.40, Left
1761476628824, 14.47, -11.22, 15.05, Left
1761476628873, 14.63, -9.47, 13.67, Up
1761476628921, 14.65, -7.42, 12.23, Up
1761476628964, 14.63, -6.12, 11.18, Up
1761476629027, 14.29, -3.69, 9.82, Up
1761476629074, 15.42, -2.63, 9.55, Up
1761476629122, 19.56, 2.70, -7.74, Up
1761476629166, 19.13, 2.63, -7.75, Up
1761476629216, 19.05, 2.80, -7.59, Up
1761476629262, 18.95, 2.52, -7.35, Up
1761476629324, 19.01, 1.89, -6.88, Up
1761476629371, 18.99, 1.18, -6.32, Up
1761476629416, 19.08, 0.04, -5.76, Up
1761476629510, 19.12, -0.10, -5.66, Up
1761476629558, 19.20, -0.74, -5.48, Up
1761476629620, 19.01, -1.64, -5.17, Up
1761476629668, 18.97, -2.58, -4.90, Up
1761476629716, 19.06, -3.40, -4.72, Up
1761476629759, 19.11, -4.41, -4.43, Up
1761476629822, 18.52, -5.18, -4.21, Up
1761476629871, 17.73, -5.95, -3.94, Up
1761476629916, 17.04, -6.78, -3.67, Up
1761476629963, 16.32, -6.62, -3.58, Up
1761476630010, 15.70, -6.66, -3.47, Up
1761476630057, 14.70, -7.25, -3.47, Up
1761476630118, 13.37, -6.79, -3.67, Up
1761476630165, 12.04, -6.68, -3.75, Up
1761476630212, 10.59, -6.41, -3.90, Up
1761476630259, 8.79, -6.80, -3.78, Forward
1761476630308, 7.48, -6.74, -3.81, Forward
1761476630354, 6.24, -6.22, -3.97, Forward
1761476630404, 4.07, -5.37, -4.31, Forward
1761476630451, 2.16, -4.71, -4.44, Forward
1761476630494, 0.27, -3.88, -4.52, Forward
1761476630540, -0.40, -2.52, -4.34, Forward
1761476630586, -0.75, -2.39, -4.02, Forward
1761476630631, -1.22, -1.76, -3.65, Forward
1761476630710, -1.59, -1.34, -3.18, Forward
1761476630756, -1.75, -0.42, -3.03, Forward
1761476630830, -1.58, 0.72, -2.87, Forward
1761476630876, -1.76, 1.35, -2.61, Forward
1761476630924, -1.29, 1.71, -2.21, Forward
1761476630970, -1.33, 1.57, -1.79, Forward
1761476631017, -1.07, 1.03, -1.35, Forward
1761476631061, -1.63, 0.85, -1.24, Forward
1761476631111, -1.91, 1.06, -1.08, Forward
1761476631155, -2.20, 0.77, -0.81, Forward
1761476631202, -2.92, 0.65, -0.66, Forward
1761476631243, -3.22, 0.31, -0.41, Forward
1761476631320, -3.84, -0.37, -0.15, Forward
1761476631376, -4.10, -0.82, 0.12, Forward
1761476631422, -3.94, -1.12, 0.22, Forward
1761476631518, -3.72, -1.20, 0.23, Forward
1761476631564, -3.44, -0.88, 0.23, Forward
1761476631639, -2.51, -0.84, 0.16, Forward
1761476631687, -1.94, -0.72, 0.09, Forward
1761476631734, -1.02, -0.34, -0.19, Forward
1761476631782, 0.41, -0.21, -0.33, Forward
1761476631827, 2.07, 0.22, -0.81, Forward
1761476631877, 3.83, 0.82, -1.29, Forward
1761476631923, 5.48, 1.36, -1.70, Forward
1761476631973, 6.43, 1.56, -1.82, Forward
1761476632022, 7.54, 1.61, -1.88, Forward
1761476632068, 7.86, 1.46, -1.96, Forward
1761476632124, 7.57, 1.60, -2.06, Forward
1761476632169, 7.71, 1.35, -2.15, Forward
1761476632216, 7.51, 1.16, -2.23, Forward
1761476632261, 7.38, 1.43, -2.41, Forward
1761476632308, 6.93, 1.79, -2.40, Forward
1761476632355, 6.45, 2.03, -2.36, Forward
1761476632400, 6.02, 1.76, -2.10, Forward
1761476632446, 6.03, 1.11, -2.04, Forward
1761476632491, 5.93, 0.71, -2.11, Forward
1761476632534, 6.99, -1.57, -1.56, Forward
1761476632577, 8.01, -4.02, -0.89, Forward
1761476632619, 9.15, -7.25, 0.08, Forward
1761476646530, 8.56, -6.95, -0.16, Forward
1761476646571, 7.80, -7.05, -0.34, Forward
1761476646617, 7.03, -7.35, -0.31, Forward
1761476646659, 6.31, -8.02, -0.18, Forward
1761476646704, 5.25, -9.08, -0.10, Forward
1761476646772, 4.41, -9.83, 0.01, Forward
1761476646822, 3.59, -10.68, 0.17, Left
1761476646868, 2.12, -9.54, -0.30, Forward
1761476646911, 0.69, -8.04, -0.82, Forward
1761476646952, -1.10, -5.86, -1.61, Forward
1761476647000, -1.09, -6.87, -1.27, Forward
1761476647044, -0.76, -8.14, -0.87, Forward
1761476647097, -0.76, -9.59, -0.77, Forward
1761476647139, -0.80, -10.82, -0.71, Left
1761476647184, -1.05, -9.27, -1.54, Forward
1761476647224, -1.19, -6.94, -2.40, Forward
1761476647268, -1.19, -4.83, -3.27, Forward
1761476647311, -1.16, -3.04, -4.05, Forward
1761476647355, -0.94, -0.90, -5.04, Forward
1761476647401, -0.65, 1.63, -6.08, Forward
1761476647445, -0.89, 3.45, -6.92, Forward
1761476647493, -0.50, 6.17, -7.69, Forward
1761476647538, -0.01, 8.56, -8.22, Forward
1761476647582, 0.34, 10.61, -8.51, Right
1761476647624, 1.32, 10.73, -7.98, Right
1761476647666, 2.04, 10.93, -7.54, Right
1761476647711, 2.74, 10.92, -6.98, Right
1761476647754, 3.34, 11.06, -6.51, Right
1761476647799, 3.62, 10.37, -5.72, Right
1761476647840, 3.75, 9.95, -5.00, Forward
1761476647891, 4.68, 9.55, -4.30, Forward
1761476647938, 4.56, 8.60, -3.80, Forward
1761476647979, 4.54, 8.29, -3.70, Forward
1761476648020, 4.74, 8.43, -3.93, Forward
1761476648064, 4.62, 9.23, -4.14, Forward
1761476648106, 4.46, 8.92, -4.07, Forward
1761476648147, 3.34, 9.28, -4.21, Forward
1761476648188, 2.07, 9.63, -4.25, Forward
1761476648234, 1.56, 10.23, -4.42, Right
1761476648293, 1.38, 10.75, -4.60, Right
1761476648334, 0.91, 11.51, -4.80, Right
1761476648375, 0.33, 12.29, -5.17, Right
1761476648420, -0.13, 12.87, -5.15, Right
1761476648460, -0.40, 12.93, -4.79, Right
1761476648505, -0.65, 12.47, -4.64, Right
1761476648548, -0.30, 12.52, -4.72, Right
1761476648591, 0.52, 12.40, -4.76, Right
1761476648632, 1.64, 12.02, -4.88, Right
1761476648692, 2.40, 11.77, -4.97, Right
1761476648733, 3.21, 11.17, -5.00, Right
1761476648775, 3.43, 10.65, -4.98, Right
1761476648820, 4.22, 9.89, -4.74, Forward
1761476648864, 4.91, 9.41, -4.66, Forward
1761476648905, 5.53, 9.34, -4.89, Forward
1761476648950, 6.42, 9.18, -5.12, Forward
1761476648991, 6.81, 8.94, -5.27, Forward
1761476649037, 7.47, 8.43, -5.25, Forward
1761476649091, 8.83, 7.89, -5.18, Forward
1761476649132, 9.73, 7.24, -5.09, Forward
1761476649173, 10.84, 6.43, -4.83, Up
1761476649217, 12.40, 5.66, -4.68, Up
1761476649258, 13.25, 4.52, -4.24, Up
1761476649302, 14.13, 3.37, -3.88, Up
1761476649343, 14.93, 1.87, -3.17, Up
1761476649386, 15.84, 0.46, -2.46, Up
1761476649427, 16.82, -0.81, -1.64, Up
1761476649471, 17.97, -2.12, -0.83, Up
1761476649514, 18.42, -3.00, 0.08, Up
1761476649556, 18.92, -4.54, 1.31, Up
1761476649597, 19.04, -5.66, 2.30, Up
1761476649637, 19.53, -7.42, 3.65, Up
1761476649681, 20.66, -8.36, 4.48, Up
1761476649722, 21.24, -10.18, 6.10, Left
1761476649767, 22.08, -11.68, 7.46, Left
1761476659986, 20.99, -10.82, 6.60, Left
1761476660026, 20.09, -9.98, 5.74, Up
1761476660085, 18.94, -9.29, 5.00, Up
1761476660127, 17.55, -8.69, 4.18, Up
1761476660169, 22.07, -7.72, -1.64, Up
1761476660213, 20.76, -6.70, -2.71, Up
1761476660255, 19.45, -5.05, -4.02, Up
1761476660300, 17.93, -3.73, -5.15, Up
1761476660342, 16.09, -1.46, -6.82, Up
1761476660382, 14.26, 0.49, -8.45, Up
1761476660426, 14.45, 0.16, -7.87, Up
1761476660484, 14.25, -0.39, -7.30, Up
1761476660525, 14.31, -0.72, -6.98, Up
1761476660567, 14.30, -1.00, -6.58, Up
1761476660609, 8.50, -1.10, -1.50, Forward
1761476660650, 8.37, -1.54, -1.15, Forward
1761476660690, 7.90, -1.72, -1.02, Forward
1761476660734, 7.64, -2.14, -0.65, Forward
1761476660776, 7.82, -3.12, -0.31, Forward
1761476660817, 7.57, -3.72, -0.10, Forward
1761476660859, 7.10, -4.30, 0.10, Forward
1761476660901, 6.95, -4.25, 0.10, Forward
1761476660951, 6.93, -4.33, 0.24, Forward
1761476660995, 6.90, -4.36, 0.25, Forward
1761476661035, 6.96, -4.31, 0.16, Forward
1761476661078, 7.04, -4.34, 0.18, Forward
1761476661120, 7.12, -4.56, 0.29, Forward
1761476661163, 7.18, -4.26, 0.23, Forward
1761476661204, 7.42, -3.69, 0.11, Forward
1761476661247, 7.65, -3.04, 0.07, Forward
1761476661291, 8.15, -2.97, 0.06, Forward
1761476661348, 8.62, -2.92, 0.11, Forward
1761476661388, 8.63, -3.04, 0.20, Forward
1761476661428, 8.92, -3.34, 0.12, Forward
1761476661470, 9.07, -3.55, -0.01, Forward
1761476661514, 9.31, -3.34, 0.03, Forward
1761476661557, 9.84, -3.41, -0.04, Forward
1761476661598, 10.26, -3.55, -0.16, Up
1761476661639, 10.76, -3.64, -0.30, Up
1761476661683, 11.22, -3.63, -0.40, Up
1761476661725, 11.30, -3.09, -0.51, Up
1761476661767, 11.38, -3.18, -0.56, Up
1761476661815, 11.16, -3.37, -0.61, Up
1761476661860, 10.76, -3.56, -0.59, Up
1761476661909, 10.62, -2.99, -0.64, Up
1761476661956, 10.34, -3.07, -0.79, Up
1761476662000, 10.03, -2.60, -0.92, Up
1761476662043, 9.35, -2.65, -0.85, Forward
1761476662085, 8.93, -2.84, -0.76, Forward
1761476662127, 8.75, -3.39, -0.70, Forward
1761476662169, 8.47, -3.53, -0.72, Forward
1761476662215, 7.85, -3.87, -0.63, Forward
1761476662256, 7.93, -3.58, -0.66, Forward
1761476662296, 8.22, -3.71, -0.55, Forward
1761476662355, 8.78, -5.16, -0.03, Forward
1761476662397, 9.33, -6.33, 0.46, Forward
1761476662439, 10.07, -8.37, 1.35, Up
1761476662487, 11.29, -9.98, 2.08, Up
1761476662532, 12.22, -11.53, 2.83, Left
1761476702487, 13.39, -13.78, 4.49, Left
1761476702561, 14.37, -16.35, 6.01, Left
1761476702611, 15.38, -18.51, 7.43, Left
1761476702656, 16.16, -21.11, 8.76, Left
1761476702749, 16.73, -23.51, 9.97, Left
1761476702797, 16.63, -25.32, 10.80, Left
1761476702857, 16.40, -26.57, 11.21, Left
1761476702905, 15.71, -27.54, 11.33, Left
1761476702955, 14.81, -28.50, 11.42, Left
1761476702997, 13.54, -29.04, 11.13, Left
1761476703044, 12.03, -28.36, 9.86, Left
1761476703092, 10.91, -27.71, 8.76, Left
1761476703138, 9.94, -27.04, 7.64, Left
1761476703187, 8.95, -25.98, 6.46, Left
1761476703235, 7.95, -24.84, 5.49, Left
1761476703280, 6.84, -23.55, 4.54, Left
1761476703358, 5.64, -22.89, 3.97, Left
1761476703405, 4.72, -21.70, 3.40, Left
1761476703454, 3.54, -20.54, 2.76, Left
1761476703545, 2.97, -20.04, 2.64, Left
1761476703591, 2.29, -19.93, 2.55, Left
1761476703653, 1.68, -20.20, 2.58, Left
1761476703712, 1.06, -20.47, 2.55, Left
1761476703764, 0.40, -20.99, 2.72, Left
1761476703813, -0.01, -21.16, 2.77, Left
1761476703858, -0.25, -21.41, 2.87, Left
1761476703911, -0.13, -21.49, 2.95, Left
1761476703973, -0.12, -21.97, 3.05, Left
1761476704035, 0.35, -22.40, 3.34, Left
1761476704091, 0.64, -22.16, 3.39, Left
1761476704155, 1.08, -22.00, 3.43, Left
1761476704201, 1.51, -21.34, 3.32, Left
1761476704250, 1.93, -20.71, 3.27, Left
1761476704311, 2.33, -20.42, 3.32, Left
1761476704357, 2.70, -19.74, 3.46, Left
1761476704408, 3.24, -19.25, 3.71, Left
1761476704451, 3.81, -18.80, 4.35, Left
1761476704497, 4.33, -18.06, 5.01, Left
1761476704543, 4.69, -17.37, 5.58, Left
1761476704590, 4.14, -17.01, 6.63, Left
1761476704887, 2.57, -17.00, 7.67, Left
1761476704931, 0.89, -17.19, 8.82, Left
1761476704976, -1.42, -17.42, 9.83, Left
1761476705024, -3.52, -17.18, 10.68, Left
1761476705072, -5.55, -17.49, 11.45, Left
1761476705137, -7.77, -17.92, 12.23, Left
1761476705181, -10.12, -18.19, 12.55, Left
1761476705224, -12.73, -18.55, 12.85, Left
1761476705275, -15.17, -18.73, 13.10, Left
1761476705350, -16.62, -18.93, 13.01, Left
1761476705414, -17.13, -18.60, 12.91, Left
1761476705460, -17.68, -18.11, 12.82, Left
1761476705506, -17.59, -17.70, 12.89, Left
1761476705550, -17.35, -17.71, 13.07, Left
1761476705612, -17.09, -17.60, 13.30, Left
1761476705660, -17.17, -17.21, 13.38, Left
1761476705703, -17.18, -16.74, 13.51, Left
1761476705770, -17.02, -16.45, 13.63, Left
1761476705829, -16.95, -16.48, 13.88, Left
1761476705874, -16.93, -16.48, 14.01, Left
1761476705923, -16.84, -16.48, 14.17, Left
1761476705968, -16.74, -16.76, 14.26, Left
1761476706016, -16.71, -16.76, 14.26, Left
1761476706062, -17.05, -16.27, 14.06, Left
1761476706151, -17.41, -16.00, 13.72, Left
1761476706200, -17.30, -15.93, 13.46, Left
1761476706259, -17.21, -15.97, 13.20, Left
1761476706317, -17.37, -16.06, 12.92, Left
1761476706374, -17.26, -15.91, 12.51, Left
1761476706442, -17.27, -15.73, 12.07, Left
1761476706495, -17.35, -15.76, 11.53, Left
1761476706540, -17.35, -15.68, 11.04, Left
1761476706589, -17.17, -15.92, 10.52, Left
1761476706651, -16.75, -16.39, 10.10, Left
1761476706708, -16.38, -16.63, 9.39, Left
1761476706753, -15.22, -17.33, 8.70, Left
1761476706851, -13.74, -18.12, 7.89, Left
1761476706895, -12.11, -18.83, 7.00, Left
1761476706941, -10.84, -19.65, 6.16, Left
1761476706988, -9.35, -20.64, 5.44, Left
1761476707053, -7.65, -21.58, 5.00, Left
1761476707096, -5.93, -22.58, 4.52, Left
1761476707142, -4.33, -23.44, 4.11, Left
1761476707190, -2.91, -23.95, 3.61, Left
1761476707238, -1.46, -24.76, 3.60, Left
1761476707283, -0.92, -24.81, 3.57, Left
1761476707329, -0.58, -24.82, 3.66, Left
1761476707375, -0.17, -24.53, 3.74, Left
1761476707420, 0.48, -24.27, 3.89, Left
1761476707468, 0.72, -23.91, 4.01, Left
1761476707513, 0.59, -23.78, 4.00, Left
1761476707559, 0.52, -23.38, 3.96, Left
1761476707606, 0.50, -23.17, 4.02, Left
1761476707653, 0.52, -23.20, 4.14, Left
1761476707761, 0.39, -23.10, 4.18, Left
1761476707808, 0.31, -23.15, 4.22, Left
1761476707854, 0.06, -23.20, 4.24, Left
1761476707903, -0.15, -23.46, 4.37, Left
1761476707948, -0.57, -23.78, 4.46, Left
1761476707997, -0.73, -24.00, 4.48, Left
1761476708042, -0.68, -23.83, 4.48, Left
1761476708089, -0.68, -23.85, 4.53, Left
1761476708138, -0.72, -23.78, 4.52, Left
1761476708184, -0.58, -23.37, 4.37, Left
1761476708261, -0.50, -22.65, 4.20, Left
1761476708307, -0.37, -21.96, 4.09, Left
1761476708357, -0.24, -21.20, 3.94, Left
1761476708402, 0.01, -20.44, 3.73, Left
1761476708451, 0.35, -20.05, 3.67, Left
1761476708555, 0.63, -19.85, 3.67, Left
1761476708604, 0.72, -19.67, 3.63, Left
1761476708648, 0.79, -19.63, 3.60, Left
1761476708695, 0.86, -19.66, 3.58, Left
1761476708740, 0.81, -20.03, 3.76, Left
1761476708787, 0.81, -20.62, 3.89, Left
1761476708849, 0.69, -21.19, 4.00, Left
1761476708898, 0.67, -21.80, 4.16, Left
1761476708950, 0.61, -22.34, 4.34, Left
1761476709008, 0.38, -22.66, 4.46, Left
1761476709052, 0.24, -23.01, 4.55, Left
1761476709103, 0.15, -23.27, 4.57, Left
1761476709146, 0.07, -23.52, 4.59, Left
1761476709194, -0.00, -23.49, 4.50, Left
1761476709239, -0.11, -23.36, 4.41, Left
1761476709287, -0.20, -23.44, 4.36, Left
1761476709330, -0.29, -23.71, 4.32, Left
1761476709377, -0.31, -23.85, 4.23, Left
1761476709423, -0.32, -24.03, 4.17, Left
1761476709470, -0.25, -24.09, 4.04, Left
1761476709519, -0.21, -23.96, 3.88, Left
1761476709563, -0.17, -23.95, 3.78, Left
1761476709607, -0.12, -23.89, 3.72, Left
1761476709654, 0.15, -23.73, 3.65, Left
1761476709747, 0.39, -23.78, 3.65, Left
1761476709795, 0.76, -23.59, 3.62, Left
1761476709841, 1.05, -23.42, 3.59, Left
1761476709886, 1.15, -23.31, 3.59, Left
1761476709947, 1.11, -23.28, 3.56, Left
1761476709995, 1.16, -23.07, 3.55, Left
1761476710039, 1.08, -22.95, 3.44, Left
1761476710094, 1.05, -22.79, 3.36, Left
1761476710156, 1.08, -22.48, 3.20, Left
1761476710258, 0.78, -22.43, 3.02, Left
1761476710304, 0.57, -22.11, 2.76, Left
1761476710352, 0.22, -22.05, 2.55, Left
1761476710444, -0.06, -21.87, 2.34, Left
1761476710491, -0.20, -21.67, 2.12, Left
1761476710538, -0.29, -21.45, 1.92, Left
1761476710587, -0.52, -21.52, 1.67, Left
1761476710634, -0.55, -21.52, 1.59, Left
1761476710683, -0.48, -21.52, 1.51, Left
1761476710727, -0.59, -21.69, 1.52, Left
1761476710773, -0.33, -21.49, 1.47, Left
1761476710819, -0.04, -21.44, 1.47, Left
1761476710866, 0.05, -21.49, 1.49, Left
1761476710911, 0.23, -21.53, 1.48, Left
1761476710957, 0.26, -21.63, 1.62, Left
1761476711051, 0.36, -21.65, 1.75, Left
1761476711100, 0.49, -21.68, 1.96, Left
1761476711148, 0.54, -21.65, 2.05, Left
1761476711190, 0.49, -21.71, 2.18, Left
1761476711238, 0.57, -21.71, 2.27, Left
1761476711287, 0.32, -22.03, 2.49, Left
1761476711350, 0.03, -22.41, 2.66, Left
1761476711395, -0.04, -22.38, 2.71, Left
1761476711443, -0.11, -22.36, 2.78, Left
1761476711488, 0.21, -22.03, 2.71, Left
1761476711550, 0.14, -22.29, 2.64, Left
1761476711602, 0.12, -22.35, 2.59, Left
1761476711644, 0.13, -22.27, 2.54, Left
1761476711692, 0.01, -22.31, 2.43, Left
1761476711738, -0.16, -22.39, 2.34, Left
1761476711847, -0.36, -22.49, 2.26, Left
1761476711894, -0.57, -22.54, 2.19, Left
1761476711939, -0.74, -22.65, 2.19, Left
1761476711986, -1.05, -22.79, 2.17, Left
1761476712035, -1.50, -23.28, 2.26, Left
1761476712077, -1.59, -23.39, 2.31, Left
1761476712139, -1.78, -23.42, 2.28, Left
1761476712185, -1.95, -23.75, 2.32, Left
1761476712233, -2.01, -23.84, 2.34, Left
1761476712277, -2.05, -23.99, 2.35, Left
1761476712354, -2.02, -23.97, 2.29, Left
1761476712402, -1.97, -24.06, 2.27, Left
1761476712449, -1.83, -24.03, 2.22, Left
1761476712494, -1.72, -24.11, 2.20, Left
1761476712541, -1.82, -24.03, 2.08, Left
1761476712650, -1.81, -23.86, 1.98, Left
1761476712695, -1.86, -23.81, 1.90, Left
1761476712743, -1.95, -23.69, 1.76, Left
1761476712788, -2.01, -23.63, 1.69, Left
1761476712836, -1.67, -23.33, 1.64, Left
1761476712881, -1.59, -23.16, 1.64, Left
1761476712943, -1.55, -23.02, 1.68, Left
1761476712989, -1.63, -23.05, 1.68, Left
1761476713036, -1.68, -22.91, 1.66, Left
1761476713093, -1.64, -23.00, 1.68, Left
1761476713146, -1.78, -23.04, 1.63, Left
1761476713192, -1.83, -23.06, 1.60, Left
1761476713237, -1.84, -22.96, 1.59, Left
1761476713287, -1.93, -23.02, 1.59, Left
1761476713331, -2.40, -23.20, 1.57, Left
1761476713379, -2.70, -23.48, 1.58, Left
1761476713425, -2.90, -23.64, 1.53, Left
1761476713471, -3.05, -23.68, 1.56, Left
1761476713518, -3.17, -23.74, 1.55, Left
1761476713566, -3.20, -23.67, 1.54, Left
1761476713612, -3.19, -23.67, 1.59, Left
1761476713657, -3.28, -23.64, 1.60, Left
1761476713705, -3.39, -23.67, 1.62, Left
1761476713755, -3.31, -23.50, 1.60, Left
1761476713846, -3.17, -23.47, 1.61, Left
1761476713894, -3.00, -23.47, 1.64, Left
1761476713942, -2.93, -23.31, 1.61, Left
1761476714003, -2.93, -23.29, 1.56, Left
1761476714051, -2.82, -23.35, 1.57, Left
1761476714097, -2.91, -23.46, 1.58, Left
1761476714145, -2.97, -23.39, 1.59, Left
1761476714190, -2.92, -23.48, 1.68, Left
1761476714238, -2.84, -23.55, 1.73, Left
1761476714284, -2.91, -23.52, 1.69, Left
1761476714348, -2.98, -23.65, 1.72, Left
1761476714393, -3.00, -23.62, 1.75, Left
1761476714440, -2.95, -23.78, 1.95, Left
1761476714487, -2.85, -23.89, 2.12, Left
1761476714535, -2.83, -23.91, 2.25, Left
1761476714584, -2.79, -23.74, 2.37, Left
1761476714627, -2.77, -23.79, 2.47, Left
1761476714673, -2.87, -23.98, 2.62, Left
1761476714719, -2.92, -24.19, 2.80, Left
1761476714768, -2.93, -24.51, 3.09, Left
1761476714812, -3.00, -24.60, 3.28, Left
1761476714861, -3.06, -24.78, 3.38, Left
1761476714906, -3.15, -24.77, 3.34, Left
1761476714953, -3.32, -24.93, 3.31, Left
1761476715047, -3.37, -24.98, 3.29, Left
1761476715099, -3.38, -25.16, 3.27, Left
1761476715145, -3.40, -25.32, 3.25, Left
1761476715190, -3.28, -25.19, 3.17, Left
1761476715238, -3.19, -25.13, 3.08, Left
1761476715285, -3.06, -25.18, 2.96, Left
1761476715345, -2.99, -25.15, 2.82, Left
1761476715391, -3.04, -25.10, 2.73, Left
1761476715441, -3.00, -25.16, 2.69, Left
1761476715485, -2.87, -25.02, 2.66, Left
1761476715534, -2.83, -25.01, 2.63, Left
1761476715578, -2.85, -25.01, 2.57, Left
1761476715640, -2.80, -24.86, 2.50, Left
1761476715688, -2.69, -24.76, 2.43, Left
1761476715734, -2.63, -24.64, 2.37, Left
1761476715784, -2.78, -24.58, 2.27, Left
1761476715827, -2.91, -24.58, 2.22, Left
1761476715872, -2.92, -24.53, 2.18, Left
1761476715950, -2.90, -24.33, 2.14, Left
1761476715998, -2.85, -24.24, 2.16, Left
1761476716042, -2.87, -23.87, 2.08, Left
1761476716136, -2.78, -23.84, 2.10, Left
1761476716186, -2.62, -23.84, 2.15, Left
1761476716231, -2.59, -23.86, 2.17, Left
1761476716279, -2.64, -23.80, 2.21, Left
1761476716325, -2.58, -23.69, 2.30, Left
1761476716371, -2.59, -23.68, 2.33, Left
1761476716449, -2.54, -23.68, 2.38, Left
1761476716497, -2.73, -23.86, 2.38, Left
1761476716545, -2.79, -24.02, 2.40, Left
1761476716638, -2.97, -24.44, 2.43, Left
1761476716685, -3.14, -24.51, 2.42, Left
1761476716731, -3.45, -24.68, 2.40, Left
1761476716778, -3.66, -24.86, 2.47, Left
1761476716823, -3.78, -25.12, 2.52, Left
1761476716868, -3.95, -25.28, 2.53, Left
1761476716946, -3.88, -25.28, 2.51, Left
1761476716996, -3.94, -25.28, 2.50, Left
1761476717043, -3.70, -24.92, 2.46, Left
1761476717149, -3.96, -24.83, 2.47, Left
1761476717201, -3.85, -24.80, 2.60, Left
1761476717244, -3.78, -24.58, 2.56, Left
1761476717338, -3.72, -24.47, 2.52, Left
1761476717385, -3.67, -24.42, 2.44, Left
1761476717434, -3.60, -24.28, 2.37, Left
1761476717478, -3.56, -24.23, 2.33, Left
1761476717527, -3.67, -24.15, 2.34, Left
1761476717573, -3.77, -24.20, 2.36, Left
1761476717637, -3.94, -24.42, 2.44, Left
1761476717685, -3.82, -24.42, 2.39, Left
1761476717733, -3.96, -24.38, 2.27, Left
1761476717777, -4.09, -24.60, 2.34, Left
1761476717824, -4.13, -24.71, 2.44, Left
1761476717869, -4.30, -24.65, 2.40, Left
1761476717947, -4.39, -24.48, 2.25, Left
1761476717998, -4.33, -24.31, 2.17, Left
1761476718043, -4.18, -24.18, 2.07, Left
1761476718136, -3.90, -24.07, 2.10, Left
1761476718183, -3.83, -24.12, 2.09, Left
1761476718231, -3.81, -24.13, 2.09, Left
1761476718276, -3.58, -23.76, 2.00, Left
1761476718321, -3.46, -23.41, 1.90, Left
1761476718368, -3.44, -23.27, 1.75, Left
1761476718446, -3.49, -23.39, 1.76, Left
1761476718496, -3.57, -23.67, 1.88, Left
1761476718541, -3.61, -23.94, 1.97, Left
1761476718634, -3.77, -24.28, 2.05, Left
1761476718683, -4.05, -24.47, 1.94, Left
1761476718729, -4.10, -24.60, 1.90, Left
1761476718775, -3.97, -24.71, 1.92, Left
1761476718822, -4.09, -25.25, 2.03, Left
1761476718868, -4.07, -25.79, 2.14, Left
1761476718944, -4.10, -25.93, 2.22, Left
1761476718991, -3.91, -25.89, 2.18, Left
1761476719038, -3.94, -25.98, 2.14, Left
1761476719145, -3.85, -26.03, 2.13, Left
1761476719194, -3.75, -26.10, 2.14, Left
1761476719237, -3.65, -26.16, 2.15, Left
1761476719284, -3.65, -26.29, 2.20, Left
1761476719333, -3.81, -26.40, 2.18, Left
1761476719381, -3.79, -26.37, 2.16, Left
1761476719441, -3.87, -26.25, 2.10, Left
1761476719486, -3.86, -26.39, 2.14, Left
1761476719534, -3.94, -26.48, 2.20, Left
1761476719583, -3.67, -26.60, 2.41, Left
1761476719629, -3.85, -26.73, 2.45, Left
1761476719677, -3.86, -26.57, 2.45, Left
1761476719737, -3.78, -26.41, 2.53, Left
1761476719784, -3.73, -26.35, 2.56, Left
1761476719829, -3.62, -26.24, 2.58, Left
1761476719877, -3.84, -26.27, 2.52, Left
1761476719922, -3.78, -26.25, 2.46, Left
1761476719969, -3.72, -26.34, 2.47, Left
1761476720049, -3.65, -26.48, 2.51, Left
1761476720095, -3.75, -26.41, 2.41, Left
1761476720145, -3.63, -26.36, 2.37, Left
1761476720236, -3.72, -26.51, 2.37, Left
1761476720283, -3.92, -26.69, 2.31, Left
1761476720328, -4.06, -26.78, 2.25, Left
1761476720375, -4.12, -26.82, 2.15, Left
1761476720422, -4.06, -26.78, 2.14, Left
1761476720467, -4.13, -26.85, 2.18, Left
1761476720546, -4.33, -26.66, 2.15, Left
1761476720596, -4.47, -26.56, 2.09, Left
1761476720641, -4.52, -26.42, 2.08, Left
1761476720749, -4.74, -26.23, 2.03, Left
1761476720799, -4.76, -26.09, 2.05, Left
1761476720844, -4.69, -25.95, 2.07, Left
1761476720938, -4.70, -25.67, 1.94, Left
1761476720985, -4.71, -25.59, 1.96, Left
1761476721030, -4.70, -25.52, 1.91, Left
1761476721081, -4.66, -25.39, 1.92, Left
1761476721124, -4.50, -25.35, 1.87, Left
1761476721171, -4.45, -25.21, 1.85, Left
1761476721248, -4.40, -25.22, 1.83, Left
1761476721296, -4.21, -25.34, 1.91, Left
1761476721340, -4.26, -25.25, 1.81, Left
1761476721434, -4.35, -25.27, 1.74, Left
1761476721483, -4.31, -25.44, 1.80, Left
1761476721531, -4.43, -25.48, 1.76, Left
1761476721575, -4.44, -25.40, 1.76, Left
1761476721623, -4.48, -25.45, 1.67, Left
1761476721671, -4.31, -25.23, 1.62, Left
1761476721733, -4.23, -25.19, 1.61, Left
1761476721782, -4.17, -25.14, 1.62, Left
1761476721827, -4.00, -24.97, 1.56, Left
1761476721874, -3.83, -25.10, 1.63, Left
1761476721921, -3.83, -25.08, 1.60, Left
1761476721966, -3.90, -25.02, 1.61, Left
1761476722044, -3.84, -24.88, 1.59, Left
1761476722092, -3.79, -24.96, 1.62, Left
1761476722138, -3.86, -24.98, 1.63, Left
1761476722231, -4.15, -25.27, 1.68, Left
1761476722281, -4.27, -25.25, 1.60, Left
1761476722326, -4.37, -25.24, 1.54, Left
1761476722369, -4.63, -25.35, 1.50, Left
1761476722416, -4.80, -25.28, 1.44, Left
1761476722466, -4.87, -25.14, 1.43, Left
1761476722541, -4.71, -25.16, 1.44, Left
1761476722588, -4.66, -25.27, 1.50, Left
1761476722634, -4.75, -25.41, 1.53, Left
1761476722728, -4.77, -25.25, 1.56, Left
1761476722778, -4.73, -25.25, 1.56, Left
1761476722821, -4.63, -25.29, 1.60, Left
1761476722868, -4.71, -25.36, 1.56, Left
1761476722916, -4.67, -25.23, 1.49, Left
1761476722965, -4.58, -25.02, 1.37, Left
1761476723042, -4.48, -24.95, 1.33, Left
1761476723088, -4.52, -24.68, 1.22, Left
1761476723135, -4.66, -24.68, 1.20, Left
1761476723242, -4.56, -24.59, 1.22, Left
1761476723289, -4.43, -24.75, 1.25, Left
1761476723336, -4.41, -24.76, 1.20, Left
1761476723382, -4.51, -24.83, 1.15, Left
1761476723431, -4.54, -24.83, 1.14, Left
1761476723475, -4.57, -24.98, 1.18, Left
1761476723537, -4.66, -25.17, 1.30, Left
1761476723585, -4.74, -25.25, 1.35, Left
1761476723635, -4.80, -25.43, 1.44, Left
1761476723678, -4.61, -25.05, 1.26, Left
1761476723729, -4.58, -24.54, 1.04, Left
1761476723773, -4.74, -24.45, 1.12, Left
1761476723834, -4.83, -24.27, 1.09, Left
1761476723882, -4.97, -24.19, 1.09, Left
1761476723927, -5.01, -24.05, 1.08, Left
1761476723978, -5.19, -23.96, 1.02, Left
1761476724026, -5.27, -23.98, 1.00, Left
1761476724067, -5.40, -23.94, 0.93, Left
1761476724144, -5.50, -24.03, 0.90, Left
1761476724194, -5.67, -24.39, 1.08, Left
1761476724237, -5.84, -24.97, 1.29, Left
1761476724330, -5.95, -25.13, 1.20, Left
1761476724377, -6.03, -25.32, 1.24, Left
1761476724424, -5.93, -25.41, 1.31, Left
1761476724473, -5.89, -25.22, 1.21, Left
1761476724520, -5.79, -24.85, 1.08, Left
1761476724567, -5.74, -24.85, 1.07, Left
1761476724633, -5.75, -25.06, 1.10, Left
1761476724676, -5.73, -25.18, 1.10, Left
1761476724725, -5.77, -25.20, 1.07, Left
1761476724769, -5.74, -25.17, 1.01, Left
1761476724817, -5.59, -25.16, 0.94, Left
1761476724861, -5.54, -25.21, 0.93, Left
1761476724941, -5.60, -25.22, 0.89, Left
1761476724986, -5.70, -25.62, 1.00, Left
1761476725034, -5.68, -26.00, 1.15, Left
1761476725082, -5.78, -26.10, 1.14, Left
1761476725126, -5.72, -26.05, 1.18, Left
1761476725173, -5.75, -26.01, 1.21, Left
1761476725250, -5.69, -25.91, 1.20, Left
1761476725298, -5.67, -25.85, 1.26, Left
1761476725344, -5.75, -25.65, 1.19, Left
1761476725437, -5.74, -25.30, 0.98, Left
1761476725484, -5.69, -25.00, 0.83, Left
1761476725531, -5.73, -24.76, 0.71, Left
1761476725640, -5.81, -24.57, 0.69, Left
1761476725686, -5.73, -24.45, 0.72, Left
1761476725734, -5.75, -24.39, 0.68, Left
1761476725783, -5.68, -23.99, 0.57, Left
1761476725826, -5.79, -23.77, 0.45, Left
1761476725875, -5.77, -23.48, 0.33, Left
1761476725936, -5.65, -23.07, 0.30, Left
1761476725983, -5.57, -22.77, 0.36, Left
1761476726030, -5.47, -22.54, 0.37, Left
1761476726079, -5.41, -22.23, 0.38, Left
1761476726124, -5.43, -21.90, 0.26, Left
1761476726170, -5.48, -21.29, 0.09, Left
1761476726231, -5.36, -20.78, 0.03, Left
1761476726281, -5.35, -20.55, -0.00, Left
1761476726326, -5.28, -20.34, -0.00, Left
1761476726373, -5.35, -20.13, -0.02, Left
1761476726423, -5.51, -19.99, -0.06, Left
1761476726466, -5.52, -19.98, -0.06, Left
1761476726544, -5.54, -19.86, -0.03, Left
1761476726590, -5.44, -19.77, -0.05, Left
1761476726636, -5.37, -19.76, 0.03, Left
1761476726730, -5.32, -19.75, 0.10, Left
1761476726777, -5.34, -19.62, 0.07, Left
1761476726823, -5.33, -19.37, 0.05, Left
1761476726870, -5.21, -19.14, 0.02, Left
1761476726917, -5.01, -19.01, 0.04, Left
1761476726966, -4.60, -19.01, 0.17, Left
1761476727040, -4.55, -18.93, 0.31, Left
1761476727087, -4.48, -18.83, 0.43, Left
1761476727133, -4.46, -18.77, 0.51, Left
1761476727227, -4.52, -18.59, 0.51, Left
1761476727276, -4.45, -18.74, 0.58, Left
1761476727321, -4.48, -18.89, 0.67, Left
1761476727367, -4.35, -18.85, 0.71, Left
1761476727415, -4.22, -18.71, 0.77, Left
1761476727464, -4.33, -18.31, 0.77, Left
1761476727527, -4.45, -17.89, 0.66, Left
1761476727573, -4.43, -17.46, 0.50, Left
1761476727620, -4.46, -17.21, 0.38, Left
1761476727665, -4.49, -17.14, 0.35, Left
1761476727714, -4.37, -16.99, 0.31, Left
1761476727759, -4.26, -16.48, 0.18, Left
1761476727838, -4.19, -15.72, 0.02, Left
1761476727884, -4.21, -15.22, -0.08, Left
1761476727931, -4.44, -14.93, -0.13, Left
1761476728024, -4.40, -14.42, -0.27, Left
1761476728072, -4.44, -14.25, -0.23, Left
1761476728118, -4.47, -13.97, -0.22, Left
1761476728169, -4.39, -13.42, -0.33, Left
1761476728215, -4.29, -12.76, -0.42, Left
1761476728263, -4.21, -12.32, -0.36, Left
1761476728337, -4.21, -12.15, -0.30, Left
1761476728384, -4.18, -12.17, -0.24, Left
1761476728428, -4.29, -12.11, -0.21, Left
1761476728538, -4.33, -11.81, -0.27, Left
1761476728585, -4.52, -12.07, -0.19, Left
1761476728631, -4.68, -12.00, -0.22, Left
1761476728677, -4.61, -11.87, -0.21, Left
1761476728725, -4.58, -11.80, -0.14, Left
1761476728770, -4.50, -11.68, -0.16, Left
1761476728832, -4.62, -11.63, -0.24, Left
1761476728881, -4.61, -11.53, -0.26, Left
1761476728926, -4.70, -11.36, -0.28, Left
1761476728971, -4.61, -11.28, -0.20, Left
1761476729018, -4.37, -11.33, -0.10, Left
1761476729066, -4.23, -11.42, -0.04, Left
1761476729129, -4.06, -11.54, 0.02, Left
1761476729173, -4.01, -11.78, 0.06, Left
1761476729220, -4.04, -12.18, 0.13, Left
1761476729266, -4.01, -12.56, 0.33, Left
1761476729314, -3.71, -12.96, 0.56, Left
1761476729361, -3.51, -13.35, 0.77, Left
1761476729438, -3.05, -13.84, 0.94, Left
1761476729486, -2.81, -14.18, 1.03, Left
1761476729532, -2.70, -14.51, 1.15, Left
1761476729627, -2.35, -14.64, 1.27, Left
1761476729674, -2.15, -14.83, 1.39, Left
1761476729722, -2.00, -15.01, 1.56, Left
1761476729766, -1.81, -15.09, 1.68, Left
1761476729813, -1.73, -15.18, 1.72, Left
1761476729863, -1.79, -15.10, 1.68, Left
1761476729936, -1.72, -14.99, 1.67, Left
1761476729983, -1.88, -15.09, 1.72, Left
1761476730030, -1.73, -14.81, 1.71, Left
1761476730137, -1.54, -14.89, 1.76, Left
1761476730182, -1.43, -14.89, 1.80, Left
1761476730230, -1.33, -14.93, 1.86, Left
1761476730276, -1.38, -14.93, 1.89, Left
1761476730323, -1.42, -14.99, 1.94, Left
1761476730370, -1.48, -15.08, 1.98, Left
1761476730433, -1.43, -14.89, 2.04, Left
1761476730481, -1.44, -14.83, 2.05, Left
1761476730530, -1.42, -14.66, 2.09, Left
1761476730573, -1.58, -14.87, 2.16, Left
1761476730619, -1.85, -14.69, 2.15, Left
1761476730665, -1.99, -14.10, 2.02, Left
1761476730728, -2.07, -12.78, 1.85, Left
1761476730778, -2.00, -11.39, 1.68, Left
1761476730823, -2.03, -10.05, 1.55, Left
1761476730869, -1.86, -7.63, 1.38, Forward
1761476730916, -1.62, -5.75, 1.25, Forward
1761476730965, -1.65, -2.71, 0.88, Forward
1761476731039, -1.45, 0.34, 0.53, Forward
1761476731087, -1.20, 3.58, 0.12, Forward
1761476731132, -1.06, 6.41, -0.22, Forward
1761476731226, -0.84, 9.24, -0.63, Forward
1761476731273, -0.72, 11.32, -1.00, Right
1761476731320, -0.50, 13.19, -1.33, Right
1761476731365, -0.34, 15.12, -1.70, Right
1761476731413, -0.30, 16.04, -2.05, Right
1761476731459, -0.24, 17.29, -2.37, Right
1761476731536, 0.35, 17.18, -2.42, Right
1761476731584, 0.82, 17.27, -2.57, Right
1761476731633, 0.95, 16.92, -2.43, Right
1761476731739, 1.50, 17.06, -2.50, Right
1761476731785, 1.78, 16.33, -2.28, Right
1761476731834, 2.18, 15.63, -2.07, Right
1761476731895, 2.07, 13.06, -1.59, Right
1761476731943, 2.86, 9.34, -0.83, Forward
1761476731987, 3.67, 5.68, -0.13, Forward
1761476732034, 4.53, 1.60, 0.71, Forward
1761476732082, 5.02, -2.06, 1.48, Forward
1761476732128, 5.48, -5.73, 2.28, Forward
1761476732178, 6.41, -9.87, 3.23, Forward
1761476732221, 7.26, -13.86, 4.28, Left
1761476732266, 5.59, -20.00, 21.88, Left
1761476734161, 6.70, -22.96, 23.33, Left
1761476734241, 8.50, -24.16, 24.11, Left
1761476734288, 9.29, -23.92, 24.55, Left
1761476734332, 9.59, -23.83, 25.19, Left
1761476734425, 10.04, -23.11, 25.32, Left
1761476734473, 10.63, -22.41, 25.52, Left
1761476734518, 11.10, -21.78, 25.70, Left
1761476734565, 11.41, -20.62, 25.49, Left
1761476734613, 11.50, -19.84, 25.39, Left
1761476734663, 14.32, -16.92, 8.76, Left
1761476734738, 14.48, -17.40, 8.36, Left
1761476734785, 14.24, -17.83, 8.33, Left
1761476734831, 12.68, -16.06, 8.37, Left
1761476734924, 13.33, -16.98, 8.82, Left
1761476734972, 11.96, -15.39, 8.87, Left
1761476735019, 10.47, -13.88, 8.43, Left
1761476736341, 10.44, -13.98, 7.80, Left
1761476736386, 10.20, -14.03, 7.23, Left
1761476736432, 10.23, -13.37, 6.19, Left
1761476736526, 9.60, -11.81, 4.64, Left
1761476736573, 8.67, -10.55, 3.21, Left
1761476736620, 7.91, -9.14, 1.81, Forward
1761476736665, 8.71, -9.54, 0.07, Forward
1761476736714, 7.69, -7.51, -2.09, Forward
1761476736760, 8.25, -8.50, -3.43, Forward
1761476736823, 8.82, -9.47, -4.21, Forward
1761476736872, 7.90, -9.21, -4.70, Forward
1761476736917, 7.11, -8.88, -5.22, Forward
1761476736965, 5.89, -8.98, -5.30, Forward
1761476737009, 5.21, -9.77, -4.92, Forward
1761476737057, 4.80, -9.80, -4.59, Forward
1761476737134, 4.10, -10.39, -4.17, Left
1761476737181, 3.46, -11.63, -3.41, Left
1761476737228, 2.96, -12.85, -2.67, Left
1761476737321, 2.98, -13.35, -2.02, Left
1761476737366, 2.90, -14.10, -1.44, Left
1761476737413, 3.05, -14.50, -0.89, Left
1761476737461, 3.16, -14.89, -0.37, Left
1761476737507, 3.41, -15.81, 0.24, Left
1761476737551, 3.76, -15.63, 0.51, Left
1761476737629, 3.93, -15.57, 0.61, Left
1761476737678, 4.36, -15.02, 0.65, Left
1761476737724, 4.53, -14.33, 0.65, Left
1761476737833, 4.59, -13.25, 0.45, Left
1761476737880, 4.23, -12.62, 0.28, Left
1761476737930, 3.93, -11.72, 0.03, Left
1761476737973, 3.52, -11.19, -0.12, Left
1761476738021, 3.11, -10.50, -0.34, Left
1761476738066, 2.68, -9.14, -0.66, Forward
1761476738129, 2.29, -7.84, -1.02, Forward
1761476738178, 1.88, -6.84, -1.26, Forward
1761476738224, 1.43, -5.76, -1.55, Forward
1761476738272, 1.31, -4.46, -2.02, Forward
1761476738317, 1.27, -3.63, -2.32, Forward
1761476738364, 1.19, -3.26, -2.46, Forward
1761476738425, 1.08, -3.18, -2.58, Forward
1761476738476, 0.93, -2.77, -2.80, Forward
1761476738521, 1.01, -2.35, -3.06, Forward
1761476738612, 1.07, -2.08, -3.36, Forward
1761476738661, 0.94, -2.53, -3.44, Forward
1761476738705, 0.83, -2.59, -3.67, Forward
1761476738752, 1.24, -3.36, -3.65, Forward
1761476738798, 1.60, -4.51, -3.47, Forward
1761476738845, 2.31, -5.38, -3.29, Forward
1761476738922, 3.65, -5.63, -3.16, Forward
1761476738970, 4.94, -6.07, -2.94, Forward
1761476739015, 6.42, -6.23, -2.81, Forward
1761476739063, 7.78, -7.02, -2.29, Forward
1761476739112, 9.45, -7.62, -1.82, Forward
1761476739158, 11.20, -8.29, -1.13, Up
1761476739233, 12.90, -9.36, -0.31, Up
1761476739282, 14.25, -9.77, 0.25, Up
1761476739330, 15.47, -10.00, 0.92, Up
1761476739423, 16.05, -9.92, 1.43, Up
1761476739469, 16.15, -10.18, 1.79, Left
1761476739515, 16.34, -9.87, 2.00, Up
1761476739564, 16.51, -9.86, 2.35, Up
1761476739611, 16.62, -9.41, 2.44, Up
1761476739657, 16.52, -9.22, 2.60, Up
1761476739719, 16.32, -9.19, 2.61, Up
1761476739766, 16.14, -8.80, 2.43, Up
1761476739813, 15.78, -8.34, 2.26, Up
1761476739861, 15.48, -8.03, 2.00, Up
1761476739905, 15.36, -8.03, 1.77, Up
1761476739952, 15.01, -7.92, 1.65, Up
1761476740029, 14.43, -8.02, 1.57, Up
1761476740079, 13.85, -8.09, 1.46, Up
1761476740125, 13.24, -8.30, 1.48, Up
1761476740215, 12.68, -8.29, 1.32, Up
1761476740263, 12.22, -8.13, 1.16, Up
1761476740312, 11.88, -8.13, 1.14, Up
1761476740357, 11.55, -8.11, 1.00, Up
1761476740404, 11.37, -7.93, 0.88, Up
1761476740449, 11.14, -7.74, 0.79, Up
1761476740527, 11.35, -7.39, 0.59, Up
1761476740574, 11.84, -6.78, 0.31, Up
1761476740623, 12.19, -6.14, -0.02, Up
1761476740683, 12.31, -5.86, -0.22, Up
1761476740734, 12.39, -5.94, -0.21, Up
1761476740793, 12.40, -6.10, -0.21, Up
1761476740837, 12.31, -6.29, -0.25, Up
1761476740882, 12.23, -6.53, -0.13, Up
1761476740929, 11.92, -7.00, 0.08, Up
1761476741023, 11.71, -7.15, 0.22, Up
1761476741071, 11.05, -7.74, 0.49, Up
1761476741116, 10.39, -8.35, 0.80, Up
1761476741161, 9.79, -8.97, 1.15, Forward
1761476741213, 9.42, -9.30, 1.23, Forward
1761476741257, 9.12, -9.49, 1.33, Forward
1761476741326, 8.83, -9.63, 1.46, Forward
1761476741381, 8.67, -9.63, 1.60, Forward
1761476741429, 8.38, -9.66, 1.69, Forward
1761476741538, 8.10, -9.78, 1.74, Forward
1761476741582, 7.80, -9.98, 1.84, Forward
1761476741632, 7.85, -9.88, 1.80, Forward
1761476741722, 7.76, -9.90, 1.81, Forward
1761476741772, 7.55, -10.11, 1.85, Left
1761476741816, 7.53, -10.23, 1.99, Left
1761476741925, 7.30, -10.52, 2.03, Left
1761476741972, 7.11, -10.86, 2.07, Left
1761476742020, 6.88, -11.24, 2.14, Left
1761476742065, 6.75, -11.43, 2.17, Left
1761476742114, 6.64, -11.41, 2.10, Left
1761476742159, 6.80, -11.28, 2.01, Left
1761476742220, 6.57, -11.55, 2.08, Left
1761476742268, 6.37, -11.75, 2.11, Left
1761476742314, 6.25, -11.78, 2.10, Left
1761476742363, 5.97, -11.63, 2.00, Left
1761476742412, 5.87, -11.55, 2.02, Left
1761476742457, 5.58, -11.19, 1.94, Left
1761476742519, 5.26, -10.61, 1.84, Left
1761476742567, 4.96, -10.28, 1.80, Left
1761476742613, 4.72, -10.03, 1.81, Left
1761476742662, 4.11, -10.18, 1.91, Left
1761476742706, 3.90, -10.07, 1.97, Left
1761476742754, 3.77, -9.59, 1.87, Forward
1761476742832, 3.34, -9.44, 1.86, Forward
1761476742879, 2.95, -9.38, 1.82, Forward
1761476742924, 2.65, -8.97, 1.68, Forward
1761476743017, 2.39, -8.81, 1.60, Forward
1761476743064, 2.13, -8.77, 1.56, Forward
1761476743111, 1.89, -8.46, 1.42, Forward
1761476743156, 1.57, -8.72, 1.40, Forward
1761476743204, 1.43, -8.70, 1.34, Forward
1761476743249, 1.20, -8.84, 1.30, Forward
1761476743326, 0.99, -9.43, 1.52, Forward
1761476743373, 1.03, -9.97, 1.66, Forward
1761476743420, 1.55, -10.43, 1.93, Left
1761476743528, 1.88, -11.62, 2.32, Left
1761476743576, 2.30, -12.77, 2.65, Left
1761476743621, 2.71, -14.14, 3.04, Left
1761476743668, 3.38, -15.42, 3.46, Left
1761476743714, 4.17, -16.13, 3.78, Left
1761476743762, 5.01, -17.31, 4.26, Left
1761476743826, 5.97, -17.53, 4.44, Left
1761476743870, 6.95, -17.79, 4.56, Left
1761476743915, 8.00, -17.75, 4.68, Left
1761476743963, 8.65, -18.15, 4.93, Left
1761476744011, 9.31, -18.15, 5.15, Left
1761476744054, 9.75, -18.30, 5.54, Left
1761476744116, 10.69, -18.58, 5.98, Left
1761476744162, 11.30, -19.17, 6.41, Left
1761476744211, 11.78, -19.66, 6.81, Left
1761476744260, 12.33, -20.11, 7.25, Left
1761476744306, 12.74, -21.15, 7.90, Left
1761476744352, 12.91, -22.30, 8.48, Left
1761476744397, 13.28, -22.52, 8.69, Left
1761476744444, 13.49, -21.83, 8.32, Left
1761476744493, 13.76, -20.88, 7.85, Left
1761476744541, 14.07, -20.25, 7.35, Left
1761476744586, 13.82, -19.44, 6.77, Left
1761476744631, 13.61, -18.45, 6.16, Left
1761476744709, 13.82, -17.62, 5.61, Left
1761476744759, 13.91, -16.36, 4.88, Left
1761476744822, 13.57, -15.30, 4.07, Left
1761476744869, 13.49, -13.83, 3.29, Left
1761476744915, 13.35, -13.38, 2.88, Left
1761476744962, 13.02, -13.96, 3.07, Left
1761476745024, 12.81, -14.84, 3.38, Left
1761476745072, 12.69, -15.04, 3.47, Left
1761476745119, 12.60, -15.19, 3.58, Left
1761476745164, 12.49, -15.95, 4.06, Left
1761476745213, 12.21, -16.37, 4.33, Left
1761476745257, 11.64, -16.75, 4.60, Left
1761476745321, 11.52, -17.23, 5.04, Left
1761476745366, 11.35, -17.91, 5.47, Left
1761476745413, 11.05, -18.36, 5.85, Left
1761476745459, 11.26, -18.39, 5.99, Left
1761476745505, 11.32, -18.13, 6.06, Left
1761476745552, 11.53, -17.93, 6.20, Left
1761476745597, 11.75, -18.04, 6.36, Left
1761476745643, 11.89, -17.01, 5.96, Left
1761476745694, 11.84, -16.58, 5.84, Left
1761476745738, 12.19, -16.10, 5.55, Left
1761476745784, 12.48, -15.38, 5.16, Left
1761476745831, 12.51, -14.85, 4.82, Left
1761476745909, 12.61, -14.39, 4.51, Left
1761476745963, 12.53, -14.10, 4.28, Left
1761476746034, 12.43, -13.93, 4.06, Left
1761476746080, 12.27, -13.98, 3.90, Left
1761476746128, 12.07, -14.22, 3.89, Left
1761476746177, 12.06, -15.04, 4.03, Left
1761476746221, 12.05, -15.29, 3.95, Left
1761476746268, 11.92, -15.68, 4.06, Left
1761476746312, 11.70, -16.21, 4.17, Left
1761476746361, 11.74, -16.49, 4.23, Left
1761476746412, 11.73, -16.87, 4.29, Left
1761476746455, 11.44, -16.89, 4.06, Left
1761476746517, 11.20, -16.38, 3.73, Left
1761476746566, 10.85, -15.79, 3.35, Left
1761476746610, 10.67, -14.72, 2.78, Left
1761476746660, 10.44, -12.95, 1.94, Left
1761476746703, 10.20, -11.61, 1.31, Left
1761476746748, 9.84, -10.28, 0.63, Left
1761476746795, 9.72, -8.67, -0.13, Forward
1761476746844, 9.55, -7.40, -0.73, Forward
1761476746892, 9.29, -6.20, -1.30, Forward
1761476746937, 9.19, -5.38, -1.54, Forward
1761476746986, 9.05, -5.07, -1.68, Forward
1761476747030, 8.99, -4.92, -1.74, Forward
1761476747109, 8.63, -4.40, -2.04, Forward
1761476747158, 8.20, -4.49, -2.07, Forward
1761476747233, 7.91, -4.44, -2.18, Forward
1761476747280, 7.65, -4.57, -2.16, Forward
1761476747327, 7.15, -4.32, -2.22, Forward
1761476747373, 6.69, -4.16, -2.35, Forward
1761476747419, 6.52, -3.81, -2.47, Forward
1761476747464, 6.37, -3.14, -2.82, Forward
1761476747513, 6.22, -2.53, -3.13, Forward
1761476747561, 6.15, -1.98, -3.37, Forward
1761476747607, 6.23, -1.75, -3.43, Forward
1761476747655, 6.42, -1.79, -3.26, Forward
1761476747718, 6.44, -1.94, -3.10, Forward
1761476747762, 6.47, -2.04, -2.99, Forward
1761476747812, 6.61, -2.55, -2.80, Forward
1761476747857, 6.92, -2.79, -2.51, Forward
1761476747906, 6.99, -3.32, -2.20, Forward
1761476747950, 7.07, -4.01, -1.80, Forward
1761476748000, 6.93, -5.05, -1.36, Forward
1761476748043, 6.85, -5.25, -1.16, Forward
1761476748094, 6.75, -5.53, -0.87, Forward
1761476748138, 6.54, -5.63, -0.78, Forward
1761476748187, 6.39, -5.44, -0.79, Forward
1761476748229, 6.33, -5.26, -0.78, Forward
1761476748322, 6.39, -4.92, -0.81, Forward
1761476748369, 6.12, -4.48, -1.05, Forward
1761476748431, 5.88, -3.65, -1.37, Forward
1761476748478, 5.66, -2.80, -1.63, Forward
1761476748528, 5.54, -1.03, -2.02, Forward
1761476748573, 5.41, 0.24, -2.38, Forward
1761476748618, 5.47, 1.39, -2.68, Forward
1761476748665, 5.58, 2.41, -2.94, Forward
1761476748712, 5.63, 3.24, -3.09, Forward
1761476748760, 5.75, 3.95, -3.25, Forward
1761476748805, 5.71, 4.73, -3.39, Forward
1761476748853, 5.97, 5.47, -3.59, Forward
1761476748930, 5.75, 5.31, -3.48, Forward
1761476748976, 5.68, 4.99, -3.33, Forward
1761476749025, 5.75, 3.37, -2.86, Forward
1761476749116, 6.23, 1.64, -2.13, Forward
1761476749163, 6.37, -0.34, -1.38, Forward
1761476749225, 6.77, -2.04, -0.67, Forward
1761476749275, 7.18, -3.91, 0.03, Forward
1761476749319, 7.49, -5.35, 0.63, Forward
1761476749364, 7.77, -7.31, 1.37, Forward
1761476749427, 7.62, -9.50, 2.31, Forward
1761476749476, 8.02, -11.06, 2.98, Left
1761476749521, 8.21, -12.50, 3.58, Left
1761476749569, 8.56, -12.91, 3.87, Left
1761476749615, 8.48, -13.46, 4.04, Left
1761476749663, 8.68, -13.24, 4.05, Left
1761476749710, 8.63, -13.44, 4.11, Left
1761476749755, 8.76, -14.10, 4.41, Left
1761476749802, 8.91, -14.77, 4.70, Left
1761476752530, 8.88, -15.23, 4.71, Left
1761476752576, 9.30, -15.23, 4.71, Left
1761476752624, 9.32, -15.61, 4.67, Left
1761476752669, 9.33, -15.96, 4.59, Left
1761476752719, 9.38, -16.57, 4.74, Left
1761476752765, 9.33, -16.93, 4.77, Left
1761476752811, 9.14, -17.97, 4.96, Left
1761476752858, 9.10, -18.61, 5.03, Left
1761476752907, 8.95, -18.61, 4.87, Left
1761476752951, 8.93, -18.73, 4.74, Left
1761476753014, 9.02, -19.05, 4.90, Left
1761476753061, 8.84, -19.68, 5.00, Left
1761476753110, 9.00, -19.85, 5.12, Left
1761476753159, 9.50, -20.39, 5.34, Left
1761476753203, 9.98, -20.86, 5.39, Left
1761476753253, 7.48, -24.67, 22.01, Left
1761476753299, -0.94, -26.68, 24.21, Left
1761476755634, -1.10, -24.87, 24.56, Left
1761476755684, -1.15, -23.23, 24.95, Left
1761476755726, -1.62, -21.96, 24.99, Left
1761476755820, -2.20, -20.27, 24.89, Left
1761476755868, -2.48, -18.52, 24.80, Left
1761476755914, -2.88, -16.80, 24.73, Left
1761476755960, -3.52, -14.66, 24.56, Left
1761476756009, -4.96, -11.98, 23.91, Left
1761476756056, -3.61, -7.46, 6.81, Forward
1761476756101, 3.56, -4.13, 3.98, Forward
1761476756147, 2.35, -4.89, 3.08, Forward
1761476756194, 1.08, -5.16, 2.11, Forward
1761476756241, 0.70, -7.13, 1.41, Forward
1761476756318, -0.15, -8.64, 0.61, Forward
1761476756367, -1.30, -9.99, -0.24, Forward
1761476756460, -3.42, -13.55, 16.62, Left
1761476756505, -5.74, -15.14, 15.88, Left
1761476756616, -7.46, -16.56, 15.78, Left
1761476756663, -9.19, -16.96, 15.58, Left
1761476756709, -10.49, -17.54, 15.51, Left
1761476756757, -11.72, -18.21, 15.43, Left
1761476756807, -13.10, -19.07, 15.30, Left
1761476756851, -13.98, -17.14, 15.21, Left
1761476756912, -14.57, -16.20, 15.44, Left
1761476756960, -15.13, -15.18, 15.67, Left
1761476757009, -14.68, -12.13, -1.78, Left
1761476757053, -13.76, -10.49, -1.75, Left
1761476757116, -12.76, -10.62, -1.74, Left
1761476757162, -11.55, -10.46, -1.67, Left
1761476757209, -10.48, -9.87, -1.74, Down
1761476757257, -9.77, -9.60, -1.79, Forward
1761476757302, -8.95, -9.31, -1.80, Forward
1761476757349, -9.74, -10.35, -1.73, Left
1761476757395, -10.15, -11.05, -1.80, Left
1761476757442, -9.96, -10.20, -1.95, Left
1761476757489, -9.90, -10.00, -2.04, Left
1761476757535, -10.00, -9.05, -2.25, Forward
1761476757582, -10.15, -7.12, -2.61, Down
1761476757629, -9.91, -4.10, -3.37, Forward
1761476757676, -9.99, -1.02, -4.10, Forward
1761476757727, -9.63, 2.80, -5.04, Forward
1761476757816, -8.82, 5.55, -6.07, Forward
1761476757865, -7.59, 9.27, -7.20, Forward
1761476757911, -6.39, 12.90, -8.30, Right
1761476757959, -5.74, 14.59, -9.29, Right
1761476758006, -4.81, 17.08, -10.25, Right
1761476758050, -3.68, 17.98, -10.83, Right
1761476758112, -2.33, 18.35, -11.31, Right
1761476758159, -1.45, 17.61, -11.34, Right
1761476758208, -0.30, 16.35, -11.36, Right
1761476758253, 0.10, 13.59, -10.92, Right
1761476758314, 0.08, 11.05, -10.07, Right
1761476758361, 0.10, 7.82, -9.03, Forward
1761476758409, 0.33, 4.51, -8.00, Forward
1761476758457, 0.53, 1.30, -6.95, Forward
1761476758501, 0.51, -1.95, -6.01, Forward
1761476758549, 0.29, -4.94, -5.20, Forward
1761476758596, -0.16, -7.56, -4.47, Forward
1761476758642, -0.67, -10.11, -3.74, Left
1761476758691, -1.17, -12.76, -2.97, Left
1761476758736, -1.16, -14.36, -2.43, Left
1761476758784, -1.23, -15.09, -2.25, Left
1761476758831, -1.18, -15.30, -2.14, Left
1761476758877, -1.34, -15.21, -2.10, Left
1761476758926, -1.49, -13.62, -2.52, Left
1761476759016, -1.58, -10.43, -3.23, Left
1761476759064, -1.72, -7.12, -3.99, Forward
1761476759111, -1.91, -3.73, -4.67, Forward
1761476759159, -1.92, -0.40, -5.42, Forward
1761476759205, -1.96, 2.99, -6.12, Forward
1761476759254, -2.06, 6.41, -6.83, Forward
1761476759313, -1.93, 10.15, -7.60, Right
1761476759358, -1.98, 13.38, -8.31, Right
1761476759409, -1.92, 16.63, -9.01, Right
1761476759452, -1.99, 18.40, -9.22, Right
1761476759515, -2.00, 18.75, -9.15, Right
1761476759562, -2.10, 18.90, -9.01, Right
1761476759609, -2.07, 19.00, -8.92, Right
1761476759657, -2.04, 18.94, -8.75, Right
1761476759705, -2.05, 18.94, -8.65, Right
1761476759750, -1.99, 19.60, -8.68, Right
1761476759796, -2.15, 19.89, -8.61, Right
1761476759843, -2.34, 20.53, -8.65, Right
1761476759890, -2.62, 20.94, -8.66, Right
1761476759939, -2.65, 21.46, -8.77, Right
1761476759985, -2.90, 21.87, -8.76, Right
1761476760036, -3.10, 22.16, -8.78, Right
1761476760081, -3.37, 22.63, -8.83, Right
1761476760125, -3.50, 23.31, -9.02, Right
1761476760219, -3.64, 23.72, -9.08, Right
1761476760267, -3.73, 23.62, -9.03, Right
1761476760313, -3.78, 23.49, -8.99, Right
1761476760359, -3.71, 23.23, -8.92, Right
1761476760409, -3.66, 22.93, -8.85, Right
1761476760454, -3.69, 22.70, -8.73, Right
1761476760503, -3.49, 22.14, -8.67, Right
1761476760547, -3.26, 21.30, -8.55, Right
1761476760595, -3.11, 21.07, -8.48, Right
1761476760644, -3.29, 20.41, -8.25, Right
1761476760720, -3.39, 20.05, -8.07, Right
1761476760767, -3.51, 19.59, -7.87, Right
1761476760814, -3.79, 19.10, -7.65, Right
1761476760861, -4.04, 18.68, -7.45, Right
1761476760909, -4.23, 17.32, -6.99, Right
1761476761019, -4.51, 15.70, -6.53, Right
1761476761064, -4.83, 14.15, -6.07, Right
1761476761110, -5.20, 13.14, -5.66, Right
1761476761158, -5.51, 11.51, -5.19, Right
1761476761205, -5.50, 10.09, -4.78, Right
1761476761250, -5.67, 7.72, -4.22, Forward
1761476761313, -5.75, 5.21, -3.66, Forward
1761476761358, -5.80, 2.57, -3.05, Forward
1761476761406, -5.91, -0.23, -2.40, Forward
1761476761513, -6.10, -2.06, -2.04, Forward
1761476761560, -6.25, -3.85, -1.66, Forward
1761476761608, -6.36, -5.49, -1.30, Forward
1761476761653, -6.58, -7.27, -0.93, Forward
1761476761705, -6.73, -9.07, -0.55, Forward
1761476761750, -7.05, -10.61, -0.18, Left
1761476761808, -7.24, -11.46, 0.06, Left
1761476761856, -7.45, -11.91, 0.27, Left
1761476761900, -7.64, -12.07, 0.36, Left
1761476761949, -7.75, -12.41, 0.46, Left
1761476761993, -7.83, -12.58, 0.58, Left
1761476762041, -7.98, -13.00, 0.70, Left
1761476762103, -8.18, -13.33, 0.82, Left
1761476762151, -8.30, -13.54, 0.90, Left
1761476762196, -8.43, -13.76, 1.00, Left
1761476762243, -8.43, -14.31, 1.10, Left
1761476762289, -8.46, -14.65, 1.10, Left
1761476762337, -8.48, -14.78, 1.12, Left
1761476762414, -8.31, -14.06, 1.07, Left
1761476762465, -8.20, -13.39, 1.03, Left
1761476762507, -7.93, -12.31, 0.84, Left
1761476762603, -7.43, -11.15, 0.67, Left
1761476762652, -6.93, -9.76, 0.40, Forward
1761476762698, -6.34, -8.17, 0.10, Forward
1761476762744, -5.97, -6.47, -0.31, Forward
1761476762791, -5.59, -4.56, -0.70, Forward
1761476762839, -5.22, -3.40, -0.94, Forward
1761476762916, -5.05, -2.39, -1.24, Forward
1761476762962, -5.06, -2.53, -1.34, Forward
1761476763008, -5.05, -2.89, -1.36, Forward
1761476763116, -5.10, -4.29, -1.16, Forward
1761476763163, -5.39, -5.38, -1.05, Forward
1761476763208, -5.71, -6.74, -0.86, Forward
1761476763255, -5.90, -8.66, -0.54, Forward
1761476763305, -6.06, -10.77, -0.11, Left
1761476763349, -6.03, -12.73, 0.30, Left
1761476763410, -6.08, -14.42, 0.68, Left
1761476763457, -6.05, -16.31, 1.07, Left
1761476763506, -5.90, -18.01, 1.41, Left
1761476763550, -5.75, -19.42, 1.56, Left
1761476763601, -5.82, -20.27, 1.58, Left
1761476763646, -5.47, -20.97, 1.72, Left
1761476763708, -5.09, -21.75, 1.89, Left
1761476763755, -4.90, -22.10, 1.97, Left
1761476763802, -4.64, -22.35, 1.97, Left
1761476763849, -4.48, -22.72, 2.00, Left
1761476763895, -4.25, -22.75, 1.97, Left
1761476763941, -4.10, -22.83, 1.90, Left
1761476764018, -3.82, -22.67, 1.84, Left
1761476764066, -3.65, -22.32, 1.86, Left
1761476764111, -3.29, -22.09, 1.94, Left
1761476764203, -3.21, -21.75, 1.87, Left
1761476764250, -3.28, -21.56, 1.81, Left
1761476764298, -3.18, -21.38, 1.77, Left
1761476764343, -3.14, -21.52, 1.80, Left
1761476764389, -3.26, -21.52, 1.75, Left
1761476764438, -3.30, -21.44, 1.65, Left
1761476764515, -3.31, -21.23, 1.60, Left
1761476764563, -3.56, -21.41, 1.53, Left
1761476764609, -3.73, -21.68, 1.50, Left
1761476764717, -3.83, -21.69, 1.47, Left
1761476764765, -3.96, -22.06, 1.51, Left
1761476764811, -3.91, -22.16, 1.58, Left
1761476764905, -4.07, -22.57, 1.60, Left
1761476764955, -4.17, -22.61, 1.60, Left
1761476765000, -4.30, -22.86, 1.64, Left
1761476765048, -4.35, -23.04, 1.64, Left
1761476765093, -4.37, -23.33, 1.65, Left
1761476765140, -4.33, -23.50, 1.69, Left
1761476765217, -4.26, -23.86, 1.72, Left
1761476765265, -4.27, -24.50, 1.76, Left
1761476765311, -4.13, -24.65, 1.69, Left
1761476765406, -3.97, -24.73, 1.56, Left
1761476765453, -3.84, -24.56, 1.42, Left
1761476765498, -3.70, -24.53, 1.28, Left
1761476765545, -3.58, -24.23, 1.16, Left
1761476765591, -3.58, -23.94, 1.03, Left
1761476765639, -3.55, -23.66, 0.96, Left
1761476765715, -3.55, -23.26, 0.87, Left
1761476765763, -3.59, -22.42, 0.70, Left
1761476765808, -3.70, -21.52, 0.53, Left
1761476765915, -3.97, -21.22, 0.52, Left
1761476765963, -4.40, -20.96, 0.48, Left
1761476766009, -4.63, -20.71, 0.50, Left
1761476766056, -4.93, -20.31, 0.48, Left
1761476766105, -5.10, -20.15, 0.45, Left
1761476766149, -5.24, -20.04, 0.50, Left
1761476766197, -5.48, -19.85, 0.46, Left
1761476766243, -5.67, -19.87, 0.43, Left
1761476766290, -5.80, -20.01, 0.43, Left
1761476766339, -5.86, -20.20, 0.42, Left
1761476766383, -5.88, -20.22, 0.36, Left
1761476766430, -6.01, -20.52, 0.29, Left
1761476766507, -6.16, -21.25, 0.32, Left
1761476766554, -6.14, -22.16, 0.44, Left
1761476766604, -6.21, -22.97, 0.55, Left
1761476766648, -6.64, -24.09, 0.52, Left
1761476766696, -6.85, -25.21, 0.62, Left
1761476766743, -7.06, -26.23, 0.69, Left
1761476766805, -7.48, -27.15, 0.74, Left
1761476766855, -7.91, -28.05, 0.81, Left
1761476766898, -8.38, -28.98, 0.86, Left
1761476766946, -8.65, -29.59, 0.92, Left
1761476766992, -8.92, -29.79, 0.87, Left
1761476767039, -9.30, -29.31, 0.66, Left
1761476767116, -9.65, -28.74, 0.50, Left
1761476767165, -9.67, -27.94, 0.41, Left
1761476767213, -9.76, -26.99, 0.26, Left
1761476767303, -9.94, -25.77, 0.05, Left
1761476767350, -9.88, -24.73, -0.09, Left
1761476767396, -9.82, -23.63, -0.24, Left
1761476767442, -9.82, -22.37, -0.40, Left
1761476767491, -9.93, -21.33, -0.57, Left
1761476767536, -10.06, -20.20, -0.73, Left
1761476767612, -10.27, -19.52, -0.80, Left
1761476767660, -10.50, -18.83, -0.92, Left
1761476767706, -10.48, -18.31, -0.95, Left
1761476767797, -10.49, -17.58, -1.11, Left
1761476767845, -10.41, -16.83, -1.27, Left
1761476767891, -10.42, -16.16, -1.44, Left
1761476767937, -10.46, -15.71, -1.41, Left
1761476767986, -10.41, -15.51, -1.39, Left
1761476768031, -10.35, -15.14, -1.39, Left
1761476768108, -10.30, -14.46, -1.43, Left
1761476768156, -10.18, -14.07, -1.38, Left
1761476768201, -9.97, -13.91, -1.30, Left
1761476768294, -10.17, -12.63, -1.33, Left
1761476768341, -10.42, -11.80, -1.20, Left
1761476768389, -10.66, -11.36, -1.01, Left
1761476768437, -10.58, -9.16, -1.03, Down
1761476768482, -10.47, -7.07, -1.20, Down
1761476768528, -10.53, -3.93, -1.51, Down
1761476768603, -10.38, -0.89, -1.74, Down
1761476768653, -10.22, 1.72, -1.97, Down
1761476768696, -9.94, 4.13, -2.12, Forward
1761476768804, -9.98, 4.75, -1.95, Forward
1761476768853, -9.88, 4.79, -1.78, Forward
1761476768900, -9.77, 4.66, -1.61, Forward
1761476768946, -9.53, 4.31, -1.42, Forward
1761476768992, -9.68, 2.39, -1.07, Forward
1761476769039, -9.79, 0.67, -0.75, Forward
1761476769101, -9.87, -2.20, -0.20, Forward
1761476769146, -10.05, -4.97, 0.32, Down
1761476769194, -10.27, -7.66, 0.83, Down
1761476769240, -10.45, -10.10, 1.32, Left
1761476769288, -10.39, -10.53, 1.46, Left
1761476769333, -10.43, -11.73, 1.69, Left
1761476769396, -10.29, -12.48, 1.81, Left
1761476769442, -10.26, -12.86, 1.92, Left
1761476769489, -10.19, -13.39, 2.08, Left
1761476769537, -10.22, -13.88, 2.22, Left
1761476769582, -10.13, -14.16, 2.27, Left
1761476769631, -10.01, -14.67, 2.41, Left
1761476769708, -9.96, -15.13, 2.49, Left
1761476769756, -10.08, -15.45, 2.45, Left
1761476769801, -10.08, -15.81, 2.44, Left
1761476769894, -9.96, -15.83, 2.33, Left
1761476769941, -9.99, -16.11, 2.31, Left
1761476769988, -10.02, -16.38, 2.25, Left
1761476770036, -10.08, -16.44, 2.21, Left
1761476770081, -10.02, -16.41, 2.12, Left
1761476770128, -10.02, -16.62, 2.08, Left
1761476770205, -10.11, -16.71, 1.96, Left
1761476770254, -10.09, -17.03, 1.94, Left
1761476770298, -9.94, -16.85, 1.79, Left
1761476770406, -9.89, -16.81, 1.69, Left
1761476770453, -9.75, -16.60, 1.60, Left
1761476770499, -9.78, -16.37, 1.46, Left
1761476770546, -9.77, -16.23, 1.43, Left
1761476770592, -9.70, -16.25, 1.37, Left
1761476770639, -9.69, -16.51, 1.39, Left
1761476770701, -9.52, -16.48, 1.38, Left
1761476770748, -9.33, -16.40, 1.39, Left
1761476770798, -9.16, -16.15, 1.38, Left
1761476770842, -9.21, -16.55, 1.53, Left
1761476770888, -9.19, -16.76, 1.62, Left
1761476770938, -9.40, -17.19, 1.73, Left
1761476770998, -9.34, -17.58, 1.89, Left
1761476771045, -9.30, -17.93, 1.96, Left
1761476771091, -9.31, -18.26, 2.02, Left
1761476771138, -9.28, -18.22, 2.01, Left
1761476771187, -9.45, -18.28, 2.01, Left
1761476771232, -9.56, -18.27, 1.98, Left
1761476771309, -9.67, -18.25, 1.91, Left
1761476771356, -9.61, -18.21, 1.87, Left
1761476771404, -9.57, -18.30, 1.86, Left
1761476771495, -9.30, -17.78, 1.71, Left
1761476771541, -9.20, -17.30, 1.54, Left
1761476771589, -9.11, -16.71, 1.37, Left
1761476771637, -9.16, -16.54, 1.23, Left
1761476771682, -9.11, -16.58, 1.20, Left
1761476771729, -9.01, -16.48, 1.19, Left
1761476771807, -9.04, -16.52, 1.22, Left
1761476771855, -9.07, -16.52, 1.24, Left
1761476771903, -9.09, -16.42, 1.25, Left
1761476772011, -9.25, -16.46, 1.20, Left
1761476772057, -9.44, -17.09, 1.35, Left
1761476772106, -9.59, -17.69, 1.51, Left
1761476772153, -9.88, -18.36, 1.67, Left
1761476772197, -10.03, -18.76, 1.85, Left
1761476772244, -9.86, -18.58, 2.05, Left
1761476772307, -9.57, -18.69, 2.30, Left
1761476772354, -9.25, -18.74, 2.54, Left
1761476772401, -8.93, -18.93, 2.80, Left
1761476772447, -8.50, -18.89, 2.94, Left
1761476772496, -8.00, -18.85, 3.18, Left
1761476772541, -7.50, -18.62, 3.23, Left
1761476772602, -6.81, -18.13, 3.29, Left
1761476772650, -6.03, -17.70, 3.35, Left
1761476772700, -5.22, -17.19, 3.41, Left
1761476772745, -4.73, -16.98, 3.33, Left
1761476772790, -4.19, -16.47, 3.15, Left
1761476772843, -3.74, -15.97, 2.93, Left
1761476772915, -3.44, -15.67, 2.81, Left
1761476772963, -3.36, -15.85, 2.77, Left
1761476773009, -3.16, -15.80, 2.61, Left
1761476773101, -2.93, -15.49, 2.59, Left
1761476773152, -2.95, -15.68, 2.56, Left
1761476773198, -3.03, -16.03, 2.58, Left
1761476773304, -3.19, -16.22, 2.56, Left
1761476773352, -3.43, -16.65, 2.53, Left
1761476773397, -3.73, -17.10, 2.57, Left
1761476773445, -4.02, -17.80, 2.61, Left
1761476773492, -4.21, -18.16, 2.58, Left
1761476773537, -4.49, -18.46, 2.53, Left
1761476773600, -4.72, -18.51, 2.46, Left
1761476773650, -5.05, -18.75, 2.35, Left
1761476773697, -5.24, -18.73, 2.30, Left
1761476773742, -5.50, -18.65, 2.16, Left
1761476773789, -5.64, -18.62, 2.01, Left
1761476773837, -5.76, -18.58, 1.84, Left
1761476773897, -5.97, -18.73, 1.70, Left
1761476773945, -6.05, -18.55, 1.56, Left
1761476773990, -6.06, -18.43, 1.42, Left
1761476774037, -5.95, -18.18, 1.33, Left
1761476774086, -6.00, -18.39, 1.34, Left
1761476774131, -6.20, -18.69, 1.35, Left
1761476774207, -6.44, -18.81, 1.29, Left
1761476774254, -6.48, -18.90, 1.25, Left
1761476774304, -6.55, -19.06, 1.20, Left
1761476774395, -6.57, -18.89, 1.12, Left
1761476774441, -6.42, -18.55, 1.04, Left
1761476774488, -6.45, -18.34, 0.93, Left
1761476774535, -6.54, -18.45, 0.97, Left
1761476774585, -6.63, -18.48, 0.95, Left
1761476774628, -6.74, -18.37, 0.92, Left
1761476774706, -6.70, -18.33, 0.94, Left
1761476774754, -6.72, -18.58, 0.97, Left
1761476774802, -6.67, -18.50, 1.01, Left
1761476774910, -6.69, -18.36, 1.01, Left
1761476774956, -6.91, -18.66, 1.09, Left
1761476775004, -7.16, -18.86, 1.14, Left
1761476775097, -7.19, -19.02, 1.25, Left
1761476775144, -7.16, -18.85, 1.22, Left
1761476775191, -7.09, -18.62, 1.19, Left
1761476775237, -7.10, -18.46, 1.14, Left
1761476775286, -7.15, -18.36, 1.09, Left
1761476775335, -7.08, -18.19, 1.10, Left
1761476775410, -7.07, -18.02, 1.02, Left
1761476775458, -7.04, -17.88, 0.99, Left
1761476775505, -6.96, -17.45, 0.96, Left
1761476775596, -6.93, -17.14, 0.93, Left
1761476775643, -6.96, -16.68, 0.87, Left
1761476775689, -6.96, -16.31, 0.83, Left
1761476775737, -6.94, -16.05, 0.80, Left
1761476775787, -6.86, -15.69, 0.79, Left
1761476775832, -6.68, -15.11, 0.72, Left
1761476775893, -6.63, -14.15, 0.52, Left
1761476775940, -6.57, -13.63, 0.43, Left
1761476775988, -6.50, -13.10, 0.38, Left
1761476776035, -6.37, -12.08, 0.17, Left
1761476776080, -6.26, -11.42, 0.04, Left
1761476776129, -6.15, -9.51, -0.37, Forward
1761476776205, -5.94, -7.70, -0.76, Forward
1761476776253, -5.90, -6.12, -1.09, Forward
1761476776298, -5.77, -3.74, -1.64, Forward
1761476776393, -5.56, -1.48, -2.17, Forward
1761476776439, -5.37, 0.18, -2.55, Forward
1761476776487, -5.16, 2.24, -2.99, Forward
1761476776536, -5.05, 3.92, -3.38, Forward
1761476776580, -4.97, 5.41, -3.73, Forward
1761476776627, -4.90, 6.91, -4.08, Forward
1761476776704, -4.82, 6.93, -4.11, Forward
1761476776754, -4.88, 7.54, -4.27, Forward
1761476776798, -4.88, 8.20, -4.45, Forward
1761476776906, -4.91, 7.66, -4.35, Forward
1761476776953, -5.11, 7.26, -4.27, Forward
1761476777003, -5.24, 7.30, -4.28, Forward
1761476777046, -5.57, 5.94, -4.04, Forward
1761476777093, -5.69, 5.12, -3.94, Forward
1761476777138, -5.77, 3.41, -3.55, Forward
1761476777201, -5.94, 1.58, -3.17, Forward
1761476777250, -6.01, 0.01, -2.84, Forward
1761476777295, -6.07, -1.87, -2.44, Forward
1761476777341, -6.18, -3.95, -2.02, Forward
1761476777387, -6.24, -5.56, -1.68, Forward
1761476777436, -6.30, -7.67, -1.23, Forward
1761476777498, -6.35, -10.00, -0.79, Forward
1761476777543, -6.25, -11.05, -0.59, Left
1761476777588, -6.24, -12.40, -0.28, Left
1761476777635, -6.21, -13.36, -0.11, Left
1761476777685, -6.12, -13.79, -0.02, Left
1761476777728, -6.14, -14.38, 0.10, Left
1761476777805, -6.25, -15.11, 0.27, Left
1761476777854, -6.27, -15.55, 0.43, Left
1761476777906, -6.20, -15.94, 0.59, Left
1761476777994, -6.16, -15.93, 0.59, Left
1761476778041, -6.07, -16.11, 0.67, Left
1761476778088, -5.96, -16.29, 0.79, Left
1761476778136, -5.79, -16.08, 0.71, Left
1761476778186, -5.64, -15.78, 0.57, Left
1761476778229, -5.75, -15.80, 0.46, Left
1761476778292, -5.85, -16.12, 0.39, Left
1761476778338, -5.94, -16.28, 0.23, Left
1761476778386, -6.03, -16.34, 0.05, Left
1761476778430, -6.18, -16.04, -0.24, Left
1761476778478, -6.36, -15.92, -0.40, Left
1761476778523, -6.47, -13.61, -0.93, Left
1761476778601, -6.59, -11.63, -1.38, Left
1761476778652, -6.90, -9.38, -1.74, Forward
1761476778695, -7.25, -7.17, -2.11, Forward
1761476778741, -7.13, -4.77, -2.48, Forward
1761476778788, -7.14, -1.47, -2.99, Forward
1761476778836, -6.99, 1.44, -3.41, Forward
1761476778899, -6.95, 4.81, -3.97, Forward
1761476778945, -6.95, 7.91, -4.46, Forward
1761476778997, -6.90, 11.25, -5.03, Right
1761476779054, -6.90, 12.53, -5.25, Right
1761476779099, -7.01, 14.10, -5.54, Right
1761476779144, -6.95, 15.21, -5.76, Right
1761476779192, -6.84, 16.33, -6.03, Right
1761476779239, -6.92, 17.51, -6.30, Right
1761476779287, -6.86, 18.09, -6.50, Right
1761476779332, -6.85, 19.00, -6.72, Right
1761476779379, -6.81, 19.42, -6.77, Right
1761476779426, -6.51, 19.20, -6.76, Right
1761476779500, -6.45, 19.33, -6.74, Right
1761476779551, -6.46, 19.57, -6.77, Right
1761476779594, -6.44, 19.88, -6.76, Right
1761476779688, -6.42, 20.13, -6.79, Right
1761476779734, -6.54, 20.23, -6.74, Right
1761476779786, -6.64, 20.34, -6.68, Right
1761476779827, -6.72, 20.24, -6.53, Right
1761476779872, -6.82, 19.98, -6.38, Right
1761476779919, -6.82, 19.93, -6.32, Right
1761476779998, -7.11, 20.31, -6.27, Right
1761476780046, -7.21, 20.40, -6.25, Right
1761476780092, -7.25, 20.13, -6.13, Right
1761476780199, -7.33, 20.16, -6.14, Right
1761476780249, -7.44, 20.10, -6.08, Right
1761476780295, -7.42, 19.92, -6.01, Right
1761476780343, -7.46, 20.01, -6.00, Right
1761476780388, -7.48, 20.12, -6.02, Right
1761476780436, -7.56, 20.23, -6.06, Right
1761476780499, -7.65, 20.49, -6.05, Right
1761476780545, -7.65, 20.65, -6.09, Right
1761476780594, -7.59, 20.49, -6.02, Right
1761476780637, -7.28, 20.44, -6.06, Right
1761476780686, -7.01, 20.09, -6.02, Right
1761476780731, -6.91, 19.94, -6.00, Right
1761476780793, -6.82, 19.60, -5.92, Right
1761476780839, -6.76, 18.92, -5.76, Right
1761476780886, -6.70, 18.53, -5.72, Right
1761476780934, -6.66, 18.18, -5.66, Right
1761476780980, -6.70, 17.51, -5.53, Right
1761476781027, -6.75, 16.84, -5.34, Right
1761476781105, -6.69, 16.25, -5.18, Right
1761476781153, -6.90, 15.70, -4.98, Right
1761476781201, -7.04, 15.30, -4.78, Right
1761476781292, -7.00, 14.18, -4.50, Right
1761476781338, -6.92, 14.08, -4.43, Right
1761476781385, -6.89, 13.64, -4.33, Right
1761476781435, -6.79, 13.42, -4.24, Right
1761476781479, -6.55, 12.90, -4.10, Right
1761476781528, -6.22, 12.36, -4.01, Right
1761476781603, -6.19, 12.68, -4.06, Right
1761476781651, -6.16, 12.96, -4.13, Right
1761476781701, -6.22, 13.34, -4.20, Right
1761476781809, -6.20, 13.76, -4.34, Right
1761476781856, -6.18, 14.60, -4.53, Right
1761476781902, -6.29, 15.22, -4.69, Right
1761476781994, -6.36, 16.12, -4.84, Right
1761476782042, -6.52, 16.70, -4.92, Right
1761476782088, -6.75, 17.61, -5.07, Right
1761476782135, -6.94, 18.64, -5.24, Right
1761476782183, -6.86, 19.10, -5.35, Right
1761476782228, -6.79, 19.50, -5.47, Right
1761476782305, -6.91, 19.90, -5.54, Right
1761476782352, -6.98, 19.88, -5.53, Right
1761476782400, -7.05, 20.08, -5.54, Right
1761476782494, -7.12, 20.00, -5.47, Right
1761476782539, -7.15, 20.13, -5.48, Right
1761476782587, -7.12, 20.12, -5.46, Right
1761476782636, -7.10, 19.95, -5.43, Right
1761476782683, -7.14, 19.92, -5.43, Right
1761476782731, -7.13, 19.69, -5.40, Right
1761476782791, -7.27, 19.40, -5.31, Right
1761476782839, -7.15, 19.20, -5.28, Right
1761476782887, -6.95, 19.08, -5.27, Right
1761476782935, -6.99, 19.29, -5.31, Right
1761476782979, -6.89, 19.14, -5.31, Right
1761476783027, -6.84, 19.02, -5.29, Right
1761476783105, -6.76, 18.55, -5.19, Right
1761476783152, -6.77, 18.13, -5.13, Right
1761476783197, -6.80, 17.06, -4.95, Right
1761476783289, -6.84, 15.14, -4.57, Right
1761476783337, -6.84, 13.41, -4.25, Right
1761476783384, -6.79, 11.50, -3.91, Right
1761476783430, -6.94, 9.58, -3.52, Forward
1761476783475, -6.84, 7.09, -3.08, Forward
1761476783521, -6.88, 4.23, -2.44, Forward
1761476783600, -6.72, 1.51, -1.88, Forward
1761476783650, -6.66, -0.58, -1.44, Forward
1761476783694, -6.63, -2.47, -1.03, Forward
1761476783804, -6.46, -3.51, -0.64, Forward
1761476783852, -6.34, -3.23, -0.60, Forward
1761476783901, -6.17, -3.33, -0.52, Forward
1761476783990, -6.11, -2.49, -0.68, Forward
1761476784037, -5.97, -0.97, -0.99, Forward
1761476784087, -5.77, 0.12, -1.20, Forward
1761476784130, -5.52, 2.08, -1.71, Forward
1761476784177, -5.52, 3.98, -2.21, Forward
1761476784222, -5.41, 5.37, -2.58, Forward
1761476784299, -5.27, 6.50, -2.88, Forward
1761476784346, -5.20, 7.23, -3.24, Forward
1761476784390, -5.12, 7.78, -3.51, Forward
1761476784436, -5.26, 8.21, -3.62, Forward
1761476784484, -5.24, 8.16, -3.67, Forward
1761476784530, -5.24, 6.91, -3.41, Forward
1761476784593, -5.41, 5.85, -3.19, Forward
1761476784637, -5.52, 4.58, -2.90, Forward
1761476784685, -5.56, 3.25, -2.62, Forward
1761476784733, -5.63, 2.04, -2.35, Forward
1761476784779, -5.65, 0.68, -2.05, Forward
1761476784826, -5.71, 0.06, -1.86, Forward
1761476784888, -5.84, 0.43, -1.94, Forward
1761476784934, -5.76, 1.01, -2.06, Forward
1761476784984, -5.82, 1.10, -2.02, Forward
1761476785028, -5.86, 2.23, -2.36, Forward
1761476785076, -5.83, 3.91, -2.75, Forward
1761476785121, -5.87, 5.71, -3.22, Forward
1761476785199, -5.92, 7.15, -3.59, Forward
1761476785247, -6.01, 8.95, -4.04, Forward
1761476785293, -6.11, 11.46, -4.72, Right
1761476785386, -6.18, 13.10, -5.15, Right
1761476785434, -6.18, 13.59, -5.27, Right
1761476785482, -6.21, 14.26, -5.51, Right
1761476785525, -6.23, 14.97, -5.69, Right
1761476785571, -6.36, 15.40, -5.70, Right
1761476785618, -6.46, 16.04, -5.81, Right
1761476785698, -6.42, 16.20, -5.78, Right
1761476785745, -6.44, 16.65, -5.84, Right
1761476785791, -6.46, 16.85, -5.84, Right
1761476785898, -6.46, 16.78, -5.70, Right
1761476785947, -6.49, 17.01, -5.67, Right
1761476785993, -6.57, 17.35, -5.70, Right
1761476786086, -6.56, 17.64, -5.67, Right
1761476786134, -6.61, 17.92, -5.71, Right
1761476786180, -6.60, 18.16, -5.75, Right
1761476786232, -6.63, 18.25, -5.73, Right
1761476786290, -6.75, 18.35, -5.68, Right
1761476786335, -6.72, 18.61, -5.64, Right
1761476786397, -6.76, 19.08, -5.64, Right
1761476786448, -6.76, 19.40, -5.67, Right
1761476786492, -6.80, 19.45, -5.62, Right
1761476786586, -6.71, 19.21, -5.53, Right
1761476786636, -6.73, 19.19, -5.52, Right
1761476786680, -6.66, 19.26, -5.53, Right
1761476786727, -6.48, 18.90, -5.43, Right
1761476786772, -6.34, 18.59, -5.38, Right
1761476786818, -6.28, 18.41, -5.32, Right
1761476786896, -6.29, 17.54, -5.14, Right
1761476786944, -6.18, 16.41, -4.92, Right
1761476786990, -6.15, 15.05, -4.64, Right
1761476787099, -6.12, 12.47, -4.15, Right
1761476787147, -6.18, 10.11, -3.71, Right
1761476787192, -6.28, 7.59, -3.16, Forward
1761476787285, -6.30, 4.87, -2.60, Forward
1761476787333, -6.46, 2.45, -2.10, Forward
1761476787378, -6.54, 0.08, -1.61, Forward
1761476787427, -6.52, -2.22, -1.14, Forward
1761476787473, -6.57, -4.26, -0.73, Forward
1761476787518, -6.66, -6.39, -0.33, Forward
1761476787594, -6.79, -8.32, -0.06, Forward
1761476787644, -6.97, -9.06, -0.02, Forward
1761476787689, -7.13, -10.15, 0.17, Left
1761476787780, -7.33, -11.22, 0.19, Left
1761476787827, -7.56, -12.03, 0.22, Left
1761476787872, -7.82, -12.83, 0.23, Left
1761476787918, -7.90, -13.84, 0.32, Left
1761476787967, -8.10, -14.80, 0.31, Left
1761476788011, -8.17, -15.59, 0.31, Left
1761476788086, -8.22, -16.02, 0.24, Left
1761476788134, -8.22, -16.25, 0.21, Left
1761476788183, -8.13, -16.53, 0.17, Left
1761476788227, -8.18, -16.56, 0.08, Left
1761476788273, -8.12, -16.63, 0.10, Left
1761476788320, -8.10, -16.95, 0.19, Left
1761476788400, -7.98, -17.02, 0.25, Left
1761476788449, -8.05, -17.18, 0.27, Left
1761476788492, -8.18, -17.27, 0.31, Left
1761476788585, -8.35, -17.44, 0.33, Left
1761476788635, -8.58, -17.69, 0.44, Left
1761476788680, -8.77, -18.10, 0.56, Left
1761476788729, -8.92, -18.11, 0.64, Left
1761476788775, -8.96, -18.18, 0.69, Left
1761476788820, -9.04, -18.32, 0.74, Left
1761476788897, -9.10, -18.17, 0.67, Left
1761476788946, -9.19, -18.41, 0.72, Left
1761476788991, -9.28, -18.31, 0.68, Left
1761476789100, -9.20, -18.12, 0.73, Left
1761476789149, -9.15, -18.04, 0.77, Left
1761476789195, -9.11, -17.85, 0.80, Left
1761476789287, -8.97, -17.68, 0.82, Left
1761476789333, -8.87, -17.76, 0.90, Left
1761476789382, -8.73, -17.75, 0.94, Left
1761476789427, -8.65, -17.71, 1.03, Left
1761476789474, -8.65, -17.69, 1.09, Left
1761476789521, -8.54, -17.53, 1.15, Left
1761476789598, -8.41, -17.62, 1.31, Left
1761476789647, -8.28, -17.77, 1.42, Left
1761476789691, -8.30, -17.77, 1.48, Left
1761476789782, -8.30, -17.93, 1.52, Left
1761476789828, -8.42, -17.99, 1.54, Left
1761476789874, -8.56, -18.19, 1.60, Left
1761476789921, -8.64, -18.34, 1.66, Left
1761476789968, -8.65, -18.41, 1.64, Left
1761476790017, -8.63, -18.52, 1.72, Left
1761476790094, -8.73, -18.40, 1.67, Left
1761476790143, -8.87, -18.25, 1.61, Left
1761476790187, -8.94, -17.94, 1.55, Left
1761476790279, -8.89, -17.69, 1.47, Left
1761476790324, -8.87, -17.58, 1.45, Left
1761476790389, -8.78, -17.32, 1.44, Left
1761476790436, -8.78, -16.97, 1.34, Left
1761476790483, -8.85, -16.78, 1.28, Left
1761476790531, -8.88, -16.44, 1.28, Left
1761476790593, -8.95, -16.16, 1.21, Left
1761476790641, -8.93, -16.11, 1.27, Left
1761476790685, -8.91, -16.31, 1.31, Left
1761476790732, -8.73, -16.08, 1.22, Left
1761476790782, -8.62, -15.79, 1.14, Left
1761476790826, -8.61, -15.72, 1.12, Left
1761476790889, -8.63, -15.54, 1.09, Left
1761476790935, -8.65, -15.14, 1.02, Left
1761476790983, -8.61, -14.87, 1.00, Left
1761476791028, -8.69, -14.44, 0.82, Left
1761476791077, -8.59, -13.91, 0.67, Left
1761476791124, -8.66, -13.51, 0.48, Left
1761476791170, -8.88, -12.31, 0.19, Left
1761476791217, -9.01, -10.56, -0.12, Left
1761476791266, -9.15, -8.98, -0.40, Forward
1761476791310, -8.98, -6.96, -0.80, Forward
1761476791357, -8.83, -5.30, -1.17, Forward
1761476791402, -8.76, -3.88, -1.44, Forward
1761476791481, -8.82, -3.39, -1.58, Forward
1761476791530, -8.94, -3.17, -1.63, Forward
1761476791590, -9.12, -3.31, -1.65, Forward
1761476791638, -9.23, -3.11, -1.71, Forward
1761476791685, -9.15, -3.87, -1.62, Forward
1761476791733, -9.30, -5.49, -1.36, Forward
1761476791794, -9.43, -7.19, -1.09, Forward
1761476791843, -9.67, -8.85, -0.76, Forward
1761476791887, -9.94, -10.45, -0.44, Left
1761476791932, -10.07, -12.15, -0.14, Left
1761476791981, -10.11, -12.79, -0.02, Left
1761476792026, -9.99, -13.43, 0.14, Left
1761476792086, -9.78, -13.63, 0.21, Left
1761476792134, -9.62, -14.22, 0.37, Left
1761476792185, -9.47, -14.56, 0.50, Left
1761476792227, -9.41, -15.05, 0.60, Left
1761476792277, -9.26, -15.31, 0.70, Left
1761476792321, -9.19, -15.68, 0.77, Left
1761476792367, -9.17, -16.19, 0.88, Left
1761476792415, -9.05, -16.50, 0.97, Left
1761476792462, -8.99, -16.74, 1.02, Left
1761476792507, -8.77, -16.69, 1.04, Left
1761476792554, -8.70, -16.82, 1.11, Left
1761476792600, -8.74, -16.94, 1.15, Left
1761476792678, -8.82, -16.84, 1.17, Left
1761476792724, -8.82, -16.91, 1.23, Left
1761476792801, -8.87, -16.89, 1.23, Left
1761476792850, -8.82, -16.82, 1.26, Left
1761476792894, -8.72, -16.56, 1.27, Left
1761476792941, -8.72, -16.30, 1.25, Left
1761476792987, -8.69, -15.95, 1.21, Left
1761476793033, -8.85, -15.92, 1.21, Left
1761476793082, -8.97, -15.79, 1.20, Left
1761476793127, -8.90, -15.48, 1.16, Left
1761476793174, -8.88, -15.32, 1.11, Left
1761476793219, -8.93, -15.20, 1.09, Left
1761476793297, -8.85, -15.00, 1.08, Left
1761476793347, -8.87, -14.84, 1.03, Left
1761476793390, -8.89, -15.03, 1.03, Left
1761476793482, -8.89, -15.00, 1.00, Left
1761476793531, -8.83, -15.19, 1.03, Left
1761476793593, -8.88, -15.54, 1.13, Left
1761476793639, -8.92, -15.68, 1.16, Left
1761476793684, -9.02, -15.93, 1.22, Left
1761476793731, -9.06, -15.95, 1.27, Left
1761476793795, -9.01, -15.57, 1.21, Left
1761476793839, -9.08, -15.35, 1.21, Left
1761476793887, -9.18, -14.98, 1.17, Left
1761476793933, -9.27, -14.75, 1.14, Left
1761476793982, -9.37, -14.75, 1.15, Left
1761476794026, -9.40, -14.51, 1.16, Left
1761476794086, -9.35, -14.05, 1.06, Left
1761476794133, -9.30, -13.88, 1.05, Left
1761476794180, -9.25, -13.53, 1.00, Left
1761476794228, -9.22, -13.64, 1.02, Left
1761476794275, -9.29, -13.92, 1.07, Left
1761476794321, -9.34, -14.23, 1.10, Left
1761476794368, -9.34, -14.70, 1.21, Left
1761476794414, -9.36, -14.67, 1.18, Left
1761476794464, -9.36, -14.71, 1.18, Left
1761476794508, -9.36, -14.78, 1.16, Left
1761476794554, -9.41, -14.87, 1.18, Left
1761476794600, -9.43, -14.98, 1.16, Left
1761476794678, -9.55, -15.23, 1.14, Left
1761476794729, -9.69, -15.24, 1.07, Left
1761476794789, -9.61, -15.45, 1.11, Left
1761476794834, -9.64, -15.50, 1.10, Left
1761476794886, -9.51, -15.56, 1.13, Left
1761476794927, -9.39, -15.74, 1.15, Left
1761476794990, -9.18, -15.67, 1.12, Left
1761476795038, -9.16, -15.73, 1.11, Left
1761476795084, -9.10, -15.80, 1.09, Left
1761476795131, -9.11, -15.73, 1.03, Left
1761476795179, -9.00, -15.64, 1.00, Left
1761476795224, -8.84, -15.75, 0.95, Left
1761476795285, -8.77, -15.43, 0.91, Left
1761476795332, -8.73, -15.44, 0.91, Left
1761476795381, -8.77, -15.47, 0.89, Left
1761476795429, -8.73, -15.13, 0.84, Left
1761476795475, -8.79, -15.10, 0.85, Left
1761476795520, -8.77, -14.88, 0.81, Left
1761476795566, -8.83, -15.10, 0.87, Left
1761476795615, -8.82, -15.42, 0.94, Left
1761476795691, -8.91, -15.53, 0.94, Left
1761476795738, -8.90, -15.38, 1.04, Left
1761476795785, -8.96, -15.67, 1.02, Left
1761476795832, -8.92, -15.66, 1.01, Left
1761476795882, -8.91, -15.31, 0.95, Left
1761476795924, -8.96, -15.53, 1.02, Left
1761476795986, -8.95, -15.59, 1.03, Left
1761476796033, -8.98, -15.90, 1.07, Left
1761476796082, -8.98, -15.69, 1.04, Left
1761476796126, -8.99, -15.50, 1.04, Left
1761476796188, -8.85, -15.53, 1.13, Left
1761476796234, -8.88, -15.55, 1.12, Left
1761476796281, -8.93, -15.49, 1.09, Left
1761476796331, -8.79, -15.00, 1.00, Left
1761476796374, -8.76, -14.82, 0.91, Left
1761476796421, -8.76, -14.64, 0.84, Left
1761476796468, -8.80, -14.59, 0.81, Left
1761476796515, -8.77, -14.18, 0.73, Left
1761476796564, -8.78, -13.85, 0.62, Left
1761476796609, -8.55, -13.12, 0.51, Left
1761476796656, -8.47, -12.59, 0.40, Left
1761476796703, -8.30, -12.08, 0.34, Left
1761476796751, -8.18, -11.21, 0.25, Left
1761476796799, -8.27, -10.72, 0.21, Left
1761476796893, -8.13, -9.81, 0.12, Forward
1761476796942, -8.03, -9.21, 0.09, Forward
1761476796987, -7.88, -8.08, -0.05, Forward
1761476797034, -7.81, -7.19, -0.17, Forward
1761476797079, -7.64, -6.70, -0.18, Forward
1761476797129, -7.71, -6.62, -0.19, Forward
1761476797172, -7.67, -5.88, -0.34, Forward
1761476797219, -7.62, -4.63, -0.59, Forward
1761476797265, -7.53, -4.21, -0.68, Forward
1761476797313, -7.44, -4.08, -0.72, Forward
1761476797389, -7.47, -4.23, -0.76, Forward
1761476797436, -7.44, -3.77, -0.94, Forward
1761476797483, -7.45, -3.78, -0.99, Forward
1761476797530, -7.25, -3.26, -1.09, Forward
1761476797578, -7.06, -2.72, -1.23, Forward
1761476797622, -7.06, -1.89, -1.41, Forward
1761476797668, -7.03, -1.95, -1.36, Forward
1761476797716, -7.08, -1.22, -1.55, Forward
1761476797765, -7.16, -0.61, -1.70, Forward
1761476797809, -7.14, 0.06, -1.88, Forward
1761476797857, -7.12, 0.83, -2.05, Forward
1761476797902, -7.11, 1.39, -2.17, Forward
1761476797949, -7.10, 2.23, -2.40, Forward
1761476797997, -7.22, 2.24, -2.41, Forward
1761476798089, -7.40, 2.47, -2.43, Forward
1761476798138, -7.40, 2.73, -2.46, Forward
1761476798183, -7.43, 3.51, -2.66, Forward
1761476798232, -7.50, 3.05, -2.54, Forward
1761476798277, -7.45, 2.91, -2.55, Forward
1761476798326, -7.54, 3.08, -2.59, Forward
1761476798385, -7.56, 2.60, -2.48, Forward
1761476798432, -7.62, 2.64, -2.47, Forward
1761476798481, -7.64, 2.35, -2.33, Forward
1761476798526, -7.74, 2.11, -2.30, Forward
1761476798587, -7.72, 1.77, -2.29, Forward
1761476798633, -7.69, 1.08, -2.19, Forward
1761476798680, -7.78, 0.56, -2.09, Forward
1761476798728, -7.67, 0.08, -1.99, Forward
1761476798774, -7.62, -0.26, -1.87, Forward
1761476798821, -7.57, -0.61, -1.78, Forward
1761476798868, -7.56, -0.15, -1.91, Forward
1761476798914, -7.49, -0.21, -1.92, Forward
1761476798963, -7.52, 0.18, -2.05, Forward
1761476799007, -7.47, 0.13, -2.00, Forward
1761476799054, -7.52, 0.22, -1.97, Forward
1761476799099, -7.56, 0.89, -2.07, Forward
1761476799147, -7.49, 1.13, -2.17, Forward
1761476799195, -7.27, 1.61, -2.31, Forward
1761476799288, -7.11, 2.05, -2.46, Forward
1761476799334, -6.92, 2.36, -2.52, Forward
1761476799384, -6.77, 2.29, -2.48, Forward
1761476799428, -6.76, 2.27, -2.45, Forward
1761476799490, -6.74, 1.19, -2.24, Forward
1761476799537, -6.82, 0.80, -2.21, Forward
1761476799583, -6.78, -0.02, -2.11, Forward
1761476799631, -6.80, -1.30, -1.87, Forward
1761476799675, -6.80, -2.03, -1.68, Forward
1761476799725, -7.04, -3.57, -1.37, Forward
1761476799786, -7.33, -5.29, -1.06, Forward
1761476799833, -7.51, -6.98, -0.75, Forward
1761476799882, -7.71, -8.81, -0.42, Forward
1761476799929, -7.83, -10.70, -0.09, Left
1761476799973, -7.95, -11.82, 0.10, Left
1761476800019, -7.93, -13.09, 0.35, Left
1761476800066, -7.95, -13.87, 0.49, Left
1761476800114, -7.78, -14.40, 0.50, Left
1761476800160, -7.68, -15.04, 0.56, Left
1761476800207, -7.59, -15.65, 0.67, Left
1761476800253, -7.41, -15.81, 0.74, Left
1761476800300, -7.25, -15.95, 0.80, Left
1761476800348, -7.13, -16.24, 0.96, Left
1761476800393, -7.03, -16.42, 1.05, Left
1761476800488, -6.89, -16.70, 1.11, Left
1761476800538, -6.79, -16.61, 1.10, Left
1761476800582, -6.76, -16.58, 1.10, Left
1761476800628, -6.81, -16.46, 1.12, Left
1761476800690, -6.80, -16.57, 1.23, Left
1761476800736, -6.88, -16.19, 1.13, Left
1761476800784, -6.85, -15.73, 1.06, Left
1761476800830, -6.89, -15.54, 1.03, Left
1761476800880, -6.85, -14.91, 0.83, Left
1761476800925, -6.95, -14.36, 0.72, Left
1761476800987, -7.16, -14.01, 0.61, Left
1761476801034, -7.38, -13.94, 0.52, Left
1761476801079, -7.52, -13.71, 0.42, Left
1761476801129, -7.72, -13.81, 0.31, Left
1761476801174, -7.89, -13.97, 0.18, Left
1761476801219, -8.10, -14.50, 0.15, Left
1761476801265, -8.40, -15.12, 0.09, Left
1761476801313, -8.61, -15.64, 0.04, Left
1761476801390, -8.82, -16.50, 0.02, Left
1761476801439, -8.82, -17.16, -0.03, Left
1761476801485, -8.68, -17.85, 0.01, Left
1761476801579, -8.47, -18.33, 0.02, Left
1761476801627, -8.17, -18.87, 0.11, Left
1761476801671, -8.03, -19.68, 0.26, Left
1761476801780, -7.89, -20.42, 0.41, Left
1761476801831, -7.61, -20.96, 0.54, Left
1761476801875, -7.38, -21.61, 0.73, Left
1761476801924, -7.22, -22.14, 0.86, Left
1761476801969, -6.95, -22.41, 0.98, Left
1761476802016, -6.76, -22.79, 1.06, Left
1761476802079, -6.67, -22.87, 1.08, Left
1761476802128, -6.63, -23.31, 1.15, Left
1761476802172, -6.69, -23.77, 1.16, Left
1761476802220, -6.64, -23.99, 1.17, Left
1761476802282, -6.55, -24.06, 1.13, Left
1761476802330, -6.47, -24.16, 1.09, Left
1761476802375, -6.31, -24.14, 1.02, Left
1761476802424, -6.16, -24.15, 0.93, Left
1761476802468, -6.13, -24.25, 0.89, Left
1761476802516, -5.93, -23.88, 0.78, Left
1761476802563, -5.60, -23.53, 0.66, Left
1761476802608, -5.52, -23.08, 0.55, Left
1761476802656, -5.41, -22.59, 0.38, Left
1761476802702, -5.38, -22.22, 0.25, Left
1761476802748, -5.44, -21.87, 0.14, Left
1761476802796, -5.62, -21.14, -0.03, Left
1761476802845, -5.83, -20.42, -0.19, Left
1761476802889, -6.03, -18.57, -0.50, Left
1761476802982, -6.15, -16.48, -0.79, Left
1761476803031, -6.41, -14.81, -1.01, Left
1761476803080, -6.74, -13.12, -1.23, Left
1761476803124, -6.86, -11.34, -1.48, Left
1761476803172, -6.88, -8.60, -1.76, Forward
1761476803217, -6.81, -5.08, -2.28, Forward
1761476803279, -6.83, -1.17, -2.92, Forward
1761476803329, -6.75, 2.32, -3.43, Forward
1761476803373, -6.67, 5.75, -3.95, Forward
1761476803419, -6.45, 7.99, -4.47, Forward
1761476803481, -6.31, 8.81, -4.98, Forward
1761476803529, -6.27, 9.62, -5.46, Forward
1761476803575, -6.31, 8.58, -5.82, Forward
1761476803625, -6.52, 7.67, -6.22, Forward
1761476803669, -6.81, 5.63, -6.47, Forward
1761476803715, -7.12, 2.56, -6.71, Forward
1761476803762, -7.58, -0.73, -6.89, Forward
1761476803812, -8.05, -4.63, -7.41, Forward
1761476803856, -8.80, -8.37, -8.05, Forward
1761476803903, -9.61, -12.66, -8.65, Left
1761476803950, -10.45, -15.58, -9.33, Left
1761476803997, -11.30, -18.44, -10.15, Left
1761476804045, -12.29, -19.24, -11.19, Left
1761476804091, -13.06, -20.18, -12.18, Left
1761476804182, -14.03, -20.84, -13.20, Left
1761476804230, -14.88, -20.92, -14.02, Left
1761476804275, -15.52, -21.35, -14.78, Left
1761476804326, -16.07, -21.23, -15.27, Left
1761476804371, -16.41, -21.37, -15.58, Left
1761476804418, -17.16, -19.89, -15.76, Left
1761476804480, -17.23, -18.13, -15.96, Left
1761476804529, -17.21, -16.13, -16.09, Left
1761476804574, -16.99, -14.90, -16.03, Left
1761476804624, -16.57, -11.97, -16.08, Left
1761476804684, -15.87, -8.13, -16.30, Down
1761476804730, -15.34, -4.37, -16.57, Down
1761476804778, -14.58, -0.36, -16.87, Down
1761476804828, -13.93, 3.80, -17.14, Down
1761476804872, -13.38, 7.98, -17.42, Down
1761476804917, -12.43, 11.01, -17.75, Right
1761476804963, -12.24, 13.88, -18.03, Right
1761476805011, -11.97, 16.02, -18.16, Right
1761476805059, -11.75, 19.03, -18.43, Right
1761476805104, -11.76, 20.20, -18.70, Right
1761476805150, -11.80, 20.26, -18.79, Right
1761476805196, -11.78, 20.34, -18.81, Right
1761476805246, -11.85, 20.39, -18.85, Right
1761476805291, -11.98, 20.41, -18.88, Right
1761476805385, -11.78, 20.27, -18.92, Right
1761476805432, -11.63, 20.13, -18.88, Right
1761476805479, -11.41, 19.81, -18.87, Right
1761476805527, -11.14, 19.85, -18.92, Right
1761476805572, -10.79, 19.74, -18.86, Right
1761476805618, -10.56, 19.70, -18.73, Right
1761476805682, -10.52, 19.66, -18.54, Right
1761476805730, -10.30, 19.59, -18.47, Right
1761476805780, -10.30, 19.33, -18.31, Right
1761476805822, -10.26, 19.10, -18.20, Right
1761476805886, -10.29, 19.04, -18.19, Right
1761476805932, -10.36, 19.04, -18.12, Right
1761476805979, -10.46, 18.91, -18.05, Right
1761476806028, -10.60, 18.70, -17.98, Right
1761476806073, -10.78, 18.50, -18.05, Right
1761476806182, -10.84, 18.53, -18.15, Right
1761476806229, -10.86, 18.58, -18.30, Right
1761476806279, -10.96, 18.46, -18.39, Right
1761476806323, -10.97, 18.42, -18.49, Right
1761476806374, -11.02, 18.46, -18.60, Right
1761476806416, -11.11, 18.23, -18.69, Right
1761476806478, -11.34, 18.18, -18.81, Right
1761476806529, -11.48, 18.18, -18.93, Right
1761476806575, -11.60, 18.20, -19.03, Right
1761476806621, -11.70, 17.89, -19.05, Right
1761476806682, -11.70, 17.60, -19.07, Right
1761476806730, -11.61, 17.43, -19.16, Right
1761476806776, -11.78, 17.55, -19.20, Right
1761476806822, -12.06, 17.58, -19.29, Right
1761476806868, -12.12, 17.73, -19.39, Right
1761476806916, -12.27, 18.18, -19.42, Right
1761476806962, -12.15, 18.68, -19.54, Right
1761476807010, -12.09, 19.02, -19.62, Right
1761476807087, -12.05, 19.71, -19.80, Right
1761476807133, -12.12, 20.58, -19.97, Right
1761476807178, -12.19, 20.98, -20.12, Right
1761476807271, -12.04, 21.27, -20.21, Right
1761476807321, -11.71, 21.19, -20.28, Right
1761476807367, -11.34, 21.20, -20.34, Right
1761476807412, -11.39, 21.30, -20.28, Right
1761476807461, -11.39, 21.35, -20.28, Right
1761476807505, -11.42, 21.28, -20.23, Right
1761476807583, -11.52, 21.48, -20.06, Right
1761476807631, -11.55, 21.27, -19.85, Right
1761476807679, -11.37, 20.86, -19.65, Right
1761476807770, -11.38, 20.66, -19.35, Right
1761476807816, -11.60, 20.61, -19.08, Right
1761476807864, -11.83, 20.75, -18.88, Right
1761476807912, -11.81, 20.69, -18.61, Right
1761476807958, -11.47, 20.01, -18.36, Right
1761476808007, -11.22, 19.12, -18.06, Right
1761476808068, -11.21, 18.47, -17.80, Right
1761476808114, -11.03, 17.75, -17.67, Right
1761476808163, -10.89, 17.17, -17.53, Right
1761476808207, -10.73, 16.01, -17.40, Right
1761476808254, -10.42, 15.09, -17.30, Right
1761476808301, -10.03, 13.09, -17.00, Right
1761476808377, -9.74, 11.10, -16.65, Right
1761476808428, -9.59, 8.84, -16.31, Forward
1761476808472, -9.46, 6.86, -16.04, Forward
1761476808565, -9.36, 5.00, -15.93, Forward
1761476808611, -9.08, 2.73, -15.73, Forward
1761476808659, -8.91, 0.41, -15.52, Forward
1761476808708, -8.71, -2.07, -15.25, Forward
1761476808754, -8.57, -3.56, -15.05, Forward
1761476808800, -8.53, -5.32, -14.94, Forward
1761476808879, -8.55, -6.15, -15.05, Forward
1761476808929, -8.52, -6.93, -15.22, Forward
1761476808971, -8.25, -7.45, -15.40, Forward
1761476809082, -8.03, -7.74, -15.65, Forward
1761476809130, -7.77, -8.19, -15.71, Forward
1761476809175, -7.47, -8.37, -15.83, Forward
1761476809225, -7.25, -8.24, -16.07, Forward
1761476809269, -7.17, -8.27, -16.27, Forward
1761476809316, -7.07, -8.45, -16.41, Forward
1761476809378, -6.98, -8.26, -16.52, Forward
1761476809425, -6.94, -8.05, -16.66, Forward
1761476809471, -6.81, -8.03, -16.76, Forward
1761476809515, -6.94, -7.59, -16.88, Forward
1761476809562, -7.03, -7.65, -16.90, Forward
1761476809612, -7.07, -6.87, -17.06, Forward
1761476809674, -7.21, -6.21, -17.12, Forward
1761476809720, -7.33, -6.01, -17.06, Forward
1761476809767, -7.30, -5.15, -17.17, Forward
1761476809814, -7.40, -4.52, -17.26, Forward
1761476809862, -7.33, -4.46, -17.20, Forward
1761476809909, -7.15, -4.34, -17.09, Forward
1761476809986, -7.09, -3.67, -17.09, Forward
1761476810032, -6.98, -3.19, -17.12, Forward
1761476810080, -6.95, -2.20, -17.21, Forward
1761476810175, -7.15, -1.40, -17.26, Forward
1761476810222, -7.30, -0.62, -17.37, Forward
1761476810268, -7.38, 0.40, -17.49, Forward
1761476810313, -7.59, 1.13, -17.48, Forward
1761476810360, -7.75, 1.71, -17.48, Forward
1761476810408, -8.08, 1.91, -17.34, Forward
1761476810470, -8.28, 1.29, -16.97, Forward
1761476810515, -8.38, 0.14, -16.51, Forward
1761476810564, -8.48, -1.07, -16.01, Forward
1761476810609, -7.99, -2.06, -15.27, Forward
1761476810658, -7.42, -3.38, -14.49, Forward
1761476810703, -7.05, -5.54, -13.34, Forward
1761476810780, -7.13, -8.22, -12.01, Forward
1761476810829, -7.19, -10.72, -10.79, Left
1761476810878, -7.11, -13.50, -9.38, Left
1761476810966, -7.05, -15.40, -7.96, Left
1761476811012, -7.16, -16.65, -6.72, Left
1761476811060, -7.29, -18.04, -5.44, Left
1761476811106, -7.44, -19.06, -4.19, Left
1761476811159, -8.09, -20.65, -3.13, Left
1761476811219, -8.45, -21.90, -2.01, Left
1761476811277, -8.61, -22.61, -1.18, Left
1761476811326, -8.32, -22.88, -0.52, Left
1761476811369, -8.23, -23.22, 0.22, Left
1761476811481, -8.11, -22.69, 0.72, Left
1761476811529, -8.06, -22.26, 0.97, Left
1761476811576, -8.04, -21.81, 1.16, Left
1761476811624, -8.01, -21.02, 1.31, Left
1761476811669, -8.09, -20.65, 1.45, Left
1761476811716, -8.08, -19.83, 1.43, Left
1761476811778, -8.15, -19.47, 1.43, Left
1761476811827, -8.18, -18.75, 1.32, Left
1761476811873, -8.22, -18.03, 1.22, Left
1761476811919, -7.86, -17.56, 1.07, Left
1761476811965, -7.79, -17.15, 0.92, Left
1761476812011, -7.44, -16.66, 0.61, Left
1761476812074, -7.20, -16.26, 0.36, Left
1761476812123, -7.00, -16.01, 0.13, Left
1761476812169, -6.67, -15.66, -0.08, Left
1761476812213, -6.53, -15.65, -0.14, Left
1761476812261, -6.48, -15.56, -0.26, Left
1761476812310, -6.39, -15.49, -0.42, Left
1761476812387, -6.56, -15.55, -0.58, Left
1761476812434, -6.75, -15.49, -0.71, Left
1761476812479, -6.94, -15.43, -0.89, Left
1761476812572, -7.17, -15.79, -0.81, Left
1761476812622, -7.31, -15.78, -0.85, Left
1761476812668, -7.52, -15.93, -0.85, Left
1761476812712, -7.68, -15.91, -0.89, Left
1761476812761, -7.75, -15.96, -0.93, Left
1761476812808, -7.74, -15.68, -1.00, Left
1761476812870, -7.79, -15.44, -1.14, Left
1761476812915, -7.52, -15.03, -1.27, Left
1761476812962, -7.41, -14.52, -1.50, Left
1761476813007, -7.37, -14.63, -1.51, Left
1761476813059, -7.35, -14.32, -1.58, Left
1761476813101, -7.39, -14.22, -1.58, Left
1761476813178, -7.37, -13.96, -1.60, Left
1761476813227, -7.44, -13.79, -1.62, Left
1761476813273, -7.42, -13.69, -1.60, Left
1761476813365, -7.49, -13.76, -1.61, Left
1761476813413, -7.59, -13.87, -1.52, Left
1761476813461, -7.67, -13.87, -1.44, Left
1761476813505, -7.74, -13.89, -1.29, Left
1761476813553, -7.78, -13.77, -1.27, Left
1761476813597, -7.89, -13.96, -1.22, Left
1761476813677, -8.04, -14.02, -1.25, Left
1761476813727, -8.09, -14.02, -1.30, Left
1761476813771, -8.18, -13.39, -1.39, Left
1761476813867, -8.24, -11.42, -1.75, Left
1761476813912, -8.30, -10.10, -1.93, Left
1761476813959, -8.35, -8.42, -2.15, Forward
1761476814008, -8.38, -6.57, -2.42, Forward
1761476814051, -8.34, -5.30, -2.54, Forward
1761476814098, -8.28, -2.83, -2.92, Forward
1761476814176, -8.13, -0.68, -3.26, Forward
1761476814226, -8.02, 1.70, -3.67, Forward
1761476814270, -7.97, 3.75, -4.01, Forward
1761476814377, -7.89, 5.62, -4.37, Forward
1761476814427, -7.91, 6.33, -4.50, Forward
1761476814473, -7.93, 7.56, -4.76, Forward
1761476814522, -8.01, 8.34, -4.89, Forward
1761476814568, -8.15, 8.25, -4.91, Forward
1761476814612, -8.35, 8.90, -5.15, Forward
1761476814675, -8.42, 9.21, -5.30, Forward
1761476814724, -8.56, 9.74, -5.45, Forward
1761476814770, -8.58, 9.92, -5.48, Forward
1761476814819, -8.40, 10.23, -5.57, Right
1761476814885, -8.24, 10.04, -5.62, Right
1761476814943, -8.16, 9.73, -5.55, Forward
1761476814985, -8.16, 8.98, -5.41, Forward
1761476815039, -8.09, 8.26, -5.32, Forward
1761476815095, -8.01, 8.37, -5.40, Forward
1761476815174, -7.83, 7.88, -5.25, Forward
1761476815223, -7.76, 7.17, -5.07, Forward
1761476815268, -7.71, 6.43, -4.90, Forward
1761476815314, -7.71, 5.15, -4.64, Forward
1761476815362, -7.98, 4.79, -4.56, Forward
1761476815408, -8.25, 3.61, -4.30, Forward
1761476815472, -8.29, 2.43, -4.12, Forward
1761476815516, -8.20, 1.54, -3.97, Forward
1761476815562, -8.11, 0.63, -3.89, Forward
1761476815610, -8.16, -0.63, -3.63, Forward
1761476815660, -8.23, -1.66, -3.48, Forward
1761476815703, -8.36, -3.11, -3.18, Forward
1761476815765, -8.43, -4.46, -2.87, Forward
1761476815811, -8.46, -5.19, -2.73, Forward
1761476815860, -8.41, -6.77, -2.34, Forward
1761476815902, -8.47, -7.67, -2.06, Forward
1761476815951, -8.61, -8.51, -1.81, Forward
1761476815996, -8.83, -8.73, -1.64, Forward
1761476816074, -9.06, -8.84, -1.47, Forward
1761476816125, -9.26, -9.07, -1.34, Forward
1761476816169, -9.31, -7.91, -1.37, Forward
1761476816264, -9.39, -6.34, -1.55, Forward
1761476816310, -9.55, -4.40, -1.81, Forward
1761476816360, -9.70, -2.50, -2.05, Forward
1761476816405, -9.91, -0.70, -2.31, Forward
1761476816452, -10.03, 1.65, -2.71, Down
1761476816499, -10.17, 3.23, -2.95, Down
1761476816577, -10.24, 2.86, -3.05, Down
1761476816625, -10.37, 2.68, -3.15, Down
1761476816671, -10.48, 1.80, -3.20, Down
1761476816779, -10.66, -0.49, -3.00, Down
1761476816826, -10.74, -3.12, -2.74, Down
1761476816875, -10.76, -5.97, -2.44, Down
1761476816920, -10.63, -9.03, -2.08, Down
1761476816966, -10.53, -12.23, -1.67, Left
1761476817013, -10.29, -15.81, -1.12, Left
1761476817061, -10.23, -18.52, -0.74, Left
1761476817108, -10.23, -19.73, -0.44, Left
1761476817158, -10.17, -21.07, -0.12, Left
1761476817201, -9.96, -21.59, 0.14, Left
1761476817250, -9.81, -21.89, 0.30, Left
1761476817295, -9.79, -22.37, 0.43, Left
1761476817373, -9.70, -22.91, 0.65, Left
1761476817425, -9.78, -23.23, 0.80, Left
1761476817468, -9.80, -23.41, 0.91, Left
1761476817576, -10.06, -23.43, 0.79, Left
1761476817624, -10.13, -23.30, 0.63, Left
1761476817668, -10.26, -23.22, 0.51, Left
1761476817715, -10.17, -22.96, 0.33, Left
1761476817762, -10.24, -22.37, 0.08, Left
1761476817807, -10.40, -21.84, -0.14, Left
1761476817868, -10.33, -20.93, -0.37, Left
1761476817913, -10.28, -19.75, -0.68, Left
1761476817959, -10.21, -18.81, -0.97, Left
1761476818008, -10.19, -17.61, -1.27, Left
1761476818053, -9.99, -16.58, -1.40, Left
1761476818101, -9.88, -15.59, -1.55, Left
1761476818177, -9.69, -14.41, -1.69, Left
1761476818226, -9.66, -13.17, -1.85, Left
1761476818276, -9.64, -12.52, -1.89, Left
1761476818382, -9.47, -11.82, -1.96, Left
1761476818428, -9.39, -11.18, -2.01, Left
1761476818478, -9.43, -10.92, -2.00, Left
1761476818569, -9.44, -10.68, -1.96, Left
1761476818619, -9.44, -10.47, -1.94, Left
1761476818676, -9.48, -10.32, -1.92, Left
1761476818725, -9.45, -10.20, -1.89, Left
1761476818772, -9.25, -9.89, -1.95, Forward
1761476818818, -9.16, -10.22, -1.92, Left
1761476818878, -9.01, -9.89, -1.94, Forward
1761476818925, -9.02, -9.81, -1.93, Forward
1761476818970, -8.97, -9.96, -1.87, Forward
1761476819061, -8.90, -10.12, -1.84, Left
1761476819109, -8.84, -9.93, -1.88, Forward
1761476819158, -8.81, -9.97, -1.87, Forward
1761476819200, -8.67, -9.91, -1.86, Forward
1761476819248, -8.69, -9.92, -1.86, Forward
1761476819294, -8.83, -10.37, -1.76, Left
1761476819372, -8.98, -10.59, -1.65, Left
1761476819421, -9.09, -11.04, -1.53, Left
1761476819467, -9.20, -11.52, -1.42, Left
1761476819560, -9.37, -11.99, -1.31, Left
1761476819609, -9.53, -12.20, -1.23, Left
1761476819653, -9.70, -12.53, -1.13, Left
1761476819703, -9.91, -12.91, -1.01, Left
1761476819749, -10.21, -13.31, -0.90, Left
1761476819794, -10.25, -13.94, -0.68, Left
1761476819874, -10.42, -14.41, -0.58, Left
1761476819923, -10.48, -14.70, -0.47, Left
1761476819968, -10.51, -14.97, -0.44, Left
1761476820077, -10.56, -14.92, -0.40, Left
1761476820126, -10.59, -14.78, -0.40, Left
1761476820172, -10.53, -14.52, -0.39, Left
1761476820263, -10.36, -14.30, -0.39, Left
1761476820308, -10.14, -14.01, -0.43, Left
1761476820358, -9.86, -13.78, -0.45, Left
1761476820402, -9.78, -13.26, -0.54, Left
1761476820449, -9.55, -13.02, -0.52, Left
1761476820494, -9.53, -12.78, -0.66, Left
1761476820573, -9.52, -12.21, -0.76, Left
1761476820625, -9.34, -11.88, -0.85, Left
1761476820668, -9.26, -11.51, -0.95, Left
1761476820761, -9.16, -11.17, -1.08, Left
1761476820809, -9.16, -10.94, -1.16, Left
1761476820855, -9.05, -10.56, -1.24, Left
1761476820900, -9.11, -10.04, -1.33, Left
1761476820949, -9.12, -9.64, -1.45, Forward
1761476820995, -9.22, -9.09, -1.58, Forward
1761476821072, -9.10, -8.60, -1.58, Forward
1761476821123, -9.05, -8.75, -1.51, Forward
1761476821167, -9.10, -8.80, -1.43, Forward
1761476821276, -9.05, -8.68, -1.41, Forward
1761476821325, -9.06, -8.77, -1.34, Forward
1761476821369, -9.15, -8.99, -1.31, Forward
1761476821461, -9.14, -8.91, -1.33, Forward
1761476821508, -9.12, -9.25, -1.32, Forward
1761476821556, -9.08, -9.34, -1.31, Forward
1761476821605, -9.05, -9.63, -1.30, Forward
1761476821649, -9.14, -9.98, -1.33, Forward
1761476821694, -9.04, -9.84, -1.46, Forward
1761476821773, -9.15, -9.75, -1.64, Forward
1761476821819, -9.12, -10.09, -1.67, Left
1761476821865, -9.28, -10.31, -1.77, Left
1761476821912, -9.36, -10.40, -1.80, Left
1761476821959, -9.57, -10.91, -1.75, Left
1761476822008, -9.73, -11.01, -1.79, Left
1761476822069, -9.86, -11.46, -1.72, Left
1761476822115, -10.06, -11.51, -1.70, Left
1761476822163, -10.11, -11.68, -1.64, Left
1761476822208, -10.26, -11.96, -1.52, Left
1761476822257, -10.14, -12.16, -1.37, Left
1761476822300, -10.35, -12.41, -1.29, Left
1761476822364, -10.36, -12.58, -1.14, Left
1761476822409, -10.39, -12.88, -1.02, Left
1761476822457, -10.45, -12.93, -0.97, Left
1761476822502, -10.50, -13.10, -0.87, Left
1761476822550, -10.58, -13.39, -0.79, Left
1761476822595, -10.53, -13.35, -0.76, Left
1761476822673, -10.50, -13.03, -0.73, Left
1761476822723, -10.62, -13.21, -0.68, Left
1761476822767, -10.82, -13.38, -0.65, Left
1761476822875, -10.83, -13.00, -0.78, Left
1761476822923, -10.90, -12.86, -0.94, Left
1761476822970, -10.88, -12.50, -1.08, Left
1761476823017, -10.86, -12.73, -1.04, Left
1761476823063, -10.84, -12.88, -0.99, Left
1761476823111, -10.87, -12.82, -1.02, Left
1761476823174, -10.78, -13.13, -0.98, Left
1761476823224, -10.68, -13.53, -0.92, Left
1761476823268, -10.59, -13.62, -0.93, Left
1761476823312, -10.49, -13.85, -0.90, Left
1761476823360, -10.43, -14.31, -0.78, Left
1761476823405, -10.37, -14.78, -0.56, Left
1761476823467, -10.23, -14.97, -0.40, Left
1761476823512, -10.22, -14.71, -0.42, Left
1761476823559, -10.17, -14.64, -0.44, Left
1761476823607, -10.13, -14.26, -0.49, Left
1761476823657, -10.37, -14.33, -0.46, Left
1761476823700, -10.56, -14.34, -0.54, Left
1761476823776, -10.68, -14.23, -0.60, Left
1761476823825, -10.73, -14.00, -0.66, Left
1761476823870, -10.77, -13.94, -0.61, Left
1761476823965, -10.72, -13.55, -0.70, Left
1761476824010, -10.78, -13.73, -0.70, Left
1761476824068, -10.71, -13.66, -0.71, Left
1761476824123, -10.73, -13.67, -0.69, Left
1761476824165, -10.71, -13.92, -0.65, Left
1761476824211, -10.53, -13.68, -0.72, Left
1761476824274, -10.44, -13.32, -0.77, Left
1761476824323, -10.41, -13.27, -0.75, Left
1761476824367, -10.33, -13.02, -0.78, Left
1761476824460, -10.18, -12.79, -0.89, Left
1761476824509, -10.08, -12.73, -0.98, Left
1761476824556, -10.00, -12.23, -1.07, Left
1761476824600, -9.96, -12.25, -1.09, Left
1761476824648, -9.90, -11.93, -1.19, Left
1761476824694, -9.82, -11.79, -1.20, Left
1761476824758, -9.80, -11.65, -1.17, Left
1761476824806, -9.88, -11.83, -1.12, Left
1761476824853, -9.84, -11.69, -1.12, Left
1761476824898, -9.88, -12.20, -1.00, Left
1761476824944, -9.98, -12.45, -0.88, Left
1761476824990, -10.27, -12.70, -0.83, Left
1761476825067, -10.42, -12.86, -0.82, Left
1761476825115, -10.52, -12.91, -0.80, Left
1761476825161, -10.60, -13.06, -0.73, Left
1761476825254, -10.60, -13.04, -0.83, Left
1761476825301, -10.52, -12.92, -0.94, Left
1761476825349, -10.42, -12.67, -1.08, Left
1761476825395, -10.43, -12.46, -1.14, Left
1761476825442, -10.51, -12.18, -1.21, Left
1761476825489, -10.62, -12.40, -1.21, Left
1761476825568, -10.53, -12.10, -1.20, Left
1761476825616, -10.69, -12.38, -1.14, Left
1761476825664, -10.77, -12.56, -1.08, Left
1761476825770, -10.92, -12.12, -1.13, Left
1761476825820, -11.15, -11.88, -1.09, Left
1761476825864, -11.19, -11.48, -1.08, Left
1761476825957, -11.20, -10.97, -1.02, Left
1761476826006, -11.24, -10.70, -1.00, Left
1761476826052, -11.16, -10.08, -1.03, Left
1761476826099, -11.20, -9.59, -1.13, Down
1761476826145, -11.24, -9.63, -1.17, Down
1761476826192, -11.02, -9.54, -1.22, Down
1761476826268, -10.87, -9.02, -1.38, Down
1761476826315, -10.68, -9.21, -1.43, Down
1761476826360, -10.44, -9.28, -1.48, Down
1761476826408, -10.54, -9.90, -1.38, Down
1761476826457, -10.55, -10.83, -1.22, Left
1761476826502, -10.54, -11.43, -1.11, Left
1761476826579, -10.67, -11.87, -1.10, Left
1761476826626, -10.65, -12.05, -1.07, Left
1761476826673, -10.61, -12.28, -1.01, Left
1761476826766, -10.68, -12.20, -0.99, Left
1761476826813, -10.88, -12.56, -0.86, Left
1761476826861, -11.03, -12.89, -0.73, Left
1761476826972, -11.17, -13.36, -0.72, Left
1761476827020, -11.16, -13.47, -0.82, Left
1761476827065, -11.32, -13.66, -1.02, Left
1761476827157, -11.26, -14.35, -1.15, Left
1761476827206, -11.16, -15.05, -1.22, Left
1761476827254, -11.04, -15.72, -1.31, Left
1761476827298, -10.98, -16.39, -1.36, Left
1761476827345, -11.10, -16.95, -1.47, Left
1761476827391, -11.13, -17.91, -1.54, Left
1761476827468, -11.26, -18.72, -1.63, Left
1761476827516, -11.47, -19.33, -1.61, Left
1761476827560, -11.65, -20.12, -1.61, Left
1761476827653, -11.55, -20.57, -1.54, Left
1761476827701, -11.67, -20.66, -1.58, Left
1761476827746, -11.73, -20.80, -1.61, Left
1761476827792, -11.98, -20.70, -1.65, Left
1761476827841, -12.21, -20.49, -1.75, Left
1761476827890, -12.16, -20.39, -1.80, Left
1761476827966, -12.09, -19.96, -1.88, Left
1761476828011, -11.83, -19.54, -1.96, Left
1761476828059, -11.62, -19.24, -2.01, Left
1761476828165, -11.49, -18.81, -2.12, Left
1761476828214, -11.42, -18.60, -2.14, Left
1761476828259, -11.29, -18.31, -2.15, Left
1761476828307, -11.18, -17.89, -2.17, Left
1761476828356, -10.94, -17.64, -2.25, Left
1761476828401, -10.72, -17.56, -2.26, Left
1761476828463, -10.37, -17.32, -2.25, Left
1761476828509, -10.06, -16.99, -2.31, Left
1761476828559, -9.77, -16.79, -2.31, Left
1761476828603, -9.50, -16.80, -2.24, Left
1761476828653, -9.29, -16.96, -2.09, Left
1761476828697, -9.31, -17.54, -2.08, Left
1761476828760, -11.70, -20.69, 14.37, Left
1761476828807, -14.05, -23.89, 30.74, Left
1761476828856, -16.37, -27.06, 47.22, Left
1761476828901, -18.43, -31.53, 63.24, Left
1761476828947, -20.12, -36.25, 79.85, Left
1761476828993, -22.21, -41.45, 95.59, Left
1761476829072, -23.01, -46.12, 112.12, Left
1761476829120, -19.63, -37.05, 107.52, Left
1761476829572, -18.71, -35.95, 107.70, Left
1761476829619, -17.70, -34.77, 108.09, Left
1761476829664, -14.63, -31.82, 92.00, Left
1761476829773, -11.54, -28.62, 75.89, Left
1761476829821, -8.53, -25.53, 59.74, Left
1761476829869, -5.77, -21.30, 43.99, Left
1761476829959, -3.60, -16.41, 27.53, Left
1761476830008, -1.13, -11.32, 11.94, Left
1761476830053, 0.08, -6.61, -4.50, Forward
1761476830100, -2.83, -14.83, 0.03, Left
1761476830146, -3.20, -14.98, -0.24, Left
1761476830192, -3.60, -14.77, -0.68, Left
1761476830267, -3.84, -13.41, -1.06, Left
1761476830317, -4.11, -12.31, -1.35, Left
1761476830364, -4.36, -11.04, -1.65, Left
1761476830453, -4.64, -8.95, -2.05, Forward
1761476830503, -5.02, -7.31, -2.38, Forward
1761476830547, -5.27, -5.36, -2.67, Forward
1761476830593, -5.64, -3.10, -3.01, Forward
1761476830639, -5.96, -1.47, -3.28, Forward
1761476830689, -6.27, 0.45, -3.62, Forward
1761476830765, -6.56, 2.40, -3.90, Forward
1761476830818, -6.79, 3.85, -4.15, Forward
1761476830873, -6.96, 5.12, -4.39, Forward
1761476830953, -7.34, 5.74, -4.51, Forward
1761476831001, -7.64, 6.34, -4.63, Forward
1761476831059, -7.88, 6.24, -4.59, Forward
1761476831108, -8.12, 6.03, -4.70, Forward
1761476831154, -8.32, 4.93, -4.64, Forward
1761476831198, -8.50, 2.68, -4.35, Forward
1761476831260, -8.70, -0.31, -3.89, Forward
1761476831311, -8.99, -3.37, -3.52, Forward
1761476831356, -9.27, -6.15, -3.14, Forward
1761476831462, -9.46, -8.92, -2.69, Forward
1761476831517, -9.57, -11.15, -2.34, Left
1761476831575, -9.65, -13.80, -1.91, Left
1761476831618, -9.83, -15.98, -1.58, Left
1761476831666, -10.05, -17.99, -1.13, Left
1761476831710, -10.20, -19.46, -0.74, Left
1761476831757, -10.63, -19.42, -0.77, Left
1761476831807, -11.11, -19.07, -0.83, Left
1761476831850, -11.36, -18.58, -0.87, Left
1761476831900, -11.67, -18.15, -0.91, Left
1761476831945, -12.15, -17.62, -0.94, Left
1761476831989, -12.55, -16.69, -1.08, Left
1761476832053, -12.66, -16.09, -1.15, Left
1761476832103, -12.77, -15.37, -1.22, Left
1761476832147, -12.87, -14.79, -1.26, Left
1761476832194, -13.21, -14.16, -1.46, Left
1761476832240, -13.12, -13.84, -1.40, Left
1761476832289, -13.26, -13.86, -1.36, Left
1761476832366, -13.17, -13.59, -1.27, Left
1761476832413, -13.02, -13.55, -1.16, Left
1761476832456, -12.98, -13.30, -1.23, Left
