Head Tracking Session: phase1_cycle1_1761479896780
Start Time: 2025-10-26T07:58:16.782408
==================================================
Timestamp (ms), Pitch, Yaw, Roll, Direction
1761479901542, 0.00, 0.00, 0.00, Forward
1761479901597, 0.16, -2.47, 0.38, Forward
1761479901642, 0.23, -3.22, 0.46, Forward
1761479901688, 0.26, -3.35, 0.36, Forward
1761479901736, 0.21, -3.42, 0.37, Forward
1761479901782, 0.39, -3.41, 0.35, Forward
1761479901828, 0.35, -3.55, 0.38, Forward
1761479901874, 0.42, -3.48, 0.36, Forward
1761479901939, 0.45, -3.51, 0.36, Forward
1761479901985, 0.48, -3.61, 0.38, Forward
1761479902029, 0.59, -4.06, 0.40, Forward
1761479902077, 0.65, -4.01, 0.38, Forward
1761479902123, 0.70, -4.10, 0.38, Forward
1761479902185, 0.76, -4.28, 0.43, Forward
1761479902232, 0.85, -4.47, 0.44, Forward
1761479902279, 0.81, -4.58, 0.47, Forward
1761479902324, 0.87, -4.59, 0.47, Forward
1761479902371, 0.83, -4.40, 0.45, Forward
1761479902418, 0.80, -4.14, 0.40, Forward
1761479902465, 0.76, -3.65, 0.33, Forward
1761479902518, 0.67, -3.16, 0.29, Forward
1761479902573, 0.62, -2.67, 0.22, Forward
1761479902621, 0.56, -2.05, 0.15, Forward
1761479902668, 0.49, -1.44, 0.07, Forward
1761479902717, 0.67, -1.15, 0.05, Forward
1761479902763, 0.87, -0.99, 0.03, Forward
1761479902810, 0.95, -0.54, -0.04, Forward
1761479902855, 1.01, -0.38, -0.05, Forward
1761479902902, 1.00, -0.21, -0.06, Forward
1761479902950, 0.99, -0.20, -0.07, Forward
1761479902993, 0.98, -0.18, -0.07, Forward
1761479903041, 0.98, -0.18, -0.07, Forward
1761479903088, 0.99, -0.20, -0.07, Forward
1761479903133, 0.93, -0.35, -0.03, Forward
1761479903190, 0.64, -0.09, -0.05, Forward
1761479903243, 0.33, -0.08, -0.05, Forward
1761479903290, 0.11, -0.17, -0.01, Forward
1761479903337, 0.09, -0.27, 0.03, Forward
1761479903383, 0.10, -0.58, 0.11, Forward
1761479903429, 0.08, -0.77, 0.17, Forward
1761479903476, -0.02, -1.49, 0.29, Forward
1761479903524, -0.10, -1.91, 0.41, Forward
1761479903567, -0.16, -2.51, 0.56, Forward
1761479903616, -0.17, -2.99, 0.67, Forward
1761479903661, -0.22, -3.80, 0.84, Forward
1761479903709, -0.22, -3.95, 0.91, Forward
1761479903756, -0.21, -4.30, 1.02, Forward
1761479903806, -0.32, -4.93, 1.14, Forward
1761479903859, -0.41, -5.46, 1.22, Forward
1761479903916, -0.43, -5.79, 1.32, Forward
1761479903961, -0.37, -5.47, 1.27, Forward
1761479904008, -0.35, -5.46, 1.25, Forward
1761479904055, -0.23, -5.16, 1.15, Forward
1761479904134, -0.13, -5.21, 1.10, Forward
1761479904183, -0.07, -4.69, 0.95, Forward
1761479904228, 0.03, -4.59, 0.85, Forward
1761479904276, 0.06, -4.33, 0.74, Forward
1761479904321, 0.18, -3.90, 0.65, Forward
1761479904371, 0.31, -3.38, 0.53, Forward
1761479904417, 0.39, -3.27, 0.46, Forward
1761479904469, 0.47, -3.12, 0.42, Forward
1761479904526, 0.56, -2.93, 0.36, Forward
1761479904573, 0.47, -2.84, 0.34, Forward
1761479904621, 0.47, -2.40, 0.28, Forward
1761479904665, 0.53, -2.35, 0.30, Forward
1761479904725, 0.48, -2.44, 0.36, Forward
1761479904774, 0.50, -2.67, 0.42, Forward
1761479904822, 0.47, -2.80, 0.45, Forward
1761479904870, 0.40, -2.80, 0.45, Forward
1761479904917, 0.32, -2.81, 0.46, Forward
1761479904965, 0.29, -2.94, 0.49, Forward
1761479905010, 0.25, -3.24, 0.57, Forward
1761479905060, 0.34, -3.33, 0.59, Forward
1761479905105, 0.36, -3.41, 0.61, Forward
1761479905152, 0.33, -3.46, 0.63, Forward
1761479905197, 0.37, -3.44, 0.63, Forward
1761479905244, 0.40, -3.43, 0.62, Forward
1761479905290, 0.37, -3.30, 0.59, Forward
1761479905337, 0.38, -3.52, 0.65, Forward
1761479905399, 0.42, -3.48, 0.64, Forward
1761479905444, 0.42, -3.48, 0.64, Forward
1761479905491, 0.41, -3.40, 0.62, Forward
1761479905539, 0.35, -3.45, 0.64, Forward
1761479905586, 0.45, -3.49, 0.65, Forward
1761479905633, 0.66, -3.62, 0.67, Forward
1761479905679, 0.74, -3.56, 0.66, Forward
1761479905736, 0.74, -3.36, 0.63, Forward
1761479905790, 0.79, -3.20, 0.62, Forward
1761479905837, 0.85, -2.71, 0.55, Forward
1761479905884, 0.88, -2.59, 0.55, Forward
1761479905929, 0.80, -2.71, 0.61, Forward
1761479906005, 0.79, -2.76, 0.66, Forward
1761479906055, 0.81, -2.94, 0.71, Forward
1761479906101, 0.64, -3.21, 0.83, Forward
1761479906149, 0.39, -3.35, 0.89, Forward
1761479906193, 0.23, -3.87, 1.04, Forward
1761479906241, 0.14, -4.11, 1.11, Forward
1761479906288, 0.01, -4.81, 1.23, Forward
1761479906335, -0.11, -5.52, 1.33, Forward
1761479906380, -0.20, -6.01, 1.41, Forward
1761479906428, -0.16, -6.26, 1.44, Forward
1761479906474, -0.16, -6.48, 1.46, Forward
1761479906522, -0.25, -6.40, 1.47, Forward
1761479906569, -0.28, -6.10, 1.42, Forward
1761479906616, -0.30, -5.92, 1.40, Forward
1761479906660, -0.31, -5.48, 1.31, Forward
1761479906707, -0.21, -5.57, 1.31, Forward
1761479906756, -0.18, -5.17, 1.28, Forward
1761479906803, -0.21, -5.15, 1.30, Forward
1761479906849, -0.23, -5.14, 1.33, Forward
1761479906895, -0.29, -5.26, 1.33, Forward
1761479906939, -0.28, -5.10, 1.33, Forward
1761479907002, -0.26, -5.34, 1.41, Forward
1761479907050, -0.25, -5.68, 1.47, Forward
1761479907096, -0.32, -5.91, 1.53, Forward
1761479907143, -0.29, -6.15, 1.61, Forward
1761479907193, -0.35, -6.29, 1.69, Forward
1761479907238, -0.33, -6.75, 1.79, Forward
1761479907283, -0.31, -7.18, 1.92, Forward
1761479907332, -0.32, -7.17, 1.99, Forward
1761479907391, -0.31, -7.06, 2.05, Forward
1761479907438, -0.34, -7.60, 2.18, Forward
1761479907485, -0.38, -7.83, 2.25, Forward
1761479907541, -0.40, -8.31, 2.36, Forward
1761479907605, -0.37, -8.83, 2.48, Forward
1761479907655, -0.51, -9.38, 2.59, Forward
1761479907703, -0.52, -9.60, 2.67, Forward
1761479907749, -0.54, -9.61, 2.72, Forward
1761479907795, -0.54, -9.26, 2.70, Forward
1761479907840, -0.52, -9.34, 2.74, Forward
1761479907888, -0.66, -9.50, 2.79, Forward
1761479907934, -0.70, -9.32, 2.80, Forward
1761479907982, -0.72, -9.28, 2.82, Forward
1761479908028, -0.69, -8.96, 2.81, Forward
1761479908075, -0.65, -8.56, 2.78, Forward
1761479908121, -0.35, -8.03, 2.73, Forward
1761479908169, -0.17, -7.93, 2.72, Forward
1761479908215, -0.14, -8.10, 2.77, Forward
1761479908261, -0.10, -8.05, 2.75, Forward
1761479908308, -0.07, -8.06, 2.76, Forward
1761479908354, 0.10, -7.99, 2.78, Forward
1761479908401, 0.12, -7.79, 2.74, Forward
1761479908450, 0.11, -7.87, 2.75, Forward
1761479908495, 0.07, -8.00, 2.77, Forward
1761479908543, 0.21, -7.81, 2.69, Forward
1761479908615, 0.00, -8.10, 2.71, Forward
1761479908668, -0.20, -8.35, 2.72, Forward
1761479908715, -0.25, -8.27, 2.68, Forward
1761479908760, -0.27, -8.60, 2.70, Forward
1761479908808, -0.18, -8.66, 2.66, Forward
1761479908870, -0.25, -9.02, 2.69, Forward
1761479908917, -0.31, -9.45, 2.74, Forward
1761479908962, -0.28, -9.30, 2.70, Forward
1761479909011, -0.28, -9.26, 2.66, Forward
1761479909057, -0.46, -9.89, 2.78, Forward
1761479909104, -0.35, -9.70, 2.72, Forward
1761479909149, -0.28, -9.54, 2.68, Forward
1761479909209, -0.24, -9.48, 2.60, Forward
1761479909255, -0.19, -9.37, 2.58, Forward
1761479909301, -0.29, -9.16, 2.53, Forward
1761479909348, -0.21, -8.90, 2.45, Forward
1761479909416, -0.08, -8.69, 2.39, Forward
1761479909471, -0.01, -8.51, 2.31, Forward
1761479909518, 0.08, -8.19, 2.23, Forward
1761479909564, 0.20, -7.62, 2.11, Forward
1761479909610, 0.20, -7.64, 2.11, Forward
1761479909657, 0.23, -7.53, 2.07, Forward
1761479909705, 0.28, -7.21, 2.05, Forward
1761479909751, 0.30, -7.27, 2.03, Forward
1761479909799, 0.36, -7.64, 2.07, Forward
1761479909845, 0.46, -7.36, 2.00, Forward
1761479909892, 0.55, -7.24, 1.94, Forward
1761479909940, 0.61, -7.19, 1.89, Forward
1761479909985, 0.70, -7.28, 1.89, Forward
1761479910032, 0.74, -7.41, 1.84, Forward
1761479910079, 0.78, -7.37, 1.79, Forward
1761479910124, 0.84, -6.95, 1.69, Forward
1761479910172, 0.91, -6.69, 1.61, Forward
1761479910218, 1.00, -6.03, 1.48, Forward
1761479910266, 1.09, -5.37, 1.36, Forward
1761479910314, 1.14, -5.12, 1.31, Forward
1761479910360, 1.07, -4.53, 1.23, Forward
1761479910407, 1.00, -4.55, 1.23, Forward
1761479910472, 0.93, -4.78, 1.28, Forward
1761479910532, 0.86, -4.66, 1.30, Forward
1761479910577, 0.78, -4.53, 1.33, Forward
1761479910624, 0.90, -4.71, 1.33, Forward
1761479910678, 0.94, -4.89, 1.35, Forward
1761479910735, 1.00, -5.07, 1.38, Forward
1761479910780, 0.96, -5.47, 1.43, Forward
1761479910827, 0.88, -5.90, 1.48, Forward
1761479910872, 0.90, -6.17, 1.48, Forward
1761479910921, 0.92, -6.28, 1.48, Forward
1761479910967, 0.91, -5.98, 1.39, Forward
1761479911013, 0.92, -5.91, 1.34, Forward
1761479911057, 0.94, -5.84, 1.29, Forward
1761479911104, 0.73, -5.88, 1.30, Forward
1761479911151, 0.61, -5.81, 1.30, Forward
1761479911197, 0.50, -5.62, 1.27, Forward
1761479911243, 0.48, -5.22, 1.21, Forward
1761479911290, 0.48, -4.86, 1.17, Forward
1761479911349, 0.48, -5.00, 1.21, Forward
1761479911401, 0.49, -4.93, 1.23, Forward
1761479911444, 0.49, -4.94, 1.23, Forward
1761479911491, 0.50, -4.95, 1.23, Forward
1761479911538, 0.47, -5.07, 1.25, Forward
1761479911585, 0.44, -5.34, 1.33, Forward
1761479911631, 0.43, -5.52, 1.39, Forward
1761479911687, 0.36, -5.77, 1.47, Forward
1761479911742, 0.36, -6.13, 1.55, Forward
1761479911787, 0.32, -6.42, 1.60, Forward
1761479911837, 0.25, -6.67, 1.64, Forward
1761479911881, 0.20, -6.76, 1.67, Forward
1761479911943, 0.14, -6.77, 1.71, Forward
1761479911991, 0.10, -6.89, 1.75, Forward
1761479912040, 0.10, -6.98, 1.79, Forward
1761479912085, 0.12, -6.90, 1.79, Forward
1761479912133, 0.10, -6.96, 1.77, Forward
1761479912177, 0.13, -6.78, 1.72, Forward
1761479912224, 0.11, -6.79, 1.76, Forward
1761479912284, 0.06, -6.82, 1.77, Forward
1761479912334, 0.05, -6.67, 1.81, Forward
1761479912382, -0.02, -6.68, 1.80, Forward
1761479912427, -0.03, -6.80, 1.85, Forward
1761479912475, -0.07, -6.81, 1.85, Forward
1761479912522, -0.09, -6.82, 1.85, Forward
1761479912564, -0.10, -6.60, 1.82, Forward
1761479912621, -0.12, -6.47, 1.82, Forward
1761479912675, -0.16, -6.48, 1.82, Forward
1761479912723, -0.20, -6.29, 1.76, Forward
1761479912769, -0.17, -5.98, 1.70, Forward
1761479912818, -0.14, -5.88, 1.64, Forward
1761479912863, -0.09, -5.71, 1.59, Forward
1761479912910, 0.19, -5.34, 1.50, Forward
1761479912957, 0.44, -5.07, 1.45, Forward
1761479913008, 0.66, -4.84, 1.41, Forward
1761479913053, 0.78, -4.92, 1.43, Forward
1761479913101, 0.83, -5.03, 1.46, Forward
1761479913150, 0.82, -5.46, 1.55, Forward
1761479913192, 0.82, -5.53, 1.57, Forward
1761479913239, 0.83, -5.95, 1.68, Forward
1761479913287, 0.80, -6.20, 1.77, Forward
1761479913329, 0.81, -6.51, 1.87, Forward
1761479913377, 0.45, -7.05, 1.98, Forward
1761479913424, 0.18, -7.52, 2.11, Forward
1761479913472, -0.14, -7.89, 2.20, Forward
1761479913519, -0.35, -8.26, 2.23, Forward
1761479913562, -0.48, -8.61, 2.26, Forward
1761479913625, -0.54, -8.77, 2.28, Forward
1761479913671, -0.64, -9.19, 2.33, Forward
1761479913722, -0.66, -9.40, 2.32, Forward
1761479913766, -0.61, -9.57, 2.30, Forward
1761479913812, -0.53, -9.69, 2.25, Forward
1761479913859, -0.45, -9.67, 2.18, Forward
1761479913905, -0.27, -9.69, 2.10, Forward
1761479913959, -0.06, -9.45, 2.00, Forward
1761479914014, 0.06, -9.29, 1.92, Forward
1761479914064, 0.16, -9.19, 1.85, Forward
1761479914109, 0.27, -8.88, 1.75, Forward
1761479914156, 0.43, -8.73, 1.72, Forward
1761479914215, 0.54, -8.18, 1.66, Forward
1761479914267, 0.63, -7.53, 1.59, Forward
1761479914310, 0.68, -7.25, 1.60, Forward
1761479914357, 0.76, -6.72, 1.54, Forward
1761479914406, 0.71, -6.12, 1.47, Forward
1761479914450, 0.67, -5.77, 1.43, Forward
1761479914498, 0.60, -5.69, 1.46, Forward
1761479914549, 0.55, -5.21, 1.38, Forward
1761479914606, 0.57, -5.03, 1.34, Forward
1761479914655, 0.63, -5.08, 1.28, Forward
1761479914700, 0.61, -5.34, 1.22, Forward
1761479914746, 0.55, -5.66, 1.15, Forward
1761479914792, 0.46, -5.82, 1.10, Forward
1761479914838, 0.41, -6.56, 1.15, Forward
1761479914887, 0.39, -7.05, 1.22, Forward
1761479914930, 0.33, -7.59, 1.25, Forward
1761479914977, 0.43, -7.75, 1.22, Forward
1761479915023, 0.47, -8.20, 1.28, Forward
1761479915072, 0.40, -8.53, 1.34, Forward
1761479915118, 0.26, -8.65, 1.37, Forward
1761479915162, 0.22, -8.91, 1.45, Forward
1761479915222, 0.20, -9.18, 1.55, Forward
1761479915274, 0.21, -9.32, 1.59, Forward
1761479915333, 0.16, -9.31, 1.62, Forward
1761479915379, 0.07, -9.58, 1.66, Forward
1761479915426, 0.08, -9.67, 1.77, Forward
1761479915474, 0.01, -9.67, 1.80, Forward
1761479915521, -0.01, -9.76, 1.93, Forward
1761479915568, -0.06, -9.72, 2.02, Forward
1761479915614, -0.14, -9.50, 2.10, Forward
1761479915658, -0.17, -9.50, 2.17, Forward
1761479915707, -0.23, -9.55, 2.25, Forward
1761479915755, -0.30, -9.44, 2.34, Forward
1761479915800, -0.31, -9.36, 2.40, Forward
1761479915846, -0.37, -9.32, 2.44, Forward
1761479915893, -0.40, -9.12, 2.41, Forward
1761479915941, -0.37, -9.01, 2.41, Forward
1761479915987, -0.45, -9.14, 2.40, Forward
1761479916034, -0.43, -9.20, 2.38, Forward
1761479916080, -0.45, -9.43, 2.41, Forward
1761479916126, -0.52, -9.47, 2.41, Forward
1761479916173, -0.60, -9.24, 2.35, Forward
1761479916230, -0.65, -9.20, 2.30, Forward
1761479916285, -0.63, -9.04, 2.25, Forward
1761479916328, -0.65, -8.80, 2.20, Forward
1761479916376, -0.66, -8.91, 2.17, Forward
1761479916422, -0.77, -8.91, 2.16, Forward
1761479916472, -0.71, -8.59, 2.08, Forward
1761479916516, -0.68, -8.38, 2.02, Forward
1761479916568, -0.61, -7.59, 1.88, Forward
1761479916624, -0.55, -7.11, 1.77, Forward
1761479916672, -0.39, -6.80, 1.72, Forward
1761479916717, -0.27, -6.42, 1.65, Forward
1761479916763, -0.10, -6.16, 1.60, Forward
1761479916824, -0.02, -5.89, 1.57, Forward
1761479916873, -0.12, -5.75, 1.56, Forward
1761479916918, -0.05, -5.66, 1.58, Forward
1761479916964, -0.18, -5.78, 1.61, Forward
1761479917013, -0.17, -5.69, 1.63, Forward
1761479917058, -0.23, -6.12, 1.66, Forward
1761479917104, -0.43, -6.56, 1.74, Forward
1761479917161, -0.37, -6.39, 1.70, Forward
1761479917214, -0.30, -6.15, 1.64, Forward
1761479917260, -0.37, -5.94, 1.61, Forward
1761479917305, -0.36, -5.78, 1.57, Forward
1761479917353, -0.29, -5.34, 1.53, Forward
1761479917402, -0.26, -5.15, 1.48, Forward
1761479917447, -0.01, -4.62, 1.40, Forward
1761479917494, 0.13, -4.57, 1.37, Forward
1761479917544, 0.18, -4.34, 1.36, Forward
1761479917591, 0.37, -3.49, 1.25, Forward
1761479917637, 0.20, -3.47, 1.24, Forward
1761479917686, 0.11, -3.54, 1.25, Forward
1761479917732, -0.04, -3.47, 1.23, Forward
1761479917777, -0.00, -3.22, 1.20, Forward
1761479917831, 0.13, -3.22, 1.16, Forward
1761479917887, 0.10, -2.93, 1.15, Forward
1761479917932, 0.05, -2.70, 1.12, Forward
1761479917979, -0.03, -2.28, 1.06, Forward
1761479918024, 0.04, -2.19, 1.05, Forward
1761479918074, -0.02, -2.17, 1.06, Forward
1761479918118, -0.03, -2.25, 1.09, Forward
1761479918165, -0.11, -2.20, 1.11, Forward
1761479918213, -0.09, -2.03, 1.14, Forward
1761479918258, -0.04, -2.39, 1.22, Forward
1761479918306, -0.08, -2.68, 1.33, Forward
1761479918352, -0.11, -2.94, 1.37, Forward
1761479918396, -0.20, -3.49, 1.46, Forward
1761479918444, -0.22, -3.89, 1.55, Forward
1761479918502, -0.22, -4.05, 1.59, Forward
1761479918555, -0.18, -4.39, 1.65, Forward
1761479918604, -0.09, -4.62, 1.69, Forward
1761479918649, -0.09, -4.90, 1.74, Forward
1761479918694, -0.08, -5.26, 1.76, Forward
1761479918758, -0.13, -5.28, 1.77, Forward
1761479918808, -0.16, -5.24, 1.74, Forward
1761479918870, -0.19, -5.22, 1.74, Forward
1761479918914, -0.23, -5.09, 1.77, Forward
1761479918959, -0.29, -5.13, 1.80, Forward
1761479919009, -0.34, -5.05, 1.82, Forward
1761479919055, -0.28, -5.16, 1.89, Forward
1761479919103, -0.30, -4.97, 1.91, Forward
1761479919150, -0.27, -4.94, 1.94, Forward
1761479919197, -0.22, -4.91, 1.99, Forward
1761479919244, -0.25, -4.87, 2.02, Forward
1761479919292, -0.25, -5.02, 2.07, Forward
1761479919340, -0.20, -5.08, 2.13, Forward
1761479919386, -0.14, -4.97, 2.11, Forward
1761479919434, -0.16, -4.97, 2.12, Forward
1761479919478, -0.21, -4.97, 2.12, Forward
1761479919525, -0.24, -4.75, 2.05, Forward
1761479919573, -0.34, -4.72, 2.03, Forward
1761479919622, -0.43, -4.67, 2.00, Forward
1761479919667, -0.46, -4.91, 2.02, Forward
1761479919713, -0.38, -5.12, 2.01, Forward
1761479919771, -0.39, -5.27, 2.02, Forward
1761479919823, -0.35, -5.38, 1.98, Forward
1761479919868, -0.34, -5.68, 2.02, Forward
1761479919912, -0.39, -5.38, 1.96, Forward
1761479919974, -0.38, -5.50, 1.96, Forward
1761479920038, -0.24, -5.50, 1.98, Forward
1761479920088, 0.05, -5.35, 1.95, Forward
1761479920137, 0.28, -5.42, 1.96, Forward
1761479920181, 0.47, -5.25, 1.92, Forward
1761479920226, 0.49, -4.90, 1.87, Forward
1761479920275, 0.58, -4.49, 1.81, Forward
1761479920321, 0.66, -4.24, 1.76, Forward
1761479920367, 0.60, -4.04, 1.70, Forward
1761479920412, 0.78, -4.44, 1.72, Forward
1761479920460, 0.91, -4.67, 1.74, Forward
1761479920506, 0.75, -4.99, 1.78, Forward
1761479920555, 0.61, -5.15, 1.77, Forward
1761479920601, 0.46, -5.11, 1.74, Forward
1761479920647, 0.30, -5.09, 1.73, Forward
1761479920692, 0.23, -5.24, 1.77, Forward
1761479920741, 0.22, -5.35, 1.76, Forward
1761479920787, 0.21, -5.63, 1.82, Forward
1761479920834, 0.31, -5.56, 1.87, Forward
1761479920882, 0.30, -5.12, 1.86, Forward
1761479920926, 0.32, -4.73, 1.83, Forward
1761479920974, 0.39, -4.53, 1.81, Forward
1761479921048, 0.39, -4.65, 1.86, Forward
1761479921099, 0.48, -4.77, 1.92, Forward
1761479921146, 0.53, -4.80, 1.94, Forward
1761479921192, 0.57, -4.81, 1.93, Forward
1761479921238, 0.53, -4.61, 1.90, Forward
1761479921302, 0.39, -4.25, 1.86, Forward
1761479921352, 0.29, -4.40, 1.85, Forward
1761479921397, 0.18, -4.68, 1.84, Forward
1761479921443, 0.07, -4.68, 1.83, Forward
1761479921488, -0.01, -4.56, 1.79, Forward
1761479921537, -0.08, -4.67, 1.81, Forward
1761479921582, -0.19, -4.96, 1.78, Forward
1761479921638, -0.35, -4.64, 1.74, Forward
1761479921692, -0.41, -4.89, 1.77, Forward
1761479921739, -0.49, -5.07, 1.75, Forward
1761479921783, -0.47, -5.10, 1.73, Forward
1761479921846, -0.20, -4.75, 1.64, Forward
1761479921893, -0.01, -4.58, 1.63, Forward
1761479921941, 0.24, -4.34, 1.59, Forward
1761479921985, 0.50, -4.19, 1.54, Forward
1761479922031, 0.61, -4.26, 1.56, Forward
1761479922078, 0.68, -4.19, 1.61, Forward
1761479922125, 0.72, -4.60, 1.63, Forward
1761479922187, 0.69, -4.44, 1.59, Forward
1761479922237, 0.67, -4.40, 1.62, Forward
1761479922283, 0.68, -4.89, 1.73, Forward
1761479922329, 0.45, -5.53, 1.85, Forward
1761479922376, 0.26, -6.06, 1.93, Forward
1761479922423, 0.04, -6.73, 2.03, Forward
1761479922473, -0.17, -7.29, 2.14, Forward
1761479922516, -0.35, -7.37, 2.13, Forward
1761479922563, -0.48, -7.38, 2.11, Forward
1761479922608, -0.58, -7.74, 2.20, Forward
1761479922654, -0.70, -8.07, 2.26, Forward
1761479922704, -0.78, -8.32, 2.30, Forward
1761479922750, -0.89, -8.21, 2.26, Forward
1761479922794, -0.95, -8.14, 2.24, Forward
1761479922841, -1.01, -8.15, 2.23, Forward
1761479922888, -1.02, -8.21, 2.27, Forward
1761479922936, -1.15, -8.19, 2.28, Forward
1761479922980, -1.10, -8.15, 2.31, Forward
1761479923029, -1.07, -8.38, 2.35, Forward
1761479923075, -1.01, -8.32, 2.34, Forward
1761479923122, -0.94, -8.22, 2.33, Forward
1761479923173, -0.94, -8.16, 2.25, Forward
1761479923239, -0.82, -7.99, 2.17, Forward
1761479923294, -0.83, -7.83, 2.13, Forward
1761479923340, -0.84, -7.58, 2.06, Forward
1761479923388, -0.92, -7.25, 1.94, Forward
1761479923445, -0.90, -6.92, 1.86, Forward
1761479923496, -0.96, -6.70, 1.77, Forward
1761479923543, -0.94, -6.06, 1.64, Forward
1761479923589, -0.95, -5.59, 1.51, Forward
1761479923635, -0.84, -5.36, 1.43, Forward
1761479923682, -0.70, -5.06, 1.42, Forward
1761479923726, -0.75, -5.06, 1.40, Forward
1761479923783, -0.83, -4.80, 1.33, Forward
1761479923836, -0.93, -4.70, 1.29, Forward
1761479923882, -1.02, -4.63, 1.26, Forward
1761479923928, -1.01, -4.65, 1.22, Forward
1761479923976, -0.98, -4.65, 1.21, Forward
1761479924023, -1.09, -4.76, 1.24, Forward
1761479924071, -1.02, -4.83, 1.29, Forward
1761479924118, -1.12, -4.85, 1.33, Forward
1761479924166, -1.16, -5.21, 1.40, Forward
1761479924212, -1.14, -5.06, 1.41, Forward
1761479924257, -1.08, -5.00, 1.43, Forward
1761479924305, -1.01, -5.04, 1.47, Forward
1761479924355, -0.93, -5.07, 1.51, Forward
1761479924400, -0.91, -4.93, 1.55, Forward
1761479924455, -0.78, -4.70, 1.58, Forward
1761479924510, -0.57, -4.81, 1.63, Forward
1761479924556, -0.52, -4.48, 1.57, Forward
1761479924601, -0.52, -4.48, 1.60, Forward
1761479924649, -0.50, -4.19, 1.58, Forward
1761479924695, -0.49, -4.12, 1.63, Forward
1761479924743, -0.32, -4.38, 1.71, Forward
1761479924789, -0.16, -4.40, 1.69, Forward
1761479924836, -0.01, -4.35, 1.68, Forward
1761479924883, 0.28, -4.46, 1.69, Forward
1761479924929, 0.35, -4.54, 1.68, Forward
1761479924977, 0.39, -4.57, 1.68, Forward
1761479925024, 0.47, -4.75, 1.73, Forward
1761479925071, 0.49, -4.69, 1.74, Forward
1761479925117, 0.55, -4.87, 1.76, Forward
1761479925165, 0.58, -5.15, 1.82, Forward
1761479925210, 0.41, -5.25, 1.85, Forward
1761479925257, 0.32, -5.39, 1.93, Forward
1761479925305, 0.19, -5.68, 2.02, Forward
1761479925352, -0.09, -5.96, 2.10, Forward
1761479925398, -0.36, -6.34, 2.17, Forward
1761479925444, -0.53, -6.57, 2.26, Forward
1761479925489, -0.70, -7.12, 2.38, Forward
1761479925537, -0.77, -7.33, 2.40, Forward
1761479925585, -0.99, -7.53, 2.42, Forward
1761479925630, -1.15, -7.62, 2.37, Forward
1761479925676, -1.12, -7.60, 2.31, Forward
1761479925722, -1.20, -7.75, 2.33, Forward
1761479925786, -1.18, -7.62, 2.27, Forward
1761479925831, -1.27, -7.69, 2.25, Forward
1761479925877, -1.19, -7.45, 2.19, Forward
1761479925924, -1.21, -7.44, 2.14, Forward
1761479925971, -1.25, -7.09, 2.05, Forward
1761479926016, -1.20, -6.87, 2.01, Forward
1761479926062, -1.17, -6.87, 2.02, Forward
1761479926121, -1.07, -6.90, 2.07, Forward
1761479926174, -1.03, -6.96, 2.12, Forward
1761479926220, -0.97, -6.44, 2.06, Forward
1761479926267, -1.03, -6.41, 2.08, Forward
1761479926313, -0.96, -6.16, 2.05, Forward
1761479926361, -1.10, -6.35, 2.10, Forward
1761479926408, -1.08, -6.23, 2.07, Forward
1761479926457, -1.25, -6.03, 2.05, Forward
1761479926515, -1.50, -5.85, 2.02, Forward
1761479926559, -1.59, -5.52, 1.95, Forward
1761479926607, -1.71, -5.37, 1.92, Forward
1761479926654, -1.69, -5.28, 1.90, Forward
1761479926728, -1.62, -5.55, 1.87, Forward
1761479926779, -1.69, -5.62, 1.87, Forward
1761479926825, -1.73, -5.52, 1.84, Forward
1761479926874, -1.71, -5.48, 1.80, Forward
1761479926919, -1.66, -5.27, 1.72, Forward
1761479926969, -1.49, -5.35, 1.70, Forward
1761479927012, -1.33, -5.30, 1.69, Forward
1761479927059, -1.17, -5.55, 1.74, Forward
1761479927109, -1.15, -5.70, 1.74, Forward
1761479927156, -1.20, -5.52, 1.70, Forward
1761479927200, -1.44, -5.58, 1.72, Forward
1761479927246, -1.32, -5.43, 1.71, Forward
1761479927293, -1.44, -5.83, 1.79, Forward
1761479927339, -1.52, -5.60, 1.81, Forward
1761479927386, -1.63, -5.51, 1.88, Forward
1761479927434, -1.64, -5.49, 1.93, Forward
1761479927478, -1.57, -5.56, 1.98, Forward
1761479927525, -1.59, -5.38, 1.98, Forward
1761479927576, -1.48, -4.96, 1.96, Forward
1761479927635, -1.56, -5.28, 2.04, Forward
1761479927681, -1.52, -5.24, 2.06, Forward
1761479927726, -1.57, -5.15, 2.03, Forward
1761479927774, -1.45, -4.72, 1.96, Forward
1761479927823, -1.29, -4.56, 1.91, Forward
1761479927869, -1.32, -4.44, 1.87, Forward
1761479927916, -1.29, -4.40, 1.84, Forward
1761479927961, -1.29, -4.32, 1.82, Forward
1761479928007, -1.20, -4.10, 1.79, Forward
1761479928056, -1.22, -4.18, 1.76, Forward
1761479928101, -1.15, -4.01, 1.72, Forward
1761479928148, -0.98, -3.83, 1.68, Forward
1761479928192, -1.02, -3.94, 1.71, Forward
1761479928242, -0.96, -4.22, 1.74, Forward
1761479928286, -1.05, -4.68, 1.81, Forward
1761479928334, -0.97, -4.90, 1.86, Forward
1761479928392, -0.94, -5.05, 1.88, Forward
1761479928442, -0.93, -5.56, 1.96, Forward
1761479928490, -1.04, -6.02, 2.03, Forward
1761479928536, -1.09, -6.41, 2.13, Forward
1761479928584, -1.06, -6.58, 2.17, Forward
1761479928628, -1.12, -6.85, 2.24, Forward
1761479928676, -1.13, -6.97, 2.28, Forward
1761479928728, -1.23, -7.13, 2.30, Forward
1761479928785, -1.24, -7.24, 2.32, Forward
1761479928831, -1.37, -7.42, 2.33, Forward
1761479928879, -1.43, -7.61, 2.37, Forward
1761479928924, -1.49, -7.38, 2.37, Forward
1761479929000, -1.56, -7.36, 2.37, Forward
1761479929050, -1.53, -7.06, 2.33, Forward
1761479929095, -1.56, -6.89, 2.35, Forward
1761479929142, -1.57, -6.88, 2.39, Forward
1761479929189, -1.55, -6.97, 2.46, Forward
1761479929235, -1.54, -6.98, 2.55, Forward
1761479929283, -1.56, -6.89, 2.61, Forward
1761479929336, -1.54, -7.02, 2.68, Forward
1761479929392, -1.62, -7.08, 2.74, Forward
1761479929439, -1.66, -7.34, 2.83, Forward
1761479929481, -1.65, -7.41, 2.88, Forward
1761479929527, -1.71, -7.78, 2.98, Forward
1761479929593, -1.71, -7.70, 3.00, Forward
1761479929640, -1.73, -7.93, 3.03, Forward
1761479929684, -1.74, -7.79, 3.01, Forward
1761479929730, -1.74, -7.66, 2.98, Forward
1761479929777, -1.64, -7.63, 2.98, Forward
1761479929822, -1.55, -7.50, 2.98, Forward
1761479929867, -1.38, -7.37, 2.99, Forward
1761479929926, -1.20, -7.02, 2.92, Forward
1761479929977, -1.12, -6.86, 2.91, Forward
1761479930026, -1.05, -6.27, 2.84, Forward
1761479930072, -1.02, -6.20, 2.82, Forward
1761479930121, -0.99, -5.80, 2.77, Forward
1761479930163, -0.93, -5.67, 2.77, Forward
1761479930213, -0.84, -5.64, 2.74, Forward
1761479930261, -0.84, -5.58, 2.74, Forward
1761479930308, -0.84, -5.60, 2.74, Forward
1761479930354, -0.86, -5.44, 2.73, Forward
1761479930401, -0.91, -5.44, 2.76, Forward
1761479930448, -0.92, -5.47, 2.77, Forward
1761479930493, -0.94, -5.98, 2.82, Forward
1761479930539, -0.95, -6.03, 2.86, Forward
1761479930601, -0.92, -6.00, 2.91, Forward
1761479930649, -0.89, -5.92, 2.93, Forward
1761479930694, -0.96, -6.06, 3.00, Forward
1761479930740, -0.89, -5.71, 2.98, Forward
1761479930784, -0.85, -5.46, 2.98, Forward
1761479930835, -0.86, -5.43, 3.00, Forward
1761479930878, -0.85, -5.25, 3.01, Forward
1761479930936, -0.89, -5.40, 3.07, Forward
1761479930989, -0.83, -5.18, 3.09, Forward
1761479931037, -0.87, -5.40, 3.16, Forward
1761479931082, -0.95, -5.70, 3.22, Forward
1761479931127, -1.05, -6.12, 3.27, Forward
1761479931191, -1.11, -6.13, 3.28, Forward
1761479931238, -1.23, -6.70, 3.37, Forward
1761479931285, -1.32, -7.04, 3.41, Forward
1761479931329, -1.43, -7.49, 3.48, Forward
1761479931377, -1.57, -8.05, 3.54, Forward
1761479931426, -1.61, -8.07, 3.54, Forward
1761479931471, -1.73, -8.45, 3.61, Forward
1761479931526, -1.74, -8.61, 3.62, Forward
1761479931582, -1.76, -8.78, 3.64, Forward
1761479931625, -1.80, -9.03, 3.72, Forward
1761479931673, -1.72, -9.01, 3.73, Forward
1761479931720, -1.69, -8.71, 3.72, Forward
1761479931766, -1.67, -8.63, 3.73, Forward
1761479931815, -1.64, -8.64, 3.73, Forward
1761479931864, -1.61, -8.67, 3.74, Forward
1761479931910, -1.58, -8.67, 3.75, Forward
1761479931956, -1.54, -8.45, 3.69, Forward
1761479932001, -1.50, -8.20, 3.63, Forward
1761479932047, -1.52, -8.11, 3.61, Forward
1761479932092, -1.45, -8.02, 3.59, Forward
1761479932140, -1.47, -8.08, 3.62, Forward
1761479932205, -1.50, -8.46, 3.68, Forward
1761479932250, -1.53, -8.74, 3.74, Forward
1761479932297, -1.59, -8.85, 3.81, Forward
1761479932341, -1.64, -8.98, 3.87, Forward
1761479932392, -1.74, -9.07, 3.92, Forward
1761479932435, -1.79, -9.30, 4.03, Forward
1761479932481, -1.86, -9.63, 4.16, Forward
1761479932532, -1.92, -9.77, 4.21, Forward
1761479932591, -2.04, -9.80, 4.23, Forward
1761479932636, -2.13, -9.92, 4.26, Forward
1761479932682, -2.21, -9.95, 4.26, Forward
1761479932742, -2.29, -10.01, 4.27, Left
1761479932806, -2.33, -10.11, 4.29, Left
1761479932855, -2.36, -10.21, 4.32, Left
1761479932899, -2.31, -10.28, 4.34, Left
1761479932949, -2.36, -10.35, 4.35, Left
1761479932995, -2.30, -10.37, 4.32, Left
1761479933041, -2.25, -10.44, 4.37, Left
1761479933089, -2.09, -10.66, 4.42, Left
1761479933138, -2.04, -10.86, 4.48, Left
1761479933184, -1.96, -10.95, 4.50, Left
1761479933228, -1.86, -10.93, 4.50, Left
1761479933276, -1.76, -10.66, 4.42, Left
1761479933324, -1.68, -10.42, 4.38, Left
1761479933373, -1.66, -10.22, 4.36, Left
1761479933417, -1.57, -10.35, 4.38, Left
1761479933478, -1.62, -10.56, 4.43, Left
1761479933525, -1.60, -10.52, 4.38, Left
1761479933572, -1.72, -10.43, 4.35, Left
1761479933618, -1.68, -10.46, 4.29, Left
1761479933666, -1.66, -10.08, 4.21, Left
1761479933711, -1.62, -9.83, 4.18, Forward
1761479933758, -1.56, -9.67, 4.14, Forward
1761479933805, -1.56, -9.52, 4.06, Forward
1761479933853, -1.52, -9.42, 3.99, Forward
1761479933897, -1.56, -8.98, 3.89, Forward
1761479933943, -1.49, -8.53, 3.78, Forward
1761479933989, -1.51, -8.35, 3.74, Forward
1761479934037, -1.51, -7.99, 3.66, Forward
1761479934079, -1.44, -7.15, 3.57, Forward
1761479934135, -1.35, -7.18, 3.63, Forward
1761479934191, -1.32, -7.23, 3.63, Forward
1761479934239, -1.37, -7.43, 3.70, Forward
1761479934283, -1.34, -7.60, 3.76, Forward
1761479934348, -1.31, -7.89, 3.82, Forward
1761479934407, -1.28, -8.06, 3.89, Forward
1761479934457, -1.28, -8.07, 3.91, Forward
1761479934502, -1.22, -8.20, 3.94, Forward
1761479934547, -1.15, -8.43, 4.00, Forward
1761479934616, -1.12, -9.01, 4.09, Forward
1761479934673, -1.09, -9.02, 4.06, Forward
1761479934720, -1.04, -8.96, 4.06, Forward
1761479934764, -1.02, -8.87, 4.04, Forward
1761479934810, -0.91, -8.75, 4.02, Forward
1761479934860, -0.80, -8.48, 3.97, Forward
1761479934918, -0.81, -8.45, 3.96, Forward
1761479934966, -0.85, -8.61, 4.00, Forward
1761479935011, -0.86, -8.67, 4.01, Forward
1761479935061, -0.78, -8.43, 4.01, Forward
1761479935119, -0.86, -8.26, 4.01, Forward
1761479935165, -0.94, -8.35, 4.05, Forward
1761479935212, -1.07, -8.30, 4.13, Forward
1761479935274, -1.10, -8.22, 4.21, Forward
1761479935322, -1.22, -8.33, 4.29, Forward
1761479935369, -1.37, -8.57, 4.43, Forward
1761479935414, -1.34, -8.55, 4.54, Forward
1761479935478, -1.31, -8.58, 4.64, Forward
1761479935525, -1.28, -8.56, 4.74, Forward
1761479935571, -1.36, -8.74, 4.86, Forward
1761479935616, -1.33, -8.92, 4.97, Forward
1761479935661, -1.32, -8.90, 5.05, Forward
1761479935712, -1.30, -9.07, 5.08, Forward
1761479935757, -1.33, -9.19, 5.06, Forward
1761479935818, -1.34, -9.15, 5.05, Forward
1761479935863, -1.33, -9.02, 4.99, Forward
1761479935913, -1.39, -9.20, 4.97, Forward
1761479935960, -1.48, -9.31, 4.94, Forward
1761479936006, -1.56, -9.26, 4.91, Forward
1761479936051, -1.57, -9.19, 4.86, Forward
1761479936095, -1.62, -9.09, 4.78, Forward
1761479936155, -1.65, -9.13, 4.75, Forward
1761479936208, -1.65, -9.12, 4.75, Forward
1761479936256, -1.57, -9.06, 4.76, Forward
1761479936304, -1.49, -9.01, 4.76, Forward
1761479936347, -1.40, -9.01, 4.76, Forward
1761479936392, -1.33, -9.00, 4.79, Forward
1761479936441, -1.25, -8.91, 4.79, Forward
1761479936500, -1.18, -8.89, 4.80, Forward
1761479936545, -1.17, -9.06, 4.82, Forward
1761479936593, -1.13, -9.25, 4.89, Forward
1761479936639, -1.11, -9.46, 4.92, Forward
1761479936685, -1.13, -9.75, 4.96, Forward
1761479936743, -1.18, -10.16, 5.03, Left
1761479936809, -1.25, -10.54, 5.11, Left
1761479936859, -1.31, -10.90, 5.18, Left
1761479936903, -1.34, -11.07, 5.22, Left
1761479936949, -1.44, -11.30, 5.24, Left
1761479936996, -1.56, -11.67, 5.28, Left
1761479937041, -1.64, -11.85, 5.31, Left
1761479937086, -1.77, -12.17, 5.31, Left
1761479937134, -1.87, -12.26, 5.27, Left
1761479937180, -1.87, -12.23, 5.27, Left
1761479937225, -1.88, -11.92, 5.17, Left
1761479937275, -1.92, -11.94, 5.14, Left
1761479937321, -1.96, -11.93, 5.09, Left
1761479937365, -1.96, -11.77, 5.01, Left
1761479937419, -1.89, -11.63, 4.97, Left
1761479937476, -1.74, -11.37, 4.89, Left
1761479937525, -1.69, -11.32, 4.84, Left
1761479937570, -1.62, -11.11, 4.82, Left
1761479937618, -1.52, -11.01, 4.79, Left
1761479937664, -1.57, -11.02, 4.73, Left
1761479937711, -1.63, -11.29, 4.75, Left
1761479937759, -1.67, -11.17, 4.73, Left
1761479937806, -1.74, -11.22, 4.73, Left
1761479937852, -1.85, -11.42, 4.76, Left
1761479937896, -1.95, -11.58, 4.78, Left
1761479937944, -2.10, -11.72, 4.76, Left
1761479938023, -2.13, -11.55, 4.71, Left
1761479938068, -2.18, -11.52, 4.67, Left
1761479938115, -2.28, -11.59, 4.68, Left
1761479938160, -2.27, -11.32, 4.65, Left
1761479938209, -2.24, -11.27, 4.67, Left
1761479938258, -2.28, -11.24, 4.66, Left
1761479938303, -2.24, -10.95, 4.63, Left
1761479938348, -2.20, -10.57, 4.57, Left
1761479938394, -2.22, -10.44, 4.57, Left
1761479938443, -2.21, -10.26, 4.56, Left
1761479938488, -2.20, -10.04, 4.54, Left
1761479938537, -2.25, -9.97, 4.54, Forward
1761479938580, -2.31, -9.92, 4.53, Forward
1761479938625, -2.39, -10.10, 4.54, Left
1761479938678, -2.41, -9.89, 4.51, Forward
1761479938736, -2.45, -9.81, 4.48, Forward
1761479938781, -2.46, -9.66, 4.44, Forward
1761479938828, -2.48, -9.59, 4.41, Forward
1761479938877, -2.48, -9.39, 4.34, Forward
1761479938924, -2.47, -9.36, 4.33, Forward
1761479938973, -2.40, -9.40, 4.33, Forward
1761479939017, -2.36, -9.15, 4.29, Forward
1761479939065, -2.20, -8.87, 4.27, Forward
1761479939110, -2.12, -8.67, 4.23, Forward
1761479939157, -2.09, -8.50, 4.19, Forward
1761479939204, -2.02, -8.38, 4.17, Forward
1761479939250, -1.93, -8.34, 4.17, Forward
1761479939296, -1.92, -8.39, 4.18, Forward
1761479939353, -1.89, -8.26, 4.17, Forward
1761479939405, -1.90, -8.08, 4.15, Forward
1761479939451, -2.03, -8.39, 4.21, Forward
1761479939495, -2.04, -8.68, 4.25, Forward
1761479939545, -2.13, -8.72, 4.25, Forward
1761479939592, -2.17, -8.81, 4.30, Forward
1761479939637, -2.22, -8.88, 4.32, Forward
1761479939690, -2.19, -9.04, 4.35, Forward
1761479939746, -2.20, -9.03, 4.35, Forward
1761479939793, -2.18, -9.24, 4.36, Forward
1761479939840, -2.19, -9.61, 4.41, Forward
1761479939885, -2.13, -9.91, 4.46, Forward
1761479939932, -2.08, -9.84, 4.44, Forward
1761479939978, -2.01, -9.79, 4.44, Forward
1761479940024, -1.98, -10.03, 4.46, Left
1761479940071, -1.92, -10.15, 4.46, Left
1761479940117, -1.87, -10.43, 4.50, Left
1761479940162, -1.84, -10.52, 4.51, Left
1761479940209, -1.86, -10.87, 4.56, Left
1761479940256, -1.82, -10.90, 4.59, Left
1761479940303, -1.75, -10.82, 4.59, Left
1761479940359, -1.75, -10.82, 4.59, Left
1761479940411, -1.64, -10.80, 4.60, Left
1761479940457, -1.68, -10.71, 4.59, Left
1761479940506, -1.69, -10.66, 4.60, Left
1761479940551, -1.62, -10.58, 4.61, Left
1761479940597, -1.62, -10.53, 4.62, Left
1761479940642, -1.54, -10.23, 4.62, Left
1761479940696, -1.54, -9.96, 4.63, Forward
1761479940753, -1.55, -9.70, 4.64, Forward
1761479940799, -1.55, -9.50, 4.64, Forward
1761479940846, -1.55, -9.31, 4.64, Forward
1761479940892, -1.61, -9.18, 4.64, Forward
1761479940952, -1.66, -9.10, 4.64, Forward
1761479941002, -1.75, -8.97, 4.62, Forward
1761479941047, -1.86, -8.97, 4.62, Forward
1761479941094, -1.97, -8.97, 4.63, Forward
1761479941143, -2.14, -9.12, 4.62, Forward
1761479941188, -2.14, -9.18, 4.60, Forward
1761479941236, -2.27, -9.56, 4.62, Forward
1761479941288, -2.31, -9.56, 4.63, Forward
1761479941343, -2.32, -9.48, 4.62, Forward
1761479941391, -2.39, -9.70, 4.64, Forward
1761479941436, -2.30, -9.54, 4.64, Forward
1761479941485, -2.26, -9.77, 4.69, Forward
1761479941532, -2.27, -9.92, 4.69, Forward
1761479941577, -2.16, -9.59, 4.66, Forward
1761479941624, -2.11, -9.47, 4.70, Forward
1761479941672, -2.11, -9.36, 4.71, Forward
1761479941717, -2.02, -9.20, 4.73, Forward
1761479941763, -2.03, -9.34, 4.76, Forward
1761479941812, -2.11, -9.67, 4.83, Forward
1761479941860, -2.14, -9.67, 4.87, Forward
1761479941904, -2.14, -10.20, 4.96, Left
1761479941959, -2.08, -10.19, 5.03, Left
1761479942011, -2.01, -10.24, 5.09, Left
1761479942059, -2.04, -10.76, 5.16, Left
1761479942107, -1.96, -11.18, 5.18, Left
1761479942151, -1.88, -11.43, 5.19, Left
1761479942199, -1.77, -11.34, 5.17, Left
1761479942245, -1.63, -11.33, 5.13, Left
1761479942299, -1.47, -11.23, 5.06, Left
1761479942354, -1.30, -11.13, 5.00, Left
1761479942403, -1.20, -10.83, 4.95, Left
1761479942447, -1.13, -10.69, 4.88, Left
1761479942495, -1.04, -10.43, 4.77, Left
1761479942569, -0.91, -10.24, 4.71, Left
1761479942622, -0.87, -10.06, 4.65, Left
1761479942668, -0.86, -10.09, 4.64, Left
1761479942715, -0.85, -10.18, 4.62, Left
1761479942760, -0.85, -10.22, 4.62, Left
1761479942810, -0.85, -10.23, 4.62, Left
1761479942855, -0.85, -10.23, 4.62, Left
1761479942903, -0.83, -10.18, 4.57, Left
1761479942953, -0.80, -10.12, 4.52, Left
1761479942997, -0.80, -10.12, 4.52, Left
1761479943044, -0.80, -10.12, 4.52, Left
1761479943092, -0.78, -9.97, 4.48, Forward
1761479943141, -0.77, -9.82, 4.44, Forward
1761479943186, -0.85, -10.03, 4.42, Left
1761479943231, -0.95, -10.28, 4.41, Left
1761479943278, -1.04, -10.52, 4.40, Left
1761479943325, -1.14, -10.70, 4.40, Left
1761479943369, -1.26, -10.99, 4.43, Left
1761479943419, -1.35, -11.17, 4.46, Left
1761479943464, -1.43, -11.39, 4.48, Left
1761479943512, -1.49, -11.45, 4.47, Left
1761479943561, -1.66, -11.71, 4.51, Left
1761479943604, -1.82, -11.96, 4.55, Left
1761479943650, -1.87, -11.83, 4.56, Left
1761479943695, -1.90, -11.68, 4.55, Left
1761479943743, -1.91, -11.53, 4.59, Left
1761479943789, -1.96, -11.53, 4.64, Left
1761479943834, -1.95, -11.47, 4.69, Left
1761479943893, -1.99, -11.33, 4.72, Left
1761479943944, -2.00, -11.04, 4.73, Left
1761479943991, -2.00, -10.72, 4.74, Left
1761479944037, -1.94, -10.49, 4.79, Left
1761479944083, -1.89, -9.96, 4.79, Forward
1761479944127, -1.89, -9.93, 4.86, Forward
1761479944176, -1.82, -9.56, 4.87, Forward
1761479944230, -1.83, -9.30, 4.86, Forward
1761479944284, -1.80, -8.94, 4.83, Forward
1761479944333, -1.86, -8.63, 4.79, Forward
1761479944377, -1.96, -8.62, 4.80, Forward
1761479944425, -2.02, -8.65, 4.82, Forward
1761479944471, -2.12, -8.86, 4.87, Forward
1761479944515, -2.22, -8.98, 4.87, Forward
1761479944571, -2.35, -9.63, 4.92, Forward
1761479944624, -2.43, -9.83, 4.92, Forward
1761479944671, -2.55, -10.17, 4.96, Left
1761479944717, -2.63, -10.42, 4.98, Left
1761479944765, -2.59, -10.06, 4.96, Left
1761479944812, -2.59, -9.86, 4.95, Forward
1761479944858, -2.56, -9.77, 4.97, Forward
1761479944906, -2.53, -9.80, 4.98, Forward
1761479944955, -2.56, -9.75, 4.95, Forward
1761479945001, -2.53, -9.63, 4.96, Forward
1761479945045, -2.49, -9.30, 4.94, Forward
1761479945093, -2.45, -8.98, 4.93, Forward
1761479945141, -2.40, -8.69, 4.90, Forward
1761479945186, -2.35, -8.62, 4.90, Forward
1761479945239, -2.43, -9.03, 4.90, Forward
1761479945295, -2.41, -9.30, 4.90, Forward
1761479945346, -2.36, -9.30, 4.88, Forward
1761479945392, -2.41, -9.35, 4.90, Forward
1761479945437, -2.38, -9.34, 4.91, Forward
1761479945495, -2.35, -9.19, 4.85, Forward
1761479945545, -2.35, -9.40, 4.86, Forward
1761479945591, -2.35, -9.54, 4.88, Forward
1761479945638, -2.38, -9.68, 4.91, Forward
1761479945685, -2.41, -9.54, 4.90, Forward
1761479945730, -2.34, -9.51, 4.94, Forward
1761479945777, -2.31, -9.61, 5.02, Forward
1761479945831, -2.37, -9.83, 5.04, Forward
1761479945888, -2.49, -9.94, 5.05, Forward
1761479945935, -2.51, -9.95, 5.00, Forward
1761479945982, -2.62, -10.27, 5.01, Left
1761479946029, -2.68, -10.18, 4.97, Left
1761479946077, -2.69, -10.16, 4.94, Left
1761479946123, -2.73, -10.04, 4.97, Left
1761479946171, -2.80, -10.29, 5.07, Left
1761479946219, -2.94, -10.31, 5.10, Left
1761479946265, -3.03, -10.39, 5.11, Left
1761479946310, -3.09, -10.51, 5.18, Left
1761479946359, -3.03, -10.53, 5.21, Left
1761479946406, -3.14, -11.03, 5.34, Left
1761479946452, -3.23, -11.44, 5.46, Left
1761479946501, -3.26, -11.97, 5.59, Left
1761479946545, -3.31, -12.42, 5.67, Left
1761479946590, -3.24, -12.85, 5.68, Left
1761479946636, -3.27, -13.24, 5.68, Left
1761479946708, -3.27, -13.78, 5.70, Left
1761479946761, -3.25, -14.14, 5.69, Left
1761479946808, -3.33, -14.46, 5.68, Left
1761479946853, -3.30, -14.94, 5.71, Left
1761479946899, -3.25, -15.11, 5.70, Left
1761479946949, -3.14, -15.08, 5.69, Left
1761479946993, -3.12, -14.94, 5.66, Left
1761479947049, -3.12, -14.91, 5.66, Left
1761479947107, -3.18, -15.01, 5.66, Left
1761479947152, -3.13, -14.97, 5.65, Left
1761479947198, -3.13, -14.91, 5.64, Left
1761479947244, -3.10, -14.88, 5.62, Left
1761479947292, -2.99, -14.70, 5.57, Left
1761479947340, -2.98, -14.49, 5.48, Left
1761479947385, -2.97, -14.17, 5.35, Left
1761479947433, -2.97, -14.03, 5.23, Left
1761479947479, -2.88, -13.72, 5.08, Left
1761479947526, -2.82, -13.56, 4.94, Left
1761479947571, -2.89, -13.56, 4.86, Left
1761479947617, -2.87, -13.39, 4.75, Left
1761479947660, -2.94, -13.38, 4.68, Left
1761479947709, -3.01, -13.51, 4.65, Left
1761479947770, -3.08, -13.56, 4.55, Left
1761479947817, -3.11, -13.59, 4.49, Left
1761479947861, -3.09, -13.67, 4.48, Left
1761479947909, -3.05, -13.34, 4.44, Left
1761479947958, -3.12, -13.48, 4.45, Left
1761479948003, -3.21, -13.50, 4.44, Left
1761479948049, -3.22, -13.74, 4.46, Left
1761479948108, -3.32, -14.19, 4.44, Left
1761479948159, -3.35, -14.60, 4.41, Left
1761479948208, -3.44, -14.82, 4.36, Left
1761479948252, -3.28, -14.84, 4.36, Left
1761479948312, -3.29, -14.85, 4.35, Left
1761479948359, -3.19, -14.65, 4.30, Left
1761479948406, -3.34, -15.12, 4.31, Left
1761479948453, -3.44, -15.27, 4.30, Left
1761479948499, -3.43, -15.36, 4.29, Left
1761479948549, -3.32, -14.94, 4.17, Left
1761479948593, -3.23, -14.56, 4.11, Left
1761479948647, -3.27, -14.28, 4.06, Left
1761479948702, -3.26, -14.04, 4.05, Left
1761479948748, -3.36, -13.98, 4.01, Left
1761479948792, -3.37, -13.95, 3.98, Left
1761479948839, -3.57, -14.04, 3.98, Left
1761479948886, -3.52, -13.99, 3.95, Left
1761479948931, -3.40, -13.77, 3.90, Left
1761479948986, -3.43, -13.50, 3.84, Left
1761479949042, -3.53, -13.54, 3.82, Left
1761479949087, -3.52, -13.28, 3.77, Left
1761479949133, -3.47, -12.94, 3.71, Left
1761479949179, -3.43, -12.42, 3.57, Left
1761479949227, -3.45, -12.07, 3.46, Left
1761479949276, -3.45, -11.67, 3.37, Left
1761479949319, -3.41, -11.20, 3.27, Left
1761479949365, -3.36, -10.80, 3.20, Left
1761479949413, -3.39, -10.56, 3.14, Left
1761479949459, -3.40, -10.49, 3.11, Left
1761479949507, -3.35, -10.54, 3.12, Left
1761479949551, -3.39, -10.71, 3.14, Left
1761479949601, -3.34, -10.86, 3.17, Left
1761479949645, -3.32, -11.03, 3.30, Left
1761479949694, -3.30, -11.23, 3.39, Left
1761479949741, -3.30, -11.28, 3.47, Left
1761479949786, -3.24, -11.50, 3.58, Left
1761479949829, -3.25, -11.44, 3.62, Left
1761479949877, -3.15, -11.40, 3.69, Left
1761479949924, -3.05, -10.94, 3.69, Left
1761479949975, -3.02, -10.37, 3.68, Left
1761479950059, -2.90, -9.95, 3.68, Forward
1761479950111, -2.78, -9.54, 3.67, Forward
1761479950159, -2.66, -9.24, 3.62, Forward
1761479950204, -2.60, -8.68, 3.62, Forward
1761479950250, -2.66, -8.29, 3.59, Forward
1761479950296, -2.62, -8.01, 3.57, Forward
1761479950344, -2.47, -7.66, 3.55, Forward
1761479950390, -2.60, -7.64, 3.59, Forward
1761479950438, -2.68, -7.66, 3.66, Forward
1761479950483, -2.62, -7.78, 3.73, Forward
1761479950528, -2.74, -7.56, 3.73, Forward
1761479950584, -2.78, -7.16, 3.66, Forward
1761479950639, -2.90, -6.93, 3.65, Forward
1761479950686, -3.08, -7.01, 3.63, Forward
1761479950732, -2.98, -7.04, 3.63, Forward
1761479950777, -3.06, -7.14, 3.61, Forward
1761479950859, -3.20, -7.05, 3.63, Forward
1761479950903, -3.17, -6.82, 3.59, Forward
1761479950952, -3.11, -6.63, 3.54, Forward
1761479950996, -3.20, -6.42, 3.51, Forward
1761479951041, -3.20, -6.23, 3.51, Forward
1761479951088, -3.33, -6.33, 3.59, Forward
1761479951135, -3.30, -6.30, 3.65, Forward
1761479951189, -3.30, -6.26, 3.71, Forward
1761479951246, -3.37, -6.18, 3.77, Forward
1761479951292, -3.35, -5.78, 3.79, Forward
1761479951337, -3.42, -5.99, 3.86, Forward
1761479951383, -3.37, -5.90, 3.94, Forward
1761479951445, -3.43, -6.21, 4.07, Forward
1761479951493, -3.40, -6.13, 4.12, Forward
1761479951537, -3.34, -6.29, 4.18, Forward
1761479951585, -3.21, -6.36, 4.28, Forward
1761479951630, -3.19, -6.52, 4.35, Forward
1761479951677, -3.03, -6.48, 4.39, Forward
1761479951726, -2.97, -6.50, 4.46, Forward
1761479951783, -3.00, -6.73, 4.58, Forward
1761479951832, -2.96, -6.72, 4.66, Forward
1761479951881, -2.92, -6.87, 4.72, Forward
1761479951926, -2.81, -6.88, 4.76, Forward
1761479951974, -2.80, -7.09, 4.83, Forward
1761479952020, -2.76, -7.27, 4.94, Forward
1761479952065, -2.74, -7.44, 5.01, Forward
1761479952119, -2.70, -7.62, 5.08, Forward
1761479952178, -2.68, -7.90, 5.17, Forward
1761479952221, -2.64, -8.36, 5.29, Forward
1761479952270, -2.50, -8.39, 5.32, Forward
1761479952316, -2.38, -8.72, 5.37, Forward
1761479952363, -2.35, -8.85, 5.41, Forward
1761479952410, -2.48, -8.58, 5.48, Forward
1761479952456, -2.48, -8.43, 5.58, Forward
1761479952502, -2.66, -8.25, 5.62, Forward
1761479952549, -2.48, -8.36, 5.63, Forward
1761479952594, -2.39, -8.17, 5.65, Forward
1761479952643, -2.23, -8.74, 5.74, Forward
1761479952690, -2.26, -8.98, 5.76, Forward
1761479952736, -2.56, -10.80, 6.00, Left
1761479952792, -2.39, -12.53, 6.37, Left
1761479952845, -2.44, -14.37, 6.79, Left
1761479952892, -2.18, -17.03, 7.27, Left
1761479952940, -2.09, -19.69, 7.71, Left
1761479952986, 1.49, -12.13, 4.70, Left
1761479953117, 3.88, -18.76, -11.07, Left
1761479953176, -4.82, -11.81, -3.89, Left
1761479953223, -3.93, -17.84, -20.72, Left
1761480021493, -4.78, -17.27, -21.30, Left
1761480021537, -5.12, -14.90, -21.96, Left
1761480021585, -5.07, -10.94, -23.17, Left
1761480021642, -5.34, -7.84, -24.44, Forward
1761480021695, -5.27, -4.63, -25.57, Forward
1761480021740, -5.56, -2.20, -26.81, Forward
1761480021787, -9.02, -9.39, -24.62, Forward
1761480021833, -11.71, -2.17, -9.76, Down
1761480021898, -3.19, -7.25, -18.03, Forward
1761480021945, -4.50, 0.54, -2.24, Forward
1761480021993, -4.08, 2.11, -2.69, Forward
1761480022039, -3.87, 2.29, -3.13, Forward
1761480022086, -4.49, 1.05, -3.16, Forward
1761480022132, -4.78, 1.44, -3.20, Forward
1761480022175, -5.54, 2.38, -3.39, Forward
1761480022237, -6.02, 3.99, -3.38, Forward
1761480022288, -6.69, 5.31, -3.30, Forward
1761480022334, -7.19, 6.26, -2.99, Forward
1761480022382, -7.71, 4.42, -2.27, Forward
1761480022442, -8.06, 3.41, -1.59, Forward
1761480022509, -8.32, 1.78, -0.86, Forward
1761480022551, -8.42, 1.08, -0.19, Forward
1761480022598, -8.68, 0.24, 0.47, Forward
1761480022646, -8.72, -1.37, 1.14, Forward
1761480022696, -8.89, -3.09, 1.72, Forward
1761480022744, -8.67, -3.37, 2.13, Forward
1761480022789, -8.51, -3.79, 2.57, Forward
1761480022838, -8.57, -4.99, 2.97, Forward
1761480022884, -8.43, -3.89, 3.03, Forward
1761480022931, -8.22, -2.39, 2.98, Forward
1761480022977, -7.97, -1.10, 2.87, Forward
1761480023023, -7.89, 0.22, 2.75, Forward
1761480023071, -7.69, 1.37, 2.66, Forward
1761480023114, -7.12, 0.46, 2.85, Forward
1761480023163, -6.46, -0.44, 2.98, Forward
1761480023208, -5.94, -3.14, 3.28, Forward
1761480023254, -5.36, -5.68, 3.52, Forward
1761480023301, -4.71, -7.10, 3.61, Forward
1761480023349, -4.15, -9.28, 3.76, Forward
1761480023397, -3.83, -12.11, 3.94, Left
1761480023439, -3.25, -14.13, 3.98, Left
1761480023499, -2.73, -16.02, 3.94, Left
1761480023549, -2.20, -17.38, 3.81, Left
1761480023595, -2.09, -16.65, 3.36, Left
1761480023644, -1.95, -15.91, 3.04, Left
1761480023689, -1.88, -14.50, 2.61, Left
1761480023737, -1.96, -13.91, 2.24, Left
1761480023783, -1.88, -12.65, 1.97, Left
1761480023834, -2.00, -11.73, 1.76, Left
1761480023878, -2.06, -10.89, 1.58, Left
1761480023924, -2.22, -10.52, 1.57, Left
1761480023972, -2.45, -10.07, 1.61, Left
1761480024018, -2.70, -9.82, 1.70, Forward
1761480024064, -2.87, -9.13, 1.79, Forward
1761480024110, -3.17, -9.30, 2.02, Forward
1761480024170, -3.46, -9.53, 2.28, Forward
1761480024221, -3.63, -9.15, 2.49, Forward
1761480024268, -3.98, -9.14, 2.64, Forward
1761480024315, -4.08, -8.91, 2.74, Forward
1761480024361, -4.06, -8.36, 2.83, Forward
1761480024406, -4.20, -8.63, 3.00, Forward
1761480024452, -4.37, -9.31, 3.22, Forward
1761480024506, -4.57, -9.81, 3.44, Forward
1761480024563, -4.67, -10.81, 3.69, Left
1761480024611, -4.77, -11.19, 3.71, Left
1761480024658, -4.88, -11.42, 3.73, Left
1761480024715, -5.00, -11.73, 3.78, Left
1761480024768, -5.02, -12.24, 3.86, Left
1761480024816, -5.08, -10.95, 3.76, Left
1761480024863, -5.30, -9.69, 3.68, Forward
1761480024906, -5.48, -7.26, 3.58, Forward
1761480024954, -5.50, -4.46, 3.50, Forward
1761480025002, -5.59, -1.89, 3.49, Forward
1761480025053, -5.80, 0.55, 3.50, Forward
1761480025108, -5.84, 3.07, 3.54, Forward
1761480025156, -6.00, 5.59, 3.57, Forward
1761480025202, -6.00, 8.02, 3.53, Forward
1761480025250, -6.07, 10.30, 3.52, Right
1761480025297, -6.27, 10.72, 3.74, Right
1761480025343, -6.39, 10.94, 3.88, Right
1761480025390, -6.59, 10.01, 4.07, Right
1761480025437, -6.68, 8.38, 4.26, Forward
1761480025484, -6.89, 6.22, 4.40, Forward
1761480025530, -7.13, 4.42, 4.52, Forward
1761480025575, -7.52, 2.18, 4.67, Forward
1761480025623, -7.75, -0.46, 4.83, Forward
1761480025668, -8.22, -2.85, 5.00, Forward
1761480025716, -9.92, -6.37, -13.20, Forward
1761480025791, -11.93, -10.44, 4.45, Left
1761480025842, -14.06, -14.09, 22.12, Left
1761480025891, -15.96, -16.90, 39.73, Left
1761480025936, -18.07, -20.02, 57.25, Left
1761480025981, -19.90, -22.86, 74.62, Left
1761480026030, -21.77, -25.85, 91.97, Left
1761480026078, -23.78, -28.56, 109.22, Left
1761480026126, -24.46, -29.45, 109.31, Left
1761480026171, -26.54, -32.29, 126.71, Left
1761480026218, -27.25, -33.79, 162.45, Left
1761480026265, -28.12, -34.63, 162.25, Left
1761480026312, -28.92, -36.02, 162.01, Left
1761480026359, -29.73, -37.43, 161.71, Left
1761480026405, -31.06, -38.04, 161.40, Left
1761480026450, -31.97, -38.56, 161.22, Left
1761480026498, -33.10, -39.30, 160.98, Left
1761480026544, -33.99, -40.11, 160.89, Left
1761480026589, -36.29, -42.50, 178.04, Left
1761480026650, -37.28, -43.07, 177.87, Left
1761480026701, -38.42, -43.62, 177.74, Left
1761480026746, -39.31, -44.61, 177.44, Left
1761480026793, -40.30, -45.28, 177.10, Left
1761480026840, -38.94, -43.30, 160.08, Left
1761480026888, -37.00, -41.40, 143.07, Left
1761480026933, -35.84, -38.98, 126.05, Left
1761480026989, -36.66, -39.46, 125.81, Left
1761480027043, -37.82, -39.93, 125.37, Left
1761480027092, -38.69, -40.26, 124.91, Left
1761480027138, -39.53, -40.70, 124.32, Left
1761480027185, -40.41, -41.06, 123.74, Left
1761480027242, -40.89, -41.13, 123.37, Left
1761480027293, -41.27, -41.24, 123.08, Left
1761480027339, -44.12, -44.15, 139.44, Left
1761480027385, -46.99, -47.01, 155.81, Left
1761480027431, -49.54, -50.22, 172.12, Left
1761480027476, -49.76, -50.36, 171.81, Left
1761480027523, -49.63, -50.12, 171.67, Left
1761480027575, -49.44, -49.85, 171.64, Left
1761480027632, -49.22, -49.49, 171.75, Left
1761480027680, -48.84, -49.29, 171.83, Left
1761480027725, -48.68, -49.11, 171.96, Left
1761480027774, -48.35, -48.70, 172.25, Left
1761480027818, -48.00, -48.17, 172.63, Left
1761480027866, -47.25, -47.51, 173.16, Left
1761480027913, -44.36, -43.74, 156.83, Left
1761480027961, -41.53, -39.95, 140.39, Left
1761480028008, -38.71, -36.29, 123.93, Left
1761480028055, -36.17, -32.87, 107.28, Left
1761480028101, -33.57, -29.30, 90.57, Left
1761480028149, -30.96, -25.72, 73.81, Left
1761480028193, -30.51, -25.14, 73.99, Left
1761480028254, -27.99, -21.85, 57.09, Left
1761480028301, -27.61, -21.57, 57.05, Left
1761480028349, -25.48, -18.54, 39.92, Left
1761480028396, -25.51, -18.53, 39.72, Left
1761480028444, -27.83, -21.55, 56.34, Left
1761480028491, -30.03, -24.54, 73.00, Left
1761480028538, -32.19, -27.78, 89.58, Left
1761480028588, -33.11, -29.28, 107.03, Left
1761480028632, -35.18, -32.60, 123.72, Left
1761480028678, -34.96, -32.72, 123.48, Left
1761480028722, -37.07, -35.75, 140.20, Left
1761480028771, -37.04, -35.96, 139.90, Left
1761480028817, -39.12, -39.13, 156.53, Left
1761480028865, -38.99, -39.34, 156.30, Left
1761480028927, -36.63, -36.52, 139.30, Left
1761480028978, -34.45, -33.83, 122.23, Left
1761480029026, -32.32, -30.89, 105.32, Left
1761480029072, -31.36, -29.78, 87.59, Left
1761480029116, -29.26, -26.89, 70.69, Left
1761480029198, -27.29, -24.14, 53.68, Left
1761480029244, -25.20, -21.08, 36.59, Left
1761480029291, -22.98, -18.17, 19.70, Left
1761480029338, -20.80, -15.23, 2.83, Left
1761480029382, -20.73, -15.30, 2.79, Left
1761480029431, -20.69, -15.35, 2.72, Left
1761480029478, -20.65, -15.19, 2.66, Left
1761480029523, -20.58, -14.98, 2.58, Left
1761480029571, -20.55, -14.97, 2.58, Left
1761480029616, -22.22, -16.95, 19.82, Left
1761480029662, -22.37, -16.50, 19.76, Left
1761480029710, -23.63, -18.56, 37.26, Left
1761480029757, -24.85, -20.77, 54.57, Left
1761480029804, -26.16, -22.38, 72.05, Left
1761480029850, -26.48, -21.44, 72.02, Left
1761480029899, -27.88, -22.78, 89.57, Left
1761480029946, -28.15, -21.81, 89.56, Left
1761480029993, -28.40, -20.85, 89.48, Left
1761480030040, -28.69, -19.83, 89.42, Left
1761480030088, -27.36, -16.73, 72.03, Left
1761480030134, -27.34, -16.14, 72.07, Left
1761480030185, -26.19, -13.13, 54.56, Left
1761480030240, -25.18, -9.61, 37.13, Down
1761480030289, -23.99, -6.86, 19.55, Down
1761480030332, -23.92, -6.65, 19.51, Down
1761480030381, -22.68, -4.06, 1.84, Down
1761480030428, -22.53, -3.98, 1.76, Down
1761480030470, -22.58, -4.45, 1.81, Down
1761480030524, -22.56, -5.13, 1.82, Down
1761480030582, -22.44, -5.88, 1.89, Down
1761480030629, -22.48, -6.52, 1.87, Down
1761480030677, -22.47, -7.31, 1.89, Down
1761480030724, -22.49, -8.11, 1.98, Down
1761480030767, -22.57, -8.81, 2.03, Down
1761480030817, -22.61, -9.66, 2.12, Down
1761480030863, -22.69, -10.61, 2.22, Left
1761480030909, -22.76, -11.50, 2.29, Left
1761480030958, -22.69, -11.97, 2.33, Left
1761480031001, -22.62, -12.12, 2.29, Left
1761480031051, -22.55, -12.45, 2.35, Left
1761480031099, -22.50, -12.75, 2.40, Left
1761480031143, -22.49, -12.90, 2.41, Left
1761480031191, -24.46, -15.54, 19.56, Left
1761480031236, -26.35, -18.18, 36.71, Left
1761480031282, -26.41, -18.21, 36.70, Left
1761480031327, -26.38, -18.23, 36.74, Left
1761480031376, -26.39, -18.37, 36.77, Left
1761480031423, -26.36, -18.27, 36.76, Left
1761480031467, -28.15, -20.74, 53.84, Left
1761480031533, -28.18, -20.44, 53.70, Left
1761480031578, -28.28, -20.15, 53.56, Left
1761480031624, -28.26, -20.07, 53.51, Left
1761480031670, -26.30, -17.61, 36.31, Left
1761480031717, -24.34, -15.11, 19.14, Left
1761480031764, -24.22, -15.15, 19.13, Left
1761480031811, -24.18, -15.27, 19.08, Left
1761480031864, -24.09, -15.24, 19.05, Left
1761480031918, -24.05, -15.23, 19.01, Left
1761480031965, -22.24, -12.74, 1.90, Left
1761480032011, -22.20, -12.91, 1.95, Left
1761480032056, -22.10, -13.08, 1.99, Left
1761480032103, -22.08, -13.15, 2.01, Left
1761480032150, -22.23, -12.97, 1.90, Left
1761480032198, -22.16, -13.07, 1.87, Left
1761480032256, -22.17, -13.12, 1.83, Left
1761480032303, -23.66, -15.68, 18.98, Left
1761480032350, -25.05, -18.37, 36.13, Left
1761480032397, -26.47, -20.99, 53.36, Left
1761480032463, -27.63, -23.67, 70.64, Left
1761480032504, -28.79, -26.35, 87.87, Left
1761480032554, -29.94, -28.74, 105.17, Left
1761480032600, -30.98, -31.30, 122.47, Left
1761480032648, -31.84, -34.24, 139.88, Left
1761480032695, -32.96, -36.80, 157.20, Left
1761480032744, -33.83, -39.47, 174.50, Left
1761480032797, -33.35, -39.17, 174.69, Left
1761480032853, -33.02, -38.91, 174.85, Left
1761480032899, -32.30, -38.76, 175.00, Left
1761480032946, -31.76, -38.48, 175.12, Left
1761480032991, -31.16, -38.01, 175.29, Left
1761480033039, -30.64, -37.82, 175.40, Left
1761480033086, -30.18, -37.82, 175.49, Left
1761480033131, -29.57, -37.75, 175.56, Left
1761480033179, -29.10, -37.78, 175.55, Left
1761480033226, -28.66, -37.76, 175.61, Left
1761480033272, -27.98, -38.19, 175.60, Left
1761480033320, -27.60, -38.35, 175.61, Left
1761480033366, -27.76, -38.58, 175.47, Left
1761480033412, -28.21, -38.27, 175.39, Left
1761480033469, -28.65, -38.09, 175.19, Left
1761480033521, -29.05, -37.98, 175.02, Left
1761480033569, -29.37, -37.75, 174.90, Left
1761480033616, -29.95, -37.32, 174.76, Left
1761480033661, -30.53, -36.68, 174.61, Left
1761480033710, -31.39, -36.02, 174.40, Left
1761480033753, -32.23, -35.48, 174.13, Left
1761480033800, -32.67, -35.13, 173.85, Left
1761480033848, -32.77, -34.74, 173.70, Left
1761480033895, -32.65, -34.63, 173.50, Left
1761480033940, -32.63, -34.58, 173.38, Left
1761480033988, -32.43, -34.51, 173.21, Left
1761480034035, -32.30, -34.33, 173.00, Left
1761480034079, -32.05, -34.20, 172.81, Left
1761480034139, -31.62, -34.27, 172.76, Left
1761480034192, -30.89, -34.43, 172.75, Left
1761480034239, -30.24, -34.39, 172.85, Left
1761480034286, -29.80, -34.10, 172.97, Left
1761480034333, -29.74, -33.63, 173.02, Left
1761480034382, -29.83, -33.43, 173.02, Left
1761480034426, -29.87, -33.17, 173.05, Left
1761480034474, -29.70, -32.99, 173.11, Left
1761480034520, -29.48, -32.74, 173.22, Left
1761480034567, -29.14, -32.56, 173.35, Left
1761480034613, -28.90, -32.36, 173.38, Left
1761480034661, -28.90, -31.73, 173.46, Left
1761480034707, -29.14, -31.03, 173.53, Left
1761480034754, -29.26, -30.30, 173.66, Left
1761480034799, -29.06, -29.87, 173.78, Left
1761480034846, -28.62, -29.37, 173.99, Left
1761480034893, -28.53, -28.64, 174.18, Left
1761480034940, -28.72, -27.71, 174.47, Left
1761480034988, -29.16, -26.56, 174.77, Left
1761480035034, -29.73, -25.41, 175.08, Left
1761480035081, -30.47, -24.02, 175.44, Left
1761480035129, -31.27, -22.73, 175.75, Left
1761480035175, -31.75, -21.60, 176.07, Left
1761480035219, -32.21, -20.70, 176.30, Left
1761480035269, -32.64, -19.25, 176.62, Left
1761480035316, -33.00, -17.90, 176.89, Left
1761480035361, -33.19, -16.90, 177.10, Left
1761480035408, -33.16, -15.92, 177.21, Left
1761480035464, -33.00, -15.25, 177.26, Left
1761480035518, -32.79, -14.51, 177.33, Left
1761480035564, -32.82, -14.34, 177.29, Left
1761480035610, -32.61, -14.07, 177.29, Left
1761480035657, -32.36, -14.00, 177.25, Left
1761480035705, -31.75, -14.15, 177.19, Left
1761480035749, -31.41, -15.42, 176.86, Left
1761480035799, -31.22, -16.71, 176.49, Left
1761480035847, -30.98, -17.97, 176.12, Left
1761480035894, -30.97, -19.54, 175.72, Left
1761480035939, -28.51, -19.17, 157.98, Left
1761480036012, -25.85, -18.73, 140.18, Left
1761480036078, -25.09, -20.02, 139.89, Left
1761480036126, -24.55, -21.27, 139.58, Left
1761480036171, -21.59, -20.28, 121.68, Left
1761480036215, -19.30, -18.99, 103.82, Left
1761480036264, -16.52, -17.43, 86.25, Left
1761480036314, -13.84, -15.75, 68.71, Left
1761480036358, -10.91, -14.17, 51.19, Left
1761480036405, -8.22, -12.52, 33.77, Left
1761480036454, -7.71, -12.74, 33.67, Left
1761480036500, -7.37, -12.83, 33.55, Left
1761480036547, -4.90, -11.13, 16.01, Left
1761480036594, -2.04, -9.26, -1.66, Forward
1761480036642, -1.83, -9.61, -1.68, Forward
1761480036686, -1.28, -10.49, -1.64, Left
1761480036734, -1.12, -11.16, -1.62, Left
1761480036782, -0.93, -11.97, -1.55, Left
1761480036828, -0.93, -12.79, -1.41, Left
1761480036875, -0.74, -13.45, -1.27, Left
1761480036922, -0.78, -14.22, -1.01, Left
1761480036968, -1.03, -15.23, -0.67, Left
1761480037015, -0.85, -15.74, -0.27, Left
1761480037084, -1.08, -17.02, 0.29, Left
1761480037140, -1.26, -18.21, 0.79, Left
1761480037187, -1.49, -18.93, 1.24, Left
1761480037232, -1.50, -19.13, 1.58, Left
1761480037280, -1.29, -18.92, 1.87, Left
1761480037336, -0.96, -18.72, 2.16, Left
1761480037388, -0.81, -18.58, 2.43, Left
1761480037437, -0.23, -18.04, 2.59, Left
1761480037483, 0.50, -17.42, 2.75, Left
1761480037529, 0.97, -17.04, 2.83, Left
1761480037575, 1.53, -16.48, 2.92, Left
1761480037622, 2.12, -15.48, 3.01, Left
1761480037678, 2.79, -13.96, 2.94, Left
1761480037730, 3.31, -13.01, 2.99, Left
1761480037777, 3.83, -12.22, 3.01, Left
1761480037821, 4.15, -11.10, 2.95, Left
1761480037883, 4.62, -9.55, 2.81, Forward
1761480037933, 4.65, -8.60, 2.73, Forward
1761480037979, 4.58, -7.72, 2.68, Forward
1761480038026, 4.48, -6.72, 2.59, Forward
1761480038072, 4.56, -5.47, 2.41, Forward
1761480038118, 4.55, -4.79, 2.31, Forward
1761480038164, 4.51, -4.52, 2.39, Forward
1761480038213, 4.40, -4.01, 2.40, Forward
1761480038257, 4.17, -4.07, 2.57, Forward
1761480038305, 4.04, -3.96, 2.70, Forward
1761480038352, 3.86, -4.26, 2.93, Forward
1761480038399, 3.53, -4.29, 3.16, Forward
1761480038446, 3.19, -4.71, 3.43, Forward
1761480038493, 3.00, -5.19, 3.80, Forward
1761480038540, 2.56, -6.04, 4.27, Forward
1761480038585, 2.12, -6.89, 4.71, Forward
1761480038633, 1.56, -8.05, 5.17, Forward
1761480038678, 0.95, -9.36, 5.69, Forward
1761480038727, 0.30, -10.11, 6.06, Left
1761480038771, -0.23, -11.20, 6.52, Left
1761480038819, -0.83, -12.23, 6.94, Left
1761480038866, -1.15, -13.26, 7.36, Left
1761480038914, -1.49, -13.72, 7.72, Left
1761480038958, -1.87, -14.28, 8.10, Left
1761480039006, -2.17, -14.92, 8.35, Left
1761480039052, -2.32, -15.26, 8.62, Left
1761480039099, -2.41, -15.40, 8.90, Left
1761480039144, -2.33, -15.45, 9.15, Left
1761480039190, -2.28, -15.48, 9.31, Left
1761480039238, -2.29, -15.53, 9.48, Left
1761480039284, -2.28, -15.66, 9.65, Left
1761480039331, -2.42, -15.59, 9.75, Left
1761480039376, -2.44, -15.84, 9.80, Left
1761480039422, -2.52, -16.00, 9.74, Left
1761480039471, -2.64, -15.91, 9.66, Left
1761480039516, -2.82, -15.76, 9.42, Left
1761480039564, -3.14, -16.01, 9.17, Left
1761480039611, -3.46, -15.91, 8.82, Left
1761480039657, -3.79, -16.06, 8.54, Left
1761480039703, -4.19, -16.25, 8.22, Left
1761480039751, -4.51, -16.22, 7.89, Left
1761480039799, -4.75, -16.41, 7.58, Left
1761480039847, -4.94, -16.48, 7.31, Left
1761480039893, -5.30, -16.37, 7.04, Left
1761480039940, -5.56, -16.49, 6.80, Left
1761480039987, -5.84, -16.66, 6.68, Left
1761480040032, -6.01, -16.65, 6.49, Left
1761480040081, -6.19, -16.80, 6.36, Left
1761480040126, -6.28, -16.87, 6.27, Left
1761480040172, -6.37, -16.88, 6.17, Left
1761480040219, -6.30, -16.92, 6.10, Left
1761480040269, -5.76, -16.50, 5.97, Left
1761480040315, -5.18, -16.00, 5.77, Left
1761480040360, -4.35, -15.48, 5.54, Left
1761480040404, -3.37, -14.65, 5.25, Left
1761480040453, -2.27, -13.84, 4.99, Left
1761480040499, -1.08, -12.72, 4.78, Left
1761480040545, 0.21, -11.55, 4.57, Left
1761480040592, 1.81, -9.83, 4.03, Forward
1761480040640, 3.69, -8.52, 3.51, Forward
1761480040685, 5.45, -7.38, 2.85, Forward
1761480040731, 6.51, -6.44, 2.17, Forward
1761480040780, 7.53, -5.60, 1.47, Forward
1761480040826, 8.41, -4.65, 0.74, Forward
1761480040873, 9.17, -3.91, 0.08, Forward
1761480040917, 9.83, -3.14, -0.69, Forward
1761480040967, 10.33, -2.59, -1.42, Up
1761480041013, 11.00, -2.10, -2.16, Up
1761480041060, 11.28, -2.13, -2.59, Up
1761480041106, 11.38, -1.47, -3.09, Up
1761480041154, 11.41, -0.77, -3.44, Up
1761480041199, 11.66, -0.42, -3.71, Up
1761480041248, 11.96, -0.19, -3.81, Up
1761480041294, 12.37, -0.28, -3.81, Up
1761480041341, 12.44, -0.18, -3.95, Up
1761480041385, 12.60, -0.03, -4.06, Up
1761480041431, 12.79, 0.19, -4.20, Up
1761480041480, 12.69, 0.11, -4.22, Up
1761480041523, 12.38, 0.31, -4.32, Up
1761480041571, 12.09, 0.12, -4.27, Up
1761480041618, 12.13, -0.28, -4.22, Up
1761480041663, 12.15, -0.44, -4.32, Up
1761480041707, 12.11, -0.51, -4.51, Up
1761480041756, 11.91, -0.30, -4.79, Up
1761480041802, 12.17, -0.32, -4.85, Up
1761480041852, 11.83, -0.87, -4.88, Up
1761480041899, 11.65, -1.17, -4.94, Up
1761480041945, 11.52, -1.13, -5.14, Up
1761480041993, 11.41, -1.54, -5.20, Up
1761480042039, 11.34, -1.87, -5.42, Up
1761480042086, 10.65, -1.68, -5.83, Up
1761480042133, 10.60, -1.92, -5.84, Up
1761480042177, 10.25, -1.74, -5.78, Up
1761480042228, 10.06, -1.94, -5.71, Up
1761480042272, 10.05, -1.89, -5.69, Up
1761480042320, 10.39, -1.24, -5.60, Up
1761480042365, 11.10, -0.87, -5.63, Up
1761480042411, 11.50, -0.57, -5.51, Up
1761480042459, 12.32, -0.20, -5.44, Up
1761480042506, 12.99, -0.02, -5.17, Up
1761480042552, 14.04, -0.01, -4.82, Up
1761480042597, 14.46, 0.40, -4.71, Up
1761480042645, 14.92, 0.47, -4.70, Up
1761480042692, 15.43, 0.58, -4.65, Up
1761480042738, 15.65, 0.48, -4.61, Up
1761480042785, 16.05, 0.13, -4.64, Up
1761480042834, 15.93, -0.11, -4.56, Up
1761480042880, 16.13, -0.41, -4.52, Up
1761480042927, 16.04, -0.63, -4.54, Up
1761480042971, 16.15, -0.46, -4.66, Up
1761480043020, 16.18, -0.52, -4.67, Up
1761480043066, 16.04, -0.77, -4.61, Up
1761480043112, 16.09, -0.78, -4.61, Up
1761480043157, 15.95, -1.17, -4.52, Up
1761480043205, 15.77, -1.25, -4.50, Up
1761480043254, 15.61, -1.36, -4.50, Up
1761480043300, 15.54, -1.42, -4.49, Up
1761480043346, 15.39, -1.48, -4.55, Up
1761480043392, 15.34, -1.52, -4.54, Up
1761480043437, 15.18, -1.65, -4.35, Up
1761480043486, 14.90, -1.90, -4.16, Up
1761480043535, 14.67, -2.12, -4.11, Up
1761480043580, 14.49, -2.53, -3.98, Up
1761480043624, 14.22, -2.92, -3.65, Up
1761480043671, 13.87, -3.86, -2.95, Up
1761480043718, 13.87, -3.92, -2.51, Up
1761480043764, 13.73, -3.87, -2.14, Up
1761480043813, 13.97, -3.16, -1.52, Up
1761480043858, 14.02, -2.72, -0.85, Up
1761480043906, 14.08, -2.07, -0.41, Up
1761480043953, 14.28, -1.41, 0.07, Up
1761480044001, 14.52, -0.54, 0.53, Up
1761480044047, 14.83, 0.22, 0.99, Up
1761480044095, 15.26, 1.20, 1.19, Up
1761480044141, 15.83, 2.58, 1.32, Up
1761480044187, 16.06, 3.30, 1.74, Up
1761480044234, 16.40, 3.93, 2.27, Up
1761480044281, 16.43, 3.81, 2.63, Up
1761480044329, 16.64, 3.81, 2.97, Up
1761480044377, 16.67, 3.77, 3.35, Up
1761480044422, 16.82, 3.69, 3.86, Up
1761480044468, 16.88, 3.48, 4.55, Up
1761480044514, 16.39, 2.90, 5.73, Up
1761480044564, 15.94, 2.50, 6.92, Up
1761480044608, 15.30, 2.01, 7.84, Up
1761480044655, 14.42, 1.25, 8.79, Up
1761480044703, 13.51, 0.48, 9.74, Up
1761480044750, 12.46, -0.10, 10.66, Up
1761480044797, 10.94, -0.77, 11.52, Up
1761480044845, 9.39, -1.56, 12.33, Forward
1761480044891, 7.89, -1.93, 12.93, Forward
1761480044936, 6.54, -2.26, 13.41, Forward
1761480044984, 5.69, -1.96, 13.42, Forward
1761480045030, 4.91, -2.04, 13.51, Forward
1761480045078, 4.18, -2.16, 13.54, Forward
1761480045123, 3.89, -2.10, 13.50, Forward
1761480045171, 3.67, -1.85, 13.42, Forward
1761480045216, 3.47, -1.98, 13.37, Forward
1761480045272, 3.49, -2.17, 13.43, Forward
1761480045326, 3.90, -2.32, 13.53, Forward
1761480045371, 3.80, -2.76, 13.68, Forward
1761480045419, 3.70, -3.44, 13.89, Forward
1761480045486, 3.67, -3.53, 13.85, Forward
1761480045545, 3.43, -3.71, 13.81, Forward
1761480045593, 3.28, -3.44, 13.65, Forward
1761480045639, 2.90, -3.15, 13.50, Forward
1761480045685, 2.58, -3.00, 13.15, Forward
1761480045755, 1.93, -1.97, 12.54, Forward
1761480045812, 1.48, -1.74, 12.02, Forward
1761480045859, 0.80, -1.28, 11.35, Forward
1761480045906, 0.33, -1.15, 10.79, Forward
1761480045951, -0.31, -0.37, 9.93, Forward
1761480046011, -1.09, -0.51, 9.28, Forward
1761480046077, -1.57, -0.20, 8.52, Forward
1761480046125, -2.05, -0.76, 8.05, Forward
1761480046171, -2.63, -1.42, 7.59, Forward
1761480046216, -3.16, -2.09, 7.27, Forward
1761480046283, -3.15, -3.14, 7.11, Forward
1761480046328, -3.13, -3.17, 6.75, Forward
1761480046375, -3.11, -3.60, 6.55, Forward
1761480046418, -2.98, -3.84, 6.30, Forward
1761480046468, -2.71, -4.40, 6.23, Forward
1761480046515, -2.38, -4.84, 6.19, Forward
1761480046561, -2.30, -5.07, 6.07, Forward
1761480046621, -2.20, -4.57, 5.77, Forward
1761480046670, -2.05, -3.84, 5.47, Forward
1761480046716, -2.06, -3.18, 5.22, Forward
1761480046761, -2.19, -2.87, 5.00, Forward
1761480046806, -2.54, -2.36, 4.73, Forward
1761480046854, -2.78, -1.46, 4.40, Forward
1761480046899, -3.01, 0.08, 3.91, Forward
1761480046951, -3.20, 0.42, 3.61, Forward
1761480047011, -3.43, 0.64, 3.32, Forward
1761480047060, -3.63, 1.03, 3.07, Forward
1761480047106, -3.87, 1.37, 2.90, Forward
1761480047152, -4.14, 1.54, 2.72, Forward
1761480047212, -4.30, 1.38, 2.55, Forward
1761480047261, -4.45, 1.55, 2.38, Forward
1761480047308, -4.46, 1.11, 2.25, Forward
1761480047354, -4.64, -0.05, 2.25, Forward
1761480047401, -4.86, -1.39, 2.33, Forward
1761480047446, -4.97, -1.55, 2.29, Forward
1761480047491, -5.14, -1.75, 2.24, Forward
1761480047549, -5.12, -2.41, 2.24, Forward
1761480047600, -5.06, -3.14, 2.21, Forward
1761480047647, -5.09, -3.99, 2.23, Forward
1761480047694, -5.19, -4.60, 2.26, Forward
1761480047740, -5.19, -5.21, 2.23, Forward
1761480047786, -5.00, -5.26, 2.17, Forward
1761480047832, -4.78, -4.92, 2.03, Forward
1761480047884, -4.54, -5.07, 2.00, Forward
1761480047941, -4.40, -5.31, 1.97, Forward
1761480047987, -4.15, -5.20, 1.88, Forward
1761480048033, -4.06, -5.00, 1.81, Forward
1761480048083, -3.99, -5.04, 1.80, Forward
1761480048129, -3.80, -5.00, 1.78, Forward
1761480048176, -3.46, -6.25, 1.94, Forward
1761480048222, -3.15, -8.50, 2.26, Forward
1761480048271, -3.08, -10.85, 2.62, Left
1761480048314, -3.14, -13.58, 2.75, Left
1761480048363, -3.22, -16.08, 2.85, Left
1761480048409, -3.02, -18.31, 2.77, Left
1761480048454, -2.92, -20.94, 2.80, Left
1761480048502, -2.27, -22.70, 2.71, Left
1761480048556, -1.78, -24.33, 2.48, Left
1761480048611, -1.24, -26.21, 2.29, Left
1761480048660, -0.80, -26.33, 1.79, Left
1761480048707, -0.58, -25.97, 1.21, Left
1761480048753, -0.26, -25.32, 0.48, Left
1761480048801, 0.21, -24.59, 0.02, Left
1761480048846, 0.97, -24.10, -0.52, Left
1761480048895, 1.42, -23.59, -1.01, Left
1761480048940, 1.75, -23.17, -1.52, Left
1761480048987, 1.62, -23.50, -1.95, Left
1761480049034, 1.81, -23.46, -2.27, Left
1761480049080, 1.87, -23.34, -2.63, Left
1761480049128, 1.88, -23.70, -2.86, Left
1761480049173, 2.31, -23.17, -3.33, Left
1761480049226, 2.86, -22.45, -3.80, Left
1761480049283, 3.19, -21.67, -4.28, Left
1761480049331, 3.60, -20.47, -4.79, Left
1761480049378, 3.96, -19.57, -5.19, Left
1761480049422, 5.21, -17.92, -5.79, Left
1761480049503, 6.30, -16.51, -6.38, Left
1761480049550, 7.14, -15.38, -7.01, Left
1761480049596, 8.04, -13.97, -7.66, Left
1761480049641, 8.88, -12.57, -8.28, Left
1761480049689, 9.29, -11.53, -8.74, Left
1761480049735, 9.56, -10.94, -9.05, Left
1761480049783, 9.74, -10.23, -9.32, Left
1761480049826, 9.44, -9.26, -9.42, Forward
1761480049875, 9.32, -8.44, -9.49, Forward
1761480049922, 8.33, -8.17, -9.31, Forward
1761480049969, 7.39, -7.70, -9.13, Forward
1761480050016, 6.47, -7.05, -8.86, Forward
1761480050063, 5.65, -6.73, -8.55, Forward
1761480050109, 4.65, -6.75, -8.12, Forward
1761480050153, 3.57, -7.02, -7.68, Forward
1761480050203, 2.57, -7.21, -7.26, Forward
1761480050251, 1.79, -7.45, -6.97, Forward
1761480050296, 1.19, -7.88, -6.79, Forward
1761480050345, 0.44, -8.25, -6.60, Forward
1761480050393, -0.15, -8.60, -6.47, Forward
1761480050438, -0.80, -8.32, -6.48, Forward
1761480050493, -1.73, -8.84, -6.48, Forward
1761480050547, -2.65, -9.13, -6.53, Forward
1761480050596, -3.21, -8.75, -6.73, Forward
1761480050641, -3.57, -8.23, -6.87, Forward
1761480050690, -5.99, -9.61, 10.70, Forward
1761480050736, -6.40, -9.42, 10.69, Forward
1761480050780, -6.79, -8.10, 10.62, Forward
1761480050827, -9.05, -6.15, 29.07, Forward
1761480050874, -11.39, -4.65, 47.42, Down
1761480050920, -13.32, -3.12, 65.96, Down
1761480050967, -14.78, -0.87, 84.45, Down
1761480051012, -16.04, 1.62, 102.92, Down
1761480051058, -17.45, 3.89, 121.42, Down
1761480051104, -18.83, 6.21, 139.86, Down
1761480051165, -18.39, 9.90, 140.66, Down
1761480051216, -20.20, 12.14, 159.12, Right
1761480051257, -21.98, 12.71, 177.62, Right
1761480051307, -21.87, 12.89, 177.56, Right
1761480051352, -21.69, 13.82, 177.71, Right
1761480051400, -21.94, 13.82, 177.79, Right
1761480051446, -21.79, 13.13, 177.79, Right
1761480051492, -22.32, 12.23, 177.98, Right
1761480051537, -22.95, 10.79, 178.08, Right
1761480051585, -23.72, 7.70, 177.87, Down
1761480051633, -24.04, 4.47, 177.48, Down
1761480051679, -23.98, 1.37, 177.02, Down
1761480051727, -23.96, -1.16, 176.65, Down
1761480051771, -20.58, -3.54, 158.59, Down
1761480051819, -17.38, -5.94, 140.32, Down
1761480051864, -14.10, -8.14, 122.08, Down
1761480051913, -11.34, -9.79, 103.89, Down
1761480051957, -10.66, -14.37, 102.78, Left
1761480052005, -9.79, -18.48, 101.77, Left
1761480052051, -8.85, -21.04, 101.06, Left
1761480052097, -5.70, -20.42, 83.21, Left
1761480052145, -2.75, -19.66, 65.30, Left
1761480052189, 0.21, -18.98, 47.34, Left
1761480052236, -0.24, -18.19, 47.02, Left
1761480052283, -0.42, -17.33, 46.73, Left
1761480052331, -3.24, -19.26, 64.14, Left
1761480052378, -6.01, -20.92, 81.60, Left
1761480052424, -6.44, -18.37, 82.14, Left
1761480052469, -6.79, -14.07, 82.94, Left
1761480052516, -6.97, -9.31, 83.89, Forward
1761480052566, -9.36, -7.07, 102.07, Forward
1761480052612, -11.64, -5.00, 120.34, Down
1761480052657, -13.90, -3.13, 138.57, Down
1761480052703, -16.03, -1.49, 156.87, Down
1761480052751, -15.67, -1.10, 156.83, Down
1761480052800, -12.60, 2.12, 138.92, Down
1761480052848, -11.81, 5.95, 139.13, Down
1761480052896, -10.91, 8.42, 138.99, Down
1761480052940, -10.25, 9.03, 138.46, Down
1761480052988, -7.19, 7.94, 119.60, Forward
1761480053034, -4.27, 6.66, 100.74, Forward
1761480053081, -1.39, 5.32, 81.86, Forward
1761480053125, 1.57, 3.83, 62.98, Forward
1761480053173, 4.63, 2.09, 44.16, Forward
1761480053220, 5.07, 1.27, 43.75, Forward
1761480053267, 5.38, 0.28, 43.57, Forward
1761480053312, 8.00, -1.57, 25.31, Forward
1761480053362, 10.61, -3.34, 7.11, Up
1761480053404, 10.95, -7.26, 6.82, Up
1761480053455, 11.17, -7.55, 6.96, Up
1761480053501, 11.22, -7.89, 7.15, Up
1761480053547, 11.29, -8.16, 7.37, Up
1761480053592, 11.23, -8.14, 7.60, Up
1761480053640, 8.60, -10.96, 25.60, Left
1761480053686, 8.35, -11.05, 25.85, Left
1761480053733, 8.19, -10.97, 26.04, Left
1761480053779, 7.97, -10.72, 26.13, Left
1761480053825, 7.82, -10.51, 26.16, Left
1761480053875, 9.91, -8.14, 8.36, Forward
1761480053919, 9.51, -8.33, 8.42, Forward
1761480053968, 6.84, -11.18, 26.10, Left
1761480054013, 6.56, -11.32, 26.12, Left
1761480054059, 3.95, -14.46, 43.78, Left
1761480054107, 6.06, -11.99, 26.06, Left
1761480054153, 5.84, -12.02, 26.03, Left
1761480054198, 5.55, -12.29, 26.03, Left
1761480054245, 2.91, -15.37, 43.55, Left
1761480054290, 0.21, -18.49, 61.13, Left
1761480054338, 0.01, -18.87, 61.22, Left
1761480054384, -2.44, -21.70, 78.75, Left
1761480054430, -0.16, -18.78, 61.07, Left
1761480054477, -2.72, -21.64, 78.63, Left
1761480054521, -3.00, -21.55, 78.59, Left
1761480054569, -5.65, -24.26, 96.10, Left
1761480054616, -8.21, -27.10, 113.68, Left
1761480054662, -10.88, -29.93, 131.15, Left
1761480054709, -11.18, -30.08, 131.10, Left
1761480054755, -11.41, -30.22, 131.07, Left
1761480054803, -14.04, -32.95, 148.56, Left
1761480054849, -14.34, -33.14, 148.56, Left
1761480054896, -14.79, -33.92, 148.78, Left
1761480054942, -15.05, -33.92, 148.62, Left
1761480054989, -15.34, -33.99, 148.46, Left
1761480055036, -15.59, -33.85, 148.34, Left
1761480055082, -15.95, -33.78, 148.16, Left
1761480055131, -16.18, -33.54, 148.09, Left
1761480055176, -16.42, -33.29, 148.02, Left
1761480055225, -16.75, -28.33, 148.78, Left
1761480055269, -17.25, -23.14, 149.58, Left
1761480055317, -17.72, -17.87, 150.42, Left
1761480055365, -20.53, -14.96, 168.63, Left
1761480055414, -21.14, -9.67, 169.62, Down
1761480055458, -21.83, -4.35, 170.64, Down
1761480055506, -22.60, 0.94, 171.68, Down
1761480055551, -23.84, 6.42, 172.79, Down
1761480055600, -25.09, 11.68, 173.80, Right
1761480055648, -26.15, 16.87, 174.84, Right
1761480055695, -27.18, 17.43, 175.10, Right
1761480055739, -27.92, 17.83, 175.30, Right
1761480055784, -28.67, 18.46, 175.46, Right
1761480055831, -29.47, 18.95, 175.56, Right
1761480055880, -30.30, 19.50, 175.68, Right
1761480055923, -31.20, 19.79, 175.61, Right
1761480055969, -32.10, 19.90, 175.44, Right
1761480056018, -32.29, 20.04, 175.31, Right
1761480056063, -32.54, 20.39, 175.22, Right
1761480056112, -32.84, 20.85, 175.06, Right
1761480056157, -33.33, 21.06, 174.86, Right
1761480056203, -33.76, 21.12, 174.59, Right
1761480056249, -34.16, 20.95, 174.30, Right
1761480056295, -34.26, 20.76, 174.05, Right
1761480056343, -34.15, 20.49, 173.81, Right
1761480056389, -33.95, 20.18, 173.74, Right
1761480056437, -33.75, 20.10, 173.77, Right
1761480056483, -33.73, 19.87, 173.71, Right
1761480056531, -33.67, 19.64, 173.72, Right
1761480056576, -33.74, 19.22, 173.72, Right
1761480056620, -33.59, 19.07, 173.74, Right
1761480056668, -33.55, 18.81, 173.79, Right
1761480056714, -33.53, 18.62, 173.87, Right
1761480056759, -33.66, 18.47, 173.92, Right
1761480056808, -33.77, 18.10, 173.97, Right
1761480056857, -33.61, 17.92, 173.97, Right
1761480056899, -33.49, 17.43, 173.91, Right
1761480056947, -33.46, 16.55, 173.81, Right
1761480056992, -33.40, 15.26, 173.55, Right
1761480057040, -33.07, 13.78, 173.26, Right
1761480057086, -32.90, 12.42, 173.01, Right
1761480057131, -32.81, 11.19, 172.82, Right
1761480057176, -32.39, 9.87, 172.62, Down
1761480057224, -31.90, 8.43, 172.42, Down
1761480057269, -31.31, 7.28, 172.25, Down
1761480057317, -30.76, 6.30, 172.20, Down
1761480057361, -30.05, 5.33, 172.07, Down
1761480057408, -29.34, 4.65, 172.09, Down
1761480057465, -28.61, 4.19, 172.24, Down
1761480057517, -28.14, 4.26, 172.46, Down
1761480057565, -27.65, 3.83, 172.57, Down
1761480057612, -27.07, 3.37, 172.64, Down
1761480057657, -26.96, 2.85, 172.70, Down
1761480057705, -26.85, 2.72, 172.81, Down
1761480057752, -26.74, 2.71, 173.02, Down
1761480057798, -26.95, 2.06, 173.06, Down
1761480057848, -27.28, 1.24, 173.10, Down
1761480057893, -27.60, 0.69, 173.18, Down
1761480057942, -28.00, 0.49, 173.26, Down
1761480057988, -28.55, 0.10, 173.35, Down
1761480058033, -29.15, -0.79, 173.26, Down
1761480058082, -30.04, -1.10, 173.44, Down
1761480058127, -29.15, -1.54, 155.52, Down
1761480058176, -28.51, -2.08, 137.59, Down
1761480058223, -27.88, -3.02, 119.55, Down
1761480058268, -26.97, -3.68, 101.63, Down
1761480058317, -26.14, -4.15, 83.83, Down
1761480058364, -25.22, -4.84, 65.90, Down
1761480058411, -26.27, -7.03, 65.29, Down
1761480058463, -27.17, -8.96, 64.69, Down
1761480058518, -25.98, -9.16, 46.81, Down
1761480058565, -24.71, -9.31, 28.59, Down
1761480058610, -25.13, -9.35, 28.48, Down
1761480058656, -25.28, -9.49, 28.31, Down
1761480058704, -25.61, -9.59, 28.11, Down
1761480058747, -26.01, -9.29, 27.77, Down
1761480058795, -26.33, -8.49, 27.29, Down
1761480058840, -26.64, -7.63, 26.83, Down
1761480058887, -24.79, -5.59, 9.01, Down
1761480058935, -22.93, -3.61, -8.83, Down
1761480058982, -23.00, -2.21, -9.27, Down
1761480059026, -22.95, -1.58, -9.58, Down
1761480059072, -22.55, -0.45, -9.92, Down
1761480059132, -23.95, 0.21, 8.14, Down
1761480059182, -25.21, 1.10, 26.18, Down
1761480059229, -26.52, 2.35, 44.51, Down
1761480059275, -27.69, 3.26, 62.91, Down
1761480059320, -29.35, 3.87, 81.19, Down
1761480059405, -31.06, 4.74, 99.58, Down
1761480059461, -32.55, 5.60, 117.99, Down
1761480059510, -34.12, 6.12, 136.48, Down
1761480059555, -35.69, 6.72, 154.90, Down
1761480059601, -37.46, 7.13, 173.42, Down
1761480059662, -37.74, 8.08, 173.68, Down
1761480059711, -38.22, 8.84, 173.93, Down
1761480059754, -36.60, 9.14, 155.19, Down
1761480059801, -35.02, 9.38, 136.51, Down
1761480059850, -35.01, 9.92, 136.72, Down
1761480059898, -35.10, 10.22, 136.85, Right
1761480059943, -35.56, 10.52, 136.99, Right
1761480059994, -33.82, 10.76, 118.32, Right
1761480060049, -32.07, 11.10, 99.66, Right
1761480060097, -32.55, 11.25, 99.78, Right
1761480060144, -32.87, 11.24, 99.77, Right
1761480060189, -32.73, 11.44, 99.78, Right
1761480060239, -34.73, 11.49, 118.58, Right
1761480060285, -36.67, 11.40, 137.40, Right
1761480060331, -36.37, 11.29, 137.37, Right
1761480060380, -36.02, 11.23, 137.37, Right
1761480060426, -35.57, 10.96, 137.37, Right
1761480060473, -37.28, 10.72, 156.21, Right
1761480060522, -38.87, 10.45, 175.05, Right
1761480060567, -38.26, 10.23, 175.04, Right
1761480060613, -37.80, 9.81, 175.06, Down
1761480060669, -37.78, 9.31, 175.07, Down
1761480060722, -37.55, 9.01, 175.10, Down
1761480060770, -37.37, 9.01, 175.12, Down
1761480060816, -37.29, 8.86, 175.16, Down
1761480060876, -37.53, 8.75, 175.21, Down
1761480060937, -37.58, 8.78, 175.26, Down
1761480060990, -37.61, 8.85, 175.31, Down
1761480061036, -37.42, 8.88, 175.34, Down
1761480061079, -37.36, 8.74, 175.34, Down
1761480061127, -36.76, 9.20, 175.32, Down
1761480061177, -36.09, 9.41, 175.33, Down
1761480061224, -35.23, 9.34, 175.31, Down
1761480061269, -34.37, 9.16, 175.22, Down
1761480061314, -33.48, 9.06, 175.20, Down
1761480061364, -32.12, 8.43, 175.07, Down
1761480061410, -30.90, 7.84, 174.91, Down
1761480061458, -29.52, 7.34, 174.74, Down
1761480061505, -28.46, 6.88, 174.58, Down
1761480061551, -27.26, 5.15, 174.14, Down
1761480061610, -26.53, 3.66, 173.84, Down
1761480061659, -25.82, 2.79, 173.64, Down
1761480061710, -25.31, 2.65, 173.54, Down
1761480061753, -24.99, 0.84, 173.17, Down
1761480061799, -25.07, -1.81, 172.55, Down
1761480061848, -25.23, -3.97, 172.01, Down
1761480061892, -25.06, -6.21, 171.44, Down
1761480061939, -25.13, -8.91, 170.78, Down
1761480061985, -25.29, -11.79, 170.11, Left
1761480062033, -25.54, -13.13, 169.77, Left
1761480062079, -25.27, -14.93, 169.41, Left
1761480062122, -25.21, -17.37, 168.91, Left
1761480062172, -25.01, -18.74, 168.71, Left
1761480062218, -25.11, -20.33, 168.62, Left
1761480062267, -25.00, -21.18, 168.70, Left
1761480062311, -24.76, -21.88, 168.80, Left
1761480062359, -25.14, -22.60, 168.88, Left
1761480062404, -25.33, -22.94, 169.12, Left
1761480062453, -25.47, -23.07, 169.36, Left
1761480062497, -25.75, -23.52, 169.52, Left
1761480062545, -26.36, -23.45, 169.71, Left
1761480062601, -26.72, -23.67, 169.83, Left
1761480062653, -27.48, -25.59, 169.54, Left
1761480062703, -26.18, -23.81, 152.05, Left
1761480062747, -26.26, -23.81, 152.02, Left
1761480062812, -26.43, -23.91, 151.97, Left
1761480062859, -26.31, -23.96, 152.02, Left
1761480062904, -26.26, -24.12, 151.90, Left
1761480062951, -26.21, -24.04, 151.87, Left
1761480062998, -25.90, -23.82, 151.89, Left
1761480063046, -25.83, -24.43, 151.72, Left
1761480063090, -24.36, -22.56, 134.13, Left
1761480063149, -22.93, -20.48, 116.53, Left
1761480063200, -23.07, -19.80, 116.32, Left
1761480063247, -21.78, -17.06, 98.63, Left
1761480063293, -20.76, -14.28, 80.99, Left
1761480063338, -19.59, -11.92, 63.38, Left
1761480063387, -18.42, -9.12, 45.84, Down
1761480063431, -17.18, -6.79, 28.23, Down
1761480063480, -16.94, -4.53, 28.80, Down
1761480063526, -16.60, -2.22, 29.33, Down
1761480063573, -17.62, -1.93, 47.37, Down
1761480063618, -18.47, -1.81, 65.43, Down
1761480063667, -19.56, -2.33, 83.45, Down
1761480063714, -20.54, -3.03, 101.51, Down
1761480063757, -21.46, -3.56, 119.55, Down
1761480063803, -22.65, -4.43, 137.31, Down
1761480063853, -23.74, -5.83, 155.07, Down
1761480063896, -24.95, -6.61, 172.94, Down
1761480063945, -25.20, -7.71, 172.54, Down
1761480063991, -25.52, -7.86, 172.42, Down
1761480064038, -26.02, -7.84, 172.39, Down
1761480064084, -26.77, -8.10, 172.23, Down
1761480064131, -27.22, -7.92, 172.19, Down
1761480064177, -27.85, -7.09, 172.34, Down
1761480064222, -26.84, -6.15, 154.12, Down
1761480064273, -27.40, -5.02, 154.42, Down
1761480064318, -27.83, -3.46, 154.78, Down
1761480064361, -28.18, -2.27, 155.05, Down
1761480064409, -28.58, -0.90, 155.38, Down
1761480064458, -28.89, -0.30, 155.52, Down
1761480064504, -28.74, 0.72, 155.68, Down
1761480064548, -28.32, 2.19, 156.00, Down
1761480064617, -27.97, 3.42, 156.21, Down
1761480064674, -27.59, 4.14, 156.24, Down
1761480064720, -28.75, 4.54, 174.63, Down
1761480064769, -28.47, 5.33, 174.78, Down
1761480064815, -28.53, 5.59, 174.83, Down
1761480064863, -28.60, 5.98, 174.85, Down
1761480064910, -28.45, 6.57, 174.96, Down
1761480064953, -28.31, 7.21, 175.08, Down
1761480065001, -28.50, 7.36, 175.14, Down
1761480065049, -28.69, 7.39, 175.17, Down
1761480065095, -28.96, 7.54, 175.33, Down
1761480065145, -29.30, 7.43, 175.43, Down
1761480065203, -29.62, 7.32, 175.53, Down
1761480065251, -29.65, 7.41, 175.54, Down
1761480065295, -29.56, 7.75, 175.62, Down
1761480065342, -29.33, 8.08, 175.70, Down
1761480065420, -29.22, 8.57, 175.77, Down
1761480065468, -29.17, 9.00, 175.86, Down
1761480065514, -29.13, 9.24, 175.86, Down
1761480065558, -29.11, 9.46, 175.88, Down
1761480065606, -28.90, 9.67, 175.84, Down
1761480065657, -28.67, 9.95, 175.84, Down
1761480065701, -28.44, 10.24, 175.84, Right
1761480065749, -28.26, 10.33, 175.85, Right
1761480065797, -28.05, 10.77, 175.92, Right
1761480065844, -28.15, 10.82, 175.97, Right
1761480065887, -28.23, 10.81, 175.99, Right
1761480065933, -28.26, 10.75, 175.92, Right
1761480065979, -28.31, 10.91, 175.96, Right
1761480066026, -28.30, 11.16, 175.99, Right
1761480066074, -28.29, 11.49, 176.03, Right
1761480066123, -28.21, 11.78, 176.05, Right
1761480066168, -28.02, 11.94, 176.03, Right
1761480066214, -27.83, 12.27, 176.00, Right
1761480066262, -27.55, 12.37, 175.95, Right
1761480066305, -27.10, 12.60, 175.89, Right
1761480066352, -26.74, 12.54, 175.80, Right
1761480066410, -26.51, 12.47, 175.80, Right
1761480066464, -26.20, 12.33, 175.69, Right
1761480066511, -25.91, 12.16, 175.60, Right
1761480066555, -25.71, 11.95, 175.49, Right
1761480066602, -25.49, 11.61, 175.40, Right
1761480066648, -25.39, 11.37, 175.32, Right
1761480066691, -25.27, 11.13, 175.24, Right
1761480066748, -25.42, 10.82, 175.12, Right
1761480066803, -25.50, 10.68, 175.05, Right
1761480066849, -25.52, 10.78, 175.02, Right
1761480066896, -25.44, 10.83, 174.94, Right
1761480066943, -25.40, 10.90, 174.85, Right
1761480066989, -25.38, 10.80, 174.77, Right
1761480067037, -25.35, 10.71, 174.75, Right
1761480067083, -25.43, 11.00, 174.78, Right
1761480067131, -25.47, 11.30, 174.81, Right
1761480067176, -25.34, 11.75, 174.89, Right
1761480067223, -25.18, 11.98, 174.91, Right
1761480067272, -25.07, 11.97, 174.86, Right
1761480067318, -25.10, 12.09, 174.86, Right
1761480067366, -24.70, 12.39, 174.84, Right
1761480067420, -24.35, 12.73, 174.92, Right
1761480067475, -24.09, 13.25, 175.01, Right
1761480067524, -23.67, 13.25, 174.89, Right
1761480067572, -23.40, 13.35, 174.84, Right
1761480067619, -22.98, 13.55, 174.80, Right
1761480067694, -22.82, 13.56, 174.74, Right
1761480067745, -22.59, 13.65, 174.69, Right
1761480067792, -22.36, 13.80, 174.69, Right
1761480067836, -22.07, 13.97, 174.69, Right
1761480067885, -22.18, 13.77, 174.64, Right
1761480067933, -22.21, 13.43, 174.56, Right
1761480067980, -22.18, 12.83, 174.37, Right
1761480068024, -22.28, 12.77, 174.34, Right
1761480068072, -22.22, 12.40, 174.21, Right
1761480068118, -22.26, 12.07, 174.15, Right
1761480068162, -22.26, 11.70, 174.08, Right
1761480068211, -22.23, 11.22, 173.94, Right
1761480068258, -22.19, 10.87, 173.83, Right
1761480068305, -22.06, 10.39, 173.73, Right
1761480068350, -22.03, 9.61, 173.58, Down
1761480068397, -22.00, 8.97, 173.47, Down
1761480068443, -21.93, 8.86, 173.51, Down
1761480068490, -21.91, 8.56, 173.53, Down
1761480068537, -21.87, 8.38, 173.54, Down
1761480068583, -21.87, 8.01, 173.47, Down
1761480068629, -21.85, 7.79, 173.45, Down
1761480068683, -21.82, 7.68, 173.52, Down
1761480068742, -21.82, 7.30, 173.48, Down
1761480068787, -21.93, 6.86, 173.40, Down
1761480068835, -22.01, 4.94, 173.03, Down
1761480068881, -22.34, 1.97, 172.35, Down
1761480068929, -22.77, -1.33, 171.63, Down
1761480068972, -23.03, -3.85, 171.07, Down
1761480069020, -23.11, -7.07, 170.43, Down
1761480069070, -23.28, -10.31, 169.78, Left
1761480069117, -23.33, -10.77, 169.71, Left
1761480069162, -23.54, -11.11, 169.66, Left
1761480069210, -23.39, -11.30, 169.65, Left
1761480069255, -23.34, -11.06, 169.71, Left
1761480069302, -23.67, -12.17, 169.50, Left
1761480069352, -23.71, -12.35, 169.65, Left
1761480069409, -23.77, -12.48, 169.82, Left
1761480069456, -24.06, -14.34, 169.63, Left
1761480069504, -24.59, -15.68, 169.45, Left
1761480069551, -24.72, -16.79, 169.66, Left
1761480069598, -25.34, -20.82, 169.15, Left
1761480069656, -23.51, -23.06, 151.97, Left
1761480069704, -23.91, -26.69, 152.22, Left
1761480069748, -24.31, -30.73, 152.39, Left
1761480069794, -23.92, -31.54, 153.40, Left
1761480069840, -23.83, -32.49, 154.25, Left
1761480069888, -23.42, -33.07, 155.28, Left
1761480069936, -23.05, -32.75, 156.49, Left
1761480069979, -22.21, -32.18, 122.07, Left
1761480070026, -20.14, -28.92, 105.73, Left
1761480070073, -19.40, -28.59, 71.07, Left
1761480070120, -20.97, -30.33, 53.08, Left
1761480070166, -20.63, -30.42, 17.70, Left
1761480070213, -20.19, -30.49, -17.66, Left
1761480070258, -19.97, -30.57, -53.18, Left
1761480070305, -19.56, -30.64, -88.70, Left
1761480070367, -19.40, -30.97, -124.41, Left
1761480070416, -19.23, -31.25, -124.15, Left
1761480070461, -19.54, -31.62, -88.22, Left
1761480070509, -21.43, -35.11, -70.75, Left
1761480070554, -21.77, -35.68, -34.91, Left
1761480070605, -22.09, -36.12, 0.89, Left
1761480070647, -22.50, -36.66, 36.73, Left
1761480070701, -23.04, -37.19, 72.54, Left
1761480070744, -23.61, -37.60, 108.36, Left
1761480070789, -24.16, -37.83, 144.24, Left
1761480070834, -24.76, -38.33, 180.04, Left
1761480070885, -25.15, -38.75, 179.91, Left
1761480070931, -25.40, -39.20, 179.83, Left
1761480070979, -25.81, -39.15, 179.75, Left
1761480071035, -26.01, -39.25, 179.73, Left
1761480071087, -26.32, -39.11, 179.73, Left
1761480071132, -26.59, -38.93, 179.70, Left
1761480071180, -26.75, -38.74, 179.69, Left
1761480071226, -26.88, -38.60, 179.68, Left
1761480071273, -26.97, -38.34, 179.70, Left
1761480071317, -27.01, -38.12, 179.75, Left
1761480071363, -27.15, -37.92, 179.77, Left
1761480071414, -27.36, -37.83, 179.77, Left
1761480071457, -27.36, -37.90, 179.77, Left
1761480071504, -27.43, -37.85, 179.80, Left
1761480071550, -27.48, -37.85, 179.79, Left
1761480071599, -27.41, -38.04, 179.80, Left
1761480071643, -27.37, -38.16, 179.81, Left
1761480071689, -27.33, -38.34, 179.86, Left
1761480071736, -27.34, -38.58, 179.87, Left
1761480071781, -27.35, -38.72, 179.90, Left
1761480071830, -27.35, -38.80, 179.95, Left
1761480071874, -27.32, -38.79, 179.97, Left
1761480071921, -27.29, -38.80, 180.07, Left
1761480071967, -27.28, -38.85, 180.10, Left
1761480072028, -27.26, -38.84, 180.18, Left
1761480072079, -27.24, -38.90, 180.22, Left
1761480072123, -27.13, -39.12, 180.25, Left
1761480072169, -27.14, -39.08, 180.25, Left
1761480072218, -27.00, -39.26, 180.26, Left
1761480072264, -26.90, -39.38, 180.26, Left
1761480072309, -26.86, -39.45, 180.27, Left
1761480072362, -26.86, -39.56, 180.29, Left
1761480072419, -26.83, -39.72, 180.28, Left
1761480072463, -25.18, -36.82, 162.95, Left
1761480072512, -25.10, -36.67, 127.02, Left
1761480072556, -25.13, -36.49, 127.09, Left
1761480072602, -25.22, -36.29, 127.15, Left
1761480072646, -24.94, -36.55, 127.17, Left
1761480072698, -24.76, -36.61, 91.24, Left
1761480072754, -24.61, -36.55, 55.34, Left
1761480072801, -24.06, -36.95, 19.48, Left
1761480072847, -23.67, -37.09, -16.43, Left
1761480072896, -21.87, -34.80, -33.65, Left
1761480072941, -22.89, -37.73, -52.13, Left
1761480072987, -20.68, -34.79, -33.55, Left
1761480073033, -18.52, -32.50, -50.93, Left
1761480073081, -16.30, -29.82, -68.32, Left
1761480073126, -14.38, -27.12, -85.72, Left
1761480073172, -12.47, -24.41, -67.15, Left
1761480073219, -10.36, -21.87, -48.64, Left
1761480073266, -8.63, -18.95, -30.16, Left
1761480073312, -6.58, -16.14, -11.70, Left
1761480073373, -6.14, -16.11, -11.96, Left
1761480073421, -4.46, -14.09, 6.40, Left
1761480073467, -4.37, -15.23, 6.20, Left
1761480073510, -4.13, -15.38, 6.02, Left
1761480073557, -4.04, -16.23, 5.85, Left
1761480073605, -3.96, -16.65, 5.75, Left
1761480073654, -4.03, -17.65, 5.59, Left
1761480073705, -4.20, -18.69, 5.49, Left
1761480073759, -4.39, -19.86, 5.42, Left
1761480073808, -4.82, -21.52, 5.37, Left
1761480073853, -5.15, -22.74, 5.37, Left
1761480073900, -5.34, -23.88, 5.46, Left
1761480073965, -5.46, -25.25, 5.15, Left
1761480074010, -5.57, -26.59, 4.90, Left
1761480074056, -4.92, -28.37, 4.46, Left
1761480074102, -4.43, -30.22, 4.04, Left
1761480074150, -3.41, -31.21, 3.57, Left
1761480074200, -2.01, -33.69, -14.84, Left
1761480074244, -0.32, -36.14, -33.30, Left
1761480074299, 1.46, -36.01, -33.72, Left
1761480074353, 3.45, -36.16, -34.12, Left
1761480074399, 5.40, -36.36, -34.79, Left
1761480074445, 7.24, -38.24, -16.97, Left
1761480074492, 9.01, -40.33, 0.74, Left
1761480074542, 9.92, -41.94, 18.63, Left
1761480074585, 10.08, -43.09, 36.21, Left
1761480074635, 10.35, -44.32, 53.71, Left
1761480074683, 10.79, -44.11, 89.27, Left
1761480074729, 10.48, -43.75, 124.51, Left
1761480074778, 9.32, -45.52, 141.54, Left
1761480074846, 8.37, -45.78, 140.82, Left
1761480074905, 7.21, -45.95, 140.65, Left
1761480074951, 6.14, -44.24, 122.89, Left
1761480074998, 4.85, -43.18, 105.26, Left
1761480075043, 3.65, -42.10, 87.61, Left
1761480075089, 2.73, -41.45, 70.17, Left
1761480075136, 1.28, -41.13, 52.92, Left
1761480075182, -0.59, -40.97, 35.60, Left
1761480075231, -1.92, -40.95, 18.52, Left
1761480075277, -2.50, -40.91, 1.79, Left
1761480075324, -3.36, -42.19, 2.90, Left
1761480075369, -4.09, -43.43, 3.61, Left
1761480075415, -4.64, -46.31, -14.07, Left
1761480075463, -5.20, -46.80, -14.24, Left
1761480075508, -4.46, -46.13, -14.55, Left
1761480075555, -3.45, -45.69, -14.78, Left
1761480075604, -1.82, -47.60, 2.69, Left
1761480075649, -0.47, -49.25, 20.23, Left
1761480075699, 2.46, -48.83, 37.80, Left
1761480075744, 4.31, -48.54, 37.54, Left
1761480075788, 5.83, -48.31, 37.09, Left
1761480075835, 6.37, -47.90, 36.44, Left
1761480075898, 5.57, -45.39, 53.82, Left
1761480075942, 4.96, -44.27, 53.67, Left
1761480075989, 3.10, -44.05, 53.73, Left
1761480076035, 1.38, -44.57, 71.60, Left
1761480076084, -0.95, -42.57, 71.72, Left
1761480076131, -3.30, -40.44, 71.73, Left
1761480076177, -6.92, -38.84, 53.95, Left
1761480076235, -9.38, -37.19, 53.80, Left
1761480076286, -11.50, -35.45, 53.78, Left
1761480076334, -12.67, -33.78, 53.97, Left
1761480076378, -12.81, -32.70, 54.00, Left
1761480076440, -12.75, -31.65, 53.98, Left
1761480076509, -12.52, -30.63, 53.86, Left
1761480076563, -12.16, -28.61, 35.96, Left
1761480076609, -11.73, -26.71, 18.08, Left
1761480076655, -11.17, -24.71, 0.12, Left
1761480076716, -10.87, -24.37, 0.05, Left
1761480076767, -10.55, -23.89, 0.01, Left
1761480076810, -10.31, -23.39, -0.09, Left
1761480076858, -10.15, -22.73, -0.20, Left
1761480076906, -9.97, -22.23, -0.20, Left
1761480076951, -9.87, -22.15, -0.19, Left
1761480076998, -9.89, -22.05, -0.15, Left
1761480077044, -9.83, -21.90, -0.12, Left
1761480077089, -9.66, -21.96, -0.08, Left
1761480077140, -9.45, -22.11, 0.05, Left
1761480077185, -9.32, -22.34, 0.14, Left
1761480077232, -9.19, -22.78, 0.22, Left
1761480077278, -9.22, -23.46, 0.40, Left
1761480077324, -9.19, -24.28, 0.57, Left
1761480077372, -9.13, -24.41, 0.70, Left
1761480077418, -9.11, -24.50, 0.78, Left
1761480077466, -9.18, -23.95, 0.82, Left
1761480077512, -9.27, -23.58, 0.88, Left
1761480077557, -9.68, -23.13, 0.87, Left
1761480077605, -10.06, -21.51, 0.81, Left
1761480077655, -10.39, -20.32, 0.80, Left
1761480077697, -10.83, -19.26, 0.80, Left
1761480077741, -11.14, -17.55, 0.69, Left
1761480077788, -11.53, -15.61, 0.60, Left
1761480077836, -11.97, -14.70, 0.57, Left
1761480077883, -12.39, -13.61, 0.65, Left
1761480077928, -12.79, -12.73, 0.77, Left
1761480077974, -14.17, -13.58, 18.53, Left
1761480078020, -15.26, -14.13, 36.37, Left
1761480078068, -16.34, -16.31, 54.10, Left
1761480078118, -16.42, -16.72, 54.14, Left
1761480078185, -16.36, -16.83, 54.19, Left
1761480078240, -16.33, -17.51, 54.33, Left
1761480078286, -16.20, -18.58, 54.43, Left
1761480078333, -16.00, -19.26, 54.49, Left
1761480078380, -15.71, -19.89, 54.45, Left
1761480078426, -15.36, -20.94, 54.40, Left
1761480078473, -14.05, -20.35, 36.71, Left
1761480078519, -12.70, -19.77, 18.97, Left
1761480078565, -11.59, -18.93, 1.35, Left
1761480078610, -11.53, -19.15, 1.39, Left
1761480078658, -11.52, -19.19, 1.45, Left
1761480078714, -11.58, -18.69, 1.49, Left
1761480078767, -11.78, -18.42, 1.54, Left
1761480078814, -13.27, -19.11, 19.22, Left
1761480078859, -13.64, -18.82, 19.33, Left
1761480078906, -15.20, -19.66, 37.09, Left
1761480078954, -16.76, -20.30, 54.86, Left
1761480079000, -18.21, -21.33, 72.63, Left
1761480079049, -19.68, -21.70, 90.49, Left
1761480079093, -21.06, -22.40, 108.29, Left
1761480079140, -22.38, -23.79, 126.05, Left
1761480079187, -23.64, -25.07, 143.82, Left
1761480079233, -24.76, -26.37, 161.54, Left
1761480079280, -24.60, -26.46, 161.66, Left
1761480079328, -25.61, -27.72, 179.42, Left
1761480079385, -25.41, -28.01, 179.50, Left
1761480079437, -25.14, -28.36, 179.56, Left
1761480079483, -25.08, -28.43, 179.63, Left
1761480079531, -24.89, -29.19, 179.61, Left
1761480079578, -24.74, -29.60, 179.70, Left
1761480079624, -24.65, -29.72, 179.78, Left
1761480079671, -24.44, -30.41, 179.88, Left
1761480079720, -24.23, -30.62, 144.09, Left
1761480079763, -24.17, -30.96, 108.24, Left
1761480079809, -24.08, -31.27, 108.35, Left
1761480079856, -24.01, -31.43, 108.47, Left
1761480079904, -23.95, -31.31, 72.64, Left
1761480079951, -23.97, -31.21, 36.80, Left
1761480079995, -23.75, -31.20, 0.95, Left
1761480080042, -23.45, -31.53, -34.96, Left
1761480080088, -23.28, -31.56, -70.80, Left
1761480080136, -23.03, -31.53, -106.67, Left
1761480080184, -22.86, -31.61, -106.54, Left
1761480080227, -22.39, -31.90, -106.38, Left
1761480080274, -22.10, -32.07, -142.19, Left
1761480080320, -21.82, -32.20, -178.02, Left
1761480080378, -21.58, -32.43, -177.85, Left
1761480080430, -21.31, -32.69, -177.68, Left
1761480080477, -21.36, -32.74, -177.57, Left
1761480080523, -21.52, -32.57, -177.49, Left
1761480080571, -21.46, -32.47, -177.42, Left
1761480080618, -21.60, -32.11, -177.37, Left
1761480080665, -21.77, -32.18, -177.44, Left
1761480080714, -22.16, -31.82, -177.57, Left
1761480080757, -22.58, -31.40, -177.71, Left
1761480080803, -23.10, -30.43, -177.79, Left
1761480080849, -23.64, -30.06, -177.98, Left
1761480080896, -24.09, -29.80, -142.24, Left
1761480080942, -24.46, -29.35, -106.41, Left
1761480080988, -23.98, -25.63, -88.45, Left
1761480081054, -24.91, -22.38, -88.30, Left
1761480081101, -25.88, -19.64, -88.22, Left
1761480081146, -26.94, -16.30, -87.98, Left
1761480081192, -27.85, -13.00, -87.69, Left
1761480081239, -28.75, -10.04, -87.41, Left
1761480081286, -29.61, -8.10, -87.31, Down
1761480081333, -30.42, -5.52, -87.09, Down
1761480081384, -31.31, -2.82, -122.77, Down
1761480081427, -32.16, -0.28, -158.47, Down
1761480081472, -33.86, -0.85, -176.28, Down
1761480081518, -34.12, -1.01, -176.30, Down
1761480081567, -34.29, -0.89, -176.27, Down
1761480081610, -34.36, -0.96, -176.30, Down
1761480081658, -34.31, -1.26, -176.38, Down
1761480081705, -34.20, -1.15, -176.40, Down
1761480081753, -33.84, -1.04, -176.47, Down
1761480081799, -33.42, -0.89, -176.46, Down
1761480081845, -32.99, -0.58, -176.48, Down
1761480081893, -32.61, -0.61, -176.54, Down
1761480081938, -32.05, -0.42, -176.56, Down
1761480081986, -31.49, -0.06, -176.53, Down
1761480082034, -30.99, 0.34, -176.51, Down
1761480082079, -30.21, 0.09, -176.60, Down
1761480082126, -29.71, -1.79, -140.94, Down
1761480082173, -29.28, -3.10, -141.17, Down
1761480082218, -28.73, -5.55, -105.48, Down
1761480082265, -28.36, -8.03, -69.90, Down
1761480082313, -28.04, -10.61, -34.24, Left
1761480082360, -27.67, -12.96, 1.40, Left
1761480082407, -27.25, -16.11, 37.01, Left
1761480082456, -27.02, -19.34, 72.58, Left
1761480082503, -26.73, -22.53, 108.17, Left
1761480082550, -25.29, -23.22, 126.18, Left
1761480082594, -23.85, -22.14, 108.45, Left
1761480082645, -23.44, -24.18, 144.17, Left
1761480082691, -23.32, -24.52, 144.16, Left
1761480082737, -23.10, -24.85, 144.16, Left
1761480082798, -22.72, -25.19, 144.09, Left
1761480082849, -22.50, -25.47, 144.00, Left
1761480082895, -22.31, -25.17, 143.97, Left
1761480082940, -22.09, -25.26, 143.86, Left
1761480082987, -21.90, -25.31, 143.77, Left
1761480083035, -23.09, -27.28, 161.33, Left
1761480083082, -24.22, -29.78, 178.74, Left
1761480083132, -24.39, -29.74, 178.45, Left
1761480083175, -24.66, -29.87, 178.06, Left
1761480083222, -25.08, -30.19, 177.65, Left
1761480083267, -25.65, -30.62, 177.25, Left
1761480083314, -26.29, -30.98, 176.88, Left
1761480083362, -27.01, -31.61, 176.45, Left
1761480083407, -25.75, -30.11, 158.87, Left
1761480083469, -26.33, -30.48, 158.54, Left
1761480083518, -26.97, -30.79, 158.28, Left
1761480083564, -27.49, -30.22, 158.25, Left
1761480083608, -27.91, -29.91, 158.32, Left
1761480083655, -28.05, -29.10, 158.57, Left
1761480083705, -28.08, -28.60, 158.76, Left
1761480083750, -27.71, -25.51, 123.37, Left
1761480083795, -27.07, -22.86, 123.93, Left
1761480083843, -26.40, -19.70, 124.54, Left
1761480083888, -28.05, -18.29, 106.42, Left
1761480083935, -27.64, -14.74, 71.06, Left
1761480083982, -27.26, -11.16, 35.60, Left
1761480084026, -26.87, -7.76, 0.10, Down
1761480084073, -27.29, -4.19, -35.35, Down
1761480084121, -26.67, -0.75, -53.43, Down
1761480084168, -25.92, 2.92, -71.36, Down
1761480084213, -25.73, 3.90, -53.72, Down
1761480084261, -25.49, 5.30, -72.05, Down
1761480084308, -25.50, 6.42, -90.37, Down
1761480084354, -25.00, 7.42, -72.83, Down
1761480084400, -24.83, 8.39, -55.33, Down
1761480084459, -24.57, 9.03, -37.72, Down
1761480084508, -24.41, 9.57, -20.16, Down
1761480084555, -23.33, 10.01, -2.64, Right
1761480084599, -23.44, 10.06, -2.60, Right
1761480084647, -23.67, 10.05, -2.64, Right
1761480084695, -23.79, 10.17, -2.67, Right
1761480084739, -23.80, 10.33, -2.72, Right
1761480084800, -23.65, 10.79, -2.94, Right
1761480084848, -23.49, 11.03, -3.03, Right
1761480084893, -23.11, 11.05, -3.12, Right
1761480084941, -22.77, 11.40, -3.27, Right
1761480084987, -22.39, 11.67, -3.44, Right
1761480085032, -23.98, 11.38, -20.87, Right
1761480085077, -23.67, 11.82, -21.04, Right
1761480085134, -23.34, 12.45, -21.19, Right
1761480085189, -22.91, 13.15, -21.40, Right
1761480085235, -22.92, 13.75, -21.50, Right
1761480085281, -22.85, 13.95, -21.48, Right
1761480085330, -22.71, 14.50, -21.59, Right
1761480085376, -22.61, 15.06, -21.74, Right
1761480085421, -22.52, 15.61, -21.95, Right
1761480085465, -22.35, 16.22, -22.17, Right
1761480085512, -22.37, 16.97, -22.10, Right
1761480085559, -22.22, 17.31, -22.35, Right
1761480085604, -22.03, 17.63, -22.64, Right
1761480085650, -23.75, 17.71, -39.89, Right
1761480085698, -23.42, 17.94, -40.18, Right
1761480085741, -23.08, 18.22, -40.49, Right
1761480085802, -23.21, 18.25, -40.65, Right
1761480085852, -23.22, 18.35, -40.81, Right
1761480085897, -23.28, 18.19, -40.82, Right
1761480085942, -23.28, 18.00, -40.82, Right
1761480085988, -21.28, 18.13, -23.90, Right
1761480086035, -21.35, 17.99, -23.90, Right
1761480086081, -21.35, 17.96, -23.91, Right
1761480086142, -19.59, 17.90, -6.87, Right
1761480086188, -19.59, 17.78, -6.82, Right
1761480086236, -21.69, 17.28, -23.80, Right
1761480086281, -21.49, 17.19, -23.74, Right
1761480086329, -23.59, 16.55, -40.77, Right
1761480086376, -23.51, 16.42, -40.75, Right
1761480086421, -23.54, 16.25, -40.73, Right
1761480086474, -23.53, 16.21, -40.63, Right
1761480086530, -23.46, 16.14, -40.59, Right
1761480086578, -25.49, 15.41, -57.61, Right
1761480086626, -27.32, 14.83, -74.73, Right
1761480086670, -28.92, 14.31, -91.88, Right
1761480086736, -28.21, 14.21, -92.00, Right
1761480086780, -29.55, 13.62, -109.28, Right
1761480086826, -28.34, 13.33, -73.54, Right
1761480086871, -29.16, 12.73, -54.87, Right
1761480086919, -29.98, 12.26, -36.18, Right
1761480086964, -30.43, 11.61, -17.57, Right
1761480087009, -31.10, 10.97, 1.05, Right
1761480087068, -29.32, 10.78, 36.78, Right
1761480087120, -27.71, 10.50, 72.50, Right
1761480087166, -26.08, 10.08, 108.15, Right
1761480087213, -24.88, 9.70, 143.90, Down
1761480087272, -23.73, 9.56, 179.70, Down
1761480087340, -23.12, 9.55, 179.54, Down
1761480087395, -22.69, 9.55, 179.37, Down
1761480087443, -22.21, 9.21, 179.10, Down
1761480087489, -21.85, 9.05, 178.87, Down
1761480087533, -22.05, 8.62, 178.72, Down
1761480087582, -22.63, 8.29, 178.54, Down
1761480087626, -23.65, 7.61, 178.30, Down
1761480087674, -25.11, 6.77, 178.11, Down
1761480087723, -26.17, 5.62, 177.79, Down
1761480087771, -27.20, 3.48, 177.09, Down
1761480087814, -28.07, 1.28, 176.42, Down
1761480087861, -26.89, -1.41, 157.93, Down
1761480087909, -26.02, -3.86, 139.45, Down
1761480087956, -24.76, -8.51, 121.48, Down
1761480088003, -22.92, -12.57, 103.44, Left
1761480088048, -21.03, -16.97, 85.52, Left
1761480088095, -18.59, -20.92, 67.71, Left
1761480088142, -15.65, -24.94, 50.19, Left
1761480088186, -12.62, -30.82, 14.89, Left
1761480088232, -9.65, -33.88, -2.05, Left
1761480088276, -6.10, -36.65, -18.63, Left
1761480088330, -4.58, -39.16, -17.38, Left
1761480088388, -2.72, -41.62, -15.93, Left
1761480088432, -1.52, -42.05, -14.99, Left
1761480088478, 0.18, -42.84, -14.01, Left
1761480088524, 1.66, -43.24, -13.12, Left
1761480088570, 3.14, -43.69, -12.45, Left
1761480088616, 5.10, -45.27, -29.52, Left
1761480088671, 6.98, -44.66, -28.72, Left
1761480088728, 8.98, -45.97, -45.86, Left
1761480088772, 10.33, -47.40, -63.42, Left
1761480088818, 11.56, -35.73, -62.06, Left
1761480088879, 13.26, -37.33, -79.41, Left
1761480088940, 15.16, -26.44, -80.62, Left
1761480088990, 17.00, -15.50, -81.94, Left
1761480089039, 8.27, -5.33, -77.22, Forward
1761480089084, 10.26, 5.68, -77.18, Up
1761480089149, 10.50, 5.46, -77.03, Up
1761480089195, 11.18, 17.75, -61.24, Right
1761480089241, 8.67, 20.52, -26.59, Right
1761480089286, 8.38, 20.18, -26.63, Right
1761480089334, 8.47, 6.91, -45.57, Forward
1761480089379, 7.72, 6.90, -46.01, Forward
1761480089423, 6.93, -5.48, -62.55, Forward
1761480089471, 5.92, -15.97, -60.95, Left
1761480089517, 15.64, -25.80, -65.37, Left
1761480089566, 14.69, -36.38, -64.82, Left
1761480089612, 14.65, -34.37, -46.89, Left
1761480089660, 13.89, -44.83, -44.55, Left
1761480089704, 16.32, -45.87, -61.18, Left
1761480089749, 16.43, -45.60, -61.11, Left
1761480089798, 16.54, -43.45, -42.99, Left
1761480089843, 16.84, -41.35, -24.79, Left
1761480089888, 17.05, -39.28, -6.63, Left
1761480089937, 17.10, -39.00, -6.57, Left
1761480089984, 17.11, -38.84, -6.51, Left
1761480090030, 17.08, -38.56, -6.53, Left
1761480090076, 16.96, -38.38, -6.56, Left
1761480090123, 16.86, -38.30, -6.62, Left
1761480090170, 16.76, -38.02, -6.64, Left
1761480090214, 16.84, -35.92, 11.35, Left
1761480090264, 16.62, -35.89, 11.30, Left
1761480090310, 16.57, -35.71, 11.22, Left
1761480090354, 16.48, -35.67, 11.12, Left
1761480090401, 16.55, -35.63, 11.09, Left
1761480090448, 16.43, -35.57, 10.90, Left
1761480090493, 16.38, -35.33, 10.75, Left
1761480090538, 16.40, -35.07, 10.61, Left
1761480090618, 16.36, -34.85, 10.46, Left
1761480090665, 16.33, -34.84, 10.30, Left
1761480090712, 16.20, -34.92, 10.17, Left
1761480090757, 16.11, -34.69, 9.83, Left
1761480090814, 15.82, -34.62, 9.21, Left
1761480090868, 15.65, -34.39, 8.67, Left
1761480090914, 14.97, -33.80, 7.83, Left
1761480090962, 14.41, -32.37, 7.05, Left
1761480091009, 13.62, -31.28, 6.21, Left
1761480091054, 12.91, -30.10, 5.41, Left
1761480091100, 11.76, -28.09, 4.40, Left
1761480091151, 10.69, -25.47, 3.13, Left
1761480091208, 9.59, -22.95, 1.91, Left
1761480091256, 8.26, -20.12, 0.58, Left
1761480091302, 6.78, -17.86, -0.31, Left
1761480091348, 4.82, -14.48, -1.60, Left
1761480091419, 4.02, -11.59, -2.75, Left
1761480091471, 3.08, -9.24, -3.82, Forward
1761480091519, 1.99, -7.36, -4.76, Forward
1761480091565, 0.61, -5.15, -5.80, Forward
1761480091612, 0.05, -3.50, -6.70, Forward
1761480091673, -1.38, -1.94, -7.21, Forward
1761480091720, -2.82, 0.37, -7.76, Forward
1761480091770, -3.52, 1.20, -8.02, Forward
1761480091816, -3.95, 3.33, -8.43, Forward
1761480091861, -4.44, 3.02, -8.28, Forward
1761480091907, -5.66, 3.69, -8.12, Forward
1761480091952, -6.35, 3.69, -7.93, Forward
1761480092014, -6.89, 4.00, -7.91, Forward
1761480092063, -7.35, 3.59, -7.78, Forward
1761480092107, -8.13, 2.94, -7.63, Forward
1761480092154, -8.11, 1.76, -7.61, Forward
1761480092199, -8.00, -0.04, -7.63, Forward
1761480092248, -8.45, -1.16, -7.62, Forward
1761480092296, -8.72, -2.43, -7.78, Forward
1761480092345, -8.46, -2.70, -8.15, Forward
1761480092404, -8.19, -3.77, -8.41, Forward
1761480092450, -8.17, -4.53, -8.73, Forward
1761480092494, -8.01, -4.76, -9.02, Forward
1761480092542, -7.74, -4.66, -9.37, Forward
1761480092589, -7.52, -4.63, -9.63, Forward
1761480092634, -7.20, -4.42, -9.82, Forward
1761480092681, -6.99, -3.84, -9.95, Forward
1761480092731, -6.64, -2.89, -10.13, Forward
1761480092777, -6.43, -2.57, -10.08, Forward
1761480092823, -6.27, -2.28, -9.96, Forward
1761480092870, -5.63, -2.25, -9.80, Forward
1761480092917, -5.32, -1.87, -9.63, Forward
1761480092964, -4.73, -1.92, -9.38, Forward
1761480093017, -4.07, -2.23, -9.06, Forward
1761480093071, -3.52, -2.10, -8.83, Forward
1761480093119, -2.63, -2.60, -8.68, Forward
1761480093165, -1.72, -3.55, -8.56, Forward
1761480093212, -0.67, -5.00, -8.47, Forward
1761480093260, 0.28, -6.25, -8.41, Forward
1761480093305, 1.35, -7.47, -8.36, Forward
1761480093355, 2.02, -8.60, -8.27, Forward
1761480093398, 2.91, -10.08, -8.19, Left
1761480093449, 3.62, -11.18, -8.05, Left
1761480093492, 4.23, -12.22, -7.94, Left
1761480093541, 4.83, -13.30, -7.72, Left
1761480093589, 4.94, -14.22, -7.49, Left
1761480093634, 4.85, -14.95, -7.05, Left
1761480093691, 4.62, -15.49, -6.28, Left
1761480093743, 4.44, -16.05, -5.53, Left
1761480093789, 3.94, -17.16, -4.67, Left
1761480093835, 3.22, -18.38, -3.86, Left
1761480093882, 2.44, -19.39, -3.05, Left
1761480093930, 1.38, -20.34, -2.32, Left
1761480093976, 0.00, -21.56, -1.58, Left
1761480094022, -1.30, -23.00, -0.90, Left
1761480094067, -2.41, -24.01, -0.14, Left
1761480094116, -3.17, -25.17, 0.43, Left
1761480094160, -3.86, -25.90, 0.74, Left
1761480094207, -4.53, -26.67, 1.10, Left
1761480094251, -5.12, -26.24, 1.30, Left
1761480094301, -5.75, -25.87, 1.56, Left
1761480094348, -6.33, -25.61, 1.88, Left
1761480094392, -6.77, -25.48, 2.08, Left
1761480094440, -6.93, -25.03, 2.29, Left
1761480094486, -7.02, -24.68, 2.49, Left
1761480094533, -7.36, -24.45, 2.64, Left
1761480094580, -7.85, -24.22, 2.73, Left
1761480094624, -8.63, -24.16, 2.79, Left
1761480094669, -9.50, -23.99, 2.90, Left
1761480094717, -10.28, -24.27, 3.00, Left
1761480094763, -10.89, -24.21, 3.03, Left
1761480094810, -11.42, -24.32, 3.06, Left
1761480094857, -12.01, -24.48, 3.11, Left
1761480094905, -12.60, -24.51, 3.09, Left
1761480094951, -13.19, -24.42, 3.13, Left
1761480094999, -13.61, -24.42, 3.17, Left
1761480095046, -14.08, -24.27, 3.16, Left
1761480095097, -14.19, -24.04, 3.24, Left
1761480095154, -14.26, -23.99, 3.26, Left
1761480095200, -14.37, -24.00, 3.23, Left
1761480095247, -14.40, -24.00, 3.21, Left
1761480095291, -14.39, -23.78, 3.06, Left
1761480095356, -14.29, -23.37, 2.91, Left
1761480095400, -14.02, -22.94, 2.81, Left
1761480095449, -13.72, -22.22, 2.63, Left
1761480095494, -13.51, -21.48, 2.45, Left
1761480095539, -13.14, -20.80, 2.31, Left
1761480095583, -12.87, -20.36, 2.14, Left
1761480095630, -12.39, -19.86, 1.88, Left
1761480095696, -11.81, -19.26, 1.71, Left
1761480095739, -11.26, -18.74, 1.55, Left
1761480095784, -10.44, -18.27, 1.55, Left
1761480095832, -9.88, -18.32, 1.58, Left
1761480095880, -9.24, -18.19, 1.64, Left
1761480095924, -8.74, -18.55, 1.72, Left
1761480095973, -7.78, -18.96, 1.96, Left
1761480096028, -6.86, -19.70, 2.34, Left
1761480096084, -5.89, -20.24, 2.67, Left
1761480096128, -4.85, -20.82, 3.25, Left
1761480096174, -3.84, -21.41, 3.83, Left
1761480096223, -2.61, -22.30, 4.54, Left
1761480096270, -1.76, -23.20, 5.14, Left
1761480096315, -0.31, -24.45, 5.83, Left
1761480096362, 0.79, -25.82, 6.40, Left
1761480096411, 1.79, -27.07, 6.97, Left
1761480096455, 2.54, -28.34, 7.34, Left
1761480096502, 3.43, -29.24, 7.69, Left
1761480096547, 4.21, -29.97, 7.87, Left
1761480096594, 4.73, -30.85, 7.97, Left
1761480096639, 5.32, -31.71, 7.97, Left
1761480096702, 5.91, -32.33, 7.84, Left
1761480096749, 6.66, -32.72, 7.77, Left
1761480096796, 7.04, -32.34, 7.62, Left
1761480096840, 7.53, -32.10, 7.57, Left
1761480096887, 8.20, -31.79, 7.49, Left
1761480096935, 8.79, -31.33, 7.53, Left
1761480096980, 9.43, -30.69, 7.44, Left
1761480097034, 10.23, -29.99, 7.47, Left
1761480097091, 10.83, -29.20, 7.39, Left
1761480097138, 11.07, -28.05, 7.05, Left
1761480097182, 11.07, -26.74, 6.71, Left
1761480097230, 11.06, -25.09, 6.07, Left
1761480097291, 10.83, -23.25, 5.25, Left
1761480097342, 10.74, -21.14, 4.44, Left
1761480097387, 10.46, -19.16, 3.86, Left
1761480097435, 10.04, -17.32, 3.22, Left
1761480097485, 8.64, -16.06, 2.61, Left
1761480097530, 7.18, -14.99, 2.10, Left
1761480097577, 5.72, -13.44, 1.59, Left
1761480097630, 4.30, -12.21, 1.44, Left
1761480097686, 3.06, -10.90, 1.30, Left
1761480097732, 1.70, -10.26, 1.43, Left
1761480097775, 0.63, -9.78, 1.77, Forward
1761480097824, -0.65, -9.54, 2.11, Forward
1761480097871, -1.65, -9.17, 2.22, Forward
1761480097918, -2.98, -9.03, 2.44, Forward
1761480097966, -3.33, -8.19, 2.66, Forward
1761480098009, -3.57, -7.19, 2.82, Forward
1761480098055, -3.93, -6.84, 3.00, Forward
1761480098102, -4.10, -6.25, 3.18, Forward
1761480098151, -4.49, -5.90, 3.29, Forward
1761480098197, -4.76, -5.70, 3.43, Forward
1761480098241, -4.96, -5.38, 3.32, Forward
1761480098301, -4.87, -4.44, 2.91, Forward
1761480098350, -4.96, -3.63, 2.50, Forward
1761480098397, -4.19, -1.69, 1.82, Forward
1761480098441, -3.13, 0.51, 1.01, Forward
1761480098510, -1.94, 3.00, -0.06, Forward
1761480098569, -0.38, 6.31, -1.12, Forward
1761480098613, 1.14, 9.42, -2.16, Forward
1761480098658, 2.81, 12.86, -3.20, Right
1761480098704, 4.26, 16.66, -4.22, Right
1761480098753, 5.96, 20.43, -5.11, Right
1761480098800, 7.38, 23.54, -5.64, Right
1761480098844, 8.67, 27.33, -6.17, Right
1761480098893, 9.42, 30.32, -6.67, Right
1761480098939, 9.86, 32.20, -6.82, Right
1761480098987, 9.45, 33.47, -6.31, Right
1761480099031, 8.98, 34.05, -5.90, Right
1761480099079, 8.67, 33.82, -5.70, Right
1761480099126, 7.97, 33.48, -5.43, Right
1761480099171, 7.86, 31.51, -4.98, Right
1761480099218, 7.43, 29.35, -4.42, Right
1761480099266, 7.32, 26.92, -3.84, Right
1761480099311, 7.31, 23.97, -3.22, Right
1761480099359, 7.47, 20.84, -2.48, Right
1761480099406, 7.33, 17.60, -1.89, Right
1761480099450, 7.90, 14.21, -1.63, Right
1761480099496, 8.35, 10.97, -1.35, Right
1761480099544, 8.75, 8.19, -0.84, Forward
1761480099589, 9.28, 5.19, -0.57, Forward
1761480099636, 9.43, 3.50, -0.50, Forward
1761480099682, 9.33, 1.56, -0.55, Forward
1761480099726, 9.06, -0.19, -0.66, Forward
1761480099771, 8.79, -1.79, -0.95, Forward
1761480099822, 8.19, -3.08, -1.37, Forward
1761480099865, 7.75, -3.69, -1.89, Forward
1761480099914, 7.07, -4.03, -2.52, Forward
1761480099959, 6.47, -4.41, -3.12, Forward
1761480100005, 5.77, -4.73, -3.72, Forward
1761480100053, 5.17, -4.90, -4.18, Forward
1761480100097, 4.42, -4.12, -4.91, Forward
1761480100147, 3.98, -4.14, -5.34, Forward
1761480100190, 3.62, -3.89, -5.93, Forward
1761480100237, 3.33, -3.58, -6.53, Forward
1761480100298, 3.14, -3.48, -7.04, Forward
1761480100348, 2.83, -4.06, -7.37, Forward
1761480100392, 2.62, -4.63, -7.64, Forward
1761480100439, 2.58, -4.87, -8.01, Forward
1761480100487, 2.43, -5.09, -8.37, Forward
1761480100536, 2.19, -5.33, -8.74, Forward
1761480100580, 1.86, -5.86, -8.95, Forward
1761480100641, 1.23, -5.18, -9.32, Forward
1761480100690, 0.43, -5.39, -9.45, Forward
1761480100737, -0.35, -5.77, -9.46, Forward
1761480100784, -1.26, -5.50, -9.47, Forward
1761480100845, -2.10, -5.00, -9.66, Forward
1761480100892, -2.96, -4.78, -9.82, Forward
1761480100940, -4.12, -4.21, -9.95, Forward
1761480100985, -5.06, -3.32, -10.11, Forward
1761480101030, -6.05, -2.60, -10.24, Forward
1761480101077, -6.92, -2.10, -10.25, Forward
1761480101120, -7.62, -2.38, -10.14, Forward
1761480101180, -10.11, -0.62, 8.21, Down
1761480101229, -10.96, -0.20, 8.29, Down
1761480101275, -11.55, 0.29, 8.42, Down
1761480101321, -12.20, 0.63, 8.64, Down
1761480101368, -14.70, 2.22, 27.22, Down
1761480101416, -15.19, 2.10, 27.48, Down
1761480101463, -15.74, 2.55, 27.71, Down
1761480101516, -16.20, 2.55, 27.98, Down
1761480101572, -16.56, 2.91, 28.15, Down
1761480101618, -16.92, 3.65, 28.22, Down
1761480101665, -15.38, 2.99, 9.95, Down
1761480101708, -15.44, 3.79, 9.89, Down
1761480101757, -15.63, 3.99, 9.85, Down
1761480101803, -15.82, 4.26, 9.75, Down
1761480101850, -14.01, 3.95, -8.76, Down
1761480101894, -13.90, 4.55, -8.89, Down
1761480101941, -13.76, 4.15, -8.95, Down
1761480101988, -13.66, 4.64, -9.08, Down
1761480102035, -13.57, 4.61, -9.19, Down
1761480102080, -13.47, 4.64, -9.31, Down
1761480102127, -13.39, 5.27, -9.51, Down
1761480102172, -13.37, 5.48, -9.58, Down
1761480102220, -13.15, 5.61, -9.69, Down
1761480102267, -12.94, 6.00, -9.78, Down
1761480102316, -12.77, 6.10, -9.88, Down
1761480102363, -12.76, 5.76, -9.87, Down
1761480102409, -12.86, 5.88, -9.92, Down
1761480102454, -12.61, 5.21, -9.97, Down
1761480102506, -12.42, 3.74, -9.89, Down
1761480102570, -12.15, 2.87, -9.93, Down
1761480102627, -11.96, 2.04, -9.93, Down
1761480102674, -11.76, 0.53, -9.89, Down
1761480102721, -11.36, -1.40, -9.73, Down
1761480102781, -10.98, -3.17, -9.58, Down
1761480102832, -10.80, -5.30, -9.41, Down
1761480102877, -10.44, -7.12, -9.22, Down
1761480102924, -10.02, -9.16, -9.04, Down
1761480102972, -9.67, -10.61, -8.74, Left
1761480103016, -9.43, -11.54, -8.49, Left
1761480103060, -9.36, -13.24, -8.16, Left
1761480103121, -9.05, -14.94, -7.81, Left
1761480103171, -8.79, -16.31, -7.49, Left
1761480103217, -8.67, -16.90, -7.31, Left
1761480103261, -8.56, -17.87, -7.07, Left
1761480103308, -8.31, -18.55, -6.83, Left
1761480103386, -8.14, -18.84, -6.63, Left
1761480103435, -8.05, -19.38, -6.42, Left
1761480103482, -8.10, -20.25, -6.23, Left
1761480103527, -7.98, -20.91, -6.07, Left
1761480103575, -7.73, -21.34, -5.86, Left
1761480103622, -7.70, -22.36, -5.64, Left
1761480103669, -7.55, -22.49, -5.46, Left
1761480103714, -7.63, -23.02, -5.26, Left
1761480103763, -7.59, -23.50, -5.10, Left
1761480103808, -7.50, -24.19, -4.87, Left
1761480103854, -7.54, -24.86, -4.73, Left
1761480103903, -7.52, -24.87, -4.60, Left
1761480103948, -7.72, -25.07, -4.52, Left
1761480103994, -7.78, -24.81, -4.37, Left
1761480104047, -7.85, -24.64, -4.27, Left
1761480104105, -7.88, -24.06, -4.18, Left
1761480104151, -7.96, -24.07, -4.11, Left
1761480104195, -7.94, -24.07, -3.97, Left
1761480104245, -7.97, -23.49, -3.92, Left
1761480104292, -8.02, -22.84, -3.87, Left
1761480104339, -8.09, -22.80, -3.74, Left
1761480104383, -8.02, -23.02, -3.60, Left
1761480104431, -7.89, -22.96, -3.49, Left
1761480104477, -7.83, -23.28, -3.41, Left
1761480104523, -7.81, -23.44, -3.37, Left
1761480104570, -7.85, -23.84, -3.30, Left
1761480104616, -7.85, -24.12, -3.23, Left
1761480104661, -7.83, -24.23, -3.18, Left
1761480104721, -7.64, -24.49, -3.12, Left
1761480104771, -7.70, -24.84, -3.11, Left
1761480104816, -7.58, -24.74, -3.10, Left
1761480104862, -7.57, -24.77, -3.11, Left
1761480104910, -7.36, -24.46, -3.12, Left
1761480104957, -7.39, -24.51, -3.19, Left
1761480105003, -7.14, -24.31, -3.21, Left
1761480105056, -6.97, -24.34, -3.23, Left
1761480105111, -6.86, -24.57, -3.23, Left
1761480105159, -6.53, -24.44, -3.30, Left
1761480105207, -6.46, -24.76, -3.31, Left
1761480105254, -6.15, -24.73, -3.36, Left
1761480105298, -6.01, -25.10, -3.39, Left
1761480105346, -5.63, -25.63, -3.42, Left
1761480105392, -5.35, -26.49, -3.41, Left
1761480105441, -4.93, -27.01, -3.42, Left
1761480105487, -4.45, -27.87, -3.46, Left
1761480105530, -3.98, -28.45, -3.54, Left
1761480105580, -3.29, -28.99, -3.62, Left
1761480105624, -2.98, -29.86, -3.69, Left
1761480105669, -2.17, -30.59, -3.84, Left
1761480105724, -1.34, -31.62, -3.91, Left
1761480105780, -0.46, -32.20, -4.04, Left
1761480105827, 0.34, -32.76, -4.07, Left
1761480105877, 1.07, -33.33, -4.06, Left
1761480105934, 1.94, -34.02, -3.91, Left
1761480105995, 2.84, -35.11, -3.58, Left
1761480106045, 3.77, -36.17, -3.21, Left
1761480106091, 4.32, -37.53, -2.85, Left
1761480106137, 4.93, -38.96, -2.49, Left
1761480106185, 5.29, -40.44, -1.83, Left
1761480106229, 5.57, -41.77, -1.26, Left
1761480106276, 5.52, -44.53, 16.86, Left
1761480106323, 5.47, -47.06, 34.94, Left
1761480106371, 5.38, -49.59, 52.88, Left
1761480106417, 5.05, -51.95, 70.56, Left
1761480106464, 4.62, -53.81, 88.24, Left
1761480106512, 4.52, -55.65, 106.21, Left
1761480106558, 4.54, -57.14, 124.04, Left
1761480106605, 5.10, -57.01, 124.45, Left
1761480106651, 5.40, -56.68, 124.56, Left
1761480106699, 5.78, -56.36, 124.72, Left
1761480106746, 5.99, -56.25, 124.89, Left
1761480106792, 6.55, -54.71, 107.45, Left
1761480106839, 7.15, -53.15, 90.08, Left
1761480106887, 7.88, -51.70, 72.86, Left
1761480106933, 7.85, -51.66, 72.96, Left
1761480106989, 7.59, -51.77, 72.73, Left
1761480107042, 7.48, -51.66, 72.63, Left
1761480107087, 6.69, -53.28, 89.96, Left
1761480107133, 6.60, -53.28, 89.82, Left
1761480107178, 6.43, -53.22, 89.69, Left
1761480107224, 6.73, -51.60, 72.02, Left
1761480107271, 6.51, -51.51, 71.83, Left
1761480107325, 6.24, -50.99, 71.49, Left
1761480107379, 6.14, -50.41, 71.21, Left
1761480107425, 6.14, -48.54, 53.24, Left
1761480107473, 6.19, -46.40, 35.42, Left
1761480107519, 6.20, -44.06, 17.49, Left
1761480107563, 6.21, -41.14, -0.44, Left
1761480107613, 5.52, -39.93, -0.81, Left
1761480107659, 4.74, -38.55, -1.31, Left
1761480107706, 4.03, -37.25, -1.77, Left
1761480107753, 3.36, -35.72, -2.21, Left
1761480107799, 2.76, -34.65, -2.48, Left
1761480107848, 2.04, -33.51, -2.81, Left
1761480107893, 1.73, -32.41, -2.96, Left
1761480107940, 1.36, -31.34, -3.18, Left
1761480107988, 0.97, -30.65, -3.31, Left
1761480108031, 0.72, -30.67, -3.37, Left
1761480108080, 0.76, -30.51, -3.42, Left
1761480108125, 0.94, -30.82, -3.37, Left
1761480108173, 1.09, -31.14, -3.33, Left
1761480108218, 1.05, -32.02, -3.25, Left
1761480108265, 1.09, -32.93, -3.12, Left
1761480108310, 1.22, -34.29, -2.92, Left
1761480108357, 0.83, -36.70, 14.84, Left
1761480108405, 1.10, -37.98, 15.11, Left
1761480108452, 0.83, -40.44, 32.91, Left
1761480108499, 1.20, -41.48, 33.13, Left
1761480108543, 1.33, -42.50, 33.29, Left
1761480108589, 1.53, -43.19, 33.48, Left
1761480108636, 1.72, -43.68, 33.70, Left
1761480108684, 2.15, -43.78, 33.90, Left
1761480108730, 2.50, -43.77, 34.07, Left
1761480108774, 2.78, -43.50, 34.16, Left
1761480108821, 3.49, -42.15, 16.72, Left
1761480108869, 3.58, -42.14, 16.74, Left
1761480108915, 4.21, -40.76, -0.79, Left
1761480108961, 4.20, -40.57, -0.76, Left
1761480109006, 4.49, -40.34, -0.62, Left
1761480109052, 4.57, -40.26, -0.57, Left
1761480109100, 4.75, -40.22, -0.56, Left
1761480109149, 4.81, -40.24, -0.57, Left
1761480109193, 4.82, -40.20, -0.65, Left
1761480109241, 4.68, -40.33, -0.70, Left
1761480109309, 4.72, -40.29, -0.71, Left
1761480109351, 4.64, -40.29, -0.71, Left
1761480109397, 4.62, -40.41, -0.72, Left
1761480109442, 4.63, -40.43, -0.75, Left
1761480109489, 4.36, -40.71, -0.82, Left
1761480109534, 4.17, -40.97, -0.84, Left
1761480109583, 3.95, -41.23, -0.86, Left
1761480109627, 3.95, -41.38, -0.76, Left
1761480109674, 3.99, -41.57, -0.66, Left
1761480109721, 3.92, -41.57, -0.67, Left
1761480109769, 3.86, -41.67, -0.68, Left
1761480109814, 3.84, -41.88, -0.63, Left
1761480109862, 3.89, -42.12, -0.52, Left
1761480109910, 3.84, -42.41, -0.45, Left
1761480109958, 3.92, -42.66, -0.35, Left
1761480110006, 4.18, -42.61, -0.22, Left
1761480110049, 4.45, -42.58, -0.10, Left
1761480110097, 4.38, -42.65, -0.13, Left
1761480110142, 4.39, -42.54, -0.09, Left
1761480110190, 4.65, -42.52, 0.05, Left
1761480110235, 4.74, -42.57, 0.15, Left
1761480110280, 4.85, -42.44, 0.18, Left
1761480110328, 4.80, -42.19, 0.12, Left
1761480110374, 4.84, -42.08, 0.14, Left
1761480110422, 4.87, -41.81, 0.11, Left
1761480110469, 4.73, -41.85, 0.06, Left
1761480110515, 4.56, -41.98, -0.02, Left
1761480110562, 4.66, -42.08, 0.04, Left
1761480110609, 4.66, -42.30, 0.05, Left
1761480110655, 4.57, -42.42, 0.04, Left
1761480110702, 4.79, -42.45, 0.10, Left
1761480110748, 4.99, -42.60, 0.09, Left
1761480110794, 5.39, -42.68, 0.14, Left
1761480110840, 5.77, -42.73, 0.14, Left
1761480110885, 6.14, -42.86, 0.09, Left
1761480110936, 6.54, -42.73, -0.03, Left
1761480110981, 6.74, -42.40, -0.36, Left
1761480111028, 6.66, -42.02, -0.84, Left
1761480111077, 6.68, -40.91, -1.42, Left
1761480111122, 6.66, -39.57, -2.11, Left
1761480111171, 6.34, -38.34, -2.93, Left
1761480111218, 6.01, -36.87, -3.69, Left
1761480111262, 5.60, -35.26, -4.55, Left
1761480111308, 5.26, -33.56, -5.44, Left
1761480111357, 4.87, -31.71, -6.35, Left
1761480111404, 4.46, -30.09, -7.26, Left
1761480111451, 4.23, -28.68, -7.96, Left
1761480111499, 4.02, -27.42, -8.56, Left
1761480111544, 3.79, -26.80, -9.01, Left
1761480111590, 3.57, -26.42, -9.34, Left
1761480111636, 3.57, -25.67, -9.62, Left
1761480111682, 3.57, -25.05, -9.88, Left
1761480111729, 3.44, -24.74, -10.06, Left
1761480111776, 3.35, -24.62, -10.20, Left
1761480111821, 3.32, -24.39, -10.34, Left
1761480111870, 3.28, -24.54, -10.34, Left
1761480111917, 3.31, -24.65, -10.31, Left
1761480111964, 3.44, -24.78, -10.24, Left
1761480112009, 3.57, -24.83, -10.14, Left
1761480112054, 3.89, -25.64, -9.82, Left
1761480112105, 4.07, -27.08, -9.37, Left
1761480112149, 4.24, -28.53, -8.89, Left
1761480112198, 4.53, -30.16, -8.39, Left
1761480112243, 4.72, -31.80, -7.76, Left
1761480112288, 5.01, -33.77, -7.05, Left
1761480112336, 5.35, -35.33, -6.30, Left
1761480112381, 5.48, -37.28, -5.40, Left
1761480112427, 5.73, -39.06, -4.47, Left
1761480112472, 5.86, -40.99, -3.56, Left
1761480112518, 5.94, -42.07, -2.77, Left
1761480112568, 6.03, -42.81, -2.10, Left
1761480112614, 6.32, -43.52, -1.33, Left
1761480112659, 6.69, -43.81, -0.61, Left
1761480112708, 7.06, -43.84, -0.06, Left
1761480112755, 7.29, -43.68, 0.43, Left
1761480112804, 7.48, -43.47, 0.83, Left
1761480112849, 7.86, -43.05, 1.09, Left
1761480112895, 8.13, -42.53, 1.14, Left
1761480112944, 8.34, -42.25, 1.21, Left
1761480112990, 8.58, -42.12, 1.21, Left
1761480113038, 8.74, -41.80, 1.16, Left
1761480113084, 8.75, -41.56, 0.89, Left
1761480113132, 8.72, -41.26, 0.58, Left
1761480113179, 8.44, -41.21, 0.17, Left
1761480113224, 8.18, -41.13, -0.23, Left
1761480113272, 7.87, -40.87, -0.69, Left
1761480113316, 7.30, -40.20, -1.30, Left
1761480113363, 6.86, -39.21, -1.81, Left
1761480113409, 6.49, -37.96, -2.35, Left
1761480113453, 5.85, -35.63, -2.83, Left
1761480113502, 5.28, -32.95, -3.23, Left
1761480113549, 4.72, -29.82, -3.54, Left
1761480113594, 4.06, -26.97, -3.74, Left
1761480113643, 3.69, -23.61, -3.72, Left
1761480113687, 3.32, -20.34, -3.65, Left
1761480113733, 3.00, -17.42, -3.48, Left
1761480113780, 2.88, -14.32, -3.24, Left
1761480113825, 2.65, -11.60, -2.85, Left
1761480113873, 2.39, -9.48, -2.31, Forward
1761480113922, 2.29, -8.06, -1.95, Forward
1761480113966, 2.08, -7.29, -1.58, Forward
1761480114011, 1.69, -7.32, -1.15, Forward
1761480114057, 1.34, -7.42, -0.76, Forward
1761480114105, 0.84, -8.04, -0.40, Forward
1761480114152, 0.21, -8.89, -0.07, Forward
1761480114201, -0.35, -9.19, 0.17, Forward
1761480114247, -1.03, -10.39, 0.49, Left
1761480114293, -1.75, -11.69, 0.68, Left
1761480114341, -2.35, -12.27, 0.74, Left
1761480114388, -2.94, -13.28, 0.87, Left
1761480114434, -3.33, -14.07, 0.95, Left
1761480114482, -3.59, -14.62, 0.99, Left
1761480114526, -3.64, -15.35, 0.94, Left
1761480114574, -3.73, -16.01, 0.82, Left
1761480114619, -3.67, -16.48, 0.71, Left
1761480114665, -3.69, -17.30, 0.61, Left
1761480114710, -3.62, -17.73, 0.50, Left
1761480114758, -3.44, -18.21, 0.45, Left
1761480114807, -3.23, -18.97, 0.40, Left
1761480114854, -3.07, -19.68, 0.29, Left
1761480114898, -2.58, -20.07, -0.08, Left
1761480114945, -2.18, -20.60, -0.43, Left
1761480114991, -2.13, -20.90, -0.76, Left
1761480115035, -1.82, -20.75, -1.08, Left
1761480115083, -1.57, -20.54, -1.41, Left
1761480115129, -1.19, -20.34, -1.73, Left
1761480115175, -0.76, -19.75, -2.13, Left
1761480115220, -0.46, -19.49, -2.47, Left
1761480115271, 0.16, -18.37, -3.01, Left
1761480115318, 0.67, -17.22, -3.46, Left
1761480115367, 0.67, -16.74, -3.60, Left
1761480115412, 0.81, -15.75, -3.80, Left
1761480115460, 1.09, -14.69, -3.96, Left
1761480115506, 1.26, -13.67, -4.16, Left
1761480115551, 1.43, -12.98, -4.28, Left
1761480115597, 1.55, -12.35, -4.44, Left
1761480115642, 1.47, -12.18, -4.51, Left
1761480115690, 1.53, -11.51, -4.72, Left
1761480115737, 1.29, -11.39, -4.77, Left
1761480115784, 1.11, -11.28, -4.82, Left
1761480115829, 1.02, -10.78, -4.96, Left
1761480115874, 0.90, -10.67, -5.05, Left
1761480115922, 0.77, -10.48, -5.16, Left
1761480115968, 0.48, -11.33, -5.13, Left
1761480116014, 0.19, -12.29, -5.15, Left
1761480116062, -0.28, -13.77, -5.04, Left
1761480116108, -0.62, -15.08, -4.96, Left
1761480116155, -0.89, -16.40, -4.83, Left
1761480116203, -1.26, -17.82, -4.74, Left
1761480116249, -1.56, -19.36, -4.63, Left
1761480116293, -1.75, -20.76, -4.52, Left
1761480116341, -2.06, -22.26, -4.40, Left
1761480116388, -2.27, -23.50, -4.29, Left
1761480116435, -2.39, -24.25, -4.20, Left
1761480116482, -2.34, -24.43, -4.16, Left
1761480116527, -2.16, -24.00, -4.18, Left
1761480116574, -2.00, -23.70, -4.19, Left
1761480116620, -1.82, -23.26, -4.28, Left
1761480116668, -1.52, -22.96, -4.31, Left
1761480116717, -1.22, -22.46, -4.38, Left
1761480116761, -0.99, -22.19, -4.41, Left
1761480116807, -0.58, -21.70, -4.45, Left
1761480116854, -0.29, -21.55, -4.45, Left
1761480116903, 0.08, -21.40, -4.43, Left
1761480116948, 0.39, -21.20, -4.44, Left
1761480116993, 0.75, -21.12, -4.49, Left
1761480117040, 1.13, -21.20, -4.54, Left
1761480117088, 1.29, -21.65, -4.52, Left
1761480117136, 1.36, -22.10, -4.51, Left
1761480117183, 1.47, -22.47, -4.50, Left
1761480117227, 1.64, -22.88, -4.46, Left
1761480117277, 1.81, -23.23, -4.44, Left
1761480117324, 1.96, -23.77, -4.40, Left
1761480117370, 2.03, -24.11, -4.39, Left
1761480117420, 2.32, -24.64, -4.38, Left
1761480117464, 2.58, -25.34, -4.30, Left
1761480117509, 2.86, -25.71, -4.24, Left
1761480117558, 3.23, -25.99, -4.18, Left
1761480117603, 3.58, -26.11, -4.15, Left
1761480117650, 3.90, -26.57, -4.08, Left
1761480117710, 4.05, -26.98, -4.06, Left
1761480117758, 4.30, -27.30, -4.07, Left
1761480117804, 4.53, -27.61, -4.05, Left
1761480117853, 4.81, -27.83, -4.04, Left
1761480117898, 4.85, -28.09, -4.00, Left
1761480117947, 4.79, -28.01, -4.04, Left
1761480117993, 4.49, -27.72, -4.08, Left
1761480118039, 4.20, -27.31, -4.16, Left
1761480118085, 3.78, -27.12, -4.24, Left
1761480118135, 3.48, -26.54, -4.32, Left
1761480118178, 3.11, -26.00, -4.38, Left
1761480118226, 2.58, -25.77, -4.41, Left
1761480118273, 2.11, -25.07, -4.52, Left
1761480118318, 1.55, -24.76, -4.62, Left
1761480118366, 0.96, -24.56, -4.65, Left
1761480118411, 0.45, -24.52, -4.64, Left
1761480118458, 0.28, -24.61, -4.61, Left
1761480118504, 0.09, -24.87, -4.56, Left
1761480118554, -0.02, -25.12, -4.46, Left
1761480118596, -0.22, -25.59, -4.38, Left
1761480118644, -0.28, -26.00, -4.32, Left
1761480118689, -0.34, -26.18, -4.27, Left
1761480118738, -0.24, -26.52, -4.16, Left
1761480118783, -0.10, -26.56, -4.06, Left
1761480118829, 0.07, -26.44, -4.01, Left
1761480118877, 0.28, -26.22, -3.98, Left
1761480118921, 0.35, -26.31, -3.96, Left
1761480118967, 0.45, -26.21, -3.88, Left
1761480119015, 0.63, -25.81, -3.82, Left
1761480119059, 0.74, -25.75, -3.70, Left
1761480119107, 1.00, -25.61, -3.55, Left
1761480119153, 1.27, -25.57, -3.38, Left
1761480119198, 1.34, -25.55, -3.23, Left
1761480119245, 1.31, -25.73, -3.07, Left
1761480119292, 1.35, -25.72, -2.90, Left
1761480119339, 1.34, -25.84, -2.70, Left
1761480119386, 1.28, -25.85, -2.50, Left
1761480119432, 1.22, -25.81, -2.37, Left
1761480119478, 1.22, -25.93, -2.19, Left
1761480119525, 1.19, -25.81, -2.11, Left
1761480119572, 0.95, -25.97, -2.00, Left
1761480119619, 0.73, -26.19, -1.90, Left
1761480119666, 0.63, -26.43, -1.80, Left
1761480119714, 0.54, -26.68, -1.68, Left
1761480119760, 0.38, -27.16, -1.58, Left
1761480119807, 0.22, -27.72, -1.48, Left
1761480119859, 0.13, -28.17, -1.39, Left
1761480119917, 0.07, -28.81, -1.23, Left
1761480119967, -0.06, -29.20, -1.19, Left
1761480120010, -0.05, -29.61, -1.07, Left
1761480120056, 0.04, -29.74, -1.01, Left
1761480120102, -0.01, -29.75, -1.01, Left
1761480120147, -0.09, -29.83, -0.96, Left
1761480120194, -0.12, -29.69, -0.97, Left
1761480120240, -0.16, -29.38, -0.98, Left
1761480120284, -0.18, -28.93, -1.01, Left
1761480120330, -0.17, -28.61, -0.96, Left
1761480120377, -0.24, -28.13, -0.95, Left
1761480120424, -0.45, -27.77, -0.94, Left
1761480120472, -0.79, -27.20, -0.94, Left
1761480120520, -1.15, -26.81, -0.90, Left
1761480120564, -1.50, -26.44, -0.77, Left
1761480120612, -1.95, -26.10, -0.68, Left
1761480120656, -2.27, -25.83, -0.55, Left
1761480120703, -2.61, -25.80, -0.41, Left
1761480120749, -2.93, -25.68, -0.26, Left
1761480120794, -3.28, -24.98, -0.32, Left
1761480120841, -3.47, -23.97, -0.30, Left
1761480120887, -3.47, -22.70, -0.33, Left
1761480120933, -3.37, -21.39, -0.39, Left
1761480120981, -3.41, -18.60, -0.70, Left
1761480121025, -3.22, -15.64, -1.06, Left
1761480121072, -3.05, -12.49, -1.47, Left
1761480121120, -2.90, -9.14, -1.89, Forward
1761480121165, -2.77, -5.67, -2.31, Forward
1761480121213, -2.67, -1.85, -2.82, Forward
1761480121258, -2.56, 1.56, -3.21, Forward
1761480121306, -2.65, 4.42, -3.60, Forward
1761480121352, -2.71, 6.98, -3.95, Forward
1761480121398, -2.76, 9.37, -4.33, Forward
1761480121446, -2.72, 10.46, -4.51, Right
1761480121492, -2.88, 11.34, -4.63, Right
1761480121538, -2.94, 11.87, -4.72, Right
1761480121586, -3.09, 12.61, -4.83, Right
1761480121632, -3.18, 13.05, -4.96, Right
1761480121683, -3.27, 13.07, -4.97, Right
1761480121739, -3.35, 13.36, -5.06, Right
1761480121786, -3.35, 13.67, -5.19, Right
1761480121834, -3.43, 13.72, -5.27, Right
1761480121881, -3.57, 13.92, -5.34, Right
1761480121925, -3.71, 13.77, -5.36, Right
1761480121972, -3.79, 14.23, -5.45, Right
1761480122020, -3.96, 14.83, -5.55, Right
1761480122069, -3.96, 14.60, -5.58, Right
1761480122118, -3.95, 14.42, -5.61, Right
1761480122160, -4.06, 14.75, -5.66, Right
1761480122211, -4.14, 14.40, -5.66, Right
1761480122257, -4.24, 14.28, -5.65, Right
1761480122302, -4.26, 14.29, -5.68, Right
1761480122349, -4.30, 13.93, -5.66, Right
1761480122393, -4.24, 13.71, -5.66, Right
1761480122441, -4.13, 13.34, -5.64, Right
1761480122489, -4.10, 13.30, -5.68, Right
1761480122536, -4.11, 13.46, -5.71, Right
1761480122585, -4.16, 13.81, -5.78, Right
1761480122630, -4.08, 13.58, -5.84, Right
1761480122676, -4.03, 13.78, -5.90, Right
1761480122724, -3.99, 13.69, -5.94, Right
1761480122772, -3.96, 13.69, -5.93, Right
1761480122819, -3.74, 13.21, -5.88, Right
1761480122864, -3.68, 13.16, -5.90, Right
1761480122913, -3.57, 13.08, -5.91, Right
1761480122956, -3.43, 12.39, -5.82, Right
1761480123003, -3.46, 12.41, -5.78, Right
1761480123050, -3.39, 12.38, -5.75, Right
1761480123093, -3.24, 11.83, -5.67, Right
1761480123142, -3.15, 11.35, -5.61, Right
1761480123187, -3.06, 11.01, -5.62, Right
1761480123235, -3.05, 11.04, -5.72, Right
1761480123282, -3.08, 11.53, -5.85, Right
1761480123329, -3.12, 12.07, -6.02, Right
1761480123375, -3.19, 12.21, -6.20, Right
1761480123422, -3.23, 12.72, -6.45, Right
1761480123467, -3.15, 12.54, -6.62, Right
1761480123514, -3.11, 12.51, -6.84, Right
1761480123560, -3.19, 13.08, -7.12, Right
1761480123606, -3.28, 13.52, -7.37, Right
1761480123654, -3.23, 13.79, -7.56, Right
1761480123700, -3.26, 14.08, -7.69, Right
1761480123746, -3.37, 14.14, -7.81, Right
1761480123792, -3.42, 14.01, -7.84, Right
1761480123839, -3.38, 13.24, -7.73, Right
1761480123899, -3.29, 11.84, -7.58, Right
1761480123961, -3.30, 11.40, -7.53, Right
1761480124025, -3.44, 10.89, -7.43, Right
1761480124087, -3.48, 9.87, -7.32, Forward
1761480124147, -3.43, 9.23, -7.27, Forward
1761480124210, -3.70, 9.02, -7.28, Forward
1761480124273, -3.81, 8.51, -7.25, Forward
1761480124335, -4.09, 8.18, -7.23, Forward
1761480124397, -4.36, 7.43, -7.12, Forward
1761480124457, -4.78, 7.55, -7.16, Forward
1761480124520, -5.18, 7.42, -7.11, Forward
1761480124583, -5.46, 6.63, -7.00, Forward
1761480124644, -5.72, 5.05, -6.74, Forward
1761480124707, -6.04, 4.33, -6.56, Forward
1761480124770, -6.46, 2.23, -6.20, Forward
1761480124831, -6.65, 0.27, -5.86, Forward
1761480124893, -6.97, -2.00, -5.55, Forward
1761480124955, -7.19, -4.17, -5.22, Forward
1761480125020, -7.49, -4.93, -5.19, Forward
1761480125081, -7.59, -5.52, -5.12, Forward
1761480125143, -7.71, -6.33, -5.10, Forward
1761480125204, -7.92, -5.80, -5.15, Forward
1761480125268, -8.13, -5.95, -5.20, Forward
1761480125329, -8.36, -5.60, -5.24, Forward
1761480125393, -8.56, -3.71, -5.40, Forward
1761480125456, -8.70, -3.24, -5.38, Forward
1761480125520, -8.90, -1.75, -5.40, Forward
1761480125583, -8.86, -1.44, -5.29, Forward
1761480125645, -8.95, -0.32, -5.07, Forward
1761480125707, -9.03, 0.20, -4.85, Forward
1761480125768, -9.14, 1.77, -4.66, Forward
1761480125830, -9.26, 2.34, -4.32, Forward
1761480125893, -9.32, 4.50, -4.07, Forward
1761480125956, -9.43, 6.06, -3.69, Forward
1761480126018, -10.78, 7.79, -20.74, Down
1761480126083, -11.01, 10.07, -20.49, Right
1761480126145, -11.15, 11.47, -20.16, Right
1761480126208, -11.42, 14.32, -20.02, Right
1761480126268, -11.39, 15.17, -19.83, Right
1761480126331, -11.41, 16.41, -19.60, Right
1761480126392, -11.52, 17.70, -19.41, Right
1761480126453, -11.43, 18.52, -19.31, Right
1761480126516, -11.09, 19.33, -19.32, Right
1761480126580, -10.64, 19.75, -19.36, Right
1761480126641, -9.00, 19.56, -1.94, Right
1761480126703, -8.44, 19.61, -1.91, Right
