Head Tracking Session: phase1_cycle1_1761465735198
Start Time: 2025-10-26T04:02:15.202624
==================================================
Timestamp (ms), Pitch, Yaw, Roll, Direction
1761465738532, 0.00, 0.00, 0.00, Forward
1761465738586, -0.51, -0.50, -0.03, Forward
1761465738636, 0.33, 1.64, -0.19, Forward
1761465738725, 0.58, 1.80, 0.15, Forward
1761465738776, 0.48, 1.59, 0.31, Forward
1761465738827, 0.42, 1.43, 0.44, Forward
1761465738875, 0.43, 1.32, 0.57, Forward
1761465738926, 0.42, 1.35, 0.62, Forward
1761465738983, 0.48, 1.47, 0.69, Forward
1761465739028, 0.52, 1.60, 0.74, Forward
1761465739076, 0.61, 1.85, 0.87, Forward
1761465739125, 0.72, 2.54, 0.92, Forward
1761465739179, 0.52, 2.55, 1.01, Forward
1761465739249, 0.37, 4.90, 0.68, Forward
1761465739295, 0.43, 7.61, 0.31, Forward
1761465739344, 0.44, 10.21, -0.04, Right
1761465739394, 0.47, 13.91, -0.52, Right
1761465739443, 0.43, 17.39, -0.92, Right
1761465739518, 0.45, 20.44, -1.39, Right
1761465739561, 0.59, 23.39, -1.85, Right
1761465739611, 0.72, 26.39, -2.31, Right
1761465739662, 0.76, 28.77, -2.70, Right
1761465739709, 0.92, 31.30, -3.10, Right
1761465739776, 1.09, 30.69, -3.25, Right
1761465739825, 1.09, 29.96, -3.36, Right
1761465739875, 1.14, 29.06, -3.45, Right
1761465739927, 1.26, 25.26, -3.23, Right
1761465739976, 1.24, 21.72, -3.13, Right
1761465740052, 1.27, 18.12, -2.84, Right
1761465740096, 1.08, 14.54, -2.57, Right
1761465740146, 0.92, 10.96, -2.28, Right
1761465740195, 0.70, 8.85, -1.94, Forward
1761465740243, 0.48, 6.69, -1.57, Forward
1761465740318, 0.27, 7.05, -1.21, Forward
1761465740381, 0.15, 7.69, -0.90, Forward
1761465740429, 0.02, 8.24, -0.59, Forward
1761465740476, -0.32, 10.84, -0.60, Right
1761465740525, -0.59, 13.58, -0.55, Right
1761465740578, -0.69, 13.79, -0.54, Right
1761465740626, -0.94, 14.23, -0.62, Right
1761465740674, -1.24, 14.63, -0.70, Right
1761465740727, -1.17, 13.76, -0.75, Right
1761465740776, -1.28, 12.97, -0.79, Right
1761465740844, -1.48, 11.67, -0.70, Right
1761465740890, -1.69, 10.42, -0.57, Right
1761465740942, -1.86, 9.50, -0.51, Forward
1761465740993, -1.82, 8.86, -0.28, Forward
1761465741041, -1.58, 8.25, -0.09, Forward
1761465741119, -1.73, 8.56, -0.04, Forward
1761465741165, -1.74, 8.94, 0.06, Forward
1761465741212, -1.70, 9.48, 0.11, Forward
1761465741260, -1.24, 8.90, 0.01, Forward
1761465741310, -0.85, 8.01, -0.02, Forward
1761465741377, -0.80, 7.59, -0.23, Forward
1761465741425, -0.77, 6.73, -0.35, Forward
1761465741476, -0.77, 5.98, -0.49, Forward
1761465741526, -0.61, 6.56, -0.67, Forward
1761465741575, -0.54, 7.31, -0.89, Forward
1761465741651, -0.40, 9.52, -1.02, Forward
1761465741698, -0.15, 11.56, -1.14, Right
1761465741751, 0.11, 13.40, -1.21, Right
1761465741799, -0.22, 14.38, -1.14, Right
1761465741845, -0.63, 15.35, -1.10, Right
1761465741924, -0.32, 15.20, -1.24, Right
1761465741975, -0.10, 15.15, -1.43, Right
1761465742028, 0.10, 15.08, -1.61, Right
1761465742081, 0.14, 14.35, -1.70, Right
1761465742127, 0.23, 13.17, -1.72, Right
1761465742177, 0.23, 13.76, -1.75, Right
1761465742226, 0.29, 14.60, -1.79, Right
1761465742275, 0.28, 15.32, -1.82, Right
1761465742323, 0.28, 18.15, -1.99, Right
1761465742372, 0.50, 21.02, -2.15, Right
1761465742445, 0.50, 22.31, -2.05, Right
1761465742492, 0.54, 23.30, -1.91, Right
1761465742544, 0.60, 24.30, -1.76, Right
1761465742594, 0.76, 22.80, -1.61, Right
1761465742643, 0.77, 21.30, -1.45, Right
1761465742720, 0.79, 18.54, -1.31, Right
1761465742766, 0.78, 15.45, -1.13, Right
1761465742816, 0.77, 12.54, -0.97, Right
1761465742861, 0.74, 10.66, -0.73, Right
1761465742910, 0.80, 9.22, -0.59, Forward
1761465742978, 0.81, 9.97, -0.62, Forward
1761465743024, 0.91, 10.86, -0.66, Right
1761465743074, 1.02, 11.71, -0.71, Right
1761465743130, 0.90, 13.83, -0.85, Right
1761465743176, 0.89, 15.90, -1.03, Right
1761465743247, 0.85, 16.44, -1.07, Right
1761465743294, 0.81, 17.14, -1.12, Right
1761465743352, 0.78, 17.88, -1.20, Right
1761465743397, 0.95, 16.58, -1.28, Right
1761465743443, 0.92, 15.12, -1.33, Right
1761465743518, 0.81, 13.22, -1.27, Right
1761465743565, 0.60, 11.39, -1.19, Right
1761465743611, 0.41, 9.52, -1.10, Forward
1761465743658, 0.20, 7.84, -0.86, Forward
1761465743707, 0.14, 6.39, -0.63, Forward
1761465743780, 0.11, 6.38, -0.54, Forward
1761465743825, -0.01, 6.22, -0.46, Forward
1761465743875, -0.13, 5.97, -0.35, Forward
1761465743922, -0.14, 5.98, -0.28, Forward
1761465743971, -0.26, 6.12, -0.26, Forward
1761465744046, -0.19, 5.51, -0.24, Forward
1761465744092, 0.02, 4.75, -0.16, Forward
1761465744141, 0.22, 4.21, -0.15, Forward
1761465744188, 0.16, 4.19, -0.29, Forward
1761465744235, 0.09, 3.88, -0.37, Forward
1761465744318, 0.11, 3.75, -0.33, Forward
1761465744363, 0.23, 3.81, -0.32, Forward
1761465744410, 0.35, 3.93, -0.31, Forward
1761465744456, 0.34, 4.89, -0.15, Forward
1761465744504, 0.44, 5.71, 0.07, Forward
1761465744586, 0.37, 6.82, 0.35, Forward
1761465744634, 0.08, 7.94, 0.55, Forward
1761465744682, -0.19, 8.84, 0.84, Forward
1761465744727, -0.05, 7.90, 1.09, Forward
1761465744781, -0.08, 7.41, 1.25, Forward
1761465744847, 0.36, 5.94, 1.23, Forward
1761465744896, 0.68, 4.17, 1.22, Forward
1761465744941, 1.00, 2.39, 1.21, Forward
1761465744989, 1.13, 0.78, 1.08, Forward
1761465745039, 1.33, -1.07, 0.98, Forward
1761465745121, 1.24, -2.06, 0.80, Forward
1761465745168, 1.41, -3.12, 0.68, Forward
1761465745214, 1.54, -4.12, 0.52, Forward
1761465745261, 1.60, -3.25, 0.45, Forward
1761465745308, 1.69, -2.48, 0.41, Forward
1761465745375, 1.36, 0.85, 0.46, Forward
1761465745424, 1.08, 4.29, 0.54, Forward
1761465745470, 0.83, 7.64, 0.65, Forward
1761465745522, 0.66, 10.90, 0.68, Right
1761465745570, 0.38, 13.84, 0.75, Right
1761465745644, 0.49, 14.62, 0.81, Right
1761465745690, 0.55, 15.51, 0.87, Right
1761465745740, 0.61, 16.34, 0.96, Right
1761465745788, 0.77, 15.75, 0.98, Right
1761465745835, 0.89, 15.04, 1.03, Right
1761465745918, 0.92, 12.64, 1.06, Right
1761465745965, 1.01, 10.29, 1.09, Right
1761465746013, 1.10, 7.93, 1.09, Forward
1761465746063, 1.12, 6.35, 1.09, Forward
1761465746111, 1.20, 5.13, 1.06, Forward
1761465746182, 1.17, 7.63, 0.70, Forward
1761465746227, 1.02, 10.02, 0.30, Right
1761465746282, 0.93, 12.31, -0.08, Right
1761465746329, 0.69, 15.53, -0.46, Right
1761465746376, 0.44, 18.89, -0.84, Right
1761465746447, 0.39, 21.28, -1.20, Right
1761465746497, 0.29, 23.46, -1.55, Right
1761465746544, 0.15, 25.66, -1.87, Right
1761465746596, 0.04, 25.35, -1.97, Right
1761465746643, -0.00, 25.06, -2.11, Right
1761465746724, 0.17, 21.74, -1.81, Right
1761465746772, 0.31, 18.60, -1.53, Right
1761465746825, 0.39, 15.64, -1.30, Right
1761465746871, 0.40, 12.42, -1.05, Right
1761465746920, 0.47, 8.88, -0.76, Forward
1761465746980, 0.41, 7.11, -0.58, Forward
1761465747026, 0.34, 5.46, -0.40, Forward
1761465747075, 0.40, 3.87, -0.25, Forward
1761465747124, 0.52, 4.30, -0.18, Forward
1761465747173, 0.60, 4.95, -0.11, Forward
1761465747245, 0.61, 7.12, -0.24, Forward
1761465747293, 0.76, 9.10, -0.33, Forward
1761465747344, 0.84, 11.59, -0.52, Right
1761465747393, 0.99, 14.72, -0.77, Right
1761465747439, 1.13, 17.85, -1.04, Right
1761465747536, 1.12, 20.22, -1.20, Right
1761465747592, 1.22, 22.59, -1.38, Right
1761465747652, 1.23, 25.04, -1.58, Right
1761465747719, 1.19, 26.33, -1.83, Right
1761465747768, 1.12, 27.35, -2.05, Right
1761465747826, 0.95, 26.61, -2.11, Right
1761465747920, 0.79, 24.95, -2.03, Right
1761465747970, 0.65, 23.07, -1.89, Right
1761465748020, 0.61, 20.55, -1.68, Right
1761465748066, 0.60, 17.44, -1.45, Right
1761465748111, 0.61, 14.46, -1.26, Right
1761465748179, 0.55, 12.18, -1.16, Right
1761465748226, 0.51, 10.01, -1.07, Right
1761465748281, 0.51, 8.53, -1.00, Forward
1761465748327, 0.59, 8.61, -0.96, Forward
1761465748374, 0.69, 9.57, -0.92, Forward
1761465748448, 0.63, 12.70, -1.11, Right
1761465748493, 0.63, 15.32, -1.19, Right
1761465748541, 0.63, 17.98, -1.30, Right
1761465748590, 0.58, 21.52, -1.52, Right
1761465748639, 0.68, 24.97, -1.76, Right
1761465748705, 0.66, 27.05, -1.87, Right
1761465748757, 0.61, 28.94, -1.94, Right
1761465748806, 0.56, 30.84, -2.01, Right
1761465748855, 0.31, 29.82, -2.08, Right
1761465748905, 0.05, 28.74, -2.16, Right
1761465748979, -0.08, 25.46, -2.12, Right
1761465749024, -0.29, 22.38, -2.16, Right
1761465749074, -0.58, 19.22, -2.15, Right
1761465749122, -0.68, 15.34, -1.96, Right
1761465749171, -0.87, 11.72, -1.79, Right
1761465749247, -0.87, 8.59, -1.62, Forward
1761465749292, -0.91, 5.63, -1.51, Forward
1761465749339, -0.84, 2.70, -1.37, Forward
1761465749389, -0.60, 1.03, -1.19, Forward
1761465749440, -0.33, -0.36, -1.08, Forward
1761465749508, -0.18, -0.68, -0.93, Forward
1761465749557, 0.02, -1.01, -0.79, Forward
1761465749609, 0.25, -1.28, -0.66, Forward
1761465749662, 0.15, -0.91, -0.61, Forward
1761465749708, 0.08, -0.69, -0.53, Forward
1761465749775, -0.08, -0.02, -0.40, Forward
1761465749821, -0.22, 0.80, -0.24, Forward
1761465749870, -0.42, 1.63, -0.13, Forward
1761465749919, -0.65, 2.98, -0.08, Forward
1761465749968, -0.90, 4.35, 0.01, Forward
1761465750045, -0.98, 7.70, -0.26, Forward
1761465750093, -1.17, 11.09, -0.49, Right
1761465750140, -1.35, 14.66, -0.79, Right
1761465750188, -1.48, 18.48, -1.04, Right
1761465750238, -1.49, 22.17, -1.30, Right
1761465750307, -1.30, 25.08, -1.56, Right
1761465750357, -1.09, 27.73, -1.78, Right
1761465750404, -0.86, 30.40, -2.01, Right
1761465750452, -0.66, 32.83, -2.21, Right
1761465750499, -0.54, 34.94, -2.40, Right
1761465750580, -0.55, 34.31, -2.34, Right
1761465750625, -0.31, 33.32, -2.27, Right
1761465750673, -0.19, 32.18, -2.15, Right
1761465750723, 0.04, 29.44, -1.91, Right
1761465750846, 0.21, 26.10, -1.61, Right
1761465750891, 0.10, 23.27, -1.41, Right
1761465750978, -0.01, 20.18, -1.22, Right
1761465751025, -0.16, 16.95, -0.97, Right
1761465751075, -0.30, 13.46, -0.70, Right
1761465751125, -0.45, 10.01, -0.45, Right
1761465751175, -0.47, 7.49, -0.18, Forward
1761465751245, -0.61, 5.17, 0.07, Forward
1761465751291, -0.69, 2.87, 0.29, Forward
1761465751338, -0.77, 1.76, 0.34, Forward
1761465751389, -0.95, 1.32, 0.37, Forward
1761465751438, -1.06, 0.76, 0.39, Forward
1761465751507, -1.10, 0.52, 0.43, Forward
1761465751555, -1.13, 0.33, 0.43, Forward
1761465751606, -1.16, 0.28, 0.41, Forward
1761465751654, -1.17, 0.31, 0.37, Forward
1761465751703, -1.26, 0.28, 0.34, Forward
1761465751778, -1.40, 1.01, 0.25, Forward
1761465751824, -1.53, 1.59, 0.20, Forward
1761465751874, -1.64, 2.37, 0.12, Forward
1761465751919, -1.75, 3.39, 0.13, Forward
1761465751966, -1.74, 4.53, 0.16, Forward
1761465752048, -1.69, 6.75, 0.09, Forward
1761465752098, -1.70, 8.92, 0.08, Forward
1761465752145, -1.71, 11.09, 0.06, Right
1761465752197, -1.45, 14.11, 0.05, Right
1761465752245, -1.14, 17.43, -0.04, Right
1761465752306, -0.77, 19.69, -0.00, Right
1761465752356, -0.39, 22.34, -0.03, Right
1761465752403, -0.07, 24.79, -0.01, Right
1761465752454, 0.30, 26.21, 0.02, Right
1761465752507, 0.60, 27.60, 0.03, Right
1761465752578, 0.63, 26.25, 0.37, Right
1761465752625, 0.73, 25.14, 0.65, Right
1761465752680, 0.85, 24.01, 0.92, Right
1761465752725, 0.73, 21.81, 1.19, Right
1761465752774, 0.56, 19.00, 1.60, Right
1761465752850, 0.33, 16.86, 1.84, Right
1761465752896, 0.09, 14.43, 2.09, Right
1761465752942, -0.10, 11.98, 2.36, Right
1761465752991, -0.30, 10.11, 2.54, Right
1761465753039, -0.46, 8.15, 2.77, Forward
1761465753104, -0.56, 7.85, 2.68, Forward
1761465753154, -0.56, 7.54, 2.60, Forward
1761465753202, -0.58, 7.10, 2.56, Forward
1761465753247, -0.56, 6.91, 2.53, Forward
1761465753292, -0.63, 6.99, 2.40, Forward
1761465753377, -0.62, 6.84, 2.42, Forward
1761465753425, -0.60, 6.68, 2.47, Forward
1761465753474, -0.58, 6.53, 2.50, Forward
1761465753524, -0.60, 6.61, 2.47, Forward
1761465753574, -0.69, 6.83, 2.42, Forward
1761465753648, -0.71, 6.86, 2.34, Forward
1761465753699, -0.84, 6.75, 2.30, Forward
1761465753745, -0.95, 6.79, 2.21, Forward
1761465753791, -1.05, 6.54, 2.10, Forward
1761465753841, -1.06, 6.18, 2.07, Forward
1761465753907, -1.03, 5.60, 2.05, Forward
1761465753958, -1.04, 5.05, 1.99, Forward
1761465754007, -1.13, 4.45, 1.95, Forward
1761465754057, -1.13, 3.77, 1.93, Forward
1761465754106, -1.15, 3.08, 1.92, Forward
1761465754175, -1.16, 2.45, 1.97, Forward
1761465754222, -1.17, 1.82, 2.03, Forward
1761465754271, -1.16, 1.16, 2.09, Forward
1761465754318, -1.19, 0.55, 2.20, Forward
1761465754365, -1.21, 0.08, 2.29, Forward
1761465754445, -1.38, -0.08, 2.29, Forward
1761465754492, -1.53, -0.29, 2.35, Forward
1761465754538, -1.61, -0.47, 2.39, Forward
1761465754585, -1.71, -0.44, 2.37, Forward
1761465754637, -1.80, -0.51, 2.36, Forward
1761465754702, -1.78, -0.60, 2.36, Forward
1761465754749, -1.76, -0.56, 2.34, Forward
1761465754792, -1.73, -0.52, 2.32, Forward
1761465754843, -1.70, -0.28, 2.27, Forward
1761465754889, -1.72, -0.20, 2.23, Forward
1761465754973, -1.59, -0.00, 2.17, Forward
1761465755022, -1.44, 0.08, 2.13, Forward
1761465755070, -1.28, 0.27, 2.09, Forward
1761465755120, -1.21, 0.15, 2.14, Forward
1761465755171, -1.15, 0.12, 2.14, Forward
1761465755246, -1.17, 0.16, 2.18, Forward
1761465755289, -1.19, 0.09, 2.24, Forward
1761465755339, -1.21, 0.01, 2.30, Forward
1761465755387, -1.34, 0.05, 2.35, Forward
1761465755440, -1.41, 0.31, 2.36, Forward
1761465755508, -1.42, -0.40, 2.56, Forward
1761465755556, -1.52, -0.80, 2.66, Forward
1761465755603, -1.63, -1.27, 2.79, Forward
1761465755652, -1.59, -2.08, 2.91, Forward
1761465755699, -1.48, -2.80, 3.08, Forward
1761465755775, -1.62, -3.04, 3.19, Forward
1761465755822, -1.83, -3.18, 3.28, Forward
1761465755869, -2.04, -3.37, 3.38, Forward
1761465755920, -1.94, -3.39, 3.62, Forward
1761465755970, -1.93, -3.22, 3.82, Forward
1761465756046, -2.08, -2.42, 3.92, Forward
1761465756090, -2.12, -1.66, 4.02, Forward
1761465756139, -2.15, -0.99, 4.14, Forward
1761465756190, -2.25, 0.62, 4.14, Forward
1761465756237, -2.47, 2.03, 4.15, Forward
1761465756303, -2.37, 3.00, 4.16, Forward
1761465756348, -2.16, 3.81, 4.20, Forward
1761465756393, -2.00, 4.68, 4.24, Forward
1761465756449, -2.04, 5.23, 4.12, Forward
1761465756494, -1.92, 6.41, 3.99, Forward
1761465756580, -1.71, 8.03, 3.70, Forward
1761465756637, -1.54, 9.48, 3.43, Forward
1761465756688, -1.37, 11.02, 3.18, Right
1761465756740, -1.39, 12.14, 2.97, Right
1761465756787, -1.26, 13.53, 2.69, Right
1761465756851, -1.32, 14.25, 2.49, Right
1761465756900, -1.42, 14.97, 2.30, Right
1761465756945, -1.47, 15.69, 2.12, Right
1761465756992, -1.64, 16.30, 1.91, Right
1761465757039, -2.00, 15.45, 1.84, Right
1761465757105, -2.29, 14.10, 1.89, Right
1761465757153, -2.56, 12.92, 1.94, Right
1761465757205, -2.82, 11.62, 1.96, Right
1761465757254, -2.89, 10.05, 2.02, Right
1761465757303, -3.06, 8.19, 2.15, Forward
1761465757372, -3.08, 6.86, 2.22, Forward
1761465757420, -3.15, 5.62, 2.22, Forward
1761465757470, -3.22, 4.34, 2.23, Forward
1761465757520, -3.26, 3.12, 2.21, Forward
1761465757570, -3.10, 2.49, 2.14, Forward
1761465757645, -3.13, 2.11, 2.08, Forward
1761465757691, -3.15, 1.54, 2.02, Forward
1761465757738, -3.19, 1.17, 1.94, Forward
1761465757786, -3.34, 0.93, 1.86, Forward
1761465757835, -3.34, 0.71, 1.83, Forward
1761465757906, -3.43, 0.71, 1.75, Forward
1761465757964, -3.49, 0.79, 1.71, Forward
1761465758011, -3.54, 0.90, 1.65, Forward
1761465758056, -3.65, 1.04, 1.62, Forward
1761465758106, -3.83, 1.20, 1.59, Forward
1761465758174, -3.90, 1.35, 1.59, Forward
1761465758221, -3.98, 1.53, 1.61, Forward
1761465758296, -4.07, 1.66, 1.62, Forward
1761465758348, -4.03, 1.78, 1.70, Forward
1761465758405, -4.13, 2.05, 1.68, Forward
1761465758459, -4.33, 2.22, 1.66, Forward
1761465758586, -4.50, 2.60, 1.64, Forward
1761465758638, -4.66, 2.99, 1.61, Forward
1761465758686, -4.70, 3.44, 1.62, Forward
1761465758735, -4.66, 3.19, 1.68, Forward
1761465758781, -4.76, 2.85, 1.72, Forward
1761465758847, -4.86, 3.00, 1.70, Forward
1761465758889, -4.88, 2.84, 1.77, Forward
1761465758938, -4.98, 3.05, 1.70, Forward
1761465758987, -5.09, 3.32, 1.68, Forward
1761465759036, -5.05, 3.37, 1.75, Forward
1761465759107, -4.67, 3.99, 1.65, Forward
1761465759154, -4.49, 4.56, 1.52, Forward
1761465759204, -4.30, 5.12, 1.39, Forward
1761465759252, -3.99, 7.67, 1.00, Forward
1761465759373, -3.64, 10.78, 0.41, Right
1761465759422, -3.31, 13.24, -0.08, Right
1761465759506, -2.91, 15.47, -0.62, Right
1761465759554, -2.39, 17.17, -1.03, Right
1761465759605, -1.92, 19.07, -1.51, Right
1761465759656, -1.41, 19.88, -1.82, Right
1761465759773, -1.12, 19.25, -1.82, Right
1761465759819, -0.77, 18.58, -1.79, Right
1761465759906, -0.25, 18.19, -1.81, Right
1761465759956, -0.11, 16.26, -1.56, Right
1761465760004, 0.21, 13.66, -1.10, Right
1761465760053, 0.52, 11.58, -0.67, Right
1761465760173, 0.68, 9.61, -0.18, Forward
1761465760219, 0.72, 7.98, 0.24, Forward
1761465760306, 0.80, 5.84, 0.76, Forward
1761465760356, 0.81, 4.88, 1.08, Forward
1761465760402, 0.70, 4.43, 1.30, Forward
1761465760453, 0.63, 4.20, 1.43, Forward
1761465760572, 0.55, 3.59, 1.74, Forward
1761465760619, 0.56, 3.30, 1.90, Forward
1761465760704, 0.63, 2.53, 2.17, Forward
1761465760753, 0.64, 1.43, 2.45, Forward
1761465760800, 0.66, 0.75, 2.61, Forward
1761465760847, 0.65, -0.42, 2.79, Forward
1761465760975, 0.79, -1.64, 2.84, Forward
1761465761022, 0.91, -2.90, 2.91, Forward
1761465761104, 1.12, -4.18, 2.99, Forward
1761465761153, 1.38, -5.53, 3.15, Forward
1761465761205, 1.49, -6.78, 3.18, Forward
1761465761253, 1.53, -7.54, 3.27, Forward
1761465761374, 1.09, -6.59, 3.13, Forward
1761465761424, 0.72, -5.45, 2.97, Forward
1761465761504, 0.37, -2.45, 2.72, Forward
1761465761553, 0.24, 0.98, 2.46, Forward
1761465761604, -0.03, 4.64, 2.23, Forward
1761465761652, -0.16, 9.51, 1.95, Forward
1761465761773, -0.57, 15.36, 1.64, Right
1761465761818, -1.07, 21.05, 1.37, Right
1761465761908, -1.48, 27.16, 1.02, Right
1761465761953, -1.62, 32.64, 0.69, Right
1761465762004, -1.51, 37.07, 0.46, Right
1761465762052, -1.60, 41.44, 0.23, Right
1761465762172, -3.76, 44.59, -16.18, Right
1761465762219, -6.26, 47.62, -32.58, Right
1761465762305, -8.50, 51.40, -48.83, Right
1761465762354, -11.04, 54.00, -65.00, Right
1761465762403, -13.28, 55.67, -81.23, Right
1761465762456, -15.45, 57.94, -97.35, Right
1761465762574, -17.96, 60.00, -113.23, Right
1761465762621, -20.45, 62.17, -129.28, Right
1761465762704, -22.63, 64.45, -145.41, Right
1761465762753, -24.32, 66.59, -161.68, Right
1761465762803, -24.04, 68.08, -161.72, Right
1761465762857, -23.47, 64.04, -145.86, Right
1761465762972, -23.10, 63.56, -146.37, Right
1761465763019, -22.59, 63.03, -146.92, Right
1761465763105, -20.56, 60.38, -131.15, Right
1761465763151, -18.34, 57.07, -115.56, Right
1761465763202, -15.76, 53.61, -100.15, Right
1761465763253, -13.01, 47.94, -84.41, Right
1761465763372, -10.69, 40.77, -68.36, Right
1761465763420, -8.80, 33.62, -52.17, Right
1761465763503, -6.66, 26.17, -35.88, Right
1761465763552, -4.77, 24.31, -35.51, Right
1761465763601, -2.90, 18.34, -18.91, Right
1761465763650, -1.20, 11.92, -2.25, Right
1761465763776, -2.05, 7.58, -1.94, Forward
1761465763822, -3.17, 3.30, -1.60, Forward
1761465763912, -4.76, -0.27, -1.06, Forward
1761465763958, -6.58, -1.96, -0.73, Forward
1761465764005, -8.38, -2.26, -0.65, Forward
1761465764055, -10.66, -1.81, -0.49, Down
1761465764174, -15.84, -1.72, 17.20, Down
1761465764224, -20.92, -1.50, 34.86, Down
1761465764303, -25.96, -1.31, 52.61, Down
1761465764350, -30.75, -0.77, 70.23, Down
1761465764397, -34.62, -0.19, 87.93, Down
1761465764442, -35.31, 1.00, 88.17, Down
1761465764572, -35.12, 2.73, 88.11, Down
1761465764618, -35.04, 3.37, 88.16, Down
1761465764705, -33.78, 3.83, 88.27, Down
1761465764753, -32.01, 3.13, 88.38, Down
1761465764802, -27.51, 3.20, 70.90, Down
1761465764849, -22.34, 2.90, 53.58, Down
1761465764972, -16.41, 2.90, 36.01, Down
1761465765020, -10.74, 2.59, 18.60, Down
1761465765105, -4.82, 2.10, 1.21, Forward
1761465765155, -1.90, 1.09, 1.28, Forward
1761465765213, 0.48, -1.28, 1.51, Forward
1761465765258, 2.78, -2.26, 1.70, Forward
1761465765374, 3.76, -3.53, 1.81, Forward
1761465765421, 4.66, -4.57, 1.83, Forward
1761465765504, 3.62, -7.61, 18.33, Forward
1761465765552, 3.71, -8.86, 18.00, Forward
1761465765602, 3.10, -10.52, 17.87, Left
1761465765651, 2.77, -12.52, 17.45, Left
1761465765773, -0.26, -16.15, 32.90, Left
1761465765818, -3.30, -19.77, 48.37, Left
1761465765905, -6.53, -23.61, 63.69, Left
1761465765952, -9.58, -27.42, 79.02, Left
1761465766005, -12.35, -30.87, 94.40, Left
1761465766052, -15.07, -34.05, 109.85, Left
1761465766174, -13.73, -33.38, 93.02, Left
1761465766219, -14.21, -34.32, 92.88, Left
1761465766307, -14.51, -33.82, 93.15, Left
1761465766353, -14.88, -32.69, 93.61, Left
1761465766402, -12.78, -29.59, 78.17, Left
1761465766451, -10.51, -26.08, 62.90, Left
1761465766576, -8.33, -21.68, 47.72, Left
1761465766625, -6.23, -17.16, 32.47, Left
1761465766710, -4.09, -12.45, 17.32, Left
1761465766758, -1.76, -7.87, 2.08, Forward
1761465766805, -1.51, -5.23, 2.67, Forward
1761465766854, -1.33, -2.46, 3.28, Forward
1761465766974, -1.35, -1.10, 3.44, Forward
1761465767020, -1.38, 0.45, 3.58, Forward
1761465767118, -1.51, 1.32, 3.78, Forward
1761465767167, -1.94, 1.54, 3.84, Forward
1761465767215, -2.08, 1.27, 3.88, Forward
1761465767263, -2.22, 0.94, 3.94, Forward
1761465767375, -2.14, 2.41, 3.68, Forward
1761465767420, -2.26, 4.50, 3.33, Forward
1761465767505, -2.22, 8.28, 2.99, Forward
1761465767552, -2.49, 12.12, 2.76, Right
1761465767599, -2.71, 15.92, 2.54, Right
1761465767642, -2.70, 20.48, 2.20, Right
1761465767772, -4.36, 26.20, -14.97, Right
1761465767819, -5.86, 32.11, -32.25, Right
1761465767904, -7.38, 38.17, -49.50, Right
1761465767958, -8.81, 44.03, -66.77, Right
1761465768013, -8.72, 47.76, -67.18, Right
1761465768058, -8.39, 50.74, -67.64, Right
1761465768174, -8.11, 51.68, -68.33, Right
1761465768220, -7.45, 52.50, -69.10, Right
1761465768306, -6.91, 52.02, -69.79, Right
1761465768352, -6.73, 50.92, -70.39, Right
1761465768406, -4.72, 49.08, -54.18, Right
1761465768457, -2.59, 46.77, -37.96, Right
1761465768574, -0.41, 41.95, -21.24, Right
1761465768625, 1.76, 37.02, -4.44, Right
1761465768706, 1.77, 32.46, -4.09, Right
1761465768754, 1.69, 27.92, -3.59, Right
1761465768801, 1.49, 23.78, -2.87, Right
1761465768848, 1.28, 19.06, -1.94, Right
1761465768974, 0.91, 15.37, -0.99, Right
1761465769022, 0.68, 11.60, -0.03, Right
1761465769107, 0.38, 8.17, 0.89, Forward
1761465769155, -0.17, 5.16, 1.87, Forward
1761465769205, -0.71, 4.45, 2.38, Forward
1761465769251, -1.31, 3.81, 2.85, Forward
1761465769373, -1.77, 3.47, 2.92, Forward
1761465769419, -2.22, 3.19, 3.01, Forward
1761465769508, -2.74, 3.12, 3.13, Forward
1761465769564, -3.35, 3.56, 2.99, Forward
1761465769612, -3.80, 4.30, 2.77, Forward
1761465769658, -4.45, 5.19, 2.51, Forward
1761465769774, -5.21, 6.03, 2.14, Forward
1761465769822, -5.86, 7.02, 1.74, Forward
1761465769873, -6.52, 7.93, 1.37, Forward
1761465769919, -7.24, 8.99, 1.00, Forward
1761465769967, -7.65, 9.50, 0.83, Forward
1761465770016, -8.07, 10.04, 0.66, Right
1761465770066, -8.28, 10.17, 0.48, Right
1761465770115, -8.28, 10.44, 0.29, Right
1761465770161, -8.48, 10.69, 0.08, Right
1761465770205, -8.36, 10.74, -0.04, Right
1761465770307, -8.08, 10.31, 0.03, Right
1761465770353, -7.94, 10.01, 0.09, Right
1761465770431, -7.77, 9.51, 0.16, Forward
1761465770478, -7.54, 8.95, 0.23, Forward
1761465770523, -7.38, 8.46, 0.28, Forward
1761465770578, -7.19, 8.18, 0.33, Forward
1761465770709, -7.35, 8.10, 0.31, Forward
1761465770756, -7.59, 7.80, 0.32, Forward
1761465770830, -7.59, 7.44, 0.36, Forward
1761465770878, -7.56, 7.04, 0.44, Forward
1761465770927, -7.59, 6.96, 0.45, Forward
1761465770973, -7.63, 6.48, 0.51, Forward
1761465771107, -7.66, 6.24, 0.47, Forward
1761465771153, -7.72, 5.98, 0.43, Forward
1761465771234, -7.83, 5.84, 0.37, Forward
1761465771284, -7.96, 5.51, 0.30, Forward
1761465771336, -7.89, 5.11, 0.31, Forward
1761465771384, -7.71, 4.74, 0.36, Forward
1761465771511, -7.61, 4.63, 0.30, Forward
1761465771562, -7.65, 4.48, 0.21, Forward
1761465771641, -7.70, 4.19, 0.16, Forward
1761465771690, -7.67, 4.12, 0.08, Forward
1761465771746, -7.65, 4.18, 0.04, Forward
1761465771793, -7.56, 4.06, 0.05, Forward
1761465771903, -7.48, 3.87, 0.10, Forward
1761465771950, -7.39, 3.66, 0.16, Forward
1761465772033, -7.25, 3.58, 0.20, Forward
1761465772083, -7.25, 3.46, 0.24, Forward
1761465772135, -7.18, 3.36, 0.32, Forward
1761465772183, -7.12, 3.26, 0.43, Forward
1761465772307, -7.11, 3.21, 0.48, Forward
1761465772352, -7.12, 3.12, 0.55, Forward
1761465772432, -7.14, 2.94, 0.64, Forward
1761465772480, -7.21, 2.98, 0.69, Forward
1761465772527, -7.24, 2.97, 0.71, Forward
1761465772572, -7.26, 2.79, 0.79, Forward
1761465772706, -7.26, 2.63, 0.89, Forward
1761465772755, -7.22, 2.76, 0.94, Forward
1761465772831, -7.34, 2.47, 0.99, Forward
1761465772878, -7.44, 2.22, 1.04, Forward
1761465772921, -7.50, 2.03, 1.09, Forward
1761465772968, -7.48, 1.98, 1.12, Forward
1761465773104, -7.59, 2.09, 1.08, Forward
1761465773150, -7.69, 2.17, 1.05, Forward
1761465773231, -7.67, 2.10, 1.06, Forward
1761465773282, -7.67, 2.28, 1.05, Forward
1761465773330, -7.76, 2.32, 0.98, Forward
1761465773377, -7.69, 2.04, 1.01, Forward
1761465773504, -7.51, 2.08, 1.07, Forward
1761465773549, -7.39, 1.96, 1.13, Forward
1761465773631, -7.30, 1.86, 1.20, Forward
1761465773678, -7.16, 1.68, 1.30, Forward
1761465773724, -6.88, 1.32, 1.44, Forward
1761465773769, -6.61, 0.94, 1.60, Forward
1761465773902, -6.52, 0.78, 1.70, Forward
1761465773952, -6.36, 0.43, 1.81, Forward
1761465774039, -6.22, 0.16, 1.94, Forward
1761465774089, -6.18, 0.14, 2.00, Forward
1761465774145, -6.12, -0.03, 2.07, Forward
1761465774194, -6.14, 0.17, 2.06, Forward
1761465774306, -6.09, 0.19, 2.04, Forward
1761465774360, -6.13, 0.24, 2.01, Forward
1761465774435, -6.09, 0.24, 2.03, Forward
1761465774483, -6.03, 0.29, 2.03, Forward
1761465774531, -5.92, 0.27, 2.04, Forward
1761465774581, -5.92, 0.33, 2.03, Forward
1761465774702, -5.93, 0.68, 1.94, Forward
1761465774748, -6.02, 0.89, 1.86, Forward
1761465774832, -6.05, 1.09, 1.80, Forward
1761465774881, -5.95, 1.10, 1.80, Forward
1761465774929, -5.85, 1.30, 1.83, Forward
1761465774977, -5.85, 1.57, 1.80, Forward
1761465775102, -5.90, 1.79, 1.74, Forward
1761465775149, -6.00, 1.98, 1.67, Forward
1761465775194, -6.11, 2.15, 1.63, Forward
1761465775238, -6.11, 2.26, 1.64, Forward
1761465775288, -6.02, 2.06, 1.73, Forward
1761465775361, -5.94, 1.92, 1.80, Forward
1761465775408, -5.93, 1.86, 1.82, Forward
1761465775452, -5.94, 1.75, 1.85, Forward
1761465775501, -5.95, 1.64, 1.87, Forward
1761465775550, -5.92, 1.50, 1.93, Forward
1761465775607, -5.96, 1.39, 1.98, Forward
1761465775651, -6.03, 1.31, 2.00, Forward
1761465775700, -6.06, 1.34, 1.99, Forward
1761465775751, -6.16, 1.50, 1.94, Forward
1761465775800, -6.18, 1.41, 1.90, Forward
1761465775906, -6.10, 0.96, 1.95, Forward
1761465775962, -6.08, 0.57, 1.97, Forward
1761465776040, -6.10, 0.28, 1.97, Forward
1761465776087, -6.16, -0.04, 1.95, Forward
1761465776135, -6.20, -0.45, 1.95, Forward
1761465776183, -6.00, -0.39, 1.94, Forward
1761465776301, -5.79, -0.45, 2.00, Forward
1761465776349, -5.55, -0.58, 2.07, Forward
1761465776433, -5.42, -0.80, 2.16, Forward
1761465776483, -5.41, -0.83, 2.23, Forward
1761465776531, -5.44, -0.54, 2.24, Forward
1761465776582, -5.39, -0.32, 2.25, Forward
1761465776702, -5.24, -0.17, 2.33, Forward
1761465776749, -5.07, -0.09, 2.45, Forward
1761465776830, -4.94, -0.00, 2.53, Forward
1761465776879, -5.05, -0.29, 2.60, Forward
1761465776924, -5.06, -0.40, 2.65, Forward
1761465776968, -5.16, -0.50, 2.67, Forward
1761465777102, -5.12, -0.51, 2.68, Forward
1761465777154, -5.07, -0.61, 2.71, Forward
1761465777204, -5.05, -0.65, 2.74, Forward
1761465777251, -5.05, -0.65, 2.75, Forward
1761465777304, -5.10, -0.71, 2.75, Forward
1761465777361, -5.14, -0.68, 2.72, Forward
1761465777409, -5.12, -0.81, 2.72, Forward
1761465777454, -5.07, -0.90, 2.73, Forward
1761465777508, -5.07, -1.16, 2.75, Forward
1761465777561, -5.10, -1.15, 2.76, Forward
1761465777607, -5.11, -1.23, 2.74, Forward
1761465777651, -5.22, -1.16, 2.69, Forward
1761465777701, -5.23, -1.18, 2.66, Forward
1761465777754, -5.25, -1.12, 2.63, Forward
1761465777803, -5.36, -0.99, 2.56, Forward
1761465777902, -5.46, -0.98, 2.55, Forward
1761465777948, -5.56, -0.84, 2.56, Forward
1761465778030, -5.77, -0.32, 2.45, Forward
1761465778077, -5.96, 0.21, 2.36, Forward
1761465778124, -6.16, 0.45, 2.29, Forward
1761465778168, -6.30, 0.52, 2.28, Forward
1761465778302, -6.29, 0.37, 2.30, Forward
1761465778355, -6.38, 0.34, 2.30, Forward
1761465778452, -6.35, 0.18, 2.33, Forward
1761465778511, -6.25, -0.02, 2.39, Forward
1761465778572, -6.15, -0.07, 2.43, Forward
1761465778623, -6.13, -0.09, 2.41, Forward
1761465778712, -5.95, -0.41, 2.50, Forward
1761465778755, -5.78, -0.66, 2.57, Forward
1761465778833, -5.58, -0.84, 2.56, Forward
1761465778882, -5.50, -0.77, 2.50, Forward
1761465778928, -5.55, -0.53, 2.41, Forward
1761465778976, -5.48, -0.56, 2.33, Forward
1761465779100, -5.53, -0.39, 2.20, Forward
1761465779150, -5.55, -0.23, 2.08, Forward
1761465779230, -5.58, 0.00, 1.98, Forward
1761465779276, -5.55, 0.23, 1.92, Forward
1761465779322, -5.58, 0.32, 1.86, Forward
1761465779366, -5.40, 0.73, 1.71, Forward
1761465779500, -5.40, 0.99, 1.65, Forward
1761465779547, -5.37, 1.11, 1.65, Forward
1761465779632, -5.19, 1.27, 1.67, Forward
1761465779681, -5.11, 1.66, 1.68, Forward
1761465779730, -5.03, 1.88, 1.72, Forward
1761465779778, -4.89, 2.18, 1.67, Forward
1761465779901, -4.82, 2.30, 1.65, Forward
1761465779948, -4.80, 2.50, 1.59, Forward
1761465780035, -4.77, 2.71, 1.52, Forward
1761465780087, -4.93, 2.50, 1.51, Forward
1761465780141, -4.82, 2.32, 1.53, Forward
1761465780195, -4.80, 2.43, 1.49, Forward
1761465780304, -4.89, 2.12, 1.44, Forward
1761465780354, -5.06, 1.97, 1.39, Forward
1761465780401, -5.20, 1.67, 1.36, Forward
1761465780452, -5.47, 1.50, 1.31, Forward
1761465780501, -5.70, 1.33, 1.16, Forward
1761465780562, -5.85, 1.35, 1.04, Forward
1761465780612, -5.96, 1.47, 0.95, Forward
1761465780659, -6.15, 1.52, 0.89, Forward
1761465780702, -6.31, 1.80, 0.78, Forward
1761465780747, -6.37, 2.60, 0.60, Forward
1761465780831, -6.57, 3.96, 0.31, Forward
1761465780881, -6.59, 5.15, 0.08, Forward
1761465780932, -6.63, 6.47, -0.19, Forward
1761465780981, -6.45, 9.05, -0.29, Forward
1761465781032, -6.35, 11.83, -0.39, Right
1761465781086, -6.17, 15.40, -0.23, Right
1761465781133, -6.01, 18.94, -0.09, Right
1761465781182, -5.75, 22.57, 0.04, Right
1761465781232, -5.56, 26.02, 0.19, Right
1761465781282, -5.59, 28.00, 0.55, Right
1761465781357, -5.48, 27.70, 0.99, Right
1761465781402, -5.60, 27.79, 1.36, Right
1761465781458, -5.83, 27.79, 1.75, Right
1761465781505, -5.75, 24.98, 2.27, Right
1761465781554, -5.58, 22.09, 2.80, Right
1761465781632, -5.07, 17.81, 3.09, Right
1761465781683, -4.79, 13.38, 3.39, Right
1761465781732, -4.49, 9.00, 3.70, Forward
1761465781783, -3.97, 4.28, 3.68, Forward
1761465781831, -3.33, 0.22, 3.56, Forward
1761465781886, -2.69, -1.99, 3.03, Forward
1761465781932, -1.93, -4.57, 2.47, Forward
1761465781979, -1.08, -7.10, 1.88, Forward
1761465782033, -0.72, -8.24, 1.09, Forward
1761465782082, -0.25, -9.14, -0.12, Forward
1761465782158, -0.67, -9.01, -1.70, Forward
1761465782201, -0.51, -8.90, -3.17, Forward
1761465782250, -0.37, -8.74, -4.65, Forward
1761465782297, -0.78, -6.94, -5.81, Forward
1761465782348, -1.04, -4.78, -7.01, Forward
1761465782434, -1.21, -0.61, -7.55, Forward
1761465782482, -1.51, 3.63, -7.99, Forward
1761465782529, -1.71, 7.85, -8.43, Forward
1761465782581, -1.87, 12.99, -8.45, Right
1761465782630, -2.21, 17.59, -7.96, Right
1761465782684, -2.11, 21.93, -6.71, Right
1761465782730, -2.39, 26.46, -5.61, Right
1761465782781, -2.65, 31.02, -4.54, Right
1761465782832, -2.58, 34.21, -3.47, Right
1761465782879, -3.02, 35.69, -2.30, Right
1761465782960, -3.03, 32.63, -1.07, Right
1761465783007, -2.98, 29.58, 0.13, Right
1761465783056, -3.14, 26.54, 1.34, Right
1761465783104, -3.28, 22.31, 2.39, Right
1761465783149, -3.35, 18.39, 3.41, Right
1761465783234, -3.58, 14.13, 3.84, Right
1761465783283, -3.94, 9.84, 4.29, Forward
1761465783331, -4.29, 5.39, 4.82, Forward
1761465783381, -4.04, -0.53, 4.73, Forward
1761465783431, -3.74, -4.93, 4.54, Forward
1761465783484, -4.53, -6.67, 3.93, Forward
1761465783534, -5.07, -8.41, 3.40, Forward
1761465783582, -5.54, -10.20, 2.84, Left
1761465783633, -6.14, -11.72, 2.00, Left
1761465783679, -6.00, -7.43, 1.90, Forward
1761465783762, -5.55, -3.34, 2.00, Forward
1761465783810, -5.60, -1.52, 2.36, Forward
1761465783856, -5.63, 0.07, 2.74, Forward
1761465783899, -5.33, 1.66, 3.25, Forward
1761465783946, -4.88, 2.90, 3.78, Forward
1761465784029, -3.96, 5.30, 4.36, Forward
1761465784081, -3.61, 7.47, 4.80, Forward
1761465784132, -3.07, 9.60, 5.30, Forward
1761465784181, -1.87, 11.88, 5.98, Right
1761465784231, -1.46, 7.99, 5.94, Forward
1761465784286, -1.72, 4.68, 5.98, Forward
1761465784333, -1.33, 3.59, 5.74, Forward
1761465784386, -1.01, 2.99, 5.43, Forward
1761465784438, -1.64, 3.69, 5.64, Forward
1761465784488, -2.06, 4.19, 5.53, Forward
1761465784560, -2.23, 2.35, 5.10, Forward
1761465784605, -2.11, 0.62, 4.68, Forward
1761465784650, -2.07, -0.96, 4.26, Forward
1761465784700, -2.43, -0.54, 4.11, Forward
1761465784747, -3.09, 0.07, 3.89, Forward
1761465784832, -3.63, -1.44, 3.16, Forward
1761465784881, -4.28, -2.88, 2.39, Forward
1761465784933, -4.95, -4.49, 1.63, Forward
1761465784981, -4.77, -5.69, 1.07, Forward
1761465785028, -4.65, -6.52, 0.77, Forward
1761465785085, -4.18, -5.31, 1.14, Forward
1761465785136, -3.69, -4.27, 1.61, Forward
1761465785183, -3.24, -3.20, 2.03, Forward
1761465785232, -2.96, -4.27, 2.01, Forward
1761465785280, -2.58, -5.27, 1.58, Forward
1761465785357, -1.41, -4.34, 1.78, Forward
1761465785403, -0.31, -3.55, 2.01, Forward
1761465785450, 0.75, -2.81, 2.29, Forward
1761465785498, 0.85, -1.08, 2.49, Forward
1761465785544, 0.99, 0.76, 2.75, Forward
1761465785631, 0.87, 3.66, 2.53, Forward
1761465785680, 0.63, 6.15, 2.41, Forward
1761465785730, 0.47, 8.64, 2.29, Forward
1761465785779, -0.28, 8.61, 1.76, Forward
1761465785827, -0.90, 8.69, 1.58, Forward
1761465785888, -1.34, 8.37, 1.46, Forward
1761465785935, -1.69, 7.89, 1.41, Forward
1761465785981, -1.95, 7.54, 1.33, Forward
1761465786033, -2.11, 5.97, 1.07, Forward
1761465786078, -2.71, 5.00, 0.84, Forward
1761465786160, -2.77, 3.20, 0.87, Forward
1761465786206, -2.80, 1.68, 0.81, Forward
1761465786249, -2.91, 0.16, 0.77, Forward
1761465786297, -2.26, 1.07, 1.26, Forward
1761465786346, -1.48, 1.98, 1.81, Forward
1761465786431, -1.45, 1.56, 1.98, Forward
1761465786481, -1.25, 1.40, 2.16, Forward
1761465786529, -1.12, 1.07, 2.37, Forward
1761465786576, -1.09, 2.51, 2.63, Forward
1761465786621, -0.60, 3.30, 2.86, Forward
1761465786687, -0.72, 5.18, 3.21, Forward
1761465786733, -0.78, 7.70, 3.46, Forward
1761465786782, -0.84, 10.21, 3.69, Right
1761465786830, -1.10, 12.78, 3.82, Right
1761465786877, -1.23, 11.46, 3.77, Right
1761465786959, -1.15, 12.23, 3.93, Right
1761465787006, -1.32, 12.86, 4.02, Right
1761465787050, -1.43, 13.53, 4.09, Right
1761465787099, -1.27, 12.66, 4.13, Right
1761465787145, -1.41, 11.67, 4.15, Right
1761465787230, -1.51, 8.01, 4.01, Forward
1761465787280, -1.55, 4.07, 3.88, Forward
1761465787326, -1.54, 0.17, 3.78, Forward
1761465787375, -1.63, -3.05, 3.59, Forward
1761465787420, -1.78, -2.63, 3.61, Forward
1761465787485, -2.12, -3.59, 3.64, Forward
1761465787532, -2.41, -4.37, 3.70, Forward
1761465787579, -2.72, -5.15, 3.73, Forward
1761465787632, -3.17, -6.09, 3.77, Forward
1761465787681, -3.66, -4.02, 3.67, Forward
1761465787758, -4.03, -0.45, 3.96, Forward
1761465787806, -4.89, 2.83, 4.40, Forward
1761465787851, -5.73, 6.21, 4.80, Forward
1761465787906, -6.28, 7.20, 5.15, Forward
1761465787951, -6.94, 8.34, 5.46, Forward
1761465788032, -7.51, 9.42, 5.62, Forward
1761465788078, -8.01, 10.44, 5.74, Right
1761465788126, -8.52, 11.53, 5.85, Right
1761465788174, -8.99, 12.58, 5.71, Right
1761465788220, -9.07, 10.69, 5.76, Right
1761465788287, -9.57, 7.27, 5.31, Forward
1761465788332, -9.48, 4.24, 4.77, Forward
1761465788378, -9.50, 1.03, 4.25, Forward
1761465788429, -9.72, -0.54, 3.85, Forward
1761465788480, -9.92, -1.49, 3.52, Forward
1761465788558, -10.25, -2.65, 3.07, Down
1761465788605, -10.50, -3.90, 2.65, Down
1761465788648, -10.80, -5.05, 2.19, Down
1761465788694, -11.11, -6.30, 1.71, Down
1761465788747, -11.50, -7.43, 1.21, Down
1761465788832, -11.28, -6.08, 1.64, Down
1761465788883, -11.39, -4.85, 2.00, Down
1761465788935, -11.40, -3.62, 2.38, Down
1761465788986, -11.35, -3.91, 2.33, Down
1761465789034, -11.26, -4.77, 2.19, Down
1761465789085, -10.36, -3.98, 2.70, Down
1761465789132, -9.64, -3.35, 3.18, Forward
1761465789178, -8.91, -2.81, 3.72, Forward
1761465789230, -8.20, -2.16, 4.53, Forward
1761465789280, -7.48, -1.92, 5.31, Forward
1761465789359, -7.15, -3.12, 5.23, Forward
1761465789406, -6.62, -4.28, 5.15, Forward
1761465789449, -6.12, -5.45, 5.06, Forward
1761465789495, -5.81, -5.43, 5.19, Forward
1761465789542, -5.46, -5.54, 5.35, Forward
1761465789632, -5.82, -5.24, 5.10, Forward
1761465789680, -6.16, -4.69, 4.80, Forward
1761465789729, -6.44, -4.21, 4.53, Forward
1761465789778, -6.55, -4.22, 4.21, Forward
1761465789830, -6.57, -3.76, 3.95, Forward
1761465789887, -6.66, -3.23, 3.72, Forward
1761465789931, -6.70, -2.80, 3.50, Forward
1761465789977, -6.73, -2.46, 3.35, Forward
1761465790028, -6.61, -1.68, 3.40, Forward
1761465790078, -6.49, -0.85, 3.37, Forward
1761465790159, -6.14, -1.21, 3.28, Forward
1761465790209, -5.65, -1.68, 3.26, Forward
1761465790255, -5.26, -2.02, 3.24, Forward
1761465790309, -4.94, -1.65, 3.22, Forward
1761465790360, -4.80, -1.41, 3.18, Forward
1761465790434, -4.60, -1.46, 3.03, Forward
1761465790482, -4.36, -1.40, 2.92, Forward
1761465790530, -4.14, -1.27, 2.76, Forward
1761465790580, -3.81, -1.24, 2.70, Forward
1761465790630, -3.54, -1.18, 2.73, Forward
1761465790690, -3.40, -0.96, 2.89, Forward
1761465790739, -3.30, -0.77, 3.03, Forward
1761465790785, -3.09, -0.64, 3.15, Forward
1761465790839, -2.96, -0.76, 3.31, Forward
1761465790883, -2.74, -0.75, 3.45, Forward
1761465790962, -2.66, -1.03, 3.65, Forward
1761465791011, -2.61, -1.32, 3.80, Forward
1761465791059, -2.71, -1.65, 3.91, Forward
1761465791105, -2.93, -1.93, 3.86, Forward
1761465791150, -3.09, -2.14, 3.85, Forward
1761465791233, -2.99, -2.81, 3.62, Forward
1761465791282, -2.85, -3.30, 3.40, Forward
1761465791329, -2.88, -3.94, 3.18, Forward
1761465791377, -2.90, -3.95, 3.02, Forward
1761465791428, -2.86, -4.02, 2.84, Forward
1761465791485, -2.62, -4.11, 2.87, Forward
1761465791532, -2.43, -4.26, 2.86, Forward
1761465791584, -2.09, -4.50, 2.95, Forward
1761465791635, -1.74, -4.61, 3.07, Forward
1761465791681, -1.35, -4.60, 3.16, Forward
1761465791764, -1.11, -4.10, 3.39, Forward
1761465791817, -1.02, -3.73, 3.61, Forward
1761465791864, -0.79, -3.23, 3.82, Forward
1761465791912, -0.43, -3.31, 4.04, Forward
1761465791961, -0.22, -3.34, 4.24, Forward
1761465792015, -0.16, -3.25, 4.32, Forward
1761465792063, -0.01, -3.22, 4.47, Forward
1761465792113, 0.15, -3.00, 4.58, Forward
1761465792163, 0.24, -2.89, 4.69, Forward
1761465792212, 0.37, -2.85, 4.82, Forward
1761465792290, 0.36, -3.00, 5.02, Forward
1761465792338, 0.46, -3.08, 5.20, Forward
1761465792382, 0.52, -3.04, 5.36, Forward
1761465792432, 0.35, -3.20, 5.55, Forward
1761465792477, 0.23, -3.28, 5.74, Forward
1761465792562, 0.22, -3.20, 5.90, Forward
1761465792613, 0.18, -3.01, 6.02, Forward
1761465792663, 0.12, -2.93, 6.18, Forward
1761465792713, 0.13, -2.79, 6.33, Forward
1761465792763, -0.03, -2.85, 6.45, Forward
1761465792820, -0.09, -2.75, 6.44, Forward
1761465792864, -0.13, -2.60, 6.50, Forward
1761465792914, -0.18, -2.61, 6.55, Forward
1761465792963, -0.13, -2.45, 6.50, Forward
1761465793011, 0.01, -2.39, 6.49, Forward
1761465793084, 0.04, -2.43, 6.52, Forward
1761465793132, 0.17, -2.40, 6.55, Forward
1761465793181, 0.21, -2.33, 6.55, Forward
1761465793229, 0.17, -2.23, 6.53, Forward
1761465793279, 0.25, -2.18, 6.55, Forward
1761465793360, 0.32, -1.88, 6.52, Forward
1761465793410, 0.34, -1.52, 6.40, Forward
1761465793458, 0.40, -1.19, 6.33, Forward
1761465793505, 0.38, -0.75, 6.27, Forward
1761465793553, 0.37, -0.32, 6.20, Forward
1761465793615, 0.31, 0.03, 6.08, Forward
1761465793664, 0.18, 0.37, 5.94, Forward
1761465793712, 0.13, 0.71, 5.81, Forward
1761465793762, 0.16, 0.98, 5.72, Forward
1761465793812, 0.03, 1.43, 5.58, Forward
1761465793885, -0.04, 1.55, 5.56, Forward
1761465793931, -0.05, 1.49, 5.61, Forward
1761465793979, -0.08, 1.36, 5.68, Forward
1761465794028, -0.05, 1.12, 5.76, Forward
1761465794078, -0.08, 0.97, 5.85, Forward
1761465794159, -0.13, 0.77, 5.89, Forward
1761465794208, -0.18, 0.44, 5.99, Forward
1761465794257, -0.25, 0.24, 6.04, Forward
1761465794302, -0.32, 0.07, 6.12, Forward
1761465794346, -0.22, -0.26, 6.22, Forward
1761465794414, -0.31, -0.56, 6.27, Forward
1761465794461, -0.41, -0.72, 6.28, Forward
1761465794511, -0.49, -0.74, 6.26, Forward
1761465794563, -0.56, -0.74, 6.21, Forward
1761465794617, -0.62, -0.85, 6.20, Forward
1761465794691, -0.61, -0.80, 6.23, Forward
1761465794739, -0.60, -0.72, 6.23, Forward
1761465794792, -0.58, -0.64, 6.25, Forward
1761465794841, -0.63, -0.75, 6.27, Forward
1761465794888, -0.72, -0.73, 6.29, Forward
1761465794959, -0.80, -0.60, 6.29, Forward
1761465795009, -0.79, -0.71, 6.34, Forward
1761465795059, -0.76, -0.72, 6.36, Forward
1761465795110, -0.83, -0.81, 6.39, Forward
1761465795158, -0.81, -0.82, 6.39, Forward
1761465795220, -0.85, -0.48, 6.32, Forward
1761465795264, -0.91, -0.26, 6.29, Forward
1761465795316, -0.98, -0.04, 6.25, Forward
1761465795364, -0.95, 0.17, 6.23, Forward
1761465795411, -0.93, 0.43, 6.15, Forward
1761465795487, -0.83, 0.36, 6.15, Forward
1761465795534, -0.91, 0.60, 6.09, Forward
1761465795582, -0.98, 0.65, 6.05, Forward
1761465795634, -0.99, 0.73, 6.03, Forward
1761465795678, -1.05, 0.75, 6.01, Forward
1761465795759, -1.14, 0.37, 6.04, Forward
1761465795809, -1.23, 0.14, 6.03, Forward
1761465795856, -1.33, -0.24, 6.06, Forward
1761465795906, -1.34, -0.37, 6.03, Forward
1761465795949, -1.43, -0.47, 6.00, Forward
1761465796014, -1.48, -0.33, 5.90, Forward
1761465796064, -1.48, -0.34, 5.86, Forward
1761465796111, -1.51, -0.27, 5.82, Forward
1761465796164, -1.52, -0.13, 5.77, Forward
1761465796213, -1.63, -0.03, 5.67, Forward
1761465796287, -1.70, 0.15, 5.54, Forward
1761465796331, -1.83, 0.44, 5.42, Forward
1761465796379, -1.96, 0.62, 5.31, Forward
1761465796428, -2.09, 0.76, 5.17, Forward
1761465796477, -2.28, 0.78, 5.03, Forward
1761465796560, -2.45, 0.69, 4.95, Forward
1761465796610, -2.60, 0.77, 4.80, Forward
1761465796660, -2.80, 0.74, 4.65, Forward
1761465796709, -3.00, 0.98, 4.47, Forward
1761465796761, -3.15, 0.97, 4.36, Forward
1761465796816, -3.18, 0.94, 4.32, Forward
1761465796862, -3.12, 0.77, 4.27, Forward
1761465796910, -3.12, 0.75, 4.17, Forward
1761465796962, -3.21, 0.69, 4.13, Forward
1761465797012, -3.19, 0.71, 4.12, Forward
1761465797087, -3.18, 0.77, 4.11, Forward
1761465797130, -3.21, 0.67, 4.12, Forward
1761465797180, -3.13, 0.70, 4.15, Forward
1761465797230, -3.07, 0.71, 4.13, Forward
1761465797277, -2.98, 1.03, 4.06, Forward
1761465797359, -3.02, 1.09, 4.00, Forward
1761465797410, -3.04, 1.13, 3.97, Forward
1761465797460, -2.97, 1.16, 3.98, Forward
1761465797507, -3.04, 1.18, 3.96, Forward
1761465797557, -3.01, 1.18, 3.93, Forward
1761465797616, -3.00, 1.30, 3.86, Forward
1761465797667, -3.00, 1.37, 3.77, Forward
1761465797716, -3.00, 1.49, 3.68, Forward
1761465797765, -3.08, 1.48, 3.61, Forward
1761465797818, -3.04, 1.49, 3.58, Forward
1761465797890, -3.02, 1.69, 3.55, Forward
1761465797941, -2.98, 1.88, 3.50, Forward
1761465797992, -2.93, 2.07, 3.45, Forward
1761465798042, -2.77, 2.26, 3.39, Forward
1761465798089, -2.74, 2.46, 3.37, Forward
1761465798157, -2.73, 2.26, 3.34, Forward
1761465798208, -2.72, 2.24, 3.36, Forward
1761465798258, -2.78, 2.23, 3.34, Forward
1761465798307, -2.74, 1.86, 3.43, Forward
1761465798353, -2.84, 1.58, 3.43, Forward
1761465798412, -2.92, 1.45, 3.41, Forward
1761465798457, -3.08, 1.17, 3.40, Forward
1761465798506, -3.25, 1.04, 3.37, Forward
1761465798551, -3.42, 0.94, 3.36, Forward
1761465798599, -3.57, 0.71, 3.39, Forward
1761465798685, -3.69, 0.68, 3.44, Forward
1761465798730, -3.78, 0.60, 3.44, Forward
1761465798773, -3.85, 0.45, 3.47, Forward
1761465798818, -3.86, 0.52, 3.48, Forward
1761465798863, -3.91, 0.38, 3.53, Forward
1761465798957, -3.79, 0.69, 3.54, Forward
1761465799004, -3.61, 0.86, 3.62, Forward
1761465799050, -3.45, 0.85, 3.71, Forward
1761465799095, -3.22, 0.98, 3.81, Forward
1761465799139, -3.07, 1.07, 3.87, Forward
1761465799213, -2.91, 1.75, 3.85, Forward
1761465799256, -2.83, 2.02, 3.94, Forward
1761465799302, -2.72, 2.33, 4.03, Forward
1761465799348, -2.75, 2.57, 4.08, Forward
1761465799394, -2.61, 3.01, 4.19, Forward
1761465799484, -2.57, 2.88, 4.42, Forward
1761465799529, -2.65, 2.95, 4.60, Forward
1761465799573, -2.74, 3.02, 4.75, Forward
1761465799616, -2.99, 2.89, 4.89, Forward
1761465799659, -3.12, 2.87, 5.02, Forward
1761465799756, -3.13, 2.49, 5.34, Forward
1761465799804, -3.14, 2.43, 5.55, Forward
1761465799850, -3.10, 2.37, 5.76, Forward
1761465799894, -2.98, 2.26, 6.04, Forward
1761465799937, -2.99, 2.09, 6.26, Forward
1761465800013, -2.92, 1.93, 6.44, Forward
1761465800055, -2.85, 1.82, 6.54, Forward
1761465800101, -2.72, 1.77, 6.68, Forward
1761465800145, -2.50, 1.77, 6.81, Forward
1761465800190, -2.35, 1.71, 7.06, Forward
1761465800284, -2.32, 1.67, 7.10, Forward
1761465800329, -2.16, 1.51, 7.21, Forward
1761465800371, -2.08, 1.36, 7.32, Forward
1761465800418, -2.02, 1.54, 7.35, Forward
1761465800464, -1.98, 1.57, 7.42, Forward
1761465800555, -2.02, 1.46, 7.51, Forward
1761465800599, -2.03, 1.43, 7.65, Forward
1761465800645, -2.04, 1.37, 7.79, Forward
1761465800695, -2.01, 1.40, 7.90, Forward
1761465800741, -1.92, 1.53, 7.93, Forward
1761465800812, -1.95, 1.71, 7.99, Forward
1761465800855, -1.98, 2.13, 7.98, Forward
1761465800900, -2.01, 2.35, 8.00, Forward
1761465800944, -2.04, 2.36, 8.02, Forward
1761465800988, -1.97, 2.49, 7.96, Forward
1761465801084, -1.98, 2.93, 7.86, Forward
1761465801128, -2.04, 3.28, 7.78, Forward
1761465801173, -2.10, 3.64, 7.71, Forward
1761465801219, -2.23, 4.25, 7.60, Forward
1761465801266, -2.44, 4.38, 7.48, Forward
1761465801357, -2.55, 4.99, 7.28, Forward
1761465801407, -2.65, 5.32, 7.17, Forward
1761465801455, -2.73, 5.78, 7.02, Forward
1761465801500, -2.72, 6.40, 6.83, Forward
1761465801545, -2.84, 6.94, 6.70, Forward
1761465801612, -2.91, 7.30, 6.57, Forward
1761465801657, -2.91, 7.71, 6.41, Forward
1761465801705, -2.93, 8.07, 6.22, Forward
1761465801751, -2.92, 8.12, 6.08, Forward
1761465801797, -2.83, 8.83, 5.92, Forward
1761465801884, -2.79, 8.23, 5.98, Forward
1761465801930, -2.80, 7.83, 5.97, Forward
1761465801976, -2.82, 7.66, 5.95, Forward
1761465802021, -2.92, 7.53, 5.92, Forward
1761465802066, -2.88, 7.14, 5.96, Forward
1761465802157, -2.85, 7.20, 5.91, Forward
1761465802205, -2.81, 6.98, 5.89, Forward
1761465802250, -2.76, 6.80, 5.90, Forward
1761465802293, -2.73, 6.85, 5.90, Forward
1761465802336, -2.72, 6.64, 5.91, Forward
1761465802412, -2.69, 7.02, 5.84, Forward
1761465802455, -2.64, 7.23, 5.81, Forward
1761465802502, -2.58, 7.50, 5.75, Forward
1761465802546, -2.54, 8.21, 5.64, Forward
1761465802591, -2.64, 8.81, 5.51, Forward
1761465802686, -2.61, 11.99, 5.11, Right
1761465802736, -3.12, 15.53, 4.93, Right
1761465802780, -3.26, 18.62, 4.58, Right
1761465802824, -3.19, 22.37, 4.26, Right
1761465802871, -3.22, 26.14, 3.96, Right
1761465802939, -2.71, 30.19, 3.29, Right
1761465802987, -2.29, 34.62, 2.52, Right
1761465803032, -1.93, 38.68, 1.85, Right
1761465803078, -1.55, 42.09, 1.31, Right
1761465803121, -0.86, 45.68, 0.64, Right
1761465803212, -0.27, 46.05, 0.38, Right
1761465803256, 0.75, 46.21, -0.09, Right
1761465803305, 1.40, 46.82, -0.40, Right
1761465803351, 1.88, 45.95, -0.66, Right
1761465803399, 2.30, 45.09, -0.92, Right
1761465803487, 2.40, 43.25, -0.69, Right
1761465803533, 2.52, 40.64, -0.31, Right
1761465803577, 2.70, 38.00, 0.05, Right
1761465803623, 2.85, 34.53, 0.62, Right
1761465803670, 2.79, 31.75, 1.16, Right
1761465803741, 2.73, 28.79, 1.71, Right
1761465803785, 2.77, 26.13, 2.20, Right
1761465803828, 2.83, 23.43, 2.69, Right
1761465803871, 2.85, 21.36, 3.12, Right
1761465803917, 2.98, 18.78, 3.58, Right
1761465804013, 3.02, 16.99, 3.97, Right
1761465804057, 3.08, 15.53, 4.30, Right
1761465804106, 3.15, 14.08, 4.63, Right
1761465804154, 3.19, 13.94, 4.65, Right
1761465804200, 3.13, 12.92, 4.83, Right
1761465804285, 3.04, 12.19, 5.00, Right
1761465804331, 2.97, 11.21, 5.17, Right
1761465804377, 2.88, 10.27, 5.34, Right
1761465804421, 2.85, 9.27, 5.55, Forward
1761465804469, 2.81, 8.87, 5.68, Forward
1761465804540, 2.67, 8.25, 5.79, Forward
1761465804586, 2.54, 7.80, 5.88, Forward
1761465804634, 2.36, 7.46, 5.93, Forward
1761465804681, 2.20, 6.61, 6.06, Forward
1761465804726, 1.97, 6.14, 6.13, Forward
1761465804812, 1.89, 5.87, 6.21, Forward
1761465804855, 1.76, 5.56, 6.27, Forward
1761465804904, 1.66, 5.24, 6.37, Forward
1761465804948, 1.49, 4.99, 6.40, Forward
1761465804993, 1.36, 4.66, 6.44, Forward
1761465805086, 1.32, 5.33, 6.29, Forward
1761465805134, 1.28, 5.72, 6.20, Forward
1761465805178, 1.35, 6.19, 6.14, Forward
1761465805223, 1.39, 6.33, 6.13, Forward
1761465805272, 1.66, 6.67, 6.12, Forward
1761465805343, 1.67, 6.62, 6.11, Forward
1761465805389, 1.69, 6.48, 6.17, Forward
1761465805438, 1.70, 6.43, 6.17, Forward
1761465805486, 1.67, 6.31, 6.19, Forward
1761465805528, 1.51, 6.20, 6.21, Forward
1761465805612, 1.25, 5.23, 6.34, Forward
1761465805657, 0.99, 4.63, 6.38, Forward
1761465805707, 0.60, 3.79, 6.43, Forward
1761465805755, 0.31, 3.14, 6.50, Forward
1761465805801, -0.15, 2.39, 6.55, Forward
1761465805885, -0.37, 2.14, 6.55, Forward
1761465805932, -0.63, 2.06, 6.49, Forward
1761465805975, -0.84, 1.90, 6.47, Forward
1761465806021, -0.97, 1.84, 6.45, Forward
1761465806069, -0.90, 1.61, 6.44, Forward
1761465806141, -0.77, 1.45, 6.49, Forward
1761465806188, -0.65, 1.21, 6.59, Forward
1761465806233, -0.43, 1.25, 6.64, Forward
1761465806278, -0.29, 1.35, 6.65, Forward
1761465806325, -0.11, 1.45, 6.64, Forward
1761465806412, -0.05, 1.27, 6.64, Forward
1761465806457, 0.08, 1.28, 6.63, Forward
1761465806505, 0.13, 1.12, 6.64, Forward
1761465806554, 0.05, 0.94, 6.61, Forward
1761465806604, -0.01, 0.80, 6.61, Forward
1761465806684, -0.14, 0.87, 6.55, Forward
1761465806729, -0.30, 0.94, 6.47, Forward
1761465806772, -0.47, 0.88, 6.43, Forward
1761465806819, -0.45, 1.45, 6.29, Forward
1761465806864, -0.23, 2.00, 6.21, Forward
1761465806941, -0.12, 2.21, 6.17, Forward
1761465806989, -0.04, 2.30, 6.16, Forward
1761465807037, 0.07, 2.44, 6.16, Forward
1761465807088, 0.28, 2.57, 6.19, Forward
1761465807137, 0.41, 2.90, 6.19, Forward
1761465807212, 0.44, 2.97, 6.19, Forward
1761465807257, 0.54, 2.96, 6.21, Forward
1761465807302, 0.55, 2.88, 6.22, Forward
1761465807349, 0.49, 2.38, 6.33, Forward
1761465807394, 0.26, 1.84, 6.39, Forward
1761465807484, 0.15, 1.80, 6.36, Forward
1761465807526, -0.01, 1.73, 6.32, Forward
1761465807571, -0.18, 1.73, 6.26, Forward
1761465807616, -0.29, 1.40, 6.28, Forward
1761465807660, -0.36, 1.20, 6.28, Forward
1761465807739, -0.36, 1.25, 6.26, Forward
1761465807785, -0.27, 1.46, 6.20, Forward
1761465807829, -0.07, 1.81, 6.16, Forward
1761465807873, 0.04, 2.04, 6.10, Forward
1761465807918, 0.10, 2.19, 6.09, Forward
1761465808012, 0.12, 2.16, 6.15, Forward
1761465808056, 0.15, 2.07, 6.21, Forward
1761465808102, 0.17, 1.95, 6.25, Forward
1761465808146, 0.12, 2.04, 6.26, Forward
1761465808191, 0.00, 2.08, 6.23, Forward
1761465808284, -0.08, 1.95, 6.23, Forward
1761465808331, -0.28, 1.77, 6.25, Forward
1761465808376, -0.52, 1.57, 6.26, Forward
1761465808421, -0.75, 1.52, 6.24, Forward
1761465808466, -0.95, 1.39, 6.21, Forward
1761465808540, -1.09, 1.28, 6.17, Forward
1761465808587, -1.10, 1.30, 6.12, Forward
1761465808633, -1.15, 1.33, 6.07, Forward
1761465808680, -1.19, 1.46, 5.99, Forward
1761465808726, -1.27, 1.41, 5.98, Forward
1761465808812, -1.19, 1.90, 5.88, Forward
1761465808854, -1.06, 2.18, 5.85, Forward
1761465808903, -0.80, 2.45, 5.83, Forward
1761465808947, -0.68, 2.38, 5.87, Forward
1761465808993, -0.56, 2.45, 5.87, Forward
1761465809085, -0.37, 2.48, 5.94, Forward
1761465809131, -0.37, 2.41, 6.00, Forward
1761465809174, -0.35, 2.37, 6.04, Forward
1761465809220, -0.28, 2.46, 6.06, Forward
1761465809265, -0.18, 2.56, 6.06, Forward
1761465809340, -0.22, 2.13, 6.14, Forward
1761465809386, -0.31, 1.76, 6.19, Forward
1761465809431, -0.52, 1.54, 6.20, Forward
1761465809476, -0.61, 1.38, 6.20, Forward
1761465809526, -0.75, 1.14, 6.20, Forward
1761465809616, -0.88, 1.03, 6.11, Forward
1761465809662, -0.97, 0.96, 6.04, Forward
1761465809710, -0.95, 0.94, 6.00, Forward
1761465809760, -1.01, 0.84, 5.94, Forward
1761465809804, -0.94, 0.85, 5.87, Forward
1761465809885, -0.89, 0.81, 5.87, Forward
1761465809932, -0.80, 0.99, 5.82, Forward
1761465809976, -0.74, 0.94, 5.81, Forward
1761465810020, -0.67, 1.08, 5.79, Forward
1761465810071, -0.62, 1.20, 5.78, Forward
1761465810140, -0.61, 1.39, 5.78, Forward
1761465810184, -0.58, 1.54, 5.79, Forward
1761465810227, -0.61, 1.76, 5.77, Forward
1761465810270, -0.60, 1.89, 5.79, Forward
1761465810317, -0.67, 2.10, 5.83, Forward
1761465810413, -0.72, 2.07, 5.87, Forward
1761465810455, -0.87, 2.01, 5.92, Forward
1761465810503, -0.96, 2.01, 5.98, Forward
1761465810547, -1.07, 2.06, 6.00, Forward
1761465810591, -1.10, 2.22, 6.06, Forward
1761465810685, -1.14, 2.16, 6.10, Forward
1761465810730, -1.13, 2.14, 6.15, Forward
1761465810774, -1.12, 2.05, 6.22, Forward
1761465810819, -1.12, 1.87, 6.28, Forward
1761465810863, -1.14, 1.55, 6.33, Forward
1761465810940, -1.24, 1.47, 6.31, Forward
1761465810987, -1.28, 1.31, 6.33, Forward
1761465811037, -1.37, 1.21, 6.30, Forward
1761465811085, -1.42, 1.02, 6.28, Forward
1761465811131, -1.53, 0.75, 6.27, Forward
1761465811211, -1.66, 0.60, 6.24, Forward
1761465811256, -1.73, 0.47, 6.22, Forward
1761465811301, -1.84, 0.23, 6.20, Forward
1761465811347, -1.94, 0.29, 6.21, Forward
1761465811392, -2.04, 0.25, 6.22, Forward
1761465811484, -2.10, 0.36, 6.23, Forward
1761465811527, -2.18, 0.33, 6.24, Forward
1761465811569, -2.27, 0.28, 6.27, Forward
1761465811619, -2.33, 0.29, 6.30, Forward
1761465811663, -2.30, 0.13, 6.34, Forward
1761465811741, -2.37, 0.33, 6.36, Forward
1761465811785, -2.37, 0.39, 6.36, Forward
1761465811831, -2.41, 0.57, 6.34, Forward
1761465811877, -2.38, 0.55, 6.31, Forward
1761465811922, -2.39, 0.77, 6.27, Forward
1761465812012, -2.14, 1.11, 6.22, Forward
1761465812055, -1.97, 1.42, 6.18, Forward
1761465812101, -1.79, 1.85, 6.12, Forward
1761465812147, -1.68, 1.88, 6.15, Forward
1761465812189, -1.58, 2.15, 6.13, Forward
1761465812284, -1.45, 2.13, 6.15, Forward
1761465812330, -1.46, 2.00, 6.20, Forward
1761465812375, -1.39, 1.87, 6.27, Forward
1761465812419, -1.33, 1.86, 6.29, Forward
1761465812463, -1.23, 1.75, 6.33, Forward
1761465812540, -1.45, 1.44, 6.39, Forward
1761465812584, -1.56, 1.08, 6.45, Forward
1761465812629, -1.69, 0.62, 6.52, Forward
1761465812673, -1.78, 0.48, 6.52, Forward
1761465812717, -1.88, 0.40, 6.48, Forward
1761465812813, -1.91, 0.32, 6.48, Forward
1761465812856, -1.78, 0.52, 6.45, Forward
1761465812901, -1.79, 0.65, 6.39, Forward
1761465812946, -1.85, 0.55, 6.40, Forward
1761465812989, -1.85, 0.43, 6.40, Forward
1761465813084, -1.67, 0.49, 6.39, Forward
1761465813165, -1.64, 0.51, 6.39, Forward
1761465813211, -1.51, 0.53, 6.42, Forward
1761465813255, -1.38, 0.79, 6.34, Forward
1761465813303, -1.23, 1.11, 6.30, Forward
1761465813351, -1.10, 1.47, 6.21, Forward
1761465813469, -1.04, 1.60, 6.23, Forward
1761465813514, -0.97, 1.70, 6.25, Forward
1761465813557, -0.85, 1.95, 6.25, Forward
1761465813602, -0.83, 2.09, 6.24, Forward
1761465813645, -0.95, 1.97, 6.24, Forward
1761465813740, -0.91, 2.04, 6.23, Forward
1761465813785, -0.99, 2.18, 6.20, Forward
1761465813831, -1.05, 2.24, 6.23, Forward
1761465813879, -0.96, 2.49, 6.25, Forward
1761465813922, -0.85, 2.68, 6.27, Forward
1761465814012, -0.88, 2.47, 6.36, Forward
1761465814056, -0.81, 2.45, 6.40, Forward
1761465814102, -0.77, 2.32, 6.45, Forward
1761465814148, -0.69, 2.38, 6.57, Forward
1761465814191, -0.63, 2.37, 6.66, Forward
1761465814269, -0.54, 2.44, 6.74, Forward
1761465814313, -0.53, 2.33, 6.83, Forward
1761465814357, -0.46, 2.14, 6.93, Forward
1761465814400, -0.59, 1.46, 7.10, Forward
1761465814443, -0.82, 0.83, 7.24, Forward
1761465814540, -1.00, 0.74, 7.22, Forward
1761465814584, -1.13, 0.51, 7.26, Forward
1761465814626, -1.24, 0.24, 7.28, Forward
1761465814669, -1.35, -0.13, 7.23, Forward
1761465814716, -1.45, -0.30, 7.21, Forward
1761465814811, -1.52, -0.45, 7.16, Forward
1761465814855, -1.50, -0.63, 7.15, Forward
1761465814902, -1.54, -0.88, 7.14, Forward
1761465814948, -1.64, -0.81, 7.06, Forward
1761465814994, -1.61, -0.80, 7.04, Forward
1761465815070, -1.59, -0.74, 7.03, Forward
1761465815119, -1.64, -0.69, 7.01, Forward
1761465815168, -1.74, -0.54, 6.98, Forward
1761465815213, -1.81, -0.38, 6.98, Forward
1761465815256, -1.83, -0.31, 6.99, Forward
1761465815340, -1.82, 0.25, 6.94, Forward
1761465815384, -1.76, 0.88, 6.86, Forward
1761465815429, -1.71, 1.53, 6.77, Forward
1761465815472, -1.52, 1.59, 6.79, Forward
1761465815518, -1.44, 1.67, 6.79, Forward
1761465815613, -1.35, 1.81, 6.80, Forward
1761465815657, -1.25, 1.87, 6.82, Forward
1761465815703, -1.15, 1.93, 6.83, Forward
1761465815751, -1.07, 1.94, 6.85, Forward
1761465815797, -1.08, 1.98, 6.83, Forward
1761465815870, -1.17, 1.53, 6.89, Forward
1761465815917, -1.28, 1.04, 6.98, Forward
1761465815962, -1.41, 0.53, 7.08, Forward
1761465816006, -1.57, 0.47, 7.10, Forward
1761465816053, -1.70, 0.22, 7.11, Forward
1761465816141, -1.86, 0.04, 7.13, Forward
1761465816185, -1.89, -0.02, 7.11, Forward
1761465816231, -1.94, -0.06, 7.11, Forward
1761465816276, -1.98, -0.09, 7.06, Forward
1761465816320, -2.02, -0.29, 7.08, Forward
1761465816413, -1.87, -0.32, 7.08, Forward
1761465816456, -1.68, -0.23, 7.08, Forward
1761465816502, -1.47, -0.23, 7.10, Forward
1761465816549, -1.31, -0.10, 7.10, Forward
1761465816594, -1.25, 0.06, 7.10, Forward
1761465816669, -1.18, 0.00, 7.12, Forward
1761465816717, -1.21, 0.00, 7.14, Forward
1761465816766, -1.23, 0.00, 7.16, Forward
1761465816815, -1.20, -0.04, 7.23, Forward
1761465816859, -0.94, 0.97, 7.09, Forward
1761465816940, -0.71, 1.63, 7.05, Forward
1761465816985, -0.69, 2.25, 6.97, Forward
1761465817036, -0.61, 3.01, 6.83, Forward
1761465817086, -0.42, 3.34, 6.88, Forward
1761465817135, -0.21, 3.72, 6.98, Forward
1761465817214, 0.19, 4.16, 7.03, Forward
1761465817258, 0.51, 4.27, 7.14, Forward
1761465817303, 0.83, 4.46, 7.22, Forward
1761465817351, 1.14, 4.91, 7.16, Forward
1761465817397, 1.27, 4.22, 7.31, Forward
1761465817470, 1.37, 3.82, 7.14, Forward
1761465817518, 1.55, 3.50, 6.94, Forward
1761465817569, 1.72, 3.12, 6.81, Forward
1761465817618, 1.68, 2.74, 6.53, Forward
1761465817667, 1.78, 2.40, 6.24, Forward
1761465817744, 1.41, 1.79, 5.91, Forward
1761465817789, 1.17, 1.39, 5.51, Forward
1761465817835, 0.84, 1.03, 5.12, Forward
1761465817879, 0.45, 0.28, 4.78, Forward
1761465817923, 0.24, -0.22, 4.39, Forward
1761465818014, -0.22, -0.89, 4.14, Forward
1761465818064, -0.50, -1.61, 3.93, Forward
1761465818110, -0.83, -2.37, 3.71, Forward
1761465818155, -0.98, -2.38, 3.35, Forward
1761465818199, -1.09, -2.37, 2.98, Forward
1761465818268, -1.04, -2.12, 2.65, Forward
1761465818317, -1.10, -1.59, 2.31, Forward
1761465818361, -1.05, -1.26, 1.99, Forward
1761465818405, -0.95, -0.72, 1.77, Forward
1761465818449, -1.25, -0.14, 1.47, Forward
1761465818540, -1.63, 0.95, 1.12, Forward
1761465818585, -2.06, 2.12, 0.78, Forward
1761465818628, -2.55, 3.32, 0.40, Forward
1761465818672, -2.99, 4.32, 0.12, Forward
1761465818715, -3.58, 5.22, -0.16, Forward
1761465818812, -4.01, 5.73, -0.40, Forward
1761465818855, -4.25, 5.98, -0.58, Forward
1761465818899, -4.49, 6.35, -0.76, Forward
1761465818944, -4.57, 6.15, -0.84, Forward
1761465818989, -4.50, 6.00, -0.90, Forward
1761465819070, -4.18, 5.30, -0.80, Forward
1761465819117, -3.86, 4.45, -0.69, Forward
1761465819162, -3.52, 3.73, -0.57, Forward
1761465819206, -3.26, 2.76, -0.40, Forward
1761465819250, -2.96, 1.78, -0.27, Forward
1761465819340, -2.77, 1.24, -0.19, Forward
1761465819384, -2.71, 0.82, -0.14, Forward
1761465819431, -2.73, 0.38, -0.13, Forward
1761465819477, -2.88, 0.91, -0.28, Forward
1761465819521, -2.90, 1.14, -0.35, Forward
1761465819612, -2.99, 1.14, -0.36, Forward
1761465819657, -3.13, 1.28, -0.41, Forward
1761465819701, -3.25, 1.29, -0.44, Forward
1761465819747, -3.44, 1.20, -0.48, Forward
1761465819794, -3.67, 1.16, -0.51, Forward
1761465819869, -4.02, 1.20, -0.57, Forward
1761465819916, -4.41, 1.35, -0.66, Forward
1761465819961, -4.69, 1.51, -0.71, Forward
1761465820006, -5.01, 1.27, -0.70, Forward
1761465820048, -5.34, 1.08, -0.64, Forward
1761465820140, -5.71, 1.19, -0.69, Forward
1761465820183, -6.08, 1.21, -0.72, Forward
1761465820227, -6.46, 1.18, -0.73, Forward
1761465820271, -6.94, 1.70, -0.88, Forward
1761465820316, -7.28, 2.19, -1.02, Forward
1761465820411, -7.41, 2.64, -1.06, Forward
1761465820455, -7.49, 2.76, -1.05, Forward
1761465820499, -7.60, 2.95, -1.04, Forward
1761465820542, -7.71, 3.21, -1.07, Forward
1761465820585, -7.81, 3.48, -1.16, Forward
1761465820668, -7.66, 3.56, -1.15, Forward
1761465820716, -7.61, 3.63, -1.15, Forward
1761465820761, -7.54, 3.74, -1.16, Forward
1761465820804, -7.30, 3.40, -1.04, Forward
1761465820860, -7.02, 3.09, -0.89, Forward
1761465820944, -6.75, 2.86, -0.75, Forward
1761465820989, -6.49, 2.68, -0.62, Forward
1761465821033, -6.24, 2.42, -0.49, Forward
1761465821081, -6.01, 2.08, -0.31, Forward
1761465821124, -5.76, 1.91, -0.13, Forward
1761465821212, -5.41, 1.18, 0.16, Forward
1761465821255, -4.95, 0.62, 0.45, Forward
1761465821300, -4.50, 0.06, 0.73, Forward
1761465821344, -3.72, -0.89, 1.09, Forward
1761465821386, -3.04, -1.49, 1.33, Forward
1761465821469, -2.31, -2.32, 1.59, Forward
1761465821515, -1.60, -3.17, 1.84, Forward
1761465821559, -0.85, -3.84, 2.05, Forward
1761465821602, -0.08, -4.44, 2.25, Forward
1761465821651, 0.50, -5.34, 2.53, Forward
1761465821740, 0.83, -5.10, 2.50, Forward
1761465821784, 1.18, -5.07, 2.51, Forward
1761465821831, 1.51, -4.98, 2.48, Forward
1761465821876, 1.46, -4.47, 2.35, Forward
1761465821921, 1.39, -4.22, 2.28, Forward
1761465822012, 1.22, -4.02, 2.18, Forward
1761465822057, 1.00, -3.83, 2.09, Forward
1761465822100, 0.80, -3.90, 2.06, Forward
1761465822147, 0.77, -3.96, 2.05, Forward
1761465822190, 0.70, -4.00, 1.94, Forward
1761465822268, 0.59, -4.34, 1.95, Forward
1761465822314, 0.35, -4.71, 1.93, Forward
1761465822359, 0.15, -5.08, 1.95, Forward
1761465822404, -0.00, -5.57, 2.02, Forward
1761465822447, -0.08, -5.96, 2.10, Forward
1761465822540, -0.23, -6.19, 2.13, Forward
1761465822585, -0.27, -6.29, 2.16, Forward
1761465822630, -0.34, -6.40, 2.19, Forward
1761465822674, -0.55, -6.66, 2.22, Forward
1761465822716, -0.65, -6.74, 2.26, Forward
1761465822811, -0.80, -6.81, 2.29, Forward
1761465822857, -0.96, -6.78, 2.31, Forward
1761465822901, -1.13, -6.88, 2.34, Forward
1761465822947, -1.25, -6.60, 2.36, Forward
1761465822993, -1.45, -6.42, 2.38, Forward
1761465823069, -1.62, -6.37, 2.44, Forward
1761465823115, -1.82, -6.32, 2.50, Forward
1761465823159, -2.03, -6.22, 2.52, Forward
1761465823202, -2.28, -6.03, 2.54, Forward
1761465823248, -2.60, -5.96, 2.52, Forward
1761465823340, -2.77, -5.83, 2.57, Forward
1761465823384, -2.84, -5.70, 2.63, Forward
1761465823430, -2.96, -5.43, 2.65, Forward
1761465823474, -3.05, -5.36, 2.61, Forward
1761465823517, -3.10, -5.31, 2.57, Forward
1761465823613, -2.98, -5.26, 2.51, Forward
1761465823656, -2.85, -5.24, 2.49, Forward
1761465823699, -2.67, -5.19, 2.48, Forward
1761465823744, -2.47, -5.17, 2.48, Forward
1761465823788, -2.12, -5.05, 2.54, Forward
1761465823868, -1.83, -5.08, 2.53, Forward
1761465823913, -1.54, -5.11, 2.52, Forward
1761465823957, -1.21, -5.20, 2.55, Forward
1761465824001, -0.93, -5.37, 2.61, Forward
1761465824049, -0.77, -5.57, 2.68, Forward
1761465824092, -0.72, -5.62, 2.72, Forward
1761465824137, -0.65, -5.59, 2.72, Forward
1761465824181, -0.68, -5.56, 2.73, Forward
1761465824226, -0.62, -5.56, 2.72, Forward
1761465824269, -0.60, -5.38, 2.69, Forward
1761465824397, -0.59, -5.04, 2.66, Forward
1761465824441, -0.54, -4.70, 2.66, Forward
1761465824483, -0.49, -4.37, 2.67, Forward
1761465824542, -0.75, -3.71, 2.76, Forward
1761465824585, -1.00, -2.85, 2.80, Forward
1761465824667, -1.54, -2.03, 2.91, Forward
1761465824715, -1.99, -1.32, 3.04, Forward
1761465824760, -2.36, -0.48, 3.09, Forward
1761465824803, -3.09, 0.47, 3.17, Forward
1761465824941, -3.89, 1.24, 3.06, Forward
1761465824984, -4.72, 1.82, 2.99, Forward
1761465825068, -5.47, 2.57, 2.84, Forward
1761465825115, -6.25, 3.28, 2.72, Forward
1761465825160, -6.75, 3.59, 2.54, Forward
1761465825203, -7.00, 3.75, 2.34, Forward
1761465825341, -6.93, 4.08, 2.10, Forward
1761465825384, -7.01, 4.34, 1.87, Forward
1761465825468, -7.14, 4.56, 1.65, Forward
1761465825511, -6.97, 4.68, 1.42, Forward
1761465825555, -6.71, 4.82, 1.36, Forward
1761465825601, -6.37, 4.97, 1.34, Forward
1761465825741, -5.96, 4.75, 1.40, Forward
1761465825784, -5.57, 4.55, 1.40, Forward
1761465825869, -5.07, 3.98, 1.41, Forward
1761465825914, -4.63, 3.46, 1.50, Forward
1761465825958, -4.30, 2.77, 1.55, Forward
1761465826005, -3.80, 1.31, 1.93, Forward
1761465826141, -3.41, 0.49, 2.17, Forward
1761465826184, -3.11, -0.31, 2.39, Forward
1761465826268, -2.81, -1.04, 2.55, Forward
1761465826315, -2.52, -1.66, 2.64, Forward
1761465826360, -2.51, -2.19, 2.69, Forward
1761465826405, -2.58, -2.47, 2.65, Forward
1761465826540, -2.89, -2.17, 2.60, Forward
1761465826583, -3.31, -1.75, 2.53, Forward
1761465826668, -3.67, -1.29, 2.57, Forward
1761465826711, -4.20, 0.10, 2.22, Forward
1761465826754, -4.57, 0.84, 2.06, Forward
1761465826797, -4.93, 1.60, 1.91, Forward
1761465826939, -5.35, 2.47, 1.85, Forward
1761465826983, -5.90, 3.26, 1.76, Forward
1761465827068, -6.29, 4.30, 1.67, Forward
1761465827114, -6.60, 4.87, 1.71, Forward
1761465827158, -6.72, 5.54, 1.73, Forward
1761465827203, -6.46, 4.70, 1.99, Forward
1761465827341, -6.17, 3.68, 2.13, Forward
1761465827384, -5.78, 2.73, 2.35, Forward
1761465827468, -5.45, 1.83, 2.41, Forward
1761465827514, -4.98, 1.01, 2.50, Forward
1761465827560, -4.44, 0.02, 2.56, Forward
1761465827603, -3.85, -0.99, 2.68, Forward
1761465827740, -3.38, -2.24, 2.78, Forward
1761465827783, -2.94, -3.24, 2.87, Forward
1761465827867, -2.41, -4.10, 2.92, Forward
1761465827915, -2.35, -3.69, 2.74, Forward
1761465827960, -2.24, -3.18, 2.59, Forward
1761465828003, -2.07, -3.08, 2.52, Forward
1761465828141, -1.99, -3.19, 2.57, Forward
1761465828184, -2.02, -3.27, 2.57, Forward
1761465828269, -2.00, -3.30, 2.58, Forward
1761465828311, -2.01, -3.35, 2.58, Forward
1761465828354, -1.94, -3.36, 2.59, Forward
1761465828397, -1.80, -3.27, 2.59, Forward
1761465828540, -1.82, -3.55, 2.60, Forward
1761465828584, -1.69, -3.78, 2.65, Forward
1761465828668, -1.64, -4.06, 2.65, Forward
1761465828713, -1.70, -4.07, 2.58, Forward
1761465828759, -1.68, -3.99, 2.52, Forward
1761465828801, -1.60, -4.05, 2.55, Forward
1761465828941, -1.61, -4.13, 2.57, Forward
1761465828984, -1.58, -4.18, 2.56, Forward
1761465829068, -1.52, -3.76, 2.46, Forward
1761465829113, -1.49, -3.58, 2.39, Forward
1761465829158, -1.40, -3.36, 2.38, Forward
1761465829204, -1.42, -3.41, 2.38, Forward
1761465829340, -1.37, -3.17, 2.46, Forward
1761465829386, -1.34, -3.14, 2.53, Forward
1761465829469, -1.30, -3.00, 2.62, Forward
1761465829516, -1.36, -2.89, 2.64, Forward
1761465829566, -1.45, -2.88, 2.70, Forward
1761465829615, -1.49, -2.81, 2.75, Forward
1761465829739, -1.60, -3.23, 2.89, Forward
1761465829783, -1.67, -3.47, 3.03, Forward
1761465829868, -1.76, -3.62, 3.07, Forward
1761465829912, -1.73, -3.48, 3.10, Forward
1761465829955, -1.80, -3.56, 3.08, Forward
1761465829998, -1.78, -3.21, 3.06, Forward
1761465830141, -1.88, -2.97, 2.99, Forward
1761465830185, -1.84, -2.68, 2.95, Forward
1761465830268, -1.88, -2.47, 2.89, Forward
1761465830314, -1.91, -2.30, 2.87, Forward
1761465830358, -1.92, -2.06, 2.83, Forward
1761465830402, -1.94, -1.96, 2.79, Forward
1761465830541, -2.01, -1.94, 2.82, Forward
1761465830584, -2.16, -1.85, 2.82, Forward
1761465830669, -2.17, -1.81, 2.90, Forward
1761465830714, -2.26, -1.95, 2.93, Forward
1761465830765, -2.24, -2.09, 2.98, Forward
1761465830816, -2.33, -2.12, 3.00, Forward
1761465830941, -2.23, -2.18, 3.05, Forward
1761465830991, -2.17, -2.13, 3.06, Forward
1761465831067, -2.23, -1.93, 3.02, Forward
1761465831114, -2.24, -1.71, 3.00, Forward
1761465831158, -2.21, -1.53, 2.98, Forward
1761465831201, -2.11, -1.12, 2.89, Forward
1761465831339, -2.10, -0.75, 2.76, Forward
1761465831383, -2.07, -0.30, 2.65, Forward
1761465831468, -2.09, -0.03, 2.57, Forward
1761465831511, -2.01, 0.13, 2.51, Forward
1761465831554, -2.11, 0.37, 2.42, Forward
1761465831598, -2.24, 0.63, 2.33, Forward
1761465831740, -2.30, 0.86, 2.25, Forward
1761465831782, -2.39, 1.25, 2.14, Forward
1761465831868, -2.53, 1.88, 1.95, Forward
1761465831912, -2.82, 1.99, 1.85, Forward
1761465831954, -3.12, 2.33, 1.71, Forward
1761465831997, -3.35, 2.64, 1.63, Forward
1761465832140, -3.60, 2.99, 1.54, Forward
1761465832186, -3.89, 3.49, 1.41, Forward
1761465832268, -4.36, 4.04, 1.25, Forward
1761465832314, -4.80, 4.47, 1.11, Forward
1761465832359, -5.21, 4.87, 0.98, Forward
1761465832403, -5.58, 4.98, 0.94, Forward
1761465832540, -5.70, 4.52, 0.99, Forward
1761465832584, -5.82, 4.30, 1.05, Forward
1761465832668, -5.78, 3.59, 1.14, Forward
1761465832713, -5.77, 2.89, 1.22, Forward
1761465832757, -5.69, 2.37, 1.26, Forward
1761465832801, -5.65, 1.56, 1.35, Forward
1761465832941, -5.36, 0.66, 1.54, Forward
1761465832984, -5.10, -0.28, 1.74, Forward
1761465833068, -4.88, -1.21, 1.89, Forward
1761465833113, -4.62, -2.00, 1.99, Forward
1761465833157, -4.60, -2.45, 2.07, Forward
1761465833200, -4.49, -3.02, 2.07, Forward
1761465833340, -4.49, -3.28, 2.11, Forward
1761465833384, -4.47, -3.57, 2.12, Forward
1761465833468, -4.45, -3.90, 2.13, Forward
1761465833514, -4.38, -4.14, 2.16, Forward
1761465833560, -4.35, -4.17, 2.12, Forward
1761465833606, -4.23, -4.22, 2.09, Forward
1761465833740, -3.96, -4.23, 2.14, Forward
1761465833783, -3.77, -4.17, 2.18, Forward
1761465833867, -3.54, -4.15, 2.22, Forward
1761465833911, -3.40, -4.27, 2.31, Forward
1761465833955, -3.32, -4.27, 2.34, Forward
1761465833998, -3.15, -4.27, 2.43, Forward
1761465834140, -3.11, -4.12, 2.45, Forward
1761465834184, -3.03, -3.91, 2.46, Forward
1761465834269, -2.79, -3.93, 2.53, Forward
1761465834311, -2.62, -3.93, 2.58, Forward
1761465834356, -2.60, -4.07, 2.60, Forward
1761465834401, -2.59, -4.29, 2.60, Forward
1761465834541, -2.60, -4.33, 2.57, Forward
1761465834583, -2.47, -4.00, 2.54, Forward
1761465834629, -2.38, -3.83, 2.50, Forward
1761465834674, -2.44, -3.80, 2.44, Forward
1761465834717, -2.46, -3.73, 2.42, Forward
1761465834764, -2.54, -3.73, 2.37, Forward
1761465834809, -2.68, -3.62, 2.28, Forward
1761465834854, -2.91, -3.53, 2.20, Forward
1761465834899, -3.10, -3.43, 2.15, Forward
1761465834946, -3.23, -3.16, 2.09, Forward
1761465834990, -3.36, -3.02, 2.05, Forward
1761465835034, -3.53, -3.04, 2.04, Forward
1761465835081, -3.64, -2.93, 2.01, Forward
1761465835125, -3.71, -2.78, 1.96, Forward
1761465835170, -3.67, -2.87, 1.96, Forward
1761465835213, -3.63, -2.87, 1.95, Forward
1761465835259, -3.70, -2.82, 1.93, Forward
1761465835306, -3.68, -2.74, 1.90, Forward
1761465835350, -3.56, -2.66, 1.87, Forward
1761465835468, -3.26, -2.32, 1.79, Forward
1761465835513, -3.00, -1.88, 1.69, Forward
1761465835596, -2.74, -1.71, 1.67, Forward
1761465835641, -2.49, -1.43, 1.63, Forward
1761465835684, -2.28, -1.08, 1.59, Forward
1761465835728, -1.98, -0.93, 1.65, Forward
1761465835868, -1.70, -1.03, 1.74, Forward
1761465835911, -1.35, -1.09, 1.82, Forward
1761465835997, -1.04, -1.17, 1.93, Forward
1761465836039, -0.85, -1.38, 2.08, Forward
1761465836083, -0.88, -1.95, 2.29, Forward
1761465836131, -0.89, -2.59, 2.51, Forward
1761465836180, -0.89, -2.85, 2.64, Forward
1761465836231, -0.95, -3.28, 2.80, Forward
1761465836278, -0.91, -3.84, 2.97, Forward
1761465836322, -0.95, -4.15, 3.03, Forward
1761465836367, -1.02, -4.23, 3.06, Forward
1761465836410, -1.11, -4.39, 3.15, Forward
1761465836456, -1.13, -4.59, 3.21, Forward
1761465836498, -1.15, -4.60, 3.24, Forward
1761465836546, -1.20, -4.61, 3.24, Forward
1761465836668, -1.25, -4.43, 3.22, Forward
1761465836711, -1.21, -4.36, 3.22, Forward
1761465836795, -1.07, -4.60, 3.30, Forward
1761465836840, -1.07, -4.70, 3.33, Forward
1761465836884, -1.07, -4.82, 3.37, Forward
1761465836929, -1.07, -5.30, 3.54, Forward
1761465837069, -1.16, -5.66, 3.65, Forward
1761465837113, -1.18, -6.00, 3.78, Forward
1761465837196, -1.20, -6.32, 3.89, Forward
1761465837240, -1.21, -6.65, 4.04, Forward
1761465837284, -1.19, -7.20, 4.22, Forward
1761465837328, -1.26, -7.38, 4.25, Forward
1761465837468, -1.39, -6.61, 3.98, Forward
1761465837513, -1.59, -5.86, 3.73, Forward
1761465837595, -1.78, -4.95, 3.44, Forward
1761465837640, -1.88, -3.70, 3.06, Forward
1761465837682, -1.88, -2.52, 2.68, Forward
1761465837726, -1.88, -1.48, 2.39, Forward
1761465837868, -1.83, -0.92, 2.13, Forward
1761465837912, -1.84, -0.21, 1.82, Forward
1761465837996, -1.61, 0.03, 1.56, Forward
1761465838041, -1.50, 0.07, 1.42, Forward
1761465838085, -1.26, -0.48, 1.50, Forward
1761465838129, -0.77, -1.26, 1.43, Forward
1761465838270, 0.04, -2.26, 1.26, Forward
1761465838313, 0.61, -3.56, 1.09, Forward
1761465838396, 1.29, -4.82, 0.83, Forward
1761465838442, 1.87, -5.82, 0.45, Forward
1761465838486, 2.37, -6.51, 0.06, Forward
1761465838528, 2.96, -7.28, -0.22, Forward
1761465838668, 3.17, -7.54, -0.59, Forward
1761465838714, 3.57, -7.92, -0.90, Forward
1761465838797, 3.74, -8.16, -1.31, Forward
1761465838842, 3.78, -8.32, -1.50, Forward
1761465838890, 3.47, -8.40, -1.58, Forward
1761465838935, 3.38, -8.47, -1.63, Forward
1761465839069, 3.13, -8.70, -1.53, Forward
1761465839112, 2.93, -8.98, -1.40, Forward
1761465839196, 2.71, -9.13, -1.24, Forward
1761465839240, 2.48, -9.42, -1.13, Forward
1761465839286, 2.42, -9.68, -0.97, Forward
1761465839330, 2.27, -10.05, -0.81, Left
1761465839469, 2.16, -10.51, -0.58, Left
1761465839512, 2.10, -10.83, -0.37, Left
1761465839597, 2.15, -11.14, -0.08, Left
1761465839643, 2.10, -11.09, 0.14, Left
1761465839689, 2.09, -10.97, 0.29, Left
1761465839734, 2.01, -10.85, 0.52, Left
1761465839868, 1.97, -10.59, 0.70, Left
1761465839912, 1.90, -10.29, 0.86, Left
1761465839996, 1.74, -9.68, 0.94, Forward
1761465840045, 1.62, -8.90, 0.97, Forward
1761465840092, 1.57, -8.20, 1.05, Forward
1761465840137, 1.41, -7.64, 1.17, Forward
1761465840269, 1.14, -6.63, 1.04, Forward
1761465840313, 0.84, -5.64, 0.92, Forward
1761465840397, 0.42, -4.30, 0.72, Forward
1761465840443, 0.09, -3.01, 0.45, Forward
1761465840487, -0.27, -1.85, 0.16, Forward
1761465840530, -0.64, -0.81, -0.06, Forward
1761465840668, -0.94, -0.00, -0.24, Forward
1761465840712, -1.28, 0.71, -0.41, Forward
1761465840795, -1.45, 1.09, -0.53, Forward
1761465840841, -1.57, 1.62, -0.69, Forward
1761465840884, -1.67, 1.80, -0.72, Forward
1761465840929, -1.64, 1.40, -0.61, Forward
1761465841069, -1.56, 0.87, -0.43, Forward
1761465841112, -1.48, 0.41, -0.27, Forward
1761465841196, -1.45, -0.10, -0.06, Forward
1761465841243, -1.35, -0.36, 0.07, Forward
1761465841289, -1.27, -0.76, 0.20, Forward
1761465841334, -1.20, -0.88, 0.28, Forward
1761465841467, -1.22, -0.74, 0.28, Forward
1761465841510, -1.21, -0.54, 0.24, Forward
1761465841595, -1.18, -0.23, 0.10, Forward
1761465841642, -1.20, 0.61, -0.14, Forward
1761465841684, -1.16, 1.30, -0.38, Forward
1761465841729, -1.18, 1.77, -0.62, Forward
1761465841869, -1.06, 2.36, -0.93, Forward
1761465841912, -1.06, 2.76, -1.18, Forward
1761465841997, -1.09, 3.13, -1.37, Forward
1761465842042, -1.08, 3.21, -1.52, Forward
1761465842088, -1.10, 3.39, -1.66, Forward
1761465842132, -1.00, 3.36, -1.75, Forward
1761465842268, -0.95, 2.99, -1.68, Forward
1761465842312, -0.91, 2.61, -1.62, Forward
1761465842396, -0.93, 2.13, -1.51, Forward
1761465842443, -0.81, 1.79, -1.40, Forward
1761465842488, -0.84, 1.37, -1.27, Forward
1761465842531, -0.75, 1.08, -1.20, Forward
1761465842668, -0.65, 1.10, -1.22, Forward
1761465842712, -0.54, 1.34, -1.27, Forward
1761465842796, -0.45, 1.10, -1.20, Forward
1761465842844, -0.50, 0.96, -1.15, Forward
1761465842889, -0.54, 0.95, -1.12, Forward
1761465842933, -0.66, 1.03, -1.15, Forward
1761465843068, -0.64, 1.17, -1.17, Forward
1761465843112, -0.71, 1.33, -1.21, Forward
1761465843197, -0.77, 1.54, -1.26, Forward
1761465843242, -0.80, 1.65, -1.24, Forward
1761465843286, -0.84, 1.44, -1.17, Forward
1761465843329, -0.92, 0.98, -1.06, Forward
1761465843469, -0.93, 1.02, -1.07, Forward
1761465843512, -1.02, 1.02, -1.05, Forward
1761465843597, -1.04, 1.29, -1.14, Forward
1761465843642, -0.95, 1.39, -1.15, Forward
1761465843687, -0.96, 1.62, -1.23, Forward
1761465843731, -1.00, 1.65, -1.23, Forward
1761465843868, -0.88, 1.54, -1.18, Forward
1761465843912, -0.81, 1.52, -1.16, Forward
1761465843996, -0.80, 1.76, -1.21, Forward
1761465844043, -0.68, 2.05, -1.25, Forward
1761465844090, -0.62, 2.30, -1.30, Forward
1761465844136, -0.50, 2.62, -1.37, Forward
1761465844268, -0.39, 2.51, -1.31, Forward
1761465844312, -0.31, 2.45, -1.27, Forward
1761465844395, -0.25, 2.28, -1.18, Forward
1761465844443, -0.15, 2.20, -1.15, Forward
1761465844486, -0.14, 2.19, -1.14, Forward
1761465844530, -0.15, 2.30, -1.15, Forward
1761465844669, -0.08, 2.13, -1.08, Forward
1761465844712, -0.12, 1.87, -1.00, Forward
1761465844796, -0.14, 1.55, -0.93, Forward
1761465844843, -0.13, 1.35, -0.89, Forward
1761465844887, -0.17, 1.29, -0.87, Forward
1761465844931, -0.17, 1.31, -0.85, Forward
1761465845068, -0.16, 1.37, -0.83, Forward
1761465845112, -0.15, 1.49, -0.82, Forward
1761465845196, -0.20, 1.46, -0.82, Forward
1761465845247, -0.22, 1.20, -0.77, Forward
1761465845297, -0.24, 0.97, -0.75, Forward
1761465845344, -0.22, 0.90, -0.75, Forward
1761465845468, -0.19, 1.26, -0.83, Forward
1761465845512, -0.21, 1.43, -0.86, Forward
1761465845559, -0.21, 1.53, -0.90, Forward
1761465845605, -0.30, 1.42, -0.89, Forward
1761465845650, -0.37, 1.36, -0.90, Forward
1761465845725, -0.45, 1.30, -0.87, Forward
1761465845770, -0.51, 1.42, -0.86, Forward
1761465845813, -0.51, 1.71, -0.88, Forward
1761465845860, -0.52, 2.00, -0.87, Forward
1761465845902, -0.56, 2.07, -0.83, Forward
1761465845996, -0.66, 1.93, -0.73, Forward
1761465846043, -0.76, 1.86, -0.66, Forward
1761465846089, -0.91, 1.72, -0.57, Forward
1761465846135, -0.87, 1.65, -0.51, Forward
1761465846179, -0.84, 1.56, -0.46, Forward
1761465846252, -0.76, 1.43, -0.37, Forward
1761465846294, -0.62, 1.23, -0.24, Forward
1761465846343, -0.56, 1.01, -0.12, Forward
1761465846387, -0.50, 0.75, -0.01, Forward
1761465846430, -0.50, 0.78, 0.03, Forward
1761465846524, -0.51, 0.78, 0.08, Forward
1761465846568, -0.48, 0.80, 0.13, Forward
1761465846614, -0.42, 1.05, 0.14, Forward
1761465846659, -0.42, 1.04, 0.20, Forward
1761465846706, -0.43, 1.09, 0.23, Forward
1761465846797, -0.53, 1.15, 0.24, Forward
1761465846842, -0.71, 1.26, 0.20, Forward
1761465846888, -0.84, 1.32, 0.22, Forward
1761465846933, -0.92, 1.32, 0.23, Forward
1761465846977, -0.99, 1.29, 0.26, Forward
1761465847051, -0.94, 1.14, 0.32, Forward
1761465847095, -0.90, 0.98, 0.39, Forward
1761465847143, -0.89, 0.58, 0.51, Forward
1761465847187, -0.94, 0.54, 0.54, Forward
1761465847231, -0.87, 0.53, 0.60, Forward
1761465847325, -0.75, 0.49, 0.64, Forward
1761465847370, -0.58, 0.45, 0.71, Forward
1761465847413, -0.43, 0.42, 0.73, Forward
1761465847459, -0.43, 0.60, 0.72, Forward
1761465847505, -0.35, 0.66, 0.73, Forward
1761465847596, -0.34, 0.65, 0.75, Forward
1761465847641, -0.31, 0.76, 0.74, Forward
1761465847687, -0.27, 1.00, 0.70, Forward
1761465847731, -0.22, 0.95, 0.73, Forward
1761465847775, -0.23, 0.87, 0.73, Forward
1761465847852, -0.32, 0.90, 0.70, Forward
1761465847895, -0.41, 0.92, 0.68, Forward
1761465847946, -0.50, 0.94, 0.67, Forward
1761465847993, -0.49, 0.82, 0.68, Forward
1761465848039, -0.47, 0.62, 0.73, Forward
1761465848123, -0.38, 0.62, 0.73, Forward
1761465848170, -0.29, 0.57, 0.74, Forward
1761465848214, -0.21, 0.46, 0.76, Forward
1761465848260, -0.23, 0.62, 0.71, Forward
1761465848306, -0.31, 0.68, 0.74, Forward
1761465848396, -0.23, 0.60, 0.77, Forward
1761465848442, -0.14, 0.52, 0.80, Forward
1761465848487, -0.05, 0.46, 0.82, Forward
1761465848531, 0.03, 0.51, 0.82, Forward
1761465848575, 0.07, 0.66, 0.82, Forward
1761465848652, -0.01, 0.87, 0.83, Forward
1761465848696, -0.12, 0.88, 0.89, Forward
1761465848742, -0.20, 0.98, 0.90, Forward
1761465848786, -0.19, 1.09, 0.93, Forward
1761465848829, -0.16, 1.34, 0.91, Forward
1761465848924, -0.27, 1.76, 0.82, Forward
1761465848967, -0.40, 2.25, 0.71, Forward
1761465849010, -0.54, 2.73, 0.63, Forward
1761465849055, -0.64, 2.96, 0.61, Forward
1761465849103, -0.75, 3.07, 0.60, Forward
1761465849196, -0.68, 3.03, 0.58, Forward
1761465849244, -0.68, 3.15, 0.54, Forward
1761465849292, -0.69, 3.17, 0.54, Forward
1761465849340, -0.68, 2.83, 0.62, Forward
1761465849384, -0.65, 2.56, 0.67, Forward
1761465849452, -0.70, 2.11, 0.79, Forward
1761465849495, -0.69, 1.63, 0.91, Forward
1761465849544, -0.67, 1.16, 1.02, Forward
1761465849593, -0.69, 0.82, 1.08, Forward
1761465849638, -0.63, 0.52, 1.16, Forward
1761465849724, -0.74, 0.13, 1.21, Forward
1761465849768, -0.79, -0.31, 1.28, Forward
1761465849812, -0.82, -0.67, 1.32, Forward
1761465849856, -0.91, -0.29, 1.22, Forward
1761465849900, -0.97, -0.04, 1.14, Forward
1761465849996, -0.85, 0.20, 1.10, Forward
1761465850041, -0.76, 0.39, 1.07, Forward
1761465850085, -0.65, 0.50, 1.06, Forward
1761465850128, -0.60, 0.44, 1.07, Forward
1761465850177, -0.57, 0.74, 1.02, Forward
1761465850253, -0.53, 0.99, 1.01, Forward
1761465850297, -0.48, 1.27, 0.99, Forward
1761465850341, -0.42, 1.51, 1.00, Forward
1761465850385, -0.34, 1.40, 1.03, Forward
1761465850429, -0.29, 1.08, 1.13, Forward
1761465850525, -0.29, 0.88, 1.17, Forward
1761465850571, -0.35, 0.77, 1.17, Forward
1761465850615, -0.44, 0.64, 1.19, Forward
1761465850660, -0.33, 0.86, 1.17, Forward
1761465850706, -0.27, 0.79, 1.17, Forward
1761465850796, -0.09, 0.72, 1.22, Forward
1761465850842, 0.09, 0.61, 1.24, Forward
1761465850888, 0.15, 0.51, 1.22, Forward
1761465850934, 0.25, 0.56, 1.17, Forward
1761465850978, 0.24, 0.73, 1.10, Forward
1761465851052, 0.31, 0.70, 1.04, Forward
1761465851095, 0.44, 0.60, 1.04, Forward
1761465851141, 0.54, 0.57, 1.00, Forward
1761465851185, 0.51, 0.39, 0.95, Forward
1761465851228, 0.73, 0.11, 0.86, Forward
1761465851325, 1.20, 0.03, 0.69, Forward
1761465851369, 1.49, -0.19, 0.56, Forward
1761465851412, 1.95, -0.36, 0.46, Forward
1761465851459, 2.65, -0.88, 0.45, Forward
1761465851504, 3.39, -1.41, 0.42, Forward
1761465851596, 4.11, -1.82, 0.40, Forward
1761465851641, 4.82, -2.25, 0.37, Forward
1761465851685, 5.57, -2.66, 0.35, Forward
1761465851728, 6.25, -3.16, 0.35, Forward
1761465851776, 6.69, -3.46, 0.35, Forward
1761465851853, 6.75, -3.91, 0.38, Forward
1761465851897, 7.06, -4.16, 0.42, Forward
1761465851942, 7.36, -4.48, 0.49, Forward
1761465851988, 7.35, -4.59, 0.47, Forward
1761465852032, 7.21, -4.71, 0.50, Forward
1761465852124, 6.94, -4.79, 0.53, Forward
1761465852170, 6.73, -4.85, 0.59, Forward
1761465852216, 6.51, -4.82, 0.64, Forward
1761465852263, 6.24, -5.22, 0.85, Forward
1761465852309, 5.88, -5.66, 1.08, Forward
1761465852396, 5.54, -6.19, 1.33, Forward
1761465852439, 5.19, -6.74, 1.61, Forward
1761465852483, 4.78, -7.21, 1.85, Forward
1761465852527, 4.37, -7.82, 2.13, Forward
1761465852575, 4.11, -8.37, 2.37, Forward
1761465852652, 3.96, -8.75, 2.60, Forward
1761465852697, 3.72, -9.15, 2.79, Forward
1761465852740, 3.51, -9.63, 3.01, Forward
1761465852785, 3.42, -9.69, 3.07, Forward
1761465852831, 3.34, -9.59, 3.15, Forward
1761465852924, 3.30, -9.31, 3.26, Forward
1761465852968, 3.13, -9.05, 3.29, Forward
1761465853010, 2.96, -8.80, 3.32, Forward
1761465853057, 2.88, -8.51, 3.41, Forward
1761465853105, 2.81, -8.02, 3.47, Forward
1761465853196, 2.78, -7.62, 3.59, Forward
1761465853242, 2.74, -7.23, 3.69, Forward
1761465853288, 2.67, -6.85, 3.78, Forward
1761465853331, 2.69, -6.44, 3.86, Forward
1761465853375, 2.72, -6.26, 3.98, Forward
1761465853453, 2.80, -6.14, 4.03, Forward
1761465853499, 2.93, -5.90, 4.10, Forward
1761465853543, 3.10, -5.70, 4.20, Forward
1761465853592, 3.30, -5.43, 4.21, Forward
1761465853636, 3.64, -5.07, 4.22, Forward
1761465853724, 3.85, -4.74, 4.04, Forward
1761465853767, 4.12, -4.38, 3.90, Forward
1761465853810, 4.36, -4.15, 3.77, Forward
1761465853858, 4.59, -3.20, 3.41, Forward
1761465853903, 4.72, -2.55, 3.11, Forward
1761465853997, 4.70, -1.52, 2.75, Forward
1761465854041, 4.60, -0.62, 2.39, Forward
1761465854085, 4.44, 0.20, 2.02, Forward
1761465854130, 4.32, 1.02, 1.70, Forward
1761465854174, 4.04, 1.50, 1.41, Forward
1761465854252, 3.85, 2.16, 1.22, Forward
1761465854297, 3.65, 2.68, 1.04, Forward
1761465854341, 3.50, 3.42, 0.84, Forward
1761465854385, 3.30, 3.49, 0.86, Forward
1761465854428, 3.22, 3.73, 0.82, Forward
1761465854525, 3.30, 3.17, 0.82, Forward
1761465854570, 3.39, 2.59, 0.84, Forward
1761465854614, 3.54, 2.16, 0.85, Forward
1761465854659, 3.71, 1.67, 0.75, Forward
1761465854708, 3.87, 1.05, 0.64, Forward
1761465854796, 3.94, 0.20, 0.51, Forward
1761465854840, 4.07, -0.32, 0.31, Forward
1761465854886, 4.18, -0.97, 0.13, Forward
1761465854929, 4.27, -1.42, -0.07, Forward
1761465854973, 4.40, -1.54, -0.35, Forward
1761465855053, 4.54, -1.26, -0.53, Forward
1761465855095, 4.75, -0.93, -0.70, Forward
1761465855140, 4.91, -0.64, -0.89, Forward
1761465855185, 4.91, -0.38, -0.97, Forward
1761465855228, 4.94, 0.08, -1.08, Forward
1761465855324, 5.06, 0.62, -1.11, Forward
1761465855369, 5.07, 0.97, -1.07, Forward
1761465855412, 5.06, 1.41, -1.06, Forward
1761465855458, 5.25, 4.99, -1.27, Forward
1761465855502, 5.29, 8.06, -1.38, Forward
1761465855596, 2.87, 5.66, -19.44, Forward
1761465855642, 0.51, 3.11, -37.50, Forward
1761465855692, -1.86, 0.66, -55.53, Forward
1761465855735, -4.19, -1.91, -73.51, Forward
1761465855781, -6.55, -4.55, -91.52, Forward
1761465855853, -11.26, -4.19, -107.22, Down
1761465855898, -13.66, -6.80, -125.27, Down
1761465855940, -16.05, -9.46, -143.32, Down
1761465855984, -18.61, -15.47, -161.12, Left
1761465856029, -21.96, -17.78, -178.30, Left
1761465856125, -22.09, -18.04, -178.28, Left
1761465856172, -25.78, -16.52, -177.99, Left
1761465856219, -29.45, -15.07, -177.73, Left
1761465856264, -29.17, -9.18, -177.05, Down
1761465856308, -28.90, -3.23, -176.32, Down
1761465856397, -24.27, -1.75, -177.82, Down
1761465856440, -14.22, 5.23, -163.14, Down
1761465856484, -11.35, 9.09, -143.12, Down
1761465856529, -8.47, 12.93, -124.64, Right
1761465856576, -4.71, 13.41, -106.44, Right
1761465856652, -2.21, 18.89, -88.57, Right
1761465856697, 3.69, 22.46, -70.85, Right
1761465856740, 9.59, 26.19, -53.16, Right
1761465856784, 11.57, 25.14, -35.81, Right
1761465856828, 13.59, 24.20, -18.50, Right
1761465856924, 13.54, 23.73, -1.08, Right
1761465856967, 5.85, 20.77, 2.49, Right
1761465857012, 5.36, 20.95, 0.69, Right
1761465857057, 4.72, 21.03, 0.47, Right
1761465857102, 4.11, 21.38, -0.21, Right
1761465857181, 3.74, 19.47, 0.19, Right
1761465857224, 3.50, 17.65, 0.53, Right
1761465857270, 3.29, 15.67, 0.87, Right
1761465857314, 3.15, 14.36, 1.07, Right
1761465857357, 2.76, 12.49, 1.33, Right
1761465857453, 2.51, 11.73, 1.32, Right
1761465857499, 2.28, 10.94, 1.31, Right
1761465857543, 1.94, 10.14, 1.31, Right
1761465857587, 1.67, 9.04, 1.39, Forward
1761465857631, 1.48, 7.68, 1.56, Forward
1761465857724, 1.31, 6.58, 1.68, Forward
1761465857770, 1.16, 5.56, 1.78, Forward
1761465857813, 1.05, 4.55, 1.90, Forward
1761465857857, 0.83, 3.28, 2.01, Forward
1761465857902, 0.80, 2.40, 2.14, Forward
1761465857980, 0.65, 1.47, 2.30, Forward
1761465858022, 0.51, 0.50, 2.50, Forward
1761465858066, 0.46, -0.49, 2.71, Forward
1761465858110, 0.50, -1.06, 2.81, Forward
1761465858155, 0.34, -1.67, 2.91, Forward
1761465858253, 0.37, -2.00, 3.01, Forward
1761465858296, 0.36, -2.18, 3.07, Forward
1761465858340, 0.29, -2.29, 3.13, Forward
1761465858385, 0.30, -2.55, 3.21, Forward
1761465858431, 0.35, -2.64, 3.24, Forward
1761465858525, 0.43, -2.77, 3.27, Forward
1761465858572, 0.42, -2.91, 3.30, Forward
1761465858616, 0.43, -3.13, 3.33, Forward
1761465858661, 0.42, -2.95, 3.34, Forward
1761465858704, 0.52, -2.86, 3.33, Forward
1761465858780, 0.55, -2.80, 3.32, Forward
1761465858824, 0.62, -2.62, 3.32, Forward
1761465858870, 0.69, -2.58, 3.27, Forward
1761465858914, 0.70, -2.33, 3.25, Forward
1761465858957, 0.71, -2.37, 3.31, Forward
1761465859053, 0.79, -2.39, 3.37, Forward
1761465859096, 0.74, -2.34, 3.40, Forward
1761465859139, 0.69, -2.20, 3.41, Forward
1761465859186, 0.65, -2.51, 3.44, Forward
1761465859230, 0.66, -2.73, 3.49, Forward
1761465859324, 0.78, -2.46, 3.43, Forward
1761465859369, 0.78, -2.41, 3.39, Forward
1761465859414, 0.85, -2.31, 3.38, Forward
1761465859458, 0.85, -1.98, 3.26, Forward
1761465859505, 0.67, -1.40, 3.05, Forward
1761465859580, 0.45, -0.76, 2.82, Forward
1761465859623, 0.32, -0.27, 2.62, Forward
1761465859667, 0.20, 0.31, 2.41, Forward
1761465859717, 0.04, 0.84, 2.23, Forward
1761465859760, -0.17, 1.27, 2.04, Forward
1761465859853, -0.40, 1.35, 1.92, Forward
1761465859899, -0.63, 1.53, 1.77, Forward
1761465859955, -0.93, 1.73, 1.61, Forward
1761465860002, -1.04, 1.68, 1.59, Forward
1761465860052, -1.03, 1.56, 1.55, Forward
1761465860132, -0.94, 1.40, 1.56, Forward
1761465860185, -0.86, 1.46, 1.54, Forward
1761465860229, -0.81, 1.39, 1.53, Forward
1761465860273, -0.70, 1.44, 1.50, Forward
1761465860317, -0.69, 1.51, 1.44, Forward
1761465860380, -0.62, 1.58, 1.47, Forward
1761465860423, -0.54, 1.57, 1.51, Forward
1761465860467, -0.40, 1.58, 1.56, Forward
1761465860510, -0.36, 1.61, 1.58, Forward
1761465860556, -0.32, 1.67, 1.64, Forward
1761465860652, -0.43, 1.69, 1.60, Forward
1761465860694, -0.51, 1.60, 1.60, Forward
1761465860739, -0.58, 1.51, 1.59, Forward
1761465860783, -0.69, 1.43, 1.55, Forward
1761465860827, -0.71, 1.46, 1.53, Forward
1761465860924, -0.70, 1.68, 1.44, Forward
1761465860969, -0.63, 1.93, 1.37, Forward
1761465861013, -0.61, 2.15, 1.28, Forward
1761465861057, -0.74, 2.20, 1.17, Forward
1761465861105, -0.88, 2.30, 1.04, Forward
1761465861181, -0.87, 2.53, 0.97, Forward
1761465861225, -0.87, 2.60, 0.91, Forward
1761465861274, -0.86, 2.75, 0.82, Forward
1761465861317, -0.86, 2.89, 0.77, Forward
1761465861360, -0.71, 3.09, 0.72, Forward
1761465861452, -0.76, 3.14, 0.69, Forward
1761465861497, -0.82, 3.19, 0.65, Forward
1761465861541, -0.87, 3.25, 0.62, Forward
1761465861586, -0.77, 3.26, 0.64, Forward
1761465861629, -0.72, 3.24, 0.64, Forward
1761465861724, -0.72, 3.13, 0.67, Forward
1761465861770, -0.70, 3.25, 0.64, Forward
1761465861813, -0.68, 3.21, 0.68, Forward
1761465861856, -0.65, 3.16, 0.71, Forward
1761465861902, -0.72, 3.06, 0.74, Forward
1761465861980, -0.84, 3.01, 0.73, Forward
1761465862024, -0.93, 2.95, 0.70, Forward
1761465862071, -1.03, 2.77, 0.69, Forward
1761465862117, -1.15, 2.80, 0.66, Forward
1761465862160, -1.10, 2.88, 0.66, Forward
1761465862252, -1.13, 3.19, 0.56, Forward
1761465862295, -1.17, 3.45, 0.47, Forward
1761465862340, -1.22, 3.78, 0.36, Forward
1761465862385, -1.21, 3.86, 0.28, Forward
1761465862430, -1.33, 3.97, 0.22, Forward
1761465862525, -1.25, 4.02, 0.21, Forward
1761465862572, -1.19, 4.04, 0.23, Forward
1761465862619, -1.13, 4.22, 0.21, Forward
1761465862664, -1.07, 4.22, 0.21, Forward
1761465862707, -1.07, 4.19, 0.20, Forward
1761465862781, -1.09, 3.74, 0.33, Forward
1761465862825, -1.07, 3.37, 0.43, Forward
1761465862872, -1.05, 2.97, 0.54, Forward
1761465862917, -1.10, 2.85, 0.61, Forward
1761465862961, -1.06, 2.69, 0.67, Forward
1761465863052, -1.06, 2.57, 0.70, Forward
1761465863098, -1.05, 2.37, 0.74, Forward
1761465863141, -1.04, 2.15, 0.79, Forward
1761465863188, -1.03, 2.26, 0.84, Forward
1761465863231, -0.99, 2.30, 0.84, Forward
1761465863323, -0.99, 2.29, 0.86, Forward
1761465863371, -0.93, 2.20, 0.93, Forward
1761465863416, -0.89, 2.15, 0.97, Forward
1761465863458, -0.92, 2.08, 1.02, Forward
1761465863506, -0.92, 2.00, 1.06, Forward
1761465863580, -0.95, 1.96, 1.08, Forward
1761465863622, -0.99, 1.95, 1.10, Forward
1761465863671, -1.03, 1.96, 1.09, Forward
1761465863717, -1.05, 1.80, 1.09, Forward
1761465863764, -1.10, 1.69, 1.13, Forward
1761465863853, -1.37, 1.96, 1.11, Forward
1761465863898, -1.72, 2.22, 1.08, Forward
1761465863940, -2.07, 2.50, 1.04, Forward
1761465863989, -2.35, 2.77, 1.02, Forward
1761465864034, -2.54, 3.04, 1.01, Forward
1761465864124, -2.79, 3.31, 0.95, Forward
1761465864169, -3.02, 3.66, 0.89, Forward
1761465864213, -3.24, 3.97, 0.88, Forward
1761465864257, -3.43, 4.05, 0.88, Forward
1761465864304, -3.63, 4.04, 0.89, Forward
1761465864380, -3.53, 3.77, 0.99, Forward
1761465864425, -3.47, 3.44, 1.05, Forward
1761465864470, -3.39, 3.14, 1.12, Forward
1761465864514, -3.32, 2.81, 1.18, Forward
1761465864558, -3.23, 2.37, 1.29, Forward
1761465864653, -3.12, 1.88, 1.46, Forward
1761465864700, -3.02, 1.40, 1.61, Forward
1761465864744, -2.93, 0.88, 1.75, Forward
1761465864788, -2.83, 0.69, 1.87, Forward
1761465864833, -2.70, 0.50, 1.98, Forward
1761465864923, -2.57, 0.49, 2.02, Forward
1761465864970, -2.42, 0.51, 2.05, Forward
1761465865017, -2.30, 0.56, 2.08, Forward
1761465865064, -2.07, 0.25, 2.31, Forward
1761465865108, -1.92, -0.05, 2.50, Forward
1761465865180, -1.72, -0.67, 2.72, Forward
1761465865223, -1.55, -1.37, 2.94, Forward
1761465865271, -1.39, -2.09, 3.18, Forward
1761465865318, -1.27, -2.80, 3.40, Forward
1761465865366, -1.26, -3.43, 3.54, Forward
1761465865451, -1.31, -3.87, 3.68, Forward
1761465865496, -1.44, -4.47, 3.86, Forward
1761465865539, -1.49, -5.14, 4.05, Forward
1761465865587, -1.73, -5.17, 3.96, Forward
1761465865630, -1.86, -5.07, 3.89, Forward
1761465865725, -2.05, -4.59, 3.75, Forward
1761465865773, -2.29, -4.12, 3.63, Forward
1761465865822, -2.48, -3.57, 3.47, Forward
1761465865865, -2.70, -3.00, 3.24, Forward
1761465865908, -2.81, -2.35, 3.10, Forward
1761465865980, -2.88, -1.94, 2.95, Forward
1761465866024, -2.71, -1.49, 2.84, Forward
1761465866071, -2.60, -0.92, 2.72, Forward
1761465866115, -2.41, -0.58, 2.68, Forward
1761465866158, -2.35, -0.65, 2.68, Forward
1761465866252, -2.21, -0.81, 2.75, Forward
1761465866297, -2.07, -1.03, 2.81, Forward
1761465866340, -1.95, -1.19, 2.86, Forward
1761465866388, -1.78, -1.44, 3.04, Forward
1761465866436, -1.74, -1.93, 3.20, Forward
1761465866524, -1.67, -2.30, 3.38, Forward
1761465866570, -1.76, -2.61, 3.51, Forward
1761465866615, -1.86, -2.84, 3.57, Forward
1761465866658, -1.98, -3.24, 3.67, Forward
1761465866704, -2.07, -3.29, 3.68, Forward
1761465866780, -2.23, -3.36, 3.67, Forward
1761465866826, -2.42, -3.29, 3.63, Forward
1761465866871, -2.56, -3.26, 3.61, Forward
1761465866916, -2.76, -3.27, 3.55, Forward
1761465866960, -2.79, -3.24, 3.55, Forward
1761465867053, -2.88, -3.41, 3.53, Forward
1761465867095, -2.99, -3.44, 3.49, Forward
1761465867138, -3.00, -3.72, 3.57, Forward
1761465867183, -2.94, -3.67, 3.60, Forward
1761465867225, -2.95, -3.63, 3.62, Forward
1761465867324, -2.86, -3.47, 3.62, Forward
1761465867369, -2.67, -3.46, 3.67, Forward
1761465867413, -2.58, -3.42, 3.69, Forward
1761465867456, -2.29, -3.28, 3.73, Forward
1761465867504, -2.08, -3.06, 3.72, Forward
1761465867580, -1.77, -2.64, 3.68, Forward
1761465867623, -1.36, -2.22, 3.68, Forward
1761465867670, -1.05, -1.84, 3.67, Forward
1761465867717, -0.69, -1.70, 3.67, Forward
1761465867764, -0.35, -1.56, 3.69, Forward
1761465867852, -0.04, -1.53, 3.66, Forward
1761465867899, 0.26, -1.35, 3.60, Forward
1761465867943, 0.62, -1.22, 3.56, Forward
1761465867988, 0.92, -1.20, 3.47, Forward
1761465868034, 1.16, -1.18, 3.40, Forward
1761465868108, 1.41, -1.30, 3.28, Forward
1761465868153, 1.51, -1.51, 3.16, Forward
1761465868198, 1.64, -1.63, 3.00, Forward
1761465868241, 1.67, -1.65, 2.81, Forward
1761465868287, 1.76, -1.70, 2.58, Forward
1761465868380, 1.83, -1.84, 2.42, Forward
1761465868423, 1.90, -1.98, 2.28, Forward
1761465868471, 1.97, -2.12, 2.13, Forward
1761465868515, 1.95, -1.89, 2.04, Forward
1761465868558, 1.98, -1.73, 1.96, Forward
1761465868653, 1.84, -1.79, 2.09, Forward
1761465868698, 1.86, -1.79, 2.20, Forward
1761465868741, 1.95, -1.84, 2.36, Forward
1761465868785, 1.91, -1.99, 2.53, Forward
1761465868829, 1.88, -2.05, 2.77, Forward
1761465868908, 1.76, -2.09, 2.98, Forward
1761465868953, 1.69, -2.13, 3.22, Forward
1761465869001, 1.61, -2.19, 3.47, Forward
1761465869049, 1.52, -2.61, 3.70, Forward
1761465869092, 1.50, -2.76, 3.94, Forward
1761465869181, 1.59, -2.53, 4.08, Forward
1761465869224, 1.61, -2.40, 4.24, Forward
1761465869271, 1.55, -2.23, 4.37, Forward
1761465869314, 1.62, -2.08, 4.51, Forward
1761465869358, 1.66, -2.25, 4.71, Forward
1761465869452, 1.76, -2.40, 4.92, Forward
1761465869497, 1.75, -2.35, 5.07, Forward
1761465869541, 1.73, -2.30, 5.23, Forward
1761465869584, 1.78, -2.27, 5.39, Forward
1761465869629, 1.85, -2.39, 5.54, Forward
1761465869708, 1.79, -2.86, 5.69, Forward
1761465869752, 1.72, -3.31, 5.83, Forward
1761465869796, 1.66, -3.73, 5.98, Forward
1761465869840, 1.59, -4.08, 6.11, Forward
1761465869886, 1.59, -3.97, 6.17, Forward
1761465869981, 1.67, -3.64, 6.17, Forward
1761465870024, 1.78, -3.74, 6.25, Forward
1761465870071, 1.87, -3.79, 6.30, Forward
1761465870116, 1.86, -3.85, 6.35, Forward
1761465870161, 1.70, -4.06, 6.37, Forward
1761465870253, 1.74, -3.87, 6.32, Forward
1761465870298, 1.82, -3.75, 6.31, Forward
1761465870342, 1.88, -3.56, 6.25, Forward
1761465870387, 1.94, -3.41, 6.21, Forward
1761465870433, 2.02, -3.48, 6.22, Forward
1761465870507, 1.96, -3.62, 6.22, Forward
1761465870552, 1.85, -3.68, 6.20, Forward
1761465870598, 1.85, -3.62, 6.19, Forward
1761465870642, 1.80, -3.61, 6.16, Forward
1761465870687, 1.82, -3.47, 6.12, Forward
1761465870780, 1.88, -3.41, 6.12, Forward
1761465870823, 1.86, -3.39, 6.08, Forward
1761465870871, 1.87, -3.47, 6.08, Forward
1761465870914, 1.86, -3.47, 6.09, Forward
1761465870959, 1.79, -3.41, 6.09, Forward
1761465871052, 1.84, -3.10, 6.01, Forward
1761465871097, 2.01, -2.60, 5.92, Forward
1761465871143, 2.10, -2.25, 5.85, Forward
1761465871187, 2.24, -1.71, 5.80, Forward
1761465871232, 2.37, -1.34, 5.77, Forward
1761465871312, 2.33, -1.38, 5.76, Forward
1761465871360, 2.28, -1.27, 5.76, Forward
1761465871413, 2.29, -1.08, 5.76, Forward
1761465871457, 2.26, -0.97, 5.68, Forward
1761465871507, 2.19, -0.87, 5.59, Forward
1761465871580, 2.08, -1.13, 5.62, Forward
1761465871625, 1.93, -1.38, 5.62, Forward
1761465871672, 1.78, -1.67, 5.63, Forward
1761465871723, 1.65, -2.13, 5.64, Forward
1761465871774, 1.51, -2.42, 5.57, Forward
1761465871853, 1.47, -2.58, 5.49, Forward
1761465871899, 1.58, -2.56, 5.41, Forward
1761465871944, 1.53, -2.73, 5.32, Forward
1761465871987, 1.66, -3.30, 5.29, Forward
1761465872033, 1.75, -3.78, 5.26, Forward
1761465872109, 1.84, -3.92, 5.03, Forward
1761465872153, 1.93, -4.07, 4.81, Forward
1761465872200, 2.07, -4.13, 4.57, Forward
1761465872244, 2.20, -4.17, 4.37, Forward
1761465872286, 2.30, -3.39, 3.95, Forward
1761465872380, 1.96, -2.64, 3.53, Forward
1761465872425, 1.55, -2.04, 3.10, Forward
1761465872470, 1.22, -1.30, 2.69, Forward
1761465872514, 0.73, 0.01, 2.27, Forward
1761465872556, 0.36, 1.08, 1.91, Forward
1761465872653, -0.15, 2.20, 1.63, Forward
1761465872696, -0.62, 3.11, 1.39, Forward
1761465872739, -1.15, 3.95, 1.15, Forward
1761465872784, -1.75, 4.76, 0.89, Forward
1761465872827, -2.31, 4.71, 0.89, Forward
1761465872908, -2.38, 4.75, 0.89, Forward
1761465872952, -2.46, 4.57, 0.91, Forward
1761465872996, -2.54, 4.44, 0.94, Forward
1761465873040, -2.55, 4.16, 0.92, Forward
1761465873087, -2.62, 3.95, 0.92, Forward
1761465873182, -2.53, 3.49, 0.96, Forward
1761465873226, -2.49, 3.18, 0.96, Forward
1761465873269, -2.44, 2.86, 0.97, Forward
1761465873315, -2.37, 2.62, 0.93, Forward
1761465873361, -2.28, 2.34, 0.89, Forward
1761465873452, -2.39, 2.42, 0.79, Forward
1761465873495, -2.46, 2.49, 0.76, Forward
1761465873538, -2.46, 2.48, 0.72, Forward
1761465873584, -2.43, 2.38, 0.77, Forward
1761465873628, -2.47, 2.32, 0.75, Forward
1761465873707, -2.57, 2.08, 0.81, Forward
1761465873753, -2.65, 2.01, 0.82, Forward
1761465873797, -2.75, 1.82, 0.86, Forward
1761465873841, -2.78, 1.62, 0.95, Forward
1761465873886, -2.79, 1.50, 1.03, Forward
1761465873979, -2.66, 1.05, 1.15, Forward
1761465874023, -2.64, 0.82, 1.20, Forward
1761465874068, -2.67, 0.62, 1.25, Forward
1761465874114, -2.74, 0.68, 1.19, Forward
1761465874156, -2.74, 0.74, 1.15, Forward
1761465874252, -2.66, 0.76, 1.15, Forward
1761465874300, -2.59, 0.62, 1.21, Forward
1761465874348, -2.51, 0.60, 1.24, Forward
1761465874392, -2.39, 0.69, 1.22, Forward
1761465874436, -2.32, 0.75, 1.20, Forward
1761465874508, -2.27, 0.84, 1.20, Forward
1761465874552, -2.20, 0.89, 1.20, Forward
1761465874597, -2.12, 0.89, 1.22, Forward
1761465874642, -2.05, 0.81, 1.26, Forward
1761465874687, -2.00, 0.59, 1.33, Forward
1761465874780, -2.06, 0.81, 1.25, Forward
1761465874823, -2.07, 0.95, 1.19, Forward
1761465874869, -2.07, 1.09, 1.13, Forward
1761465874915, -2.10, 1.50, 1.04, Forward
1761465874959, -2.05, 1.75, 0.99, Forward
1761465875053, -2.01, 1.62, 1.01, Forward
1761465875098, -1.95, 1.62, 1.01, Forward
1761465875141, -1.83, 1.74, 0.98, Forward
1761465875185, -1.82, 1.59, 1.02, Forward
1761465875230, -1.75, 1.51, 1.02, Forward
1761465875308, -1.60, 1.36, 1.10, Forward
1761465875351, -1.52, 1.31, 1.17, Forward
1761465875396, -1.43, 1.34, 1.21, Forward
1761465875440, -1.36, 0.91, 1.36, Forward
1761465875485, -1.39, 0.71, 1.43, Forward
1761465875582, -1.39, 0.83, 1.42, Forward
1761465875630, -1.40, 0.80, 1.45, Forward
1761465875674, -1.47, 0.67, 1.51, Forward
1761465875719, -1.40, 0.77, 1.51, Forward
1761465875764, -1.36, 0.94, 1.50, Forward
1761465875852, -1.38, 0.89, 1.52, Forward
1761465875896, -1.44, 0.86, 1.49, Forward
1761465875941, -1.49, 0.85, 1.47, Forward
1761465875986, -1.56, 0.95, 1.44, Forward
1761465876032, -1.53, 0.90, 1.46, Forward
1761465876108, -1.63, 0.49, 1.53, Forward
1761465876152, -1.78, 0.10, 1.57, Forward
1761465876197, -1.94, -0.28, 1.61, Forward
1761465876240, -2.15, -0.70, 1.68, Forward
1761465876286, -2.40, -0.98, 1.65, Forward
1761465876380, -2.39, -0.65, 1.55, Forward
1761465876423, -2.47, -0.45, 1.49, Forward
1761465876469, -2.56, -0.36, 1.43, Forward
1761465876513, -2.55, -0.57, 1.47, Forward
1761465876556, -2.63, -0.52, 1.44, Forward
1761465876651, -2.58, -0.15, 1.42, Forward
1761465876697, -2.49, 0.21, 1.42, Forward
1761465876740, -2.40, 0.56, 1.42, Forward
1761465876786, -2.29, 0.98, 1.38, Forward
1761465876836, -2.15, 1.42, 1.40, Forward
1761465876907, -2.20, 1.00, 1.54, Forward
1761465876955, -2.11, 0.82, 1.68, Forward
1761465877004, -2.02, 0.63, 1.83, Forward
1761465877050, -2.01, 0.75, 1.84, Forward
1761465877096, -2.04, 0.73, 1.91, Forward
1761465877180, -2.11, 0.87, 1.91, Forward
1761465877223, -2.17, 0.92, 1.90, Forward
1761465877269, -2.24, 0.96, 1.90, Forward
1761465877315, -2.32, 0.98, 1.92, Forward
1761465877361, -2.38, 0.84, 1.96, Forward
1761465877452, -2.45, 0.86, 1.96, Forward
1761465877497, -2.45, 0.79, 1.97, Forward
1761465877540, -2.52, 0.72, 1.97, Forward
1761465877584, -2.61, 0.80, 1.94, Forward
1761465877627, -2.65, 0.79, 1.92, Forward
1761465877708, -2.70, 0.58, 1.93, Forward
1761465877752, -2.66, 0.51, 1.93, Forward
1761465877796, -2.61, 0.41, 1.96, Forward
1761465877842, -2.55, 0.35, 1.96, Forward
1761465877886, -2.52, 0.25, 2.02, Forward
1761465877980, -2.55, 0.19, 2.00, Forward
1761465878025, -2.55, 0.15, 2.00, Forward
1761465878068, -2.52, 0.10, 2.00, Forward
1761465878112, -2.47, -0.09, 2.02, Forward
1761465878155, -2.45, -0.14, 2.01, Forward
1761465878255, -2.40, 0.05, 1.97, Forward
1761465878305, -2.45, 0.27, 1.91, Forward
1761465878355, -2.53, 0.45, 1.84, Forward
1761465878400, -2.46, 0.54, 1.82, Forward
1761465878445, -2.44, 0.80, 1.72, Forward
1761465878509, -2.43, 0.88, 1.70, Forward
1761465878554, -2.52, 0.92, 1.66, Forward
1761465878601, -2.58, 0.99, 1.63, Forward
1761465878648, -2.62, 1.04, 1.65, Forward
1761465878691, -2.61, 1.04, 1.69, Forward
1761465878780, -2.68, 0.81, 1.75, Forward
1761465878825, -2.73, 0.52, 1.83, Forward
1761465878868, -2.72, 0.40, 1.90, Forward
1761465878913, -2.85, 0.20, 1.98, Forward
1761465878956, -2.91, -0.12, 2.09, Forward
1761465879036, -2.92, -0.19, 2.16, Forward
1761465879081, -2.94, -0.26, 2.23, Forward
1761465879125, -2.95, -0.33, 2.30, Forward
1761465879168, -2.96, -0.42, 2.34, Forward
1761465879215, -2.92, -0.49, 2.37, Forward
1761465879308, -2.82, -0.51, 2.46, Forward
1761465879351, -2.71, -0.52, 2.55, Forward
1761465879395, -2.65, -0.63, 2.63, Forward
1761465879438, -2.57, -0.49, 2.61, Forward
1761465879484, -2.47, -0.38, 2.58, Forward
1761465879580, -2.43, -0.15, 2.52, Forward
1761465879624, -2.35, 0.11, 2.47, Forward
1761465879670, -2.31, 0.34, 2.41, Forward
1761465879716, -2.26, 0.49, 2.38, Forward
1761465879761, -2.25, 0.51, 2.40, Forward
1761465879837, -2.24, 0.60, 2.33, Forward
1761465879884, -2.25, 0.77, 2.25, Forward
1761465879929, -2.26, 0.93, 2.17, Forward
1761465879972, -2.30, 1.01, 2.14, Forward
1761465880017, -2.31, 1.30, 2.10, Forward
1761465880108, -2.28, 1.42, 2.11, Forward
1761465880151, -2.28, 1.59, 2.06, Forward
1761465880195, -2.24, 1.79, 2.03, Forward
1761465880240, -2.23, 1.78, 2.00, Forward
1761465880283, -2.21, 1.90, 1.95, Forward
1761465880380, -2.19, 2.00, 1.98, Forward
1761465880424, -2.17, 2.03, 2.01, Forward
1761465880469, -2.16, 2.06, 2.05, Forward
1761465880516, -2.14, 2.08, 2.09, Forward
1761465880563, -2.17, 1.89, 2.11, Forward
1761465880636, -2.21, 1.57, 2.19, Forward
1761465880681, -2.26, 1.17, 2.32, Forward
1761465880726, -2.31, 0.77, 2.45, Forward
1761465880770, -2.33, 0.66, 2.53, Forward
1761465880814, -2.37, 0.52, 2.60, Forward
1761465880908, -2.44, 0.45, 2.61, Forward
1761465880952, -2.49, 0.36, 2.63, Forward
1761465880998, -2.51, 0.40, 2.61, Forward
1761465881040, -2.50, 0.45, 2.60, Forward
1761465881085, -2.48, 0.49, 2.61, Forward
1761465881181, -2.49, 0.71, 2.56, Forward
1761465881229, -2.51, 0.79, 2.55, Forward
1761465881271, -2.54, 0.90, 2.51, Forward
1761465881318, -2.46, 1.00, 2.50, Forward
1761465881365, -2.41, 1.20, 2.47, Forward
1761465881437, -2.42, 1.16, 2.47, Forward
1761465881485, -2.45, 1.15, 2.45, Forward
1761465881530, -2.47, 1.00, 2.47, Forward
1761465881575, -2.54, 0.87, 2.49, Forward
1761465881620, -2.51, 0.72, 2.56, Forward
1761465881708, -2.44, 0.61, 2.61, Forward
1761465881752, -2.47, 0.62, 2.60, Forward
1761465881801, -2.34, 0.63, 2.65, Forward
1761465881845, -2.40, 0.62, 2.64, Forward
1761465881889, -2.43, 0.43, 2.66, Forward
1761465881979, -2.39, 0.27, 2.73, Forward
1761465882024, -2.32, 0.13, 2.82, Forward
1761465882067, -2.24, -0.02, 2.91, Forward
1761465882113, -2.11, -0.09, 3.01, Forward
1761465882158, -2.06, -0.14, 3.05, Forward
1761465882236, -1.97, -0.32, 3.11, Forward
1761465882285, -1.84, -0.43, 3.17, Forward
1761465882335, -1.79, -0.61, 3.22, Forward
1761465882384, -1.69, -0.78, 3.31, Forward
1761465882429, -1.68, -0.90, 3.41, Forward
1761465882509, -1.72, -0.74, 3.39, Forward
1761465882552, -1.79, -0.69, 3.36, Forward
1761465882602, -1.88, -0.60, 3.33, Forward
1761465882649, -1.97, -0.59, 3.30, Forward
1761465882692, -2.02, -0.64, 3.27, Forward
1761465882783, -2.21, -0.52, 3.24, Forward
1761465882827, -2.26, -0.49, 3.23, Forward
1761465882880, -2.37, -0.40, 3.21, Forward
1761465882924, -2.60, -0.26, 3.19, Forward
1761465882967, -2.60, -0.17, 3.16, Forward
1761465883036, -2.64, -0.20, 3.17, Forward
1761465883083, -2.64, -0.26, 3.16, Forward
1761465883128, -2.66, -0.22, 3.15, Forward
1761465883171, -2.72, -0.22, 3.14, Forward
1761465883216, -2.72, 0.03, 3.12, Forward
1761465883307, -2.61, 0.03, 3.15, Forward
1761465883352, -2.65, 0.08, 3.14, Forward
1761465883400, -2.68, 0.13, 3.12, Forward
1761465883443, -2.62, 0.30, 3.06, Forward
1761465883486, -2.71, 0.47, 2.99, Forward
1761465883581, -2.66, 0.50, 2.99, Forward
1761465883626, -2.63, 0.73, 2.96, Forward
1761465883671, -2.62, 0.88, 2.94, Forward
1761465883717, -2.54, 0.93, 2.96, Forward
1761465883762, -2.61, 0.81, 2.95, Forward
1761465883837, -2.70, 0.94, 2.89, Forward
1761465883884, -2.79, 0.99, 2.87, Forward
1761465883927, -2.86, 1.01, 2.85, Forward
1761465883971, -2.94, 0.87, 2.86, Forward
1761465884016, -2.78, 0.90, 2.91, Forward
1761465884109, -2.74, 0.77, 2.99, Forward
1761465884152, -2.74, 0.49, 3.07, Forward
1761465884199, -2.72, 0.09, 3.18, Forward
1761465884243, -2.84, -0.15, 3.24, Forward
1761465884287, -2.89, -0.32, 3.34, Forward
1761465884380, -3.00, -0.63, 3.45, Forward
1761465884422, -2.96, -0.84, 3.55, Forward
1761465884467, -2.93, -1.03, 3.63, Forward
1761465884512, -2.92, -1.21, 3.71, Forward
1761465884555, -3.10, -1.61, 3.79, Forward
1761465884636, -3.30, -1.61, 3.74, Forward
1761465884681, -3.48, -1.55, 3.72, Forward
1761465884726, -3.61, -1.46, 3.67, Forward
1761465884769, -3.66, -1.44, 3.64, Forward
1761465884815, -3.70, -1.42, 3.58, Forward
1761465884909, -3.65, -1.54, 3.59, Forward
1761465884955, -3.64, -1.68, 3.58, Forward
1761465884999, -3.66, -1.81, 3.59, Forward
1761465885044, -3.74, -1.49, 3.49, Forward
1761465885086, -3.87, -1.02, 3.30, Forward
1761465885180, -3.75, -0.72, 3.21, Forward
1761465885225, -3.64, -0.46, 3.12, Forward
1761465885270, -3.61, -0.24, 3.03, Forward
1761465885316, -3.51, -0.02, 2.99, Forward
1761465885360, -3.51, 0.14, 2.94, Forward
1761465885436, -3.51, 0.66, 2.81, Forward
1761465885483, -3.49, 1.13, 2.64, Forward
1761465885527, -3.53, 1.60, 2.48, Forward
1761465885571, -3.38, 1.62, 2.45, Forward
1761465885617, -3.27, 1.50, 2.52, Forward
1761465885707, -3.29, 1.16, 2.58, Forward
1761465885750, -3.35, 0.91, 2.59, Forward
1761465885795, -3.36, 0.76, 2.62, Forward
1761465885839, -3.38, 0.66, 2.63, Forward
1761465885883, -3.37, 0.48, 2.66, Forward
1761465885980, -3.32, 0.16, 2.76, Forward
1761465886026, -3.37, -0.19, 2.87, Forward
1761465886070, -3.31, -0.39, 2.99, Forward
1761465886117, -3.44, -0.57, 3.07, Forward
1761465886165, -3.46, -0.76, 3.11, Forward
1761465886243, -3.49, -0.65, 3.11, Forward
1761465886288, -3.48, -0.77, 3.18, Forward
1761465886335, -3.48, -0.71, 3.22, Forward
1761465886384, -3.50, -0.77, 3.21, Forward
1761465886429, -3.53, -0.55, 3.18, Forward
1761465886508, -3.59, -0.21, 3.11, Forward
1761465886550, -3.61, 0.21, 3.02, Forward
1761465886600, -3.67, 0.48, 2.95, Forward
1761465886646, -3.63, 0.40, 2.93, Forward
1761465886691, -3.58, 0.43, 2.91, Forward
1761465886780, -3.56, 0.26, 2.94, Forward
1761465886825, -3.56, 0.39, 2.91, Forward
1761465886867, -3.55, 0.32, 2.94, Forward
1761465886915, -3.54, 0.40, 2.96, Forward
1761465886960, -3.50, 0.17, 3.02, Forward
1761465887035, -3.52, -0.36, 3.11, Forward
1761465887083, -3.50, -0.79, 3.19, Forward
1761465887128, -3.50, -1.32, 3.30, Forward
1761465887171, -3.51, -1.53, 3.35, Forward
1761465887215, -3.57, -1.73, 3.41, Forward
1761465887308, -3.64, -1.62, 3.40, Forward
1761465887351, -3.76, -1.55, 3.39, Forward
1761465887396, -3.87, -1.45, 3.36, Forward
1761465887442, -4.02, -1.53, 3.31, Forward
1761465887487, -4.06, -1.48, 3.23, Forward
1761465887579, -4.10, -0.94, 3.16, Forward
1761465887622, -4.12, -0.63, 3.09, Forward
1761465887667, -4.14, -0.20, 2.98, Forward
1761465887712, -4.12, -0.19, 2.96, Forward
1761465887758, -4.06, -0.18, 2.92, Forward
1761465887837, -4.00, -0.25, 2.92, Forward
1761465887883, -3.94, -0.34, 2.95, Forward
1761465887928, -3.88, -0.44, 2.98, Forward
1761465887971, -3.83, -0.42, 3.03, Forward
1761465888015, -3.83, -0.42, 3.05, Forward
1761465888108, -3.77, -0.69, 3.08, Forward
1761465888151, -3.75, -0.84, 3.12, Forward
1761465888199, -3.72, -1.03, 3.17, Forward
1761465888242, -3.79, -0.92, 3.15, Forward
1761465888286, -3.86, -0.80, 3.13, Forward
1761465888380, -3.96, -0.61, 3.07, Forward
1761465888426, -3.91, -0.56, 3.05, Forward
1761465888473, -3.93, -0.52, 3.03, Forward
1761465888515, -3.91, -0.34, 2.98, Forward
1761465888560, -3.94, -0.15, 2.93, Forward
1761465888637, -4.05, -0.19, 2.93, Forward
1761465888682, -4.10, -0.24, 2.93, Forward
1761465888724, -4.17, -0.26, 2.91, Forward
1761465888768, -4.16, -0.19, 2.90, Forward
1761465888816, -4.11, -0.09, 2.94, Forward
1761465888862, -4.07, -0.07, 2.97, Forward
1761465888909, -4.08, 0.14, 2.94, Forward
1761465888955, -4.03, 0.23, 2.95, Forward
1761465889000, -4.04, 0.10, 2.99, Forward
1761465889049, -4.07, -0.08, 3.05, Forward
1761465889181, -4.04, -0.26, 3.09, Forward
1761465889225, -4.13, -0.40, 3.11, Forward
1761465889269, -4.23, -0.58, 3.12, Forward
1761465889313, -4.28, -0.59, 3.15, Forward
1761465889358, -4.42, -0.78, 3.14, Forward
1761465889436, -4.47, -0.98, 3.16, Forward
1761465889481, -4.58, -1.37, 3.22, Forward
1761465889524, -4.67, -1.62, 3.24, Forward
1761465889568, -4.75, -1.61, 3.22, Forward
1761465889708, -4.69, -1.65, 3.22, Forward
1761465889751, -4.62, -1.57, 3.21, Forward
1761465889836, -4.61, -1.49, 3.22, Forward
1761465889880, -4.53, -1.48, 3.27, Forward
1761465889924, -4.50, -1.65, 3.31, Forward
1761465889968, -4.57, -1.48, 3.28, Forward
1761465890109, -4.52, -1.25, 3.27, Forward
1761465890153, -4.58, -0.94, 3.19, Forward
1761465890236, -4.77, -0.62, 3.07, Forward
1761465890283, -4.86, -0.39, 2.99, Forward
1761465890328, -5.06, -0.25, 2.92, Forward
1761465890373, -5.16, -0.08, 2.86, Forward
1761465890508, -5.16, 0.02, 2.83, Forward
1761465890552, -5.20, 0.21, 2.76, Forward
1761465890636, -5.23, 0.40, 2.68, Forward
1761465890680, -5.14, 0.41, 2.67, Forward
1761465890722, -5.17, 0.34, 2.65, Forward
1761465890766, -5.11, 0.15, 2.67, Forward
1761465890909, -4.95, -0.07, 2.76, Forward
1761465890952, -4.85, -0.39, 2.83, Forward
1761465891036, -4.72, -0.43, 2.88, Forward
1761465891083, -4.73, -0.51, 2.89, Forward
1761465891127, -4.69, -0.56, 2.90, Forward
1761465891172, -4.61, -0.73, 2.97, Forward
1761465891307, -4.60, -0.73, 3.02, Forward
1761465891352, -4.58, -0.89, 3.13, Forward
1761465891436, -4.42, -1.37, 3.30, Forward
1761465891481, -4.29, -1.73, 3.47, Forward
1761465891526, -4.12, -1.98, 3.60, Forward
1761465891570, -3.97, -2.27, 3.66, Forward
1761465891708, -3.67, -2.88, 3.79, Forward
1761465891752, -3.46, -3.56, 3.92, Forward
1761465891836, -3.03, -4.34, 4.07, Forward
1761465891879, -2.72, -5.00, 4.18, Forward
1761465891922, -2.32, -5.71, 4.30, Forward
1761465891966, -1.69, -6.59, 4.42, Forward
1761465892108, -1.12, -7.23, 4.48, Forward
1761465892151, -0.61, -8.06, 4.58, Forward
1761465892236, 0.06, -8.85, 4.74, Forward
1761465892281, 0.68, -9.66, 5.00, Forward
1761465892325, 1.13, -10.28, 5.21, Left
1761465892370, 1.70, -10.75, 5.46, Left
1761465892508, 2.05, -11.08, 5.69, Left
1761465892550, 2.46, -11.46, 5.92, Left
1761465892636, 2.79, -11.80, 6.12, Left
1761465892682, 2.94, -11.91, 6.33, Left
1761465892730, 3.05, -11.85, 6.50, Left
1761465892775, 3.16, -11.44, 6.65, Left
1761465892908, 3.08, -11.27, 6.79, Left
1761465892951, 3.01, -11.05, 6.88, Left
1761465893037, 2.95, -10.95, 7.01, Left
1761465893081, 2.80, -10.99, 7.06, Left
1761465893126, 2.58, -10.95, 7.06, Left
1761465893169, 2.38, -10.83, 7.01, Left
1761465893308, 2.32, -10.76, 6.95, Left
1761465893351, 2.17, -10.64, 6.84, Left
1761465893437, 2.07, -10.59, 6.69, Left
1761465893483, 2.04, -10.69, 6.51, Left
1761465893531, 2.00, -10.74, 6.32, Left
1761465893573, 2.07, -10.80, 6.12, Left
1761465893707, 1.92, -10.67, 5.80, Left
1761465893750, 1.88, -10.43, 5.53, Left
1761465893836, 1.85, -10.23, 5.18, Left
1761465893879, 1.86, -10.00, 4.86, Forward
1761465893924, 1.82, -9.83, 4.55, Forward
1761465893966, 1.80, -9.69, 4.26, Forward
1761465894108, 1.65, -9.35, 3.93, Forward
1761465894151, -0.40, -10.69, 20.46, Left
1761465894236, -0.53, -10.02, 20.15, Left
1761465894278, -2.29, -10.96, 36.95, Left
1761465894323, -3.65, -11.93, 53.85, Left
1761465894367, -3.66, -11.53, 53.60, Left
1761465894509, -5.63, -12.96, 70.29, Left
1761465894551, -7.54, -14.40, 87.06, Left
1761465894636, -9.43, -15.60, 103.74, Left
1761465894683, -11.24, -16.89, 120.46, Left
1761465894730, -13.06, -18.26, 137.23, Left
1761465894774, -12.87, -18.07, 137.15, Left
1761465894910, -14.62, -19.76, 153.82, Left
1761465894953, -14.77, -19.87, 153.47, Left
1761465895036, -15.17, -19.91, 153.09, Left
1761465895079, -16.89, -21.18, 169.90, Left
1761465895124, -16.56, -20.58, 169.93, Left
1761465895167, -16.22, -19.99, 169.89, Left
1761465895310, -16.08, -19.68, 169.89, Left
1761465895354, -16.07, -19.15, 169.84, Left
1761465895436, -15.92, -18.64, 169.86, Left
1761465895482, -15.81, -18.05, 169.91, Left
1761465895531, -15.78, -17.59, 170.00, Left
1761465895574, -15.65, -17.17, 170.07, Left
1761465895708, -15.36, -16.83, 170.14, Left
1761465895752, -15.23, -16.68, 170.15, Left
1761465895836, -14.99, -16.38, 170.22, Left
1761465895879, -14.91, -16.15, 170.28, Left
1761465895923, -14.63, -15.84, 170.44, Left
1761465895968, -14.47, -15.84, 170.57, Left
1761465896109, -12.95, -15.22, 153.66, Left
1761465896152, -11.36, -14.63, 136.83, Left
1761465896236, -9.67, -13.65, 120.08, Left
1761465896279, -8.15, -12.35, 103.25, Left
1761465896324, -6.70, -11.21, 86.45, Left
1761465896367, -4.84, -9.67, 69.80, Forward
1761465896508, -3.46, -3.08, 52.06, Forward
1761465896552, -2.21, 3.66, 34.28, Forward
1761465896639, -0.83, 10.97, 16.44, Right
1761465896682, 0.78, 18.40, -1.38, Right
1761465896726, 0.81, 25.08, -2.15, Right
1761465896771, 1.20, 31.76, -3.12, Right
1761465896908, 1.52, 37.91, -4.01, Right
1761465896951, 1.90, 43.68, -4.88, Right
1761465897035, 2.52, 49.19, -5.81, Right
1761465897080, 2.72, 54.33, -6.88, Right
1761465897125, 3.33, 54.22, -7.00, Right
1761465897168, 4.14, 53.76, -7.07, Right
1761465897309, 4.84, 52.08, -6.78, Right
1761465897352, 5.53, 50.54, -6.47, Right
1761465897436, 5.97, 47.27, -5.89, Right
1761465897479, 5.78, 43.90, -5.16, Right
1761465897524, 5.53, 40.77, -4.59, Right
1761465897566, 5.39, 35.97, -3.64, Right
1761465897708, 4.98, 31.20, -2.56, Right
1761465897753, 4.42, 26.45, -1.54, Right
1761465897836, 3.80, 21.03, -0.37, Right
1761465897880, 3.22, 15.82, 0.84, Right
1761465897925, 2.51, 11.11, 1.73, Right
1761465897969, 1.74, 6.08, 2.57, Forward
1761465898108, 1.33, 3.25, 3.02, Forward
1761465898153, 1.21, 0.53, 3.50, Forward
1761465898237, 1.11, -2.08, 3.91, Forward
1761465898282, 0.96, -2.81, 4.01, Forward
1761465898331, 0.73, -3.23, 3.96, Forward
1761465898376, 0.63, -3.51, 3.96, Forward
1761465898509, 0.46, -2.69, 3.80, Forward
1761465898551, 0.21, -2.16, 3.65, Forward
1761465898635, -0.10, -1.40, 3.44, Forward
1761465898679, -0.36, -0.22, 3.22, Forward
1761465898724, -0.61, 0.41, 3.08, Forward
1761465898767, -0.99, 1.06, 2.87, Forward
1761465898908, -1.26, 1.50, 2.76, Forward
1761465898951, -1.64, 1.88, 2.65, Forward
1761465899036, -1.99, 2.15, 2.56, Forward
1761465899080, -2.20, 2.29, 2.49, Forward
1761465899123, -2.35, 1.92, 2.47, Forward
1761465899166, -2.56, 1.87, 2.40, Forward
1761465899308, -2.64, 1.65, 2.40, Forward
1761465899352, -2.82, 1.33, 2.43, Forward
1761465899436, -2.96, 0.99, 2.45, Forward
1761465899480, -2.91, 0.73, 2.50, Forward
1761465899527, -2.93, 0.49, 2.54, Forward
1761465899573, -2.97, 0.36, 2.56, Forward
1761465899707, -2.98, 0.27, 2.59, Forward
1761465899749, -2.98, 0.18, 2.63, Forward
1761465899796, -2.98, 0.27, 2.61, Forward
1761465899838, -2.88, 0.09, 2.67, Forward
1761465899882, -2.83, -0.07, 2.70, Forward
1761465899927, -2.69, -0.27, 2.76, Forward
1761465899972, -2.69, -0.34, 2.77, Forward
1761465900017, -2.77, -0.43, 2.78, Forward
1761465900063, -2.85, -0.52, 2.79, Forward
1761465900108, -2.76, -0.74, 2.86, Forward
1761465900236, -2.67, -0.80, 2.89, Forward
1761465900280, -2.65, -0.94, 2.92, Forward
1761465900364, -2.60, -1.31, 2.99, Forward
1761465900412, -2.64, -1.43, 2.99, Forward
1761465900457, -2.64, -1.53, 2.99, Forward
1761465900502, -2.74, -1.23, 2.95, Forward
1761465900640, -2.72, -1.25, 2.98, Forward
1761465900687, -2.75, -1.19, 2.97, Forward
1761465900768, -2.79, -1.15, 2.98, Forward
1761465900813, -2.83, -0.93, 2.94, Forward
1761465900859, -2.89, -0.85, 2.94, Forward
1761465900903, -2.85, -0.73, 2.92, Forward
1761465901036, -3.06, -0.55, 2.87, Forward
1761465901079, -3.13, -0.34, 2.84, Forward
1761465901164, -3.20, -0.13, 2.84, Forward
1761465901212, -3.17, -0.23, 2.88, Forward
1761465901255, -3.13, -0.04, 2.88, Forward
1761465901298, -3.13, -0.06, 2.90, Forward
1761465901436, -3.18, -0.06, 2.88, Forward
1761465901480, -3.34, -0.21, 2.85, Forward
1761465901564, -3.38, -0.15, 2.80, Forward
1761465901612, -3.55, -0.18, 2.78, Forward
1761465901656, -3.48, -0.11, 2.77, Forward
1761465901699, -3.52, -0.07, 2.77, Forward
1761465901836, -3.62, -0.14, 2.72, Forward
1761465901880, -3.72, -0.27, 2.68, Forward
1761465901964, -3.80, -0.53, 2.70, Forward
1761465902013, -3.79, -0.66, 2.73, Forward
1761465902063, -3.73, -0.75, 2.76, Forward
1761465902108, -3.78, -0.89, 2.85, Forward
1761465902236, -3.86, -1.39, 3.00, Forward
1761465902279, -3.87, -1.77, 3.16, Forward
1761465902364, -3.82, -2.18, 3.33, Forward
1761465902407, -3.76, -2.53, 3.49, Forward
1761465902451, -3.72, -2.82, 3.65, Forward
1761465902496, -3.77, -3.26, 3.82, Forward
1761465902541, -3.98, -3.49, 3.87, Forward
1761465902589, -4.16, -3.73, 3.94, Forward
1761465902633, -4.31, -3.93, 4.01, Forward
1761465902678, -4.37, -3.92, 4.03, Forward
1761465902723, -4.44, -3.73, 4.01, Forward
1761465902766, -4.42, -3.84, 4.07, Forward
1761465902810, -4.55, -3.91, 4.09, Forward
1761465902855, -4.69, -3.97, 4.11, Forward
1761465902898, -4.76, -3.98, 4.07, Forward
1761465903036, -4.74, -3.70, 3.98, Forward
1761465903079, -4.74, -3.44, 3.91, Forward
1761465903164, -4.84, -3.14, 3.82, Forward
1761465903213, -4.95, -2.92, 3.75, Forward
1761465903259, -5.06, -2.83, 3.66, Forward
1761465903303, -5.21, -2.52, 3.57, Forward
1761465903436, -5.50, -2.01, 3.39, Forward
1761465903480, -5.70, -1.57, 3.24, Forward
1761465903564, -5.97, -1.30, 3.06, Forward
1761465903610, -6.14, -1.10, 3.01, Forward
1761465903655, -6.31, -1.08, 2.97, Forward
1761465903698, -6.34, -1.02, 2.96, Forward
1761465903836, -6.24, -1.23, 3.02, Forward
1761465903880, -6.09, -1.35, 3.06, Forward
1761465903964, -5.96, -1.49, 3.10, Forward
1761465904012, -5.74, -1.73, 3.14, Forward
1761465904057, -5.53, -2.01, 3.22, Forward
1761465904101, -5.40, -2.07, 3.26, Forward
1761465904236, -5.18, -2.24, 3.34, Forward
1761465904278, -5.10, -2.30, 3.34, Forward
1761465904364, -4.99, -2.33, 3.37, Forward
1761465904410, -4.95, -2.50, 3.41, Forward
1761465904452, -4.97, -2.45, 3.39, Forward
1761465904496, -4.99, -2.49, 3.41, Forward
1761465904636, -4.90, -2.56, 3.46, Forward
1761465904679, -4.87, -2.63, 3.49, Forward
1761465904765, -4.85, -2.66, 3.50, Forward
1761465904811, -4.87, -2.83, 3.50, Forward
1761465904855, -4.83, -2.80, 3.52, Forward
1761465904900, -4.83, -2.77, 3.54, Forward
1761465905035, -4.64, -2.72, 3.58, Forward
1761465905079, -4.50, -2.69, 3.62, Forward
1761465905164, -4.35, -2.67, 3.66, Forward
1761465905211, -4.33, -2.64, 3.66, Forward
1761465905254, -4.39, -2.54, 3.62, Forward
1761465905297, -4.45, -2.53, 3.61, Forward
1761465905436, -4.51, -2.45, 3.62, Forward
1761465905479, -4.41, -2.46, 3.67, Forward
1761465905564, -4.39, -2.52, 3.68, Forward
1761465905611, -4.30, -2.66, 3.74, Forward
1761465905656, -4.38, -2.85, 3.80, Forward
1761465905700, -4.49, -3.04, 3.85, Forward
1761465905840, -4.61, -3.16, 3.88, Forward
1761465905886, -4.64, -3.26, 3.93, Forward
1761465905964, -4.61, -3.51, 4.01, Forward
1761465906010, -4.64, -3.68, 4.05, Forward
1761465906057, -4.63, -3.88, 4.11, Forward
1761465906101, -4.68, -4.04, 4.12, Forward
1761465906237, -4.69, -3.94, 4.10, Forward
1761465906280, -4.79, -3.77, 4.02, Forward
1761465906364, -4.88, -3.69, 3.96, Forward
1761465906406, -4.87, -3.50, 3.90, Forward
1761465906450, -4.89, -3.44, 3.84, Forward
1761465906493, -4.82, -3.51, 3.89, Forward
1761465906636, -4.91, -3.50, 3.88, Forward
1761465906679, -4.95, -3.51, 3.88, Forward
1761465906764, -5.00, -3.60, 3.87, Forward
1761465906812, -4.99, -3.66, 3.90, Forward
1761465906855, -4.97, -3.91, 3.97, Forward
1761465906899, -4.89, -4.20, 4.08, Forward
1761465907036, -4.84, -4.43, 4.14, Forward
1761465907081, -4.84, -4.69, 4.23, Forward
1761465907165, -4.81, -4.79, 4.28, Forward
1761465907210, -4.86, -4.83, 4.23, Forward
1761465907255, -4.86, -4.85, 4.24, Forward
1761465907298, -4.85, -4.64, 4.22, Forward
1761465907436, -4.91, -4.31, 4.13, Forward
1761465907480, -4.98, -4.05, 4.09, Forward
1761465907564, -5.15, -3.84, 4.04, Forward
1761465907609, -5.24, -3.56, 4.00, Forward
1761465907656, -5.34, -3.31, 4.01, Forward
1761465907700, -5.44, -3.09, 3.94, Forward
1761465907835, -5.47, -3.00, 3.94, Forward
1761465907878, -5.47, -2.90, 3.95, Forward
1761465907964, -5.52, -2.72, 3.89, Forward
1761465908010, -5.39, -2.86, 3.92, Forward
1761465908054, -5.21, -2.96, 3.96, Forward
1761465908097, -5.16, -3.01, 3.99, Forward
1761465908236, -5.06, -3.07, 4.05, Forward
1761465908280, -5.07, -3.16, 4.08, Forward
1761465908364, -4.98, -3.24, 4.12, Forward
1761465908411, -4.87, -3.20, 4.19, Forward
1761465908457, -4.89, -3.14, 4.19, Forward
1761465908504, -4.91, -2.97, 4.17, Forward
1761465908637, -4.88, -2.80, 4.22, Forward
1761465908681, -5.07, -2.55, 4.21, Forward
1761465908764, -5.20, -2.38, 4.20, Forward
1761465908810, -5.20, -2.27, 4.21, Forward
1761465908855, -5.20, -2.09, 4.19, Forward
1761465908900, -5.19, -2.05, 4.12, Forward
1761465909037, -5.12, -1.88, 4.11, Forward
1761465909080, -5.21, -1.82, 4.09, Forward
1761465909164, -5.26, -1.81, 4.06, Forward
1761465909211, -5.24, -1.94, 4.11, Forward
1761465909258, -5.18, -2.15, 4.14, Forward
1761465909301, -5.06, -2.16, 4.16, Forward
1761465909436, -5.12, -2.17, 4.18, Forward
1761465909480, -5.18, -2.13, 4.18, Forward
1761465909564, -5.27, -2.15, 4.11, Forward
1761465909610, -5.22, -1.99, 4.10, Forward
1761465909654, -5.27, -2.04, 4.04, Forward
1761465909700, -5.19, -2.07, 4.05, Forward
1761465909835, -5.08, -2.04, 4.08, Forward
1761465909878, -5.11, -1.99, 4.03, Forward
1761465909963, -5.17, -2.00, 4.03, Forward
1761465910009, -5.28, -2.19, 4.00, Forward
1761465910054, -5.21, -2.39, 4.03, Forward
1761465910097, -5.21, -2.53, 4.00, Forward
1761465910236, -5.13, -2.96, 4.17, Forward
1761465910279, -5.18, -3.35, 4.26, Forward
1761465910364, -5.32, -3.57, 4.32, Forward
1761465910409, -5.44, -3.83, 4.38, Forward
1761465910453, -5.49, -4.08, 4.44, Forward
1761465910497, -5.51, -4.28, 4.52, Forward
1761465910636, -5.47, -4.34, 4.57, Forward
1761465910679, -5.37, -4.44, 4.68, Forward
1761465910727, -5.40, -4.55, 4.73, Forward
1761465910773, -5.44, -4.84, 4.84, Forward
1761465910816, -5.49, -4.79, 4.84, Forward
1761465910891, -5.54, -4.86, 4.87, Forward
1761465910934, -5.56, -4.95, 4.89, Forward
1761465910981, -5.57, -5.01, 4.89, Forward
1761465911029, -5.67, -5.03, 4.90, Forward
1761465911078, -5.77, -5.04, 4.93, Forward
1761465911164, -5.88, -5.19, 4.91, Forward
1761465911209, -5.96, -5.29, 4.90, Forward
1761465911254, -5.97, -5.38, 4.90, Forward
1761465911299, -5.96, -5.34, 4.87, Forward
1761465911345, -5.87, -5.29, 4.85, Forward
1761465911420, -5.92, -5.12, 4.80, Forward
1761465911462, -5.86, -4.95, 4.76, Forward
1761465911509, -5.80, -4.83, 4.74, Forward
1761465911554, -5.72, -4.71, 4.68, Forward
1761465911598, -5.62, -4.87, 4.59, Forward
1761465911692, -5.57, -5.03, 4.62, Forward
1761465911737, -5.56, -5.20, 4.63, Forward
1761465911780, -5.62, -5.26, 4.60, Forward
1761465911827, -5.66, -5.39, 4.55, Forward
1761465911870, -5.71, -5.50, 4.48, Forward
1761465911963, -5.63, -5.61, 4.44, Forward
1761465912008, -5.66, -5.77, 4.41, Forward
1761465912053, -5.67, -5.84, 4.36, Forward
1761465912097, -5.69, -6.10, 4.35, Forward
1761465912142, -5.76, -5.94, 4.35, Forward
1761465912219, -5.79, -5.72, 4.27, Forward
1761465912263, -5.83, -5.46, 4.17, Forward
1761465912315, -5.80, -5.31, 4.09, Forward
1761465912361, -5.78, -5.13, 4.06, Forward
1761465912403, -5.85, -4.91, 4.03, Forward
1761465912492, -5.63, -4.54, 3.99, Forward
1761465912536, -5.48, -4.34, 3.98, Forward
1761465912581, -5.49, -4.14, 3.95, Forward
1761465912625, -5.41, -3.79, 3.93, Forward
1761465912669, -5.37, -3.63, 3.92, Forward
1761465912764, -5.38, -3.55, 3.96, Forward
1761465912810, -5.31, -3.44, 4.03, Forward
1761465912855, -5.31, -3.35, 4.09, Forward
1761465912899, -5.12, -3.35, 4.18, Forward
1761465912942, -5.00, -3.35, 4.24, Forward
1761465913020, -4.83, -3.70, 4.44, Forward
1761465913064, -4.82, -3.97, 4.56, Forward
1761465913110, -4.55, -4.25, 4.72, Forward
1761465913151, -4.38, -4.56, 4.84, Forward
1761465913195, -3.92, -4.64, 5.04, Forward
1761465913297, -3.52, -4.62, 5.23, Forward
1761465913344, -3.25, -4.57, 5.35, Forward
1761465913392, -2.85, -4.61, 5.52, Forward
1761465913439, -2.65, -4.50, 5.66, Forward
1761465913484, -2.49, -4.60, 5.80, Forward
1761465913563, -2.67, -4.31, 5.83, Forward
1761465913612, -2.61, -4.03, 5.90, Forward
1761465913662, -2.60, -3.65, 5.97, Forward
1761465913713, -2.65, -3.28, 6.05, Forward
1761465913762, -2.92, -3.13, 6.08, Forward
1761465913821, -3.00, -2.88, 6.05, Forward
1761465913865, -3.07, -2.77, 6.04, Forward
1761465913910, -3.22, -2.57, 5.99, Forward
1761465913958, -3.36, -2.40, 5.96, Forward
1761465914003, -3.30, -2.05, 5.97, Forward
1761465914092, -3.20, -2.12, 5.96, Forward
1761465914138, -3.09, -2.09, 5.96, Forward
1761465914183, -3.04, -2.11, 5.95, Forward
1761465914229, -2.94, -2.10, 5.93, Forward
1761465914277, -2.84, -2.13, 5.90, Forward
1761465914364, -2.73, -2.27, 5.88, Forward
1761465914411, -2.59, -2.35, 5.86, Forward
1761465914457, -2.44, -2.45, 5.85, Forward
1761465914504, -2.27, -2.15, 5.71, Forward
1761465914547, -2.14, -2.11, 5.61, Forward
1761465914620, -2.16, -2.00, 5.57, Forward
1761465914666, -2.19, -2.05, 5.57, Forward
1761465914711, -2.18, -2.08, 5.56, Forward
1761465914758, -2.11, -2.09, 5.56, Forward
1761465914803, -2.15, -2.05, 5.46, Forward
1761465914894, -2.36, -2.10, 5.44, Forward
1761465914940, -2.53, -2.17, 5.45, Forward
1761465914983, -2.69, -2.17, 5.42, Forward
1761465915028, -2.87, -2.64, 5.52, Forward
1761465915081, -3.04, -3.01, 5.58, Forward
1761465915165, -3.09, -3.31, 5.62, Forward
1761465915213, -3.16, -3.40, 5.60, Forward
1761465915261, -3.23, -3.59, 5.60, Forward
1761465915308, -3.36, -3.75, 5.57, Forward
1761465915352, -3.36, -3.80, 5.58, Forward
1761465915421, -3.26, -3.87, 5.60, Forward
1761465915465, -3.15, -3.94, 5.60, Forward
1761465915512, -3.05, -4.03, 5.62, Forward
1761465915563, -2.97, -4.08, 5.63, Forward
1761465915608, -2.71, -3.89, 5.61, Forward
1761465915692, -2.65, -3.73, 5.51, Forward
1761465915738, -2.58, -3.56, 5.44, Forward
1761465915781, -2.45, -3.48, 5.37, Forward
1761465915826, -2.40, -3.55, 5.35, Forward
1761465915869, -2.37, -3.59, 5.34, Forward
1761465915964, -2.40, -3.60, 5.28, Forward
1761465916010, -2.47, -3.57, 5.21, Forward
1761465916055, -2.50, -3.51, 5.15, Forward
1761465916100, -2.51, -3.49, 5.09, Forward
1761465916145, -2.74, -3.54, 5.03, Forward
1761465916221, -2.70, -3.67, 5.04, Forward
1761465916263, -2.67, -3.99, 5.06, Forward
1761465916306, -2.71, -4.17, 5.07, Forward
1761465916354, -2.69, -4.23, 5.04, Forward
1761465916399, -2.61, -4.42, 5.06, Forward
1761465916493, -2.53, -4.52, 5.07, Forward
1761465916538, -2.37, -4.60, 5.12, Forward
1761465916582, -2.34, -4.72, 5.14, Forward
1761465916626, -2.25, -4.78, 5.15, Forward
1761465916673, -2.18, -5.00, 5.21, Forward
1761465916763, -2.20, -4.83, 5.20, Forward
1761465916809, -2.20, -4.67, 5.20, Forward
1761465916855, -2.16, -4.56, 5.21, Forward
1761465916901, -2.20, -4.43, 5.22, Forward
1761465916944, -2.28, -4.27, 5.21, Forward
1761465917020, -2.30, -4.13, 5.21, Forward
1761465917064, -2.38, -4.11, 5.18, Forward
1761465917107, -2.39, -4.07, 5.16, Forward
1761465917152, -2.47, -4.05, 5.16, Forward
1761465917196, -2.45, -3.84, 5.14, Forward
1761465917292, -2.37, -3.98, 5.16, Forward
1761465917337, -2.29, -3.90, 5.13, Forward
1761465917381, -2.26, -3.82, 5.10, Forward
1761465917426, -2.22, -3.91, 5.06, Forward
1761465917470, -2.09, -3.89, 5.05, Forward
1761465917565, -2.14, -3.98, 5.01, Forward
1761465917608, -2.07, -3.96, 5.03, Forward
1761465917655, -1.99, -3.98, 5.05, Forward
1761465917699, -1.87, -4.02, 5.10, Forward
1761465917743, -1.84, -4.10, 5.10, Forward
1761465917820, -1.64, -3.87, 5.10, Forward
1761465917864, -1.57, -3.87, 5.16, Forward
1761465917908, -1.47, -3.88, 5.20, Forward
1761465917953, -1.33, -3.66, 5.23, Forward
1761465917997, -1.44, -3.64, 5.24, Forward
1761465918092, -1.34, -3.55, 5.29, Forward
1761465918141, -1.36, -3.61, 5.29, Forward
1761465918185, -1.38, -3.62, 5.31, Forward
1761465918228, -1.51, -3.57, 5.28, Forward
1761465918274, -1.62, -3.54, 5.29, Forward
1761465918363, -1.83, -3.81, 5.29, Forward
1761465918407, -1.97, -3.85, 5.26, Forward
1761465918451, -2.10, -3.90, 5.22, Forward
1761465918493, -2.10, -3.68, 5.13, Forward
1761465918540, -1.86, -3.32, 5.03, Forward
1761465918621, -1.87, -3.19, 4.94, Forward
1761465918665, -1.78, -3.07, 4.87, Forward
1761465918709, -1.72, -2.83, 4.79, Forward
1761465918755, -1.56, -2.75, 4.74, Forward
1761465918798, -1.46, -2.72, 4.66, Forward
1761465918893, -1.44, -2.69, 4.64, Forward
1761465918940, -1.35, -2.66, 4.60, Forward
1761465918984, -1.32, -2.67, 4.56, Forward
1761465919028, -1.24, -2.33, 4.51, Forward
1761465919074, -1.25, -2.11, 4.50, Forward
1761465919164, -1.12, -1.89, 4.56, Forward
1761465919208, -1.12, -1.59, 4.56, Forward
1761465919251, -1.03, -1.42, 4.62, Forward
1761465919297, -1.04, -1.23, 4.64, Forward
1761465919342, -0.87, -0.98, 4.72, Forward
1761465919420, -0.82, -0.76, 4.77, Forward
1761465919464, -0.81, -0.62, 4.83, Forward
1761465919506, -0.77, -0.40, 4.90, Forward
1761465919550, -0.85, -0.83, 5.07, Forward
1761465919593, -0.83, -1.06, 5.20, Forward
1761465919692, -0.89, -1.35, 5.24, Forward
1761465919735, -0.95, -1.68, 5.30, Forward
1761465919778, -1.06, -2.09, 5.34, Forward
1761465919824, -1.15, -2.26, 5.34, Forward
1761465919868, -1.34, -2.51, 5.30, Forward
1761465919965, -1.29, -2.39, 5.20, Forward
1761465920008, -1.31, -2.31, 5.09, Forward
1761465920053, -1.31, -2.33, 5.01, Forward
1761465920098, -1.24, -2.27, 4.99, Forward
1761465920141, -1.30, -2.37, 4.97, Forward
1761465920220, -1.23, -2.17, 4.97, Forward
1761465920265, -1.08, -1.87, 4.97, Forward
1761465920308, -0.96, -1.50, 4.94, Forward
1761465920360, -0.84, -1.27, 4.98, Forward
1761465920408, -0.62, -1.13, 5.03, Forward
1761465920493, -0.66, -1.39, 5.13, Forward
1761465920540, -0.61, -1.62, 5.28, Forward
1761465920586, -0.54, -1.73, 5.39, Forward
1761465920630, -0.55, -1.83, 5.42, Forward
1761465920674, -0.54, -1.88, 5.47, Forward
1761465920764, -0.65, -2.01, 5.44, Forward
1761465920807, -0.77, -2.23, 5.42, Forward
1761465920852, -0.82, -2.40, 5.44, Forward
1761465920895, -0.75, -2.20, 5.40, Forward
1761465920939, -0.80, -1.90, 5.30, Forward
1761465921021, -0.76, -1.89, 5.35, Forward
1761465921067, -0.73, -1.77, 5.35, Forward
1761465921109, -0.70, -1.70, 5.37, Forward
1761465921158, -0.76, -1.67, 5.37, Forward
1761465921201, -0.75, -1.80, 5.44, Forward
1761465921291, -0.66, -1.95, 5.57, Forward
1761465921337, -0.62, -1.95, 5.65, Forward
1761465921380, -0.66, -1.96, 5.72, Forward
1761465921424, -0.72, -2.42, 5.88, Forward
1761465921468, -0.78, -2.76, 6.04, Forward
1761465921565, -0.93, -2.73, 6.04, Forward
1761465921608, -1.10, -2.79, 6.04, Forward
1761465921655, -1.28, -2.85, 6.05, Forward
1761465921699, -1.17, -2.71, 6.06, Forward
1761465921742, -1.21, -2.41, 5.97, Forward
1761465921820, -1.28, -2.42, 5.91, Forward
1761465921864, -1.35, -2.45, 5.89, Forward
1761465921909, -1.38, -2.54, 5.88, Forward
1761465921952, -1.60, -2.47, 5.72, Forward
1761465921996, -1.77, -2.50, 5.61, Forward
1761465922093, -1.74, -2.51, 5.50, Forward
1761465922138, -1.66, -2.52, 5.42, Forward
1761465922181, -1.57, -2.53, 5.33, Forward
1761465922225, -1.64, -2.52, 5.28, Forward
1761465922269, -1.59, -2.44, 5.26, Forward
1761465922348, -1.54, -2.23, 5.29, Forward
1761465922390, -1.55, -2.07, 5.28, Forward
1761465922433, -1.57, -1.87, 5.25, Forward
1761465922477, -1.46, -1.75, 5.32, Forward
1761465922522, -1.34, -1.74, 5.45, Forward
1761465922619, -1.36, -1.64, 5.56, Forward
1761465922663, -1.38, -1.61, 5.67, Forward
1761465922707, -1.41, -1.52, 5.77, Forward
1761465922754, -1.53, -1.71, 5.86, Forward
1761465922798, -1.70, -1.98, 5.94, Forward
1761465922893, -1.83, -2.06, 5.94, Forward
1761465922940, -1.84, -2.19, 5.98, Forward
1761465922990, -1.84, -2.32, 6.01, Forward
1761465923036, -1.80, -2.56, 6.12, Forward
1761465923080, -1.78, -2.63, 6.13, Forward
1761465923149, -1.63, -2.55, 6.19, Forward
1761465923191, -1.56, -2.34, 6.20, Forward
1761465923238, -1.52, -2.20, 6.19, Forward
1761465923284, -1.33, -2.09, 6.21, Forward
1761465923329, -1.26, -2.35, 6.29, Forward
1761465923420, -1.25, -2.64, 6.36, Forward
1761465923463, -1.21, -2.90, 6.47, Forward
1761465923507, -1.16, -3.14, 6.59, Forward
1761465923552, -1.14, -3.18, 6.63, Forward
1761465923595, -1.17, -3.25, 6.70, Forward
1761465923692, -1.30, -3.60, 6.75, Forward
1761465923738, -1.38, -3.91, 6.81, Forward
1761465923782, -1.44, -4.22, 6.88, Forward
1761465923830, -1.55, -4.58, 7.00, Forward
1761465923873, -1.57, -4.53, 7.02, Forward
1761465923948, -1.47, -4.11, 6.97, Forward
1761465923992, -1.49, -3.68, 6.92, Forward
1761465924040, -1.47, -3.34, 6.87, Forward
1761465924087, -1.51, -3.01, 6.82, Forward
1761465924131, -1.50, -2.89, 6.81, Forward
1761465924221, -1.44, -2.79, 6.86, Forward
1761465924267, -1.41, -2.72, 6.92, Forward
1761465924312, -1.39, -2.75, 6.97, Forward
1761465924356, -1.47, -2.73, 6.95, Forward
1761465924402, -1.48, -2.85, 7.00, Forward
1761465924493, -1.59, -3.17, 7.10, Forward
1761465924539, -1.68, -3.49, 7.18, Forward
1761465924583, -1.79, -3.76, 7.26, Forward
1761465924647, -1.79, -4.09, 7.36, Forward
1761465924701, -1.89, -4.31, 7.38, Forward
1761465924753, -1.99, -4.42, 7.36, Forward
1761465924798, -2.08, -4.56, 7.34, Forward
1761465924856, -2.10, -4.56, 7.36, Forward
1761465924899, -2.06, -4.73, 7.42, Forward
1761465924942, -2.11, -4.72, 7.42, Forward
1761465925020, -2.16, -4.55, 7.35, Forward
1761465925067, -2.09, -4.43, 7.35, Forward
1761465925112, -2.01, -4.32, 7.35, Forward
1761465925155, -2.07, -4.01, 7.25, Forward
1761465925199, -1.99, -3.79, 7.21, Forward
1761465925293, -1.84, -3.51, 7.24, Forward
1761465925339, -1.84, -3.26, 7.25, Forward
1761465925384, -1.88, -3.00, 7.22, Forward
1761465925427, -1.69, -2.55, 7.25, Forward
1761465925474, -1.52, -2.21, 7.33, Forward
1761465925548, -1.44, -2.29, 7.45, Forward
1761465925594, -1.38, -2.21, 7.49, Forward
1761465925643, -1.31, -2.20, 7.54, Forward
1761465925691, -1.22, -2.38, 7.67, Forward
1761465925739, -1.14, -2.26, 7.75, Forward
1761465925821, -1.07, -1.90, 7.70, Forward
1761465925864, -1.06, -1.67, 7.65, Forward
1761465925909, -0.96, -1.62, 7.66, Forward
1761465925957, -1.13, -1.71, 7.48, Forward
1761465926002, -1.26, -1.80, 7.28, Forward
1761465926092, -1.27, -1.61, 7.10, Forward
1761465926141, -1.32, -1.41, 6.91, Forward
1761465926185, -1.42, -1.28, 6.75, Forward
1761465926229, -1.30, -0.64, 6.44, Forward
1761465926273, -1.17, -0.28, 6.19, Forward
1761465926348, -1.06, 0.22, 6.06, Forward
1761465926391, -0.70, 0.57, 5.97, Forward
1761465926440, -0.44, 1.06, 5.86, Forward
1761465926486, -0.16, 1.68, 5.84, Forward
1761465926532, 0.08, 1.84, 5.98, Forward
1761465926620, 0.36, 1.90, 6.15, Forward
1761465926666, 0.66, 1.75, 6.38, Forward
1761465926709, 0.90, 1.67, 6.55, Forward
1761465926757, 0.92, 1.22, 6.84, Forward
1761465926800, 0.99, 0.90, 7.14, Forward
1761465926892, 0.92, 0.01, 7.42, Forward
1761465926940, 0.86, -0.58, 7.65, Forward
1761465926986, 0.77, -1.25, 7.90, Forward
1761465927034, 0.66, -1.85, 8.15, Forward
1761465927078, 0.67, -2.05, 8.25, Forward
1761465927147, 0.59, -2.37, 8.40, Forward
1761465927191, 0.59, -2.51, 8.48, Forward
1761465927238, 0.63, -2.43, 8.55, Forward
1761465927283, 0.71, -2.56, 8.66, Forward
1761465927327, 0.73, -2.76, 8.73, Forward
1761465927421, 0.62, -2.80, 8.74, Forward
1761465927466, 0.49, -2.94, 8.79, Forward
1761465927512, 0.40, -2.92, 8.79, Forward
1761465927554, 0.32, -3.05, 8.83, Forward
1761465927598, 0.22, -3.10, 8.86, Forward
1761465927692, 0.14, -2.93, 8.83, Forward
1761465927738, 0.00, -2.95, 8.84, Forward
1761465927781, -0.14, -3.07, 8.87, Forward
1761465927825, -0.27, -3.17, 8.89, Forward
1761465927871, -0.42, -3.17, 8.90, Forward
1761465927949, -0.37, -3.04, 8.85, Forward
1761465927992, -0.33, -2.91, 8.80, Forward
1761465928038, -0.24, -2.86, 8.80, Forward
1761465928085, -0.21, -2.74, 8.73, Forward
1761465928129, -0.03, -2.76, 8.71, Forward
1761465928219, 0.06, -2.65, 8.79, Forward
1761465928266, -0.15, -2.74, 8.84, Forward
1761465928310, -0.29, -2.76, 8.90, Forward
1761465928355, -0.36, -2.63, 8.96, Forward
1761465928409, -0.51, -2.71, 9.04, Forward
1761465928492, -0.58, -2.75, 9.14, Forward
1761465928536, -0.66, -2.91, 9.25, Forward
1761465928581, -0.83, -2.99, 9.32, Forward
1761465928625, -0.88, -2.99, 9.44, Forward
1761465928672, -1.13, -2.88, 9.50, Forward
1761465928748, -1.13, -2.62, 9.38, Forward
1761465928790, -0.96, -2.14, 9.28, Forward
1761465928841, -0.84, -1.90, 9.20, Forward
1761465928889, -0.81, -1.65, 9.12, Forward
1761465928935, -0.49, -1.42, 8.99, Forward
1761465929020, 0.20, -1.03, 8.78, Forward
1761465929066, 0.86, -0.67, 8.60, Forward
1761465929110, 1.56, -0.34, 8.41, Forward
1761465929153, 2.11, -0.42, 8.33, Forward
1761465929196, 2.75, -0.57, 8.29, Forward
1761465929293, 3.24, -1.22, 8.35, Forward
1761465929339, 3.85, -1.78, 8.38, Forward
1761465929383, 4.50, -2.17, 8.41, Forward
1761465929429, 5.11, -2.80, 8.34, Forward
1761465929474, 5.51, -3.29, 8.30, Forward
1761465929548, 5.59, -3.76, 8.24, Forward
1761465929593, 5.64, -4.09, 8.15, Forward
1761465929638, 5.72, -4.37, 8.08, Forward
1761465929682, 5.89, -4.32, 7.90, Forward
1761465929726, 5.95, -3.92, 7.55, Forward
1761465929821, 5.98, -3.02, 7.04, Forward
1761465929866, 6.12, -1.84, 6.55, Forward
1761465929909, 6.20, -0.84, 6.05, Forward
1761465929955, 6.37, 0.61, 5.54, Forward
1761465930002, 6.55, 2.05, 5.09, Forward
1761465930092, 6.84, 3.75, 4.64, Forward
1761465930139, 6.97, 5.44, 4.20, Forward
1761465930184, 7.15, 7.06, 3.74, Forward
1761465930228, 7.21, 8.40, 3.30, Forward
1761465930272, 7.33, 9.56, 3.01, Forward
1761465930348, 7.45, 10.19, 2.90, Right
1761465930391, 7.45, 11.04, 2.67, Right
1761465930437, 7.45, 12.01, 2.41, Right
1761465930481, 7.43, 12.69, 2.29, Right
1761465930524, 7.29, 12.81, 2.18, Right
1761465930620, 6.81, 11.71, 2.30, Right
1761465930665, 6.54, 10.69, 2.42, Right
1761465930708, 6.27, 9.66, 2.54, Forward
1761465930755, 6.16, 9.19, 2.53, Forward
1761465930800, 6.08, 8.50, 2.52, Forward
1761465930893, 6.16, 8.06, 2.49, Forward
1761465930942, 6.21, 7.16, 2.60, Forward
1761465930990, 6.25, 6.26, 2.70, Forward
1761465931036, 6.14, 5.11, 2.86, Forward
1761465931081, 6.18, 4.31, 3.04, Forward
1761465931150, 6.09, 4.09, 3.04, Forward
1761465931196, 6.06, 3.94, 3.05, Forward
1761465931242, 6.02, 3.73, 3.07, Forward
1761465931296, 5.86, 3.17, 3.21, Forward
1761465931341, 5.68, 2.56, 3.37, Forward
1761465931422, 5.34, 2.10, 3.43, Forward
1761465931469, 5.11, 1.42, 3.50, Forward
1761465931517, 4.88, 0.90, 3.56, Forward
1761465931560, 4.66, 0.48, 3.54, Forward
1761465931609, 4.41, 0.04, 3.46, Forward
1761465931692, 4.22, -0.30, 3.40, Forward
1761465931739, 4.02, -0.85, 3.33, Forward
1761465931783, 3.75, -1.34, 3.25, Forward
1761465931829, 3.50, -1.80, 3.10, Forward
1761465931873, 3.23, -2.09, 2.92, Forward
1761465931949, 2.85, -2.63, 2.75, Forward
1761465931993, 2.45, -3.08, 2.63, Forward
1761465932039, 2.07, -3.73, 2.54, Forward
1761465932089, 1.83, -4.22, 2.47, Forward
1761465932132, 1.50, -4.36, 2.32, Forward
1761465932221, 1.37, -4.75, 2.24, Forward
1761465932264, 1.23, -4.88, 2.14, Forward
1761465932308, 1.07, -5.15, 2.07, Forward
1761465932358, 0.99, -5.29, 1.99, Forward
1761465932403, 1.02, -5.29, 1.93, Forward
1761465932493, 1.12, -5.37, 1.91, Forward
1761465932542, 1.17, -5.36, 1.85, Forward
1761465932590, 1.22, -5.32, 1.77, Forward
1761465932637, 1.16, -5.23, 1.64, Forward
1761465932682, 1.18, -5.45, 1.58, Forward
1761465932749, 1.10, -5.28, 1.45, Forward
1761465932793, 0.94, -5.25, 1.34, Forward
1761465932839, 0.80, -5.10, 1.20, Forward
1761465932883, 0.76, -5.03, 1.16, Forward
1761465932927, 0.65, -5.08, 1.11, Forward
1761465933021, 0.62, -4.92, 1.02, Forward
1761465933066, 0.57, -4.82, 0.94, Forward
1761465933110, 0.58, -4.71, 0.87, Forward
1761465933155, 0.63, -4.71, 0.87, Forward
1761465933202, 0.71, -4.43, 0.83, Forward
1761465933276, 0.93, -4.21, 0.84, Forward
1761465933321, 1.15, -3.97, 0.85, Forward
1761465933365, 1.38, -3.77, 0.86, Forward
1761465933410, 1.49, -3.55, 0.84, Forward
1761465933453, 1.66, -3.13, 0.80, Forward
1761465933548, 1.75, -2.42, 0.80, Forward
1761465933594, 1.93, -1.74, 0.79, Forward
1761465933639, 1.94, -0.98, 0.75, Forward
1761465933683, 1.98, -0.56, 0.81, Forward
1761465933727, 1.98, -0.25, 0.91, Forward
1761465933820, 1.88, -0.42, 1.06, Forward
1761465933865, 1.73, -0.48, 1.16, Forward
1761465933909, 1.61, -0.45, 1.24, Forward
1761465933955, 1.48, -0.62, 1.37, Forward
1761465934002, 1.22, -0.99, 1.50, Forward
1761465934076, 1.00, -1.97, 1.66, Forward
1761465934119, 0.67, -2.81, 1.78, Forward
1761465934165, 0.41, -3.72, 1.92, Forward
1761465934208, 0.27, -4.27, 1.95, Forward
1761465934256, 0.29, -4.69, 1.99, Forward
1761465934348, 0.33, -3.86, 1.83, Forward
1761465934394, 0.70, -3.03, 1.73, Forward
1761465934436, 1.00, -2.28, 1.64, Forward
1761465934481, 1.21, -1.00, 1.54, Forward
1761465934529, 1.48, 0.28, 1.45, Forward
1761465934640, 1.82, 2.79, 1.17, Forward
1761465934686, 2.10, 5.48, 0.89, Forward
1761465934758, 2.38, 8.13, 0.61, Forward
1761465934810, 2.55, 11.63, 0.20, Right
1761465934867, 2.57, 15.09, -0.28, Right
1761465934922, 2.39, 17.61, -0.53, Right
1761465935028, 2.08, 20.41, -0.93, Right
1761465935074, 1.83, 23.32, -1.31, Right
1761465935120, 1.63, 25.71, -1.66, Right
1761465935168, 1.52, 28.32, -2.06, Right
1761465935215, 1.18, 30.07, -2.31, Right
1761465935278, 1.06, 31.72, -2.63, Right
1761465935326, 0.84, 33.49, -2.99, Right
1761465935400, 0.61, 34.36, -3.21, Right
1761465935460, 0.40, 34.99, -3.39, Right
1761465935516, 0.34, 35.69, -3.66, Right
1761465935573, 0.20, 35.99, -3.79, Right
1761465935681, 0.03, 36.21, -3.91, Right
1761465935728, -0.26, 36.45, -4.08, Right
1761465935775, -0.61, 36.54, -4.20, Right
1761465935824, -0.75, 36.58, -4.33, Right
1761465935870, -0.85, 36.23, -4.31, Right
1761465935964, -0.87, 35.24, -4.13, Right
1761465936025, -0.92, 34.49, -4.04, Right
1761465936073, -0.97, 33.97, -3.92, Right
1761465936118, -0.90, 31.75, -3.53, Right
1761465936168, -1.00, 29.41, -3.14, Right
1761465936229, -1.06, 26.78, -2.67, Right
1761465936276, -1.04, 23.68, -2.13, Right
1761465936321, -1.03, 20.98, -1.68, Right
1761465936374, -0.98, 18.13, -1.23, Right
1761465936435, -1.12, 15.43, -0.79, Right
1761465936480, -1.08, 12.74, -0.37, Right
1761465936634, -1.05, 9.50, 0.17, Forward
1761465936682, -1.12, 6.42, 0.64, Forward
1761465936727, -1.27, 4.99, 0.89, Forward
