Head Tracking Session: phase1_cycle1_1761479214725
Start Time: 2025-10-26T07:46:54.736480
==================================================
Timestamp (ms), Pitch, Yaw, Roll, Direction
1761479218734, 0.00, 0.00, 0.00, Forward
1761479218791, -0.40, -0.95, 0.31, Forward
1761479218839, -0.59, -0.62, 0.32, Forward
1761479218886, -0.61, -1.33, 0.46, Forward
1761479218932, -0.61, -1.70, 0.51, Forward
1761479218980, -0.74, -2.06, 0.56, Forward
1761479219033, -0.75, -1.67, 0.44, Forward
1761479219086, -0.76, -1.38, 0.35, Forward
1761479219149, -0.78, -1.50, 0.36, Forward
1761479219196, -0.77, -1.32, 0.31, Forward
1761479219241, -0.66, -1.21, 0.30, Forward
1761479219288, -0.50, -0.65, 0.19, Forward
1761479219334, -0.41, -0.13, 0.08, Forward
1761479219383, -0.27, 0.30, -0.03, Forward
1761479219429, -0.17, 0.74, -0.09, Forward
1761479219477, 0.05, 1.28, -0.17, Forward
1761479219521, 0.23, 1.68, -0.23, Forward
1761479219568, 0.30, 1.62, -0.21, Forward
1761479219624, 0.40, 2.21, -0.35, Forward
1761479219678, 0.48, 2.51, -0.43, Forward
1761479219722, 0.39, 2.61, -0.50, Forward
1761479219768, 0.31, 2.42, -0.53, Forward
1761479219815, 0.32, 2.08, -0.53, Forward
1761479219861, 0.28, 2.21, -0.60, Forward
1761479219911, 0.17, 2.30, -0.66, Forward
1761479219969, 0.03, 2.47, -0.79, Forward
1761479220016, -0.17, 1.97, -0.73, Forward
1761479220061, -0.21, 2.01, -0.79, Forward
1761479220109, -0.30, 1.81, -0.78, Forward
1761479220155, -0.36, 1.69, -0.78, Forward
1761479220200, -0.42, 1.76, -0.76, Forward
1761479220248, -0.48, 1.91, -0.77, Forward
1761479220296, -0.59, 1.90, -0.78, Forward
1761479220341, -0.75, 1.81, -0.77, Forward
1761479220387, -0.70, 2.16, -0.89, Forward
1761479220435, -0.67, 2.40, -0.93, Forward
1761479220481, -0.67, 2.99, -1.08, Forward
1761479220529, -0.70, 3.33, -1.16, Forward
1761479220579, -0.67, 3.64, -1.21, Forward
1761479220634, -0.72, 3.90, -1.27, Forward
1761479220685, -0.76, 4.19, -1.39, Forward
1761479220732, -0.78, 4.24, -1.42, Forward
1761479220776, -0.74, 4.45, -1.45, Forward
1761479220823, -0.66, 4.75, -1.50, Forward
1761479220870, -0.70, 4.75, -1.50, Forward
1761479220916, -0.67, 5.24, -1.63, Forward
1761479220967, -0.56, 5.57, -1.71, Forward
1761479221027, -0.57, 5.98, -1.78, Forward
1761479221072, -0.65, 6.44, -1.90, Forward
1761479221118, -0.71, 6.78, -2.02, Forward
1761479221167, -0.75, 6.45, -2.00, Forward
1761479221222, -0.82, 6.29, -2.04, Forward
1761479221275, -0.89, 6.13, -2.08, Forward
1761479221321, -0.96, 6.13, -2.15, Forward
1761479221370, -1.01, 6.00, -2.15, Forward
1761479221418, -1.21, 5.30, -2.00, Forward
1761479221464, -1.41, 4.77, -1.90, Forward
1761479221510, -1.43, 4.14, -1.73, Forward
1761479221561, -1.51, 3.51, -1.56, Forward
1761479221618, -1.56, 2.65, -1.31, Forward
1761479221665, -1.62, 2.45, -1.15, Forward
1761479221711, -1.64, 2.20, -0.99, Forward
1761479221757, -1.69, 2.16, -0.88, Forward
1761479221803, -1.78, 1.92, -0.74, Forward
1761479221851, -1.77, 1.75, -0.57, Forward
1761479221898, -1.77, 1.59, -0.46, Forward
1761479221945, -1.79, 1.47, -0.37, Forward
1761479221991, -1.87, 1.39, -0.39, Forward
1761479222037, -1.87, 1.40, -0.39, Forward
1761479222084, -1.75, 1.76, -0.41, Forward
1761479222131, -1.67, 2.01, -0.45, Forward
1761479222178, -1.57, 2.18, -0.45, Forward
1761479222234, -1.42, 2.11, -0.39, Forward
1761479222288, -1.28, 2.03, -0.34, Forward
1761479222333, -1.24, 1.83, -0.31, Forward
1761479222380, -1.12, 1.69, -0.25, Forward
1761479222428, -0.95, 1.63, -0.20, Forward
1761479222472, -0.77, 1.73, -0.15, Forward
1761479222520, -0.72, 1.65, -0.07, Forward
1761479222568, -0.78, 1.22, 0.03, Forward
1761479222628, -0.84, 0.79, 0.12, Forward
1761479222672, -0.95, 0.62, 0.20, Forward
1761479222719, -1.04, 0.64, 0.23, Forward
1761479222768, -1.10, 0.52, 0.26, Forward
1761479222813, -1.16, 0.48, 0.27, Forward
1761479222859, -1.26, 0.26, 0.33, Forward
1761479222905, -1.34, 0.25, 0.36, Forward
1761479222952, -1.41, 0.05, 0.42, Forward
1761479223000, -1.43, -0.15, 0.47, Forward
1761479223048, -1.43, -0.01, 0.47, Forward
1761479223094, -1.39, 0.07, 0.50, Forward
1761479223139, -1.33, 0.04, 0.52, Forward
1761479223187, -1.36, -0.00, 0.52, Forward
1761479223244, -1.45, -0.10, 0.58, Forward
1761479223298, -1.54, -0.22, 0.65, Forward
1761479223343, -1.59, -0.23, 0.68, Forward
1761479223390, -1.63, -0.32, 0.71, Forward
1761479223437, -1.71, -0.29, 0.72, Forward
1761479223497, -1.70, -0.29, 0.69, Forward
1761479223547, -1.69, -0.29, 0.66, Forward
1761479223594, -1.73, -0.21, 0.59, Forward
1761479223639, -1.86, -0.19, 0.52, Forward
1761479223686, -1.93, -0.26, 0.48, Forward
1761479223733, -1.96, -0.15, 0.39, Forward
1761479223779, -1.96, -0.07, 0.32, Forward
1761479223837, -1.98, 0.07, 0.24, Forward
1761479223887, -2.06, -0.03, 0.22, Forward
1761479223932, -2.12, -0.08, 0.19, Forward
1761479223979, -2.12, -0.08, 0.19, Forward
1761479224026, -2.12, -0.08, 0.19, Forward
1761479224072, -2.12, -0.08, 0.19, Forward
1761479224118, -2.04, 0.00, 0.17, Forward
1761479224168, -1.99, -0.11, 0.17, Forward
1761479224212, -1.89, -0.18, 0.19, Forward
1761479224261, -1.82, 0.05, 0.16, Forward
1761479224306, -1.75, 0.17, 0.14, Forward
1761479224354, -1.67, 0.30, 0.13, Forward
1761479224400, -1.48, 0.63, 0.07, Forward
1761479224448, -1.50, 1.04, 0.01, Forward
1761479224506, -1.53, 1.35, -0.03, Forward
1761479224554, -1.55, 1.52, -0.06, Forward
1761479224601, -1.60, 1.63, -0.03, Forward
1761479224647, -1.54, 2.00, -0.02, Forward
1761479224695, -1.60, 1.97, 0.02, Forward
1761479224741, -1.65, 1.67, 0.10, Forward
1761479224788, -1.67, 1.32, 0.16, Forward
1761479224839, -1.73, 0.83, 0.30, Forward
1761479224897, -1.81, 0.57, 0.40, Forward
1761479224944, -1.87, -0.38, 0.58, Forward
1761479224990, -1.91, -0.94, 0.64, Forward
1761479225048, -1.94, -1.17, 0.68, Forward
1761479225099, -1.93, -1.54, 0.69, Forward
1761479225147, -2.02, -2.33, 0.78, Forward
1761479225192, -2.02, -2.23, 0.72, Forward
1761479225238, -2.03, -2.08, 0.64, Forward
1761479225285, -2.00, -2.00, 0.60, Forward
1761479225333, -1.97, -1.71, 0.45, Forward
1761479225380, -1.97, -1.90, 0.41, Forward
1761479225424, -1.87, -1.46, 0.29, Forward
1761479225472, -1.71, -0.87, 0.15, Forward
1761479225519, -1.59, -0.84, 0.12, Forward
1761479225567, -1.58, -0.52, -0.00, Forward
1761479225613, -1.56, -0.39, -0.05, Forward
1761479225658, -1.60, -0.66, -0.02, Forward
1761479225706, -1.53, -0.43, -0.09, Forward
1761479225752, -1.52, 0.09, -0.24, Forward
1761479225798, -1.45, 0.17, -0.30, Forward
1761479225846, -1.44, 0.52, -0.42, Forward
1761479225890, -1.41, 0.99, -0.59, Forward
1761479225938, -1.45, 1.02, -0.65, Forward
1761479225984, -1.46, 1.59, -0.81, Forward
1761479226032, -1.36, 1.85, -0.90, Forward
1761479226079, -1.24, 2.64, -1.10, Forward
1761479226126, -1.13, 3.25, -1.27, Forward
1761479226170, -1.11, 3.48, -1.33, Forward
1761479226217, -1.08, 3.63, -1.37, Forward
1761479226265, -1.06, 4.16, -1.46, Forward
1761479226312, -1.04, 4.46, -1.50, Forward
1761479226358, -1.06, 4.58, -1.49, Forward
1761479226405, -1.04, 4.67, -1.47, Forward
1761479226453, -1.16, 4.26, -1.38, Forward
1761479226504, -1.12, 4.56, -1.39, Forward
1761479226561, -1.08, 4.87, -1.40, Forward
1761479226607, -1.03, 5.22, -1.43, Forward
1761479226654, -1.05, 5.32, -1.43, Forward
1761479226714, -1.07, 5.58, -1.47, Forward
1761479226780, -1.05, 5.43, -1.41, Forward
1761479226828, -0.93, 5.31, -1.35, Forward
1761479226876, -0.95, 5.26, -1.34, Forward
1761479226922, -1.02, 5.23, -1.32, Forward
1761479226968, -0.96, 5.52, -1.36, Forward
1761479227017, -0.99, 5.19, -1.28, Forward
1761479227063, -1.07, 4.58, -1.15, Forward
1761479227108, -1.14, 3.97, -1.01, Forward
1761479227154, -1.12, 3.36, -0.91, Forward
1761479227202, -1.10, 3.02, -0.83, Forward
1761479227250, -1.14, 2.74, -0.78, Forward
1761479227324, -1.25, 2.78, -0.80, Forward
1761479227373, -1.24, 2.44, -0.71, Forward
1761479227421, -1.20, 2.00, -0.62, Forward
1761479227468, -1.17, 1.56, -0.54, Forward
1761479227514, -1.17, 1.66, -0.58, Forward
1761479227563, -1.12, 1.90, -0.67, Forward
1761479227606, -1.14, 2.11, -0.71, Forward
1761479227653, -1.13, 2.36, -0.77, Forward
1761479227701, -1.12, 2.19, -0.76, Forward
1761479227749, -1.20, 2.29, -0.81, Forward
1761479227794, -1.34, 1.96, -0.77, Forward
1761479227840, -1.42, 1.98, -0.80, Forward
1761479227886, -1.50, 2.12, -0.83, Forward
1761479227933, -1.60, 2.07, -0.85, Forward
1761479227982, -1.74, 1.65, -0.77, Forward
1761479228027, -1.88, 1.35, -0.69, Forward
1761479228074, -1.83, 1.09, -0.68, Forward
1761479228121, -1.83, 0.87, -0.64, Forward
1761479228168, -1.85, 0.60, -0.60, Forward
1761479228214, -1.76, 0.40, -0.56, Forward
1761479228258, -1.65, 0.22, -0.52, Forward
1761479228316, -1.58, -0.01, -0.48, Forward
1761479228378, -1.49, -0.13, -0.47, Forward
1761479228429, -1.37, -0.05, -0.47, Forward
1761479228475, -1.25, -0.06, -0.48, Forward
1761479228523, -1.19, -0.16, -0.45, Forward
1761479228590, -1.25, -0.25, -0.41, Forward
1761479228648, -1.31, -0.41, -0.37, Forward
1761479228694, -1.38, -0.48, -0.35, Forward
1761479228742, -1.38, -0.48, -0.35, Forward
1761479228787, -1.38, -0.48, -0.35, Forward
1761479228835, -1.49, -0.44, -0.35, Forward
1761479228882, -1.53, -0.56, -0.32, Forward
1761479228926, -1.58, -0.60, -0.28, Forward
1761479228974, -1.63, -0.76, -0.24, Forward
1761479229020, -1.60, -0.37, -0.32, Forward
1761479229071, -1.56, 0.02, -0.40, Forward
1761479229113, -1.53, 0.37, -0.47, Forward
1761479229191, -1.47, 0.46, -0.50, Forward
1761479229236, -1.44, 0.42, -0.48, Forward
1761479229284, -1.41, 0.45, -0.48, Forward
1761479229332, -1.26, 0.44, -0.48, Forward
1761479229379, -1.29, 0.69, -0.53, Forward
1761479229425, -1.30, 0.86, -0.59, Forward
1761479229472, -1.32, 1.09, -0.66, Forward
1761479229518, -1.40, 0.73, -0.64, Forward
1761479229567, -1.48, 0.38, -0.61, Forward
1761479229613, -1.53, 0.26, -0.62, Forward
1761479229658, -1.56, 0.35, -0.65, Forward
1761479229705, -1.65, 0.50, -0.72, Forward
1761479229752, -1.77, 0.51, -0.74, Forward
1761479229799, -1.92, 0.38, -0.73, Forward
1761479229851, -2.00, 0.04, -0.67, Forward
1761479229909, -2.04, -0.14, -0.66, Forward
1761479229954, -2.06, -0.04, -0.67, Forward
1761479230001, -2.02, 0.08, -0.70, Forward
1761479230051, -2.02, 0.08, -0.70, Forward
1761479230096, -2.01, 0.14, -0.68, Forward
1761479230146, -1.99, 0.24, -0.68, Forward
1761479230188, -1.97, 0.64, -0.68, Forward
1761479230238, -1.90, 1.04, -0.73, Forward
1761479230286, -1.85, 1.43, -0.76, Forward
1761479230331, -1.79, 1.81, -0.79, Forward
1761479230379, -1.76, 2.03, -0.77, Forward
1761479230423, -1.76, 2.03, -0.72, Forward
1761479230469, -1.76, 2.17, -0.69, Forward
1761479230523, -1.73, 2.57, -0.70, Forward
1761479230580, -1.75, 2.78, -0.70, Forward
1761479230626, -1.74, 3.12, -0.73, Forward
1761479230674, -1.71, 3.03, -0.75, Forward
1761479230720, -1.77, 2.79, -0.69, Forward
1761479230768, -1.78, 2.70, -0.68, Forward
1761479230813, -1.77, 2.74, -0.70, Forward
1761479230860, -1.75, 2.78, -0.72, Forward
1761479230907, -1.75, 2.78, -0.72, Forward
1761479230952, -1.78, 2.65, -0.68, Forward
1761479231000, -1.77, 2.52, -0.68, Forward
1761479231047, -1.76, 2.39, -0.67, Forward
1761479231091, -1.79, 2.09, -0.61, Forward
1761479231140, -1.83, 1.93, -0.56, Forward
1761479231195, -1.80, 2.06, -0.59, Forward
1761479231251, -1.77, 2.19, -0.63, Forward
1761479231298, -1.77, 2.05, -0.62, Forward
1761479231344, -1.73, 2.07, -0.67, Forward
1761479231391, -1.74, 1.66, -0.62, Forward
1761479231468, -1.78, 1.39, -0.62, Forward
1761479231518, -1.87, 1.07, -0.58, Forward
1761479231563, -1.93, 0.68, -0.50, Forward
1761479231609, -1.95, 0.47, -0.48, Forward
1761479231655, -1.96, 0.31, -0.47, Forward
1761479231703, -1.97, 0.31, -0.47, Forward
1761479231748, -2.01, 0.15, -0.41, Forward
1761479231797, -2.03, 0.12, -0.41, Forward
1761479231845, -2.08, -0.07, -0.36, Forward
1761479231890, -2.08, 0.17, -0.40, Forward
1761479231937, -2.05, 0.41, -0.38, Forward
1761479231984, -2.01, 0.57, -0.36, Forward
1761479232031, -1.95, 0.96, -0.44, Forward
1761479232077, -1.97, 1.01, -0.41, Forward
1761479232123, -1.99, 0.97, -0.39, Forward
1761479232171, -2.01, 0.75, -0.37, Forward
1761479232216, -1.97, 0.92, -0.42, Forward
1761479232265, -1.96, 1.10, -0.42, Forward
1761479232311, -1.99, 1.11, -0.37, Forward
1761479232357, -2.01, 1.15, -0.34, Forward
1761479232402, -1.95, 1.37, -0.42, Forward
1761479232456, -1.90, 1.58, -0.49, Forward
1761479232515, -1.88, 1.62, -0.51, Forward
1761479232560, -1.84, 1.79, -0.57, Forward
1761479232606, -1.80, 2.05, -0.61, Forward
1761479232653, -1.74, 2.27, -0.63, Forward
1761479232703, -1.71, 2.28, -0.63, Forward
1761479232749, -1.67, 2.28, -0.63, Forward
1761479232794, -1.56, 2.57, -0.72, Forward
1761479232842, -1.48, 2.74, -0.77, Forward
1761479232889, -1.46, 2.70, -0.74, Forward
1761479232935, -1.44, 2.65, -0.72, Forward
1761479232985, -1.42, 2.61, -0.70, Forward
1761479233032, -1.38, 2.61, -0.69, Forward
1761479233079, -1.33, 2.69, -0.70, Forward
1761479233129, -1.33, 2.69, -0.70, Forward
1761479233188, -1.43, 2.65, -0.70, Forward
1761479233234, -1.41, 2.90, -0.74, Forward
1761479233281, -1.45, 2.92, -0.72, Forward
1761479233325, -1.46, 2.80, -0.68, Forward
1761479233373, -1.50, 2.55, -0.60, Forward
1761479233419, -1.50, 2.55, -0.60, Forward
1761479233466, -1.51, 2.85, -0.67, Forward
1761479233515, -1.54, 3.03, -0.70, Forward
1761479233559, -1.58, 3.04, -0.67, Forward
1761479233604, -1.56, 3.30, -0.71, Forward
1761479233653, -1.50, 3.52, -0.75, Forward
1761479233701, -1.64, 3.40, -0.73, Forward
1761479233746, -1.64, 3.40, -0.73, Forward
1761479233804, -1.71, 3.73, -0.81, Forward
1761479233853, -1.77, 3.83, -0.84, Forward
1761479233902, -1.75, 4.08, -0.88, Forward
1761479233948, -1.73, 4.03, -0.86, Forward
1761479233995, -1.80, 3.69, -0.78, Forward
1761479234075, -1.80, 3.44, -0.74, Forward
1761479234119, -1.82, 3.07, -0.65, Forward
1761479234167, -1.90, 2.73, -0.58, Forward
1761479234212, -1.89, 2.48, -0.53, Forward
1761479234259, -1.88, 2.23, -0.48, Forward
1761479234305, -1.87, 1.81, -0.35, Forward
1761479234351, -1.77, 2.29, -0.42, Forward
1761479234399, -1.79, 2.35, -0.39, Forward
1761479234446, -1.82, 2.41, -0.37, Forward
1761479234492, -1.80, 2.75, -0.40, Forward
1761479234539, -1.88, 3.05, -0.42, Forward
1761479234586, -1.88, 3.48, -0.48, Forward
1761479234636, -1.79, 3.96, -0.54, Forward
1761479234680, -1.65, 4.16, -0.55, Forward
1761479234730, -1.63, 4.37, -0.58, Forward
1761479234774, -1.58, 4.55, -0.62, Forward
1761479234822, -1.56, 4.33, -0.59, Forward
1761479234868, -1.53, 4.11, -0.55, Forward
1761479234916, -1.49, 4.24, -0.60, Forward
1761479234961, -1.37, 4.50, -0.67, Forward
1761479235009, -1.27, 4.55, -0.68, Forward
1761479235066, -1.37, 4.33, -0.66, Forward
1761479235118, -1.52, 3.74, -0.58, Forward
1761479235166, -1.71, 3.13, -0.47, Forward
1761479235211, -1.91, 2.53, -0.35, Forward
1761479235257, -2.01, 2.60, -0.38, Forward
1761479235304, -2.18, 2.39, -0.35, Forward
1761479235351, -2.38, 1.82, -0.25, Forward
1761479235401, -2.58, 1.34, -0.15, Forward
1761479235459, -2.77, 0.86, -0.06, Forward
1761479235507, -2.89, 0.62, -0.08, Forward
1761479235552, -2.91, 0.52, -0.09, Forward
1761479235599, -2.87, 0.71, -0.14, Forward
1761479235646, -2.80, 1.13, -0.26, Forward
1761479235692, -2.65, 1.64, -0.40, Forward
1761479235739, -2.60, 1.43, -0.36, Forward
1761479235787, -2.52, 1.37, -0.37, Forward
1761479235836, -2.43, 1.92, -0.48, Forward
1761479235882, -2.35, 2.17, -0.54, Forward
1761479235926, -2.31, 2.12, -0.56, Forward
1761479235974, -2.30, 2.05, -0.53, Forward
1761479236021, -2.20, 1.99, -0.48, Forward
1761479236073, -2.20, 1.99, -0.48, Forward
1761479236131, -2.17, 2.12, -0.52, Forward
1761479236176, -2.16, 2.14, -0.52, Forward
1761479236222, -2.11, 2.32, -0.57, Forward
1761479236269, -2.07, 2.32, -0.57, Forward
1761479236317, -1.97, 2.20, -0.55, Forward
1761479236363, -1.89, 1.95, -0.51, Forward
1761479236414, -1.83, 1.90, -0.49, Forward
1761479236470, -1.75, 1.99, -0.50, Forward
1761479236518, -1.79, 2.09, -0.52, Forward
1761479236566, -1.73, 2.04, -0.50, Forward
1761479236610, -1.70, 1.85, -0.44, Forward
1761479236667, -1.76, 1.62, -0.39, Forward
1761479236720, -1.82, 1.39, -0.34, Forward
1761479236767, -1.87, 1.35, -0.34, Forward
1761479236816, -2.05, 1.06, -0.29, Forward
1761479236860, -2.21, 0.69, -0.27, Forward
1761479236906, -2.27, 0.57, -0.29, Forward
1761479236953, -2.33, 0.51, -0.29, Forward
1761479237002, -2.38, 0.38, -0.30, Forward
1761479237049, -2.42, 0.40, -0.32, Forward
1761479237092, -2.37, 0.75, -0.47, Forward
1761479237141, -2.30, 1.15, -0.65, Forward
1761479237187, -2.22, 1.77, -0.85, Forward
1761479237233, -2.15, 2.38, -1.04, Forward
1761479237281, -2.01, 2.96, -1.21, Forward
1761479237336, -1.91, 3.42, -1.33, Forward
1761479237389, -1.83, 3.76, -1.43, Forward
1761479237436, -1.78, 3.81, -1.52, Forward
1761479237486, -1.67, 4.12, -1.66, Forward
1761479237550, -1.67, 4.36, -1.78, Forward
1761479237608, -1.77, 4.19, -1.73, Forward
1761479237657, -1.88, 4.04, -1.69, Forward
1761479237704, -1.96, 3.65, -1.61, Forward
1761479237751, -2.04, 3.25, -1.53, Forward
1761479237798, -2.02, 3.04, -1.54, Forward
1761479237845, -1.93, 2.87, -1.55, Forward
1761479237891, -1.82, 2.91, -1.60, Forward
1761479237938, -1.72, 3.07, -1.65, Forward
1761479237984, -1.71, 2.96, -1.66, Forward
1761479238032, -1.66, 2.97, -1.71, Forward
1761479238078, -1.62, 3.05, -1.77, Forward
1761479238123, -1.51, 3.28, -1.88, Forward
1761479238170, -1.40, 3.43, -1.96, Forward
1761479238217, -1.34, 3.59, -2.06, Forward
1761479238263, -1.33, 3.70, -2.11, Forward
1761479238310, -1.36, 4.12, -2.21, Forward
1761479238357, -1.42, 4.25, -2.26, Forward
1761479238403, -1.44, 4.27, -2.26, Forward
1761479238454, -1.51, 4.36, -2.29, Forward
1761479238499, -1.51, 4.06, -2.24, Forward
1761479238546, -1.50, 4.12, -2.26, Forward
1761479238593, -1.53, 3.96, -2.21, Forward
1761479238640, -1.49, 4.04, -2.24, Forward
1761479238686, -1.38, 4.11, -2.25, Forward
1761479238735, -1.30, 4.08, -2.23, Forward
1761479238781, -1.26, 3.92, -2.18, Forward
1761479238827, -1.21, 3.85, -2.15, Forward
1761479238874, -1.24, 4.28, -2.31, Forward
1761479238921, -1.20, 4.90, -2.47, Forward
1761479238970, -1.02, 5.75, -2.67, Forward
1761479239017, -0.94, 6.25, -2.79, Forward
1761479239064, -0.85, 6.72, -2.90, Forward
1761479239109, -0.87, 7.07, -2.98, Forward
1761479239154, -0.90, 7.14, -3.01, Forward
1761479239201, -0.90, 7.23, -3.04, Forward
1761479239248, -0.89, 7.31, -3.06, Forward
1761479239294, -1.00, 7.40, -3.09, Forward
1761479239341, -1.06, 7.10, -2.98, Forward
1761479239387, -1.10, 6.60, -2.85, Forward
1761479239436, -1.27, 6.22, -2.75, Forward
1761479239482, -1.26, 5.76, -2.63, Forward
1761479239547, -1.45, 4.97, -2.46, Forward
1761479239611, -1.64, 4.34, -2.30, Forward
1761479239668, -1.78, 4.66, -2.35, Forward
1761479239713, -1.99, 4.31, -2.29, Forward
1761479239759, -2.08, 4.31, -2.24, Forward
1761479239819, -2.09, 4.22, -2.17, Forward
1761479239869, -2.11, 4.13, -2.10, Forward
1761479239917, -2.05, 4.05, -2.02, Forward
1761479239962, -2.07, 3.96, -1.95, Forward
1761479240008, -2.16, 3.78, -1.89, Forward
1761479240054, -2.10, 4.62, -1.99, Forward
1761479240104, -2.03, 5.16, -2.07, Forward
1761479240156, -2.03, 5.33, -2.09, Forward
1761479240210, -1.99, 6.14, -2.21, Forward
1761479240256, -2.02, 6.75, -2.32, Forward
1761479240305, -2.01, 7.19, -2.41, Forward
1761479240353, -1.94, 7.06, -2.37, Forward
1761479240399, -1.96, 7.09, -2.37, Forward
1761479240446, -1.97, 7.08, -2.36, Forward
1761479240491, -1.96, 7.19, -2.36, Forward
1761479240537, -1.88, 6.63, -2.24, Forward
1761479240588, -1.87, 6.11, -2.15, Forward
1761479240634, -1.71, 5.51, -1.99, Forward
1761479240680, -1.65, 5.00, -1.86, Forward
1761479240724, -1.63, 4.34, -1.74, Forward
1761479240772, -1.58, 3.87, -1.63, Forward
1761479240818, -1.53, 3.95, -1.65, Forward
1761479240866, -1.42, 3.95, -1.65, Forward
1761479240913, -1.30, 4.16, -1.68, Forward
1761479240959, -1.25, 4.39, -1.72, Forward
1761479241005, -1.20, 4.74, -1.80, Forward
1761479241053, -1.10, 5.09, -1.87, Forward
1761479241101, -1.12, 5.31, -1.91, Forward
1761479241148, -1.05, 5.47, -1.96, Forward
1761479241227, -0.98, 5.97, -2.04, Forward
1761479241273, -0.96, 6.30, -2.11, Forward
1761479241319, -0.99, 6.64, -2.18, Forward
1761479241367, -1.18, 7.03, -2.27, Forward
1761479241418, -1.22, 7.20, -2.32, Forward
1761479241476, -1.31, 7.38, -2.38, Forward
1761479241522, -1.34, 7.61, -2.45, Forward
1761479241569, -1.38, 7.91, -2.52, Forward
1761479241616, -1.40, 8.06, -2.57, Forward
1761479241665, -1.41, 8.37, -2.64, Forward
1761479241708, -1.43, 8.26, -2.65, Forward
1761479241755, -1.50, 8.39, -2.69, Forward
1761479241803, -1.57, 8.52, -2.74, Forward
1761479241851, -1.55, 8.51, -2.74, Forward
1761479241894, -1.62, 8.56, -2.76, Forward
1761479241940, -1.56, 8.38, -2.71, Forward
1761479241987, -1.62, 8.27, -2.68, Forward
1761479242036, -1.65, 8.04, -2.60, Forward
1761479242089, -1.69, 7.55, -2.48, Forward
1761479242145, -1.74, 7.04, -2.35, Forward
1761479242191, -1.77, 6.56, -2.22, Forward
1761479242237, -1.75, 6.05, -2.10, Forward
1761479242284, -1.71, 5.49, -1.95, Forward
1761479242362, -1.69, 4.98, -1.82, Forward
1761479242408, -1.65, 4.66, -1.71, Forward
1761479242454, -1.66, 4.57, -1.68, Forward
1761479242501, -1.64, 4.02, -1.57, Forward
1761479242547, -1.63, 3.91, -1.57, Forward
1761479242593, -1.64, 3.97, -1.59, Forward
1761479242640, -1.59, 4.05, -1.62, Forward
1761479242686, -1.60, 4.48, -1.72, Forward
1761479242735, -1.58, 4.41, -1.70, Forward
1761479242780, -1.58, 4.41, -1.70, Forward
1761479242827, -1.58, 4.41, -1.70, Forward
1761479242873, -1.64, 4.36, -1.73, Forward
1761479242920, -1.65, 4.18, -1.71, Forward
1761479242969, -1.59, 4.72, -1.81, Forward
1761479243019, -1.63, 4.97, -1.86, Forward
1761479243064, -1.63, 5.37, -1.96, Forward
1761479243110, -1.67, 5.54, -2.02, Forward
1761479243156, -1.66, 5.43, -2.03, Forward
1761479243203, -1.66, 5.75, -2.14, Forward
1761479243248, -1.62, 5.95, -2.20, Forward
1761479243294, -1.61, 6.21, -2.29, Forward
1761479243353, -1.49, 6.22, -2.28, Forward
1761479243405, -1.42, 6.35, -2.32, Forward
1761479243452, -1.46, 6.20, -2.31, Forward
1761479243499, -1.46, 5.96, -2.27, Forward
1761479243549, -1.46, 5.72, -2.23, Forward
1761479243591, -1.45, 5.72, -2.23, Forward
1761479243640, -1.40, 5.77, -2.25, Forward
1761479243689, -1.48, 5.92, -2.29, Forward
1761479243733, -1.60, 6.10, -2.35, Forward
1761479243781, -1.69, 6.15, -2.36, Forward
1761479243826, -1.83, 6.33, -2.42, Forward
1761479243873, -1.98, 6.51, -2.49, Forward
1761479243919, -2.07, 6.57, -2.50, Forward
1761479243967, -2.12, 6.76, -2.57, Forward
1761479244027, -2.19, 6.91, -2.61, Forward
1761479244076, -2.29, 6.97, -2.62, Forward
1761479244121, -2.41, 6.98, -2.62, Forward
1761479244170, -2.43, 6.89, -2.60, Forward
1761479244216, -2.43, 6.89, -2.60, Forward
1761479244262, -2.41, 6.94, -2.62, Forward
1761479244307, -2.36, 7.14, -2.69, Forward
1761479244364, -2.36, 7.19, -2.72, Forward
1761479244418, -2.35, 7.24, -2.74, Forward
1761479244466, -2.29, 7.24, -2.74, Forward
1761479244512, -2.20, 7.01, -2.67, Forward
1761479244558, -2.16, 7.38, -2.74, Forward
1761479244635, -2.08, 7.15, -2.67, Forward
1761479244685, -1.99, 6.92, -2.60, Forward
1761479244732, -1.99, 6.64, -2.52, Forward
1761479244778, -2.00, 6.32, -2.42, Forward
1761479244824, -2.00, 6.10, -2.35, Forward
1761479244888, -2.02, 6.36, -2.37, Forward
1761479244949, -2.02, 5.79, -2.23, Forward
1761479244994, -2.11, 6.23, -2.28, Forward
1761479245041, -2.21, 7.36, -2.53, Forward
1761479245089, -2.27, 7.97, -2.66, Forward
1761479245138, -2.38, 9.19, -2.93, Forward
1761479245182, -2.42, 10.68, -3.20, Right
1761479245229, -2.41, 12.26, -3.46, Right
1761479245288, -2.41, 13.96, -3.75, Right
1761479245338, -2.46, 13.67, -3.61, Right
1761479245385, -2.50, 13.59, -3.54, Right
1761479245432, -2.57, 14.53, -3.68, Right
1761479245479, -2.62, 15.82, -3.87, Right
1761479245524, -2.79, 15.61, -3.69, Right
1761479245571, -2.78, 13.83, -3.17, Right
1761479245620, -2.99, 11.68, -2.60, Right
1761479245666, -3.09, 11.13, -2.35, Right
1761479245711, -3.16, 10.53, -2.12, Right
1761479245756, -3.27, 10.89, -2.06, Right
1761479245804, -3.36, 12.98, -2.35, Right
1761479245849, -3.40, 13.22, -2.33, Right
1761479245898, -3.41, 13.57, -2.34, Right
1761479245941, -3.63, 13.18, -2.15, Right
1761479245987, -3.55, 13.38, -2.17, Right
1761479246037, -3.64, 14.93, -2.47, Right
1761479246084, -3.46, 16.92, -2.85, Right
1761479246130, -3.60, 16.71, -2.81, Right
1761479246177, -3.55, 16.89, -2.88, Right
1761479246235, -3.48, 15.00, -2.57, Right
1761479246288, -3.43, 13.38, -2.29, Right
1761479246334, -3.34, 12.15, -2.03, Right
1761479246380, -3.28, 10.63, -1.68, Right
1761479246425, -2.99, 8.82, -1.35, Forward
1761479246506, -2.92, 7.55, -1.11, Forward
1761479246552, -2.85, 6.38, -0.90, Forward
1761479246599, -2.78, 5.34, -0.69, Forward
1761479246647, -2.54, 4.33, -0.54, Forward
1761479246694, -2.51, 3.17, -0.32, Forward
1761479246757, -2.45, 3.18, -0.33, Forward
1761479246803, -2.27, 2.24, -0.16, Forward
1761479246850, -2.12, 2.63, -0.27, Forward
1761479246896, -1.95, 3.10, -0.41, Forward
1761479246944, -1.83, 3.30, -0.44, Forward
1761479246991, -1.67, 3.48, -0.45, Forward
1761479247037, -1.55, 3.60, -0.49, Forward
1761479247098, -1.47, 3.41, -0.48, Forward
1761479247149, -1.42, 3.54, -0.52, Forward
1761479247195, -1.35, 3.50, -0.52, Forward
1761479247238, -1.25, 3.34, -0.49, Forward
1761479247286, -1.36, 3.56, -0.56, Forward
1761479247332, -1.48, 3.37, -0.54, Forward
1761479247377, -1.65, 2.92, -0.44, Forward
1761479247436, -1.82, 2.49, -0.42, Forward
1761479247486, -1.98, 2.57, -0.47, Forward
1761479247535, -1.99, 2.55, -0.44, Forward
1761479247583, -2.04, 2.80, -0.48, Forward
1761479247625, -2.09, 3.14, -0.56, Forward
1761479247674, -2.14, 3.39, -0.61, Forward
1761479247719, -2.34, 2.99, -0.52, Forward
1761479247769, -2.34, 2.95, -0.46, Forward
1761479247827, -2.35, 2.88, -0.38, Forward
1761479247876, -2.29, 3.14, -0.39, Forward
1761479247921, -2.25, 3.21, -0.32, Forward
1761479247970, -2.21, 2.79, -0.19, Forward
1761479248047, -2.28, 2.60, -0.10, Forward
1761479248094, -2.42, 2.20, 0.05, Forward
1761479248139, -2.31, 1.94, 0.12, Forward
1761479248187, -2.05, 1.96, 0.15, Forward
1761479248235, -1.82, 2.16, 0.12, Forward
1761479248295, -1.79, 2.38, 0.02, Forward
1761479248345, -1.77, 2.76, -0.06, Forward
1761479248390, -1.79, 2.82, -0.10, Forward
1761479248437, -1.75, 2.99, -0.17, Forward
1761479248486, -1.70, 3.18, -0.24, Forward
1761479248532, -1.67, 3.27, -0.33, Forward
1761479248577, -1.56, 3.49, -0.46, Forward
1761479248637, -1.74, 3.08, -0.39, Forward
1761479248688, -2.00, 3.56, -0.47, Forward
1761479248734, -2.11, 4.91, -0.71, Forward
1761479248780, -2.06, 6.33, -0.91, Forward
1761479248825, -1.96, 7.45, -1.14, Forward
1761479248873, -1.81, 7.91, -1.21, Forward
1761479248921, -1.63, 8.36, -1.28, Forward
1761479248970, -1.53, 8.84, -1.37, Forward
1761479249013, -1.39, 8.71, -1.26, Forward
1761479249059, -1.28, 8.94, -1.29, Forward
1761479249107, -1.13, 9.69, -1.44, Forward
1761479249182, -0.98, 9.00, -1.33, Forward
1761479249245, -0.84, 8.03, -1.17, Forward
1761479249294, -0.80, 7.12, -1.03, Forward
1761479249340, -0.78, 6.10, -0.84, Forward
1761479249386, -0.80, 5.81, -0.79, Forward
1761479249435, -0.95, 5.46, -0.73, Forward
1761479249484, -1.03, 5.03, -0.64, Forward
1761479249528, -1.13, 5.32, -0.78, Forward
1761479249575, -1.11, 5.23, -0.76, Forward
1761479249623, -1.14, 4.86, -0.66, Forward
1761479249670, -1.19, 5.11, -0.73, Forward
1761479249714, -1.27, 5.22, -0.76, Forward
1761479249761, -1.28, 5.09, -0.77, Forward
1761479249811, -1.31, 4.84, -0.73, Forward
1761479249856, -1.44, 5.01, -0.80, Forward
1761479249904, -1.46, 5.21, -0.86, Forward
1761479249949, -1.39, 5.65, -0.99, Forward
1761479249995, -1.34, 6.03, -1.09, Forward
1761479250039, -1.44, 6.21, -1.15, Forward
1761479250088, -1.44, 6.52, -1.23, Forward
1761479250135, -1.52, 6.62, -1.26, Forward
1761479250180, -1.52, 6.61, -1.26, Forward
1761479250236, -1.34, 6.21, -1.21, Forward
1761479250288, -1.17, 6.20, -1.24, Forward
1761479250337, -0.90, 5.97, -1.20, Forward
1761479250380, -0.66, 5.77, -1.17, Forward
1761479250428, -0.48, 5.30, -1.04, Forward
1761479250474, -0.49, 4.85, -0.92, Forward
1761479250519, -0.54, 4.40, -0.85, Forward
1761479250569, -0.61, 3.93, -0.79, Forward
1761479250616, -0.63, 3.30, -0.67, Forward
1761479250664, -0.73, 2.78, -0.57, Forward
1761479250710, -1.02, 2.65, -0.53, Forward
1761479250754, -1.29, 2.56, -0.50, Forward
1761479250803, -1.55, 2.43, -0.50, Forward
1761479250851, -1.80, 2.49, -0.56, Forward
1761479250907, -2.07, 2.58, -0.65, Forward
1761479250962, -2.17, 2.61, -0.71, Forward
1761479251008, -2.16, 2.76, -0.75, Forward
1761479251054, -2.12, 2.87, -0.77, Forward
1761479251112, -2.12, 3.09, -0.84, Forward
1761479251159, -2.12, 3.30, -0.90, Forward
1761479251207, -2.07, 3.42, -0.93, Forward
1761479251254, -2.03, 3.54, -0.95, Forward
1761479251301, -2.00, 3.55, -0.94, Forward
1761479251348, -2.02, 3.51, -0.92, Forward
1761479251392, -2.09, 3.49, -0.91, Forward
1761479251450, -2.12, 3.52, -0.88, Forward
1761479251504, -2.15, 3.90, -0.93, Forward
1761479251549, -2.23, 4.23, -0.96, Forward
1761479251593, -2.25, 4.57, -0.99, Forward
1761479251640, -2.25, 4.70, -1.04, Forward
1761479251687, -2.35, 5.01, -1.12, Forward
1761479251735, -2.45, 5.39, -1.19, Forward
1761479251786, -2.48, 5.63, -1.25, Forward
1761479251842, -2.56, 5.77, -1.26, Forward
1761479251888, -2.62, 5.67, -1.25, Forward
1761479251937, -2.66, 5.45, -1.23, Forward
1761479251980, -2.59, 4.77, -1.12, Forward
1761479252028, -2.67, 4.28, -1.10, Forward
1761479252073, -2.76, 3.88, -1.07, Forward
1761479252120, -2.85, 3.79, -1.05, Forward
1761479252168, -2.92, 3.72, -1.03, Forward
1761479252214, -2.99, 3.49, -1.02, Forward
1761479252259, -3.11, 3.36, -0.99, Forward
1761479252308, -3.11, 3.39, -1.01, Forward
1761479252354, -3.07, 3.58, -1.08, Forward
1761479252399, -2.96, 3.90, -1.20, Forward
1761479252446, -2.91, 4.20, -1.26, Forward
1761479252507, -2.82, 4.39, -1.23, Forward
1761479252554, -2.70, 4.55, -1.24, Forward
1761479252601, -2.63, 4.44, -1.15, Forward
1761479252647, -2.41, 4.33, -1.15, Forward
1761479252695, -2.26, 4.19, -1.13, Forward
1761479252740, -2.18, 3.78, -1.11, Forward
1761479252787, -2.13, 3.69, -1.12, Forward
1761479252842, -2.10, 3.39, -1.07, Forward
1761479252897, -2.21, 2.71, -0.95, Forward
1761479252939, -2.36, 2.19, -0.88, Forward
1761479252986, -2.35, 2.19, -0.94, Forward
1761479253048, -2.36, 2.07, -0.95, Forward
1761479253097, -2.45, 1.85, -0.98, Forward
1761479253143, -2.60, 1.41, -0.89, Forward
1761479253188, -2.79, 1.07, -0.85, Forward
1761479253238, -2.79, 1.39, -0.91, Forward
1761479253282, -2.88, 1.38, -0.85, Forward
1761479253328, -2.98, 1.55, -0.83, Forward
1761479253388, -3.06, 2.06, -0.87, Forward
1761479253437, -3.13, 2.60, -0.92, Forward
1761479253485, -3.12, 2.61, -0.95, Forward
1761479253532, -3.10, 2.46, -0.95, Forward
1761479253579, -2.85, 2.81, -0.99, Forward
1761479253624, -2.70, 3.12, -1.04, Forward
1761479253672, -2.63, 3.38, -1.11, Forward
1761479253722, -2.67, 3.66, -1.12, Forward
1761479253780, -2.65, 3.77, -1.17, Forward
1761479253827, -2.58, 3.43, -1.13, Forward
1761479253878, -2.52, 3.09, -1.08, Forward
1761479253921, -2.37, 3.03, -1.05, Forward
1761479253982, -2.47, 3.05, -0.99, Forward
1761479254033, -2.59, 3.25, -0.95, Forward
1761479254076, -2.71, 3.07, -0.91, Forward
1761479254124, -2.80, 3.19, -0.90, Forward
1761479254172, -2.70, 3.42, -0.84, Forward
1761479254219, -2.60, 3.20, -0.74, Forward
1761479254264, -2.54, 2.56, -0.57, Forward
1761479254315, -2.44, 2.67, -0.52, Forward
1761479254373, -2.33, 3.35, -0.56, Forward
1761479254421, -2.26, 3.79, -0.61, Forward
1761479254467, -2.14, 3.97, -0.58, Forward
1761479254515, -1.93, 3.95, -0.54, Forward
1761479254561, -1.90, 4.02, -0.49, Forward
1761479254607, -1.88, 4.44, -0.57, Forward
1761479254653, -1.73, 4.87, -0.67, Forward
1761479254702, -1.61, 5.35, -0.75, Forward
1761479254749, -1.41, 6.06, -0.94, Forward
1761479254806, -1.29, 5.93, -0.93, Forward
1761479254854, -1.17, 5.77, -0.96, Forward
1761479254901, -1.10, 5.54, -0.97, Forward
1761479254949, -0.81, 5.44, -1.00, Forward
1761479254994, -0.67, 5.29, -1.01, Forward
1761479255040, -0.47, 5.21, -1.04, Forward
1761479255087, -0.28, 4.90, -1.02, Forward
1761479255137, -0.27, 4.34, -0.96, Forward
1761479255185, -0.34, 3.84, -0.93, Forward
1761479255244, -0.45, 3.51, -0.86, Forward
1761479255291, -0.51, 3.69, -0.92, Forward
1761479255339, -0.60, 3.49, -0.86, Forward
1761479255385, -0.61, 3.23, -0.82, Forward
1761479255435, -0.80, 3.19, -0.82, Forward
1761479255480, -0.91, 3.47, -0.89, Forward
1761479255525, -1.05, 3.95, -0.98, Forward
1761479255595, -1.12, 4.10, -1.00, Forward
1761479255652, -1.03, 4.27, -0.99, Forward
1761479255698, -0.94, 4.54, -1.00, Forward
1761479255746, -0.87, 4.70, -1.01, Forward
1761479255790, -0.79, 4.99, -1.05, Forward
1761479255848, -0.72, 4.97, -1.03, Forward
1761479255901, -0.72, 5.11, -1.02, Forward
1761479255959, -0.69, 5.15, -1.03, Forward
1761479256005, -0.68, 5.10, -1.00, Forward
1761479256052, -0.40, 4.91, -0.96, Forward
1761479256101, -0.23, 4.75, -0.93, Forward
1761479256149, -0.27, 4.79, -0.95, Forward
1761479256194, -0.27, 4.95, -1.00, Forward
1761479256241, -0.24, 5.21, -1.05, Forward
1761479256288, -0.26, 5.37, -1.11, Forward
1761479256336, -0.28, 5.72, -1.20, Forward
1761479256383, -0.32, 5.98, -1.26, Forward
1761479256428, -0.38, 6.19, -1.30, Forward
1761479256473, -0.43, 6.33, -1.36, Forward
1761479256523, -0.70, 6.37, -1.38, Forward
1761479256569, -0.90, 6.35, -1.39, Forward
1761479256617, -0.97, 6.27, -1.36, Forward
1761479256660, -1.01, 5.99, -1.30, Forward
1761479256709, -1.07, 5.40, -1.18, Forward
1761479256753, -1.12, 4.99, -1.09, Forward
1761479256800, -1.11, 4.86, -1.08, Forward
1761479256857, -1.05, 4.40, -0.95, Forward
1761479256910, -0.98, 3.96, -0.82, Forward
1761479256955, -0.96, 3.61, -0.70, Forward
1761479257004, -0.96, 3.15, -0.55, Forward
1761479257049, -0.95, 3.06, -0.43, Forward
1761479257096, -0.99, 2.94, -0.40, Forward
1761479257142, -0.82, 2.81, -0.35, Forward
1761479257193, -0.71, 2.85, -0.30, Forward
1761479257252, -0.59, 2.94, -0.22, Forward
1761479257297, -0.60, 2.52, -0.07, Forward
1761479257343, -0.62, 2.39, -0.03, Forward
1761479257389, -0.65, 2.16, 0.01, Forward
1761479257468, -0.65, 2.24, -0.01, Forward
1761479257518, -0.63, 2.43, -0.07, Forward
1761479257563, -0.62, 2.38, -0.09, Forward
1761479257607, -0.58, 2.36, -0.07, Forward
1761479257653, -0.74, 2.36, -0.06, Forward
1761479257701, -0.83, 2.49, -0.13, Forward
1761479257747, -0.90, 2.52, -0.19, Forward
1761479257803, -0.88, 2.73, -0.26, Forward
1761479257856, -0.83, 3.13, -0.39, Forward
1761479257904, -0.81, 3.31, -0.46, Forward
1761479257951, -0.81, 3.31, -0.46, Forward
1761479257997, -0.84, 3.51, -0.48, Forward
1761479258058, -0.92, 3.53, -0.50, Forward
1761479258105, -1.01, 3.52, -0.50, Forward
1761479258153, -1.11, 3.51, -0.50, Forward
1761479258198, -1.20, 3.36, -0.45, Forward
1761479258245, -1.30, 3.32, -0.40, Forward
1761479258289, -1.41, 3.28, -0.35, Forward
1761479258337, -1.49, 3.05, -0.23, Forward
1761479258394, -1.59, 3.17, -0.20, Forward
1761479258446, -1.66, 3.14, -0.15, Forward
1761479258492, -1.67, 2.81, -0.07, Forward
1761479258537, -1.64, 2.64, 0.00, Forward
1761479258584, -1.62, 2.63, 0.05, Forward
1761479258632, -1.59, 2.61, 0.10, Forward
1761479258675, -1.53, 2.72, 0.08, Forward
1761479258735, -1.45, 2.89, 0.03, Forward
1761479258784, -1.37, 2.82, 0.02, Forward
1761479258833, -1.35, 2.73, -0.03, Forward
1761479258877, -1.31, 2.59, -0.06, Forward
1761479258924, -1.28, 2.45, -0.08, Forward
1761479258971, -1.26, 2.57, -0.12, Forward
1761479259017, -1.23, 2.74, -0.15, Forward
1761479259067, -1.17, 2.84, -0.18, Forward
1761479259115, -1.11, 2.94, -0.21, Forward
1761479259159, -1.10, 2.76, -0.19, Forward
1761479259204, -1.09, 2.42, -0.15, Forward
1761479259253, -1.09, 2.37, -0.17, Forward
1761479259300, -1.09, 2.37, -0.17, Forward
1761479259345, -1.12, 2.25, -0.14, Forward
1761479259405, -1.12, 2.25, -0.14, Forward
1761479259453, -1.12, 2.10, -0.13, Forward
1761479259500, -1.15, 1.77, -0.10, Forward
1761479259545, -1.21, 1.42, -0.06, Forward
1761479259592, -1.26, 1.52, -0.10, Forward
1761479259640, -1.33, 1.39, -0.08, Forward
1761479259687, -1.37, 1.62, -0.14, Forward
1761479259740, -1.49, 1.92, -0.17, Forward
1761479259795, -1.62, 2.22, -0.21, Forward
1761479259841, -1.71, 2.65, -0.28, Forward
1761479259887, -1.83, 2.95, -0.32, Forward
1761479259933, -1.95, 3.10, -0.35, Forward
1761479259998, -1.95, 3.56, -0.43, Forward
1761479260041, -2.04, 3.98, -0.50, Forward
1761479260088, -2.13, 3.94, -0.49, Forward
1761479260135, -2.20, 4.41, -0.57, Forward
1761479260183, -2.29, 4.53, -0.57, Forward
1761479260228, -2.29, 4.53, -0.57, Forward
1761479260275, -2.28, 4.46, -0.55, Forward
1761479260330, -2.28, 4.46, -0.55, Forward
1761479260386, -2.28, 4.46, -0.55, Forward
1761479260430, -2.28, 4.61, -0.55, Forward
1761479260476, -2.37, 4.58, -0.55, Forward
1761479260525, -2.36, 4.50, -0.52, Forward
1761479260572, -2.34, 4.42, -0.50, Forward
1761479260618, -2.08, 4.23, -0.52, Forward
1761479260666, -1.82, 4.32, -0.57, Forward
1761479260712, -1.57, 4.40, -0.62, Forward
1761479260757, -1.49, 4.17, -0.60, Forward
1761479260804, -1.40, 3.85, -0.57, Forward
1761479260851, -1.39, 3.47, -0.52, Forward
1761479260897, -1.38, 2.95, -0.47, Forward
1761479260941, -1.37, 2.56, -0.43, Forward
1761479261002, -1.38, 2.25, -0.40, Forward
1761479261053, -1.37, 1.98, -0.40, Forward
1761479261114, -1.52, 2.15, -0.41, Forward
1761479261159, -1.65, 2.05, -0.39, Forward
1761479261204, -1.79, 1.95, -0.37, Forward
1761479261253, -1.79, 2.13, -0.41, Forward
1761479261298, -1.76, 2.42, -0.47, Forward
1761479261343, -1.67, 2.46, -0.48, Forward
1761479261390, -1.58, 2.63, -0.48, Forward
1761479261438, -1.58, 2.63, -0.48, Forward
1761479261481, -1.48, 2.67, -0.48, Forward
1761479261527, -1.38, 2.86, -0.48, Forward
1761479261575, -1.38, 2.72, -0.43, Forward
1761479261620, -1.40, 2.76, -0.41, Forward
1761479261676, -1.40, 2.56, -0.35, Forward
1761479261729, -1.37, 2.64, -0.34, Forward
1761479261774, -1.38, 2.41, -0.28, Forward
1761479261821, -1.34, 2.34, -0.26, Forward
1761479261868, -1.33, 2.72, -0.32, Forward
1761479261948, -1.24, 2.96, -0.37, Forward
1761479261994, -1.24, 3.16, -0.42, Forward
1761479262042, -1.21, 3.82, -0.61, Forward
1761479262087, -1.15, 4.02, -0.69, Forward
1761479262132, -1.07, 4.09, -0.77, Forward
1761479262180, -1.01, 4.40, -0.89, Forward
1761479262226, -0.96, 4.53, -0.98, Forward
1761479262275, -0.98, 4.79, -1.07, Forward
1761479262321, -1.04, 5.21, -1.18, Forward
1761479262369, -1.06, 5.19, -1.22, Forward
1761479262413, -0.97, 5.44, -1.31, Forward
1761479262460, -0.90, 5.73, -1.40, Forward
1761479262509, -0.89, 5.38, -1.33, Forward
1761479262553, -0.88, 5.75, -1.41, Forward
1761479262603, -0.88, 6.07, -1.46, Forward
1761479262661, -0.86, 6.56, -1.57, Forward
1761479262709, -0.85, 6.67, -1.61, Forward
1761479262754, -0.73, 6.81, -1.65, Forward
1761479262802, -0.60, 6.95, -1.69, Forward
1761479262847, -0.51, 7.15, -1.75, Forward
1761479262892, -0.51, 7.33, -1.77, Forward
1761479262939, -0.49, 7.48, -1.78, Forward
1761479262988, -0.46, 7.62, -1.79, Forward
1761479263033, -0.51, 7.58, -1.78, Forward
1761479263081, -0.56, 7.55, -1.76, Forward
1761479263124, -0.60, 6.75, -1.58, Forward
1761479263173, -0.64, 6.26, -1.46, Forward
1761479263219, -0.65, 6.11, -1.45, Forward
1761479263275, -0.65, 6.22, -1.50, Forward
1761479263328, -0.66, 6.13, -1.47, Forward
1761479263377, -0.68, 5.95, -1.46, Forward
1761479263422, -0.69, 5.61, -1.43, Forward
1761479263482, -0.68, 5.22, -1.38, Forward
1761479263530, -0.60, 4.74, -1.31, Forward
1761479263578, -0.55, 4.32, -1.26, Forward
1761479263622, -0.51, 4.51, -1.28, Forward
1761479263668, -0.48, 4.68, -1.33, Forward
1761479263715, -0.56, 4.83, -1.34, Forward
1761479263760, -0.66, 4.71, -1.29, Forward
1761479263806, -0.73, 4.68, -1.33, Forward
1761479263855, -0.79, 4.81, -1.38, Forward
1761479263899, -0.94, 4.60, -1.37, Forward
1761479263943, -0.99, 4.60, -1.42, Forward
1761479263991, -1.10, 4.50, -1.44, Forward
1761479264040, -1.17, 4.39, -1.46, Forward
1761479264084, -1.27, 4.35, -1.55, Forward
1761479264131, -1.38, 4.12, -1.54, Forward
1761479264176, -1.35, 3.78, -1.51, Forward
1761479264221, -1.33, 3.43, -1.49, Forward
1761479264271, -1.30, 3.15, -1.43, Forward
1761479264318, -1.28, 2.70, -1.36, Forward
1761479264362, -1.18, 2.75, -1.36, Forward
1761479264408, -1.20, 2.65, -1.33, Forward
1761479264455, -1.16, 2.65, -1.33, Forward
1761479264504, -1.14, 2.60, -1.30, Forward
1761479264548, -1.10, 2.75, -1.30, Forward
1761479264594, -1.04, 3.17, -1.38, Forward
1761479264639, -1.10, 3.15, -1.34, Forward
1761479264686, -1.12, 3.47, -1.36, Forward
1761479264735, -1.15, 3.79, -1.38, Forward
1761479264778, -1.17, 4.11, -1.40, Forward
1761479264825, -1.18, 4.38, -1.39, Forward
1761479264872, -1.13, 4.37, -1.33, Forward
1761479264920, -1.08, 4.36, -1.27, Forward
1761479264966, -1.00, 4.46, -1.25, Forward
1761479265013, -0.91, 4.45, -1.19, Forward
1761479265059, -0.88, 4.38, -1.16, Forward
1761479265107, -0.76, 4.55, -1.19, Forward
1761479265156, -0.75, 4.35, -1.16, Forward
1761479265201, -0.72, 4.21, -1.15, Forward
1761479265248, -0.71, 3.90, -1.14, Forward
1761479265291, -0.72, 4.01, -1.22, Forward
1761479265340, -0.75, 4.37, -1.36, Forward
1761479265387, -0.91, 4.61, -1.44, Forward
1761479265431, -1.12, 4.92, -1.51, Forward
1761479265478, -1.32, 4.63, -1.52, Forward
1761479265524, -1.46, 4.44, -1.52, Forward
1761479265573, -1.65, 4.36, -1.52, Forward
1761479265618, -1.67, 4.54, -1.54, Forward
1761479265677, -1.69, 4.86, -1.55, Forward
1761479265728, -1.70, 5.34, -1.58, Forward
1761479265773, -1.70, 5.45, -1.52, Forward
1761479265821, -1.86, 5.12, -1.38, Forward
1761479265885, -1.81, 4.75, -1.20, Forward
1761479265930, -1.73, 4.71, -1.09, Forward
1761479265975, -1.69, 4.70, -0.95, Forward
1761479266021, -1.67, 4.93, -0.83, Forward
1761479266073, -1.61, 5.11, -0.74, Forward
1761479266131, -1.65, 5.06, -0.63, Forward
1761479266177, -1.70, 4.83, -0.51, Forward
1761479266226, -1.66, 4.48, -0.38, Forward
1761479266271, -1.73, 4.22, -0.29, Forward
1761479266321, -1.64, 3.91, -0.21, Forward
1761479266370, -1.62, 4.03, -0.27, Forward
1761479266415, -1.65, 3.93, -0.25, Forward
1761479266491, -1.78, 4.06, -0.32, Forward
1761479266539, -1.90, 3.87, -0.32, Forward
1761479266588, -2.07, 3.62, -0.31, Forward
1761479266631, -2.21, 3.60, -0.32, Forward
1761479266679, -2.26, 3.61, -0.39, Forward
1761479266724, -2.41, 3.73, -0.45, Forward
1761479266773, -2.36, 3.97, -0.52, Forward
1761479266819, -2.33, 4.33, -0.60, Forward
1761479266866, -2.25, 4.63, -0.64, Forward
1761479266913, -2.27, 4.58, -0.66, Forward
1761479266958, -2.03, 4.75, -0.70, Forward
1761479267007, -1.69, 5.03, -0.76, Forward
1761479267054, -1.31, 5.34, -0.83, Forward
1761479267101, -1.09, 5.33, -0.84, Forward
1761479267146, -0.95, 5.48, -0.83, Forward
1761479267223, -0.81, 5.75, -0.83, Forward
1761479267274, -0.74, 5.82, -0.79, Forward
1761479267318, -0.69, 6.30, -0.83, Forward
1761479267362, -0.72, 5.82, -0.58, Forward
1761479267417, -0.51, 6.05, -0.49, Forward
1761479267474, -0.55, 6.18, -0.39, Forward
1761479267520, -0.71, 6.20, -0.26, Forward
1761479267568, -0.87, 6.21, -0.12, Forward
1761479267625, -0.92, 6.27, -0.01, Forward
1761479267692, -0.90, 6.14, 0.14, Forward
1761479267737, -1.00, 5.89, 0.28, Forward
1761479267784, -1.06, 5.68, 0.40, Forward
1761479267832, -1.15, 5.47, 0.52, Forward
1761479267879, -1.10, 6.08, 0.36, Forward
1761479267926, -1.13, 6.19, 0.35, Forward
1761479267973, -1.09, 6.42, 0.25, Forward
1761479268025, -1.03, 6.36, 0.20, Forward
1761479268082, -1.08, 6.25, 0.17, Forward
1761479268128, -1.02, 6.07, 0.18, Forward
1761479268176, -1.03, 6.21, 0.09, Forward
1761479268222, -0.83, 6.40, -0.00, Forward
1761479268283, -0.69, 6.73, -0.15, Forward
1761479268333, -0.53, 7.24, -0.33, Forward
1761479268377, -0.48, 7.43, -0.44, Forward
1761479268423, -0.46, 7.33, -0.53, Forward
1761479268472, -0.42, 7.15, -0.53, Forward
1761479268518, -0.38, 7.34, -0.63, Forward
1761479268564, -0.17, 7.66, -0.72, Forward
1761479268621, -0.13, 8.45, -0.93, Forward
1761479268674, -0.09, 8.93, -1.07, Forward
1761479268721, -0.08, 9.32, -1.23, Forward
1761479268768, -0.03, 9.31, -1.28, Forward
1761479268816, 0.05, 9.30, -1.28, Forward
1761479268875, 0.01, 9.60, -1.35, Forward
1761479268922, 0.11, 9.86, -1.37, Forward
1761479268968, 0.26, 10.11, -1.35, Right
1761479269015, 0.42, 10.42, -1.39, Right
1761479269060, 0.50, 10.83, -1.37, Right
1761479269108, 0.70, 10.90, -1.30, Right
1761479269155, 1.03, 10.50, -1.08, Right
1761479269201, 1.28, 10.49, -0.89, Right
1761479269248, 1.51, 10.57, -0.71, Right
1761479269294, 1.54, 10.43, -0.51, Right
1761479269341, 1.74, 10.39, -0.37, Right
1761479269388, 1.76, 10.35, -0.24, Right
1761479269435, 1.71, 10.32, -0.17, Right
1761479269481, 1.72, 10.16, -0.06, Right
1761479269525, 1.62, 9.99, -0.01, Forward
1761479269573, 1.30, 10.13, -0.03, Right
1761479269627, 0.86, 10.55, -0.11, Right
1761479269682, 0.46, 10.52, -0.08, Right
1761479269728, 0.03, 10.78, -0.10, Right
1761479269775, -0.29, 11.00, -0.12, Right
1761479269821, -0.66, 11.30, -0.12, Right
1761479269899, -1.00, 11.30, -0.02, Right
1761479269949, -1.32, 11.27, 0.09, Right
1761479269993, -1.67, 11.26, 0.19, Right
1761479270039, -1.90, 11.08, 0.32, Right
1761479270086, -2.09, 10.80, 0.48, Right
1761479270131, -2.26, 10.70, 0.60, Right
1761479270176, -2.43, 10.91, 0.61, Right
1761479270237, -2.60, 10.95, 0.59, Right
1761479270287, -2.66, 11.16, 0.50, Right
1761479270331, -2.97, 10.88, 0.57, Right
1761479270376, -3.26, 11.72, 0.37, Right
1761479270423, -3.46, 11.95, 0.28, Right
1761479270473, -3.78, 12.59, 0.20, Right
1761479270519, -4.04, 12.10, 0.27, Right
1761479270564, -4.14, 10.80, 0.64, Right
1761479270614, -4.38, 9.27, 1.00, Forward
1761479270658, -5.41, 5.49, 1.70, Forward
1761479270705, -6.56, 1.60, 2.39, Forward
1761479270753, -7.95, -2.63, 3.16, Forward
1761479270798, -9.13, -6.69, 3.76, Forward
1761479363747, -13.25, -12.04, 2.32, Left
1761479363805, -16.87, -15.81, 1.39, Left
1761479363851, -20.38, -20.01, 0.37, Left
1761479363900, -23.88, -22.67, -0.66, Left
1761479363947, -27.47, -24.70, -2.04, Left
1761479363992, -31.03, -26.41, -3.36, Left
1761479364042, -33.81, -26.18, -4.97, Left
1761479364086, -35.90, -25.42, -6.33, Left
1761479364138, -37.72, -24.76, -7.86, Left
1761479364197, -39.62, -24.00, -9.32, Left
1761479364245, -38.63, -22.89, -8.78, Left
1761479364293, -38.25, -23.04, -9.01, Left
1761479364337, -37.69, -22.45, -8.79, Left
1761479364401, -37.53, -22.90, -9.05, Left
1761479364448, -37.26, -23.40, -9.21, Left
1761479364494, -36.83, -23.82, -9.45, Left
1761479364539, -36.53, -24.26, -9.70, Left
1761479364587, -36.55, -24.09, -9.72, Left
1761479364632, -36.79, -24.11, -9.87, Left
1761479364681, -36.96, -23.56, -9.70, Left
1761479364734, -37.15, -22.66, -9.35, Left
1761479364788, -37.29, -21.37, -8.81, Left
1761479364832, -37.51, -20.47, -8.47, Left
1761479364879, -37.58, -19.41, -8.09, Left
1761479364928, -34.29, -17.50, -24.72, Left
1761479364975, -34.13, -15.98, -24.11, Left
1761479365020, -33.72, -14.83, -23.65, Left
1761479365067, -34.08, -15.51, -24.02, Left
1761479365116, -34.21, -15.53, -24.12, Left
1761479365162, -34.27, -15.99, -24.40, Left
1761479365205, -34.34, -16.47, -24.69, Left
1761479365255, -34.48, -17.27, -25.10, Left
1761479365316, -34.72, -18.14, -25.48, Left
1761479365360, -34.43, -15.88, -24.62, Left
1761479365409, -37.73, -13.66, -6.59, Left
1761479365456, -38.06, -12.63, -6.22, Left
1761479365503, -38.44, -11.08, -5.66, Left
1761479365548, -38.74, -8.68, -4.70, Down
1761479365613, -39.22, -8.01, -4.41, Down
1761479365678, -37.01, -4.01, -21.79, Down
1761479365734, -34.80, 0.27, -39.19, Down
1761479365782, -32.85, 4.50, -56.42, Down
1761479365828, -30.89, 8.19, -73.74, Down
1761479365876, -29.46, 8.70, -91.85, Down
1761479365922, -27.72, 8.68, -110.12, Down
1761479365966, -28.50, 8.52, -109.98, Down
1761479366013, -29.44, 7.92, -109.93, Down
1761479366061, -27.11, 8.83, -127.67, Down
1761479366105, -24.46, 11.82, -144.81, Right
1761479366150, -24.66, 10.57, -144.39, Right
1761479366198, -24.21, 7.68, -143.70, Down
1761479366247, -23.64, 5.71, -143.23, Down
1761479366293, -25.96, 1.11, -126.21, Down
1761479366338, -28.06, -2.79, -109.27, Down
1761479366386, -30.68, -6.78, -92.53, Down
1761479366430, -30.80, -9.54, -93.88, Down
1761479368568, -28.48, -13.73, -94.60, Left
1761479368624, -28.45, -19.67, -77.29, Left
1761479368674, -29.16, -26.14, -60.09, Left
1761479368721, -29.55, -32.02, -42.71, Left
1761479368767, -37.98, -37.64, -29.10, Left
1761479368814, -46.32, -43.86, -15.58, Left
1761479368875, -42.83, -45.37, -13.93, Left
1761479368924, -39.30, -46.90, -12.46, Left
1761479368971, -35.38, -48.62, -10.79, Left
1761479369020, -29.53, -47.22, -25.52, Left
1761479369065, -25.86, -44.14, -40.75, Left
1761479369115, -23.18, -36.79, -56.53, Left
1761479371273, -21.10, -30.10, -72.16, Left
1761479371331, -17.39, -22.67, -86.32, Left
1761479371391, -7.73, -18.07, -97.56, Left
1761479371436, 1.89, -13.81, -108.50, Left
1761479371482, 2.93, -11.54, -123.99, Left
1761479371530, 3.52, -9.35, -139.57, Forward
1761479371576, -5.16, -7.80, -142.37, Forward
1761479371621, -8.96, -10.93, -125.19, Left
1761479371666, -9.85, -11.51, -124.20, Left
1761479371715, -10.41, -16.84, -122.42, Left
1761479380209, -13.10, -19.97, -107.84, Left
1761479380267, -17.44, -23.46, -94.74, Left
1761479380321, -19.95, -23.58, -81.13, Left
1761479380379, -22.52, -23.12, -67.50, Left
1761479380424, -25.09, -22.36, -53.90, Left
1761479380471, -27.31, -21.72, -40.13, Left
1761479380520, -20.15, -20.52, -39.01, Left
1761479380564, -19.57, -17.38, -41.28, Left
1761479380614, -21.91, -16.46, -27.36, Left
1761479380660, -24.02, -14.90, -13.92, Left
1761479380708, -23.07, -14.81, -13.28, Left
1761479380755, -21.84, -14.11, -12.73, Left
1761479380799, -21.17, -13.39, -12.17, Left
1761479380845, -19.95, -12.29, -11.66, Left
1761479380893, -19.10, -11.53, -11.30, Left
1761479380940, -18.39, -10.86, -10.93, Left
1761479380984, -17.59, -9.63, -10.64, Down
1761479381032, -17.03, -8.75, -10.44, Down
1761479381079, -16.67, -7.98, -10.24, Down
1761479381124, -16.42, -7.47, -10.09, Down
1761479381172, -16.02, -6.67, -9.90, Down
1761479381218, -16.17, -6.74, -9.79, Down
1761479381265, -15.95, -6.39, -9.60, Down
1761479381313, -16.19, -6.74, -9.47, Down
1761479381361, -16.39, -6.81, -9.34, Down
1761479381407, -16.49, -6.64, -9.23, Down
1761479381453, -16.71, -6.91, -9.14, Down
1761479381499, -16.76, -6.84, -9.06, Down
1761479381548, -16.91, -7.09, -9.05, Down
1761479381594, -17.12, -7.07, -8.99, Down
1761479381646, -17.26, -7.16, -8.87, Down
1761479381713, -17.11, -6.60, -8.69, Down
1761479381765, -17.16, -5.69, -8.49, Down
1761479381813, -17.12, -4.86, -8.36, Down
1761479381857, -17.29, -5.47, -8.34, Down
1761479381916, -17.46, -6.27, -8.38, Down
1761479381967, -17.72, -6.82, -8.42, Down
1761479382015, -18.10, -7.52, -8.43, Down
1761479382060, -18.28, -7.68, -8.41, Down
1761479382106, -18.51, -7.84, -8.38, Down
1761479382155, -18.70, -8.00, -8.41, Down
1761479382199, -19.23, -8.73, -8.61, Down
1761479382259, -19.61, -9.66, -8.74, Down
1761479382312, -20.05, -10.70, -8.79, Left
1761479382360, -20.37, -10.25, -8.74, Left
1761479382404, -20.66, -9.49, -8.59, Down
1761479382452, -20.95, -8.96, -8.36, Down
1761479382526, -21.07, -8.18, -8.00, Down
1761479382579, -21.37, -7.76, -7.68, Down
1761479382626, -21.49, -6.68, -7.26, Down
1761479382685, -21.80, -6.21, -6.93, Down
1761479382731, -21.89, -5.48, -6.33, Down
1761479382782, -22.25, -5.04, -5.87, Down
1761479382827, -22.44, -4.67, -5.42, Down
1761479382872, -22.52, -4.22, -4.94, Down
1761479382920, -22.47, -4.37, -4.54, Down
1761479382966, -22.60, -4.73, -4.26, Down
1761479383014, -22.64, -4.99, -4.14, Down
1761479383059, -22.11, -4.88, -3.93, Down
1761479383116, -22.16, -7.14, -4.07, Down
1761479383169, -22.11, -9.17, -4.16, Down
1761479383215, -21.89, -7.05, -4.29, Down
1761479383262, -21.42, -4.37, -4.36, Down
1761479383312, -21.08, -1.10, -4.49, Down
1761479383357, -20.19, -3.97, -22.41, Down
1761479383404, -20.34, -5.80, -22.84, Down
1761479383455, -20.14, -7.04, -23.25, Down
1761479383513, -20.18, -8.40, -23.63, Down
1761479383563, -20.58, -9.16, -24.10, Down
1761479383609, -20.54, -8.37, -24.32, Down
1761479383654, -20.46, -6.77, -24.57, Down
1761479383700, -20.71, -9.37, -24.86, Down
1761479383749, -20.91, -11.60, -25.15, Left
1761479383794, -21.23, -14.34, -25.38, Left
1761479383843, -22.12, -10.70, -7.82, Left
1761479383889, -22.01, -7.34, -7.73, Down
1761479383950, -22.18, -3.93, -7.57, Down
1761479383996, -21.97, 0.54, -7.52, Down
1761479384061, -21.97, 4.77, -7.27, Down
1761479384120, -21.55, 9.02, -7.18, Down
1761479384167, -21.35, 13.60, -6.79, Right
1761479384214, -20.64, 17.34, -6.64, Right
1761479402837, -18.70, 22.06, 10.39, Right
1761479402896, -19.03, 25.78, 10.99, Right
1761479402942, -19.34, 28.60, 11.60, Right
1761479402988, -19.40, 29.82, 12.19, Right
1761479403032, -18.89, 30.61, 12.82, Right
1761479403083, -16.19, 32.51, 30.19, Right
1761479403127, -15.86, 31.70, 30.79, Right
1761479405496, -17.00, 26.70, 30.95, Right
1761479405538, -17.98, 20.88, 30.84, Right
1761479405584, -19.62, 15.44, 30.59, Right
1761479405633, -18.49, 7.83, -2.56, Down
1761479405680, -25.85, 4.70, -2.10, Down
1761479405726, -26.00, 0.25, -3.07, Down
1761479405772, -26.48, -2.70, -3.88, Down
1761479405962, -25.38, -5.85, 12.37, Down
1761479406005, -28.48, -11.36, -6.37, Left
1761479406051, -27.23, -15.54, 9.78, Left
1761479406100, -25.64, -15.00, 26.63, Left
1761479406198, -24.77, -12.60, 26.26, Left
1761479406252, -23.81, -10.63, 26.33, Left
1761479406301, -26.91, -8.23, 42.55, Down
1761479406348, -19.25, -9.56, 41.60, Down
1761479406393, -18.78, -8.64, 42.18, Down
1761479406438, -18.40, -8.20, 42.68, Down
1761479406487, -20.02, -7.28, 26.05, Down
1761479406535, -19.94, -5.87, 27.94, Down
1761479406582, -21.88, -3.63, 11.56, Down
1761479406628, -22.93, -1.59, -4.84, Down
1761479406675, -23.09, -1.43, -4.05, Down
1761479406720, -23.00, -0.97, -3.42, Down
1761479406767, -22.87, -0.48, -2.96, Down
1761479406814, -22.32, 1.63, -2.33, Down
1761479406860, -21.93, 1.91, -1.87, Down
1761479406909, -21.38, 2.38, -1.42, Down
1761479406957, -20.80, 2.53, -1.06, Down
1761479407004, -20.25, 2.26, -0.88, Down
1761479407050, -19.53, 1.81, -0.76, Down
1761479407098, -18.94, 1.17, -0.64, Down
1761479407143, -18.41, 0.20, -0.50, Down
1761479407189, -17.84, -0.42, -0.38, Down
1761479407235, -17.42, -0.76, -0.22, Down
1761479407284, -17.30, -2.01, -0.25, Down
1761479407329, -16.96, -1.50, -0.22, Down
1761479407378, -16.76, -0.87, -0.22, Down
1761479407425, -16.58, -0.05, -0.19, Down
1761479407470, -16.32, 0.52, -0.10, Down
1761479407516, -16.01, 1.30, -0.07, Down
1761479407563, -15.55, 2.91, -0.20, Down
1761479407610, -15.11, 5.53, -0.28, Down
1761479407655, -14.80, 8.29, -0.36, Down
1761479407701, -14.39, 10.94, -0.45, Right
1761479407748, -14.07, 13.87, -0.50, Right
1761479407797, -13.64, 15.84, -0.54, Right
1761479407843, -13.30, 17.98, -0.55, Right
1761479407888, -12.90, 19.99, -0.56, Right
1761479407937, -12.44, 22.10, -0.53, Right
1761479407985, -12.04, 23.96, -0.47, Right
1761479408032, -11.83, 25.31, -0.32, Right
1761479408079, -11.52, 26.33, -0.33, Right
1761479408126, -11.25, 27.09, -0.31, Right
1761479408171, -10.82, 27.46, -0.35, Right
1761479408218, -10.36, 27.24, -0.42, Right
1761479408265, -10.03, 28.39, -0.71, Right
1761479408311, -9.67, 29.34, -0.98, Right
1761479408360, -9.30, 30.16, -1.33, Right
1761479408404, -9.10, 31.18, -1.75, Right
1761479408451, -8.91, 32.04, -2.19, Right
1761479408499, -8.69, 32.45, -2.57, Right
1761479408546, -8.53, 32.27, -2.86, Right
1761479408593, -8.48, 31.99, -3.26, Right
1761479408638, -8.55, 32.26, -3.63, Right
1761479408684, -8.58, 32.79, -4.06, Right
1761479408733, -8.60, 32.46, -4.38, Right
1761479408781, -8.37, 32.04, -4.80, Right
1761479408825, -8.28, 32.17, -5.18, Right
1761479408871, -8.26, 32.15, -5.47, Right
1761479408918, -8.25, 31.89, -5.78, Right
1761479408967, -8.31, 32.05, -5.89, Right
1761479409011, -8.26, 32.08, -6.01, Right
1761479409060, -8.09, 32.01, -5.89, Right
1761479409106, -7.86, 31.69, -5.72, Right
1761479409154, -7.63, 31.17, -5.52, Right
1761479409200, -7.42, 30.70, -5.31, Right
1761479409249, -7.27, 30.11, -5.11, Right
1761479409293, -6.99, 29.19, -4.92, Right
1761479409340, -6.59, 28.58, -4.80, Right
1761479409387, -6.29, 28.60, -4.63, Right
1761479409435, -5.84, 28.36, -4.77, Right
1761479409480, -5.56, 28.44, -5.00, Right
1761479409527, -5.18, 28.71, -5.38, Right
1761479409571, -4.97, 29.00, -5.71, Right
1761479409620, -4.71, 28.99, -6.10, Right
1761479409667, -4.60, 29.82, -6.61, Right
1761479409712, -4.71, 30.82, -7.04, Right
1761479409758, -4.85, 31.59, -7.47, Right
1761479409805, -5.08, 31.87, -7.90, Right
1761479409851, -5.05, 31.81, -8.38, Right
1761479409897, -5.09, 31.88, -8.79, Right
1761479409946, -5.08, 31.81, -9.03, Right
1761479409991, -5.15, 32.04, -9.20, Right
1761479410038, -5.24, 31.76, -9.23, Right
1761479410085, -5.60, 31.87, -9.14, Right
1761479410134, -5.72, 30.92, -8.84, Right
1761479410178, -5.79, 30.00, -8.58, Right
1761479410225, -5.78, 28.57, -8.24, Right
1761479410272, -5.79, 27.55, -7.98, Right
1761479410319, -5.99, 26.78, -7.63, Right
1761479410365, -6.34, 25.41, -7.15, Right
1761479410429, -6.81, 23.79, -6.62, Right
1761479410476, -7.39, 22.76, -6.23, Right
1761479410520, -7.77, 20.65, -5.90, Right
1761479410568, -7.91, 19.60, -5.84, Right
1761479410617, -8.14, 16.80, -5.62, Right
1761479410662, -8.34, 14.35, -5.39, Right
1761479410707, -8.58, 11.86, -5.24, Right
1761479410767, -8.68, 10.47, -5.07, Right
1761479410818, -8.91, 10.49, -5.17, Right
1761479410865, -8.81, 11.64, -5.47, Right
1761479410912, -8.70, 13.44, -5.91, Right
1761479410959, -8.51, 14.59, -6.31, Right
1761479411006, -8.46, 17.50, -6.82, Right
1761479411051, -8.10, 19.91, -7.06, Right
1761479411103, -7.78, 24.41, -7.45, Right
1761479411159, -7.42, 28.35, -7.80, Right
1761479411205, -7.11, 33.32, -8.15, Right
1761479411251, -6.79, 37.09, -8.52, Right
1761479411300, -6.26, 39.64, -8.75, Right
1761479411347, -5.94, 41.37, -8.79, Right
1761479411393, -5.62, 42.99, -8.71, Right
1761479411439, -5.24, 44.50, -8.68, Right
1761479411487, -4.85, 45.84, -8.63, Right
1761479411535, -4.74, 46.37, -8.71, Right
1761479411581, -4.40, 46.92, -8.90, Right
1761479411651, -3.43, 47.49, -9.25, Right
1761479411710, -2.90, 48.37, -9.33, Right
1761479411769, -2.45, 49.24, -9.42, Right
1761479411815, -2.36, 49.99, -26.76, Right
1761479411862, -2.11, 51.06, -8.28, Right
1761479411908, -4.05, 43.47, -2.30, Right
1761479411969, -6.06, 39.07, -2.85, Right
1761479412020, -5.01, 40.47, -3.30, Right
1761479412065, -4.05, 42.03, -3.66, Right
1761479412111, -7.50, 33.72, -21.00, Right
1761479412162, -17.18, 29.46, -19.95, Right
1761479412221, -16.54, 30.67, -20.72, Right
1761479412410, -19.41, 26.84, -20.79, Right
1761479412469, -22.09, 22.63, -3.57, Right
1761479412515, -24.80, 18.24, -22.24, Right
1761479412573, -25.25, 22.02, -28.53, Right
1761479412625, -25.59, 22.88, -28.20, Right
1761479412670, -29.09, 18.07, -27.86, Right
1761479412716, -32.48, 13.17, -27.67, Right
1761479412784, -31.83, 17.90, -10.45, Right
1761479412842, -25.78, 18.67, -11.47, Right
1761479412889, -29.58, 13.28, -10.85, Right
1761479412936, -29.65, 12.42, -10.98, Right
1761479412984, -29.62, 11.80, -11.10, Right
1761479413032, -29.76, 11.46, -11.14, Right
1761479413078, -29.79, 11.40, -11.19, Right
1761479413124, -29.75, 11.28, -11.25, Right
1761479413171, -29.67, 10.61, -11.52, Right
1761479413219, -29.69, 9.68, -11.78, Down
1761479413265, -29.54, 9.14, -11.94, Down
1761479413313, -29.01, 8.55, -12.12, Down
1761479413359, -28.60, 8.36, -12.29, Down
1761479413404, -28.28, 8.69, -12.25, Down
1761479413452, -27.99, 8.57, -12.32, Down
1761479413499, -27.90, 8.34, -12.39, Down
1761479413545, -27.80, 8.08, -12.48, Down
1761479413592, -27.89, 7.68, -12.53, Down
1761479413639, -27.89, 7.68, -12.53, Down
1761479413686, -27.88, 8.04, -12.42, Down
1761479413735, -27.91, 8.14, -12.41, Down
1761479413782, -28.06, 8.73, -12.35, Down
1761479413839, -28.36, 8.76, -12.32, Down
1761479413888, -28.77, 8.74, -12.35, Down
1761479413937, -29.14, 9.16, -12.26, Down
1761479413983, -29.09, 9.63, -12.25, Down
1761479414032, -29.14, 10.12, -12.19, Right
1761479414079, -29.12, 10.28, -12.21, Right
1761479414122, -29.20, 10.61, -12.23, Right
1761479414175, -28.98, 11.04, -12.30, Right
1761479414232, -28.92, 11.56, -12.29, Right
1761479414275, -28.82, 11.41, -12.37, Right
1761479414321, -28.44, 11.56, -12.53, Right
1761479414382, -28.20, 12.06, -12.47, Right
1761479414432, -27.96, 12.56, -12.42, Right
1761479414479, -27.75, 12.84, -12.43, Right
1761479414523, -27.60, 12.79, -12.47, Right
1761479414569, -27.51, 13.48, -12.33, Right
1761479414618, -27.31, 13.59, -12.25, Right
1761479414660, -27.28, 13.96, -11.98, Right
1761479414721, -27.12, 14.85, -11.43, Right
1761479414772, -27.10, 16.20, -10.70, Right
1761479414820, -34.45, 15.53, -14.55, Right
1761479414867, -41.64, 14.54, -18.96, Right
1761479414914, -48.79, 13.29, -19.22, Right
1761479414961, -56.11, 12.17, -20.58, Right
1761479415007, -54.04, 14.03, -20.19, Right
1761479415052, -47.37, 17.12, -4.75, Right
1761479415101, -40.77, 20.45, 10.88, Right
1761479415147, -34.25, 23.57, 26.23, Right
1761479415194, -41.56, 21.66, 25.43, Right
1761479415241, -39.36, 22.38, 25.18, Right
1761479415289, -30.15, 24.97, 29.68, Right
1761479415337, -20.88, 27.71, 34.75, Right
1761479415384, -11.48, 30.80, 35.72, Right
1761479415431, -1.89, 32.86, 37.58, Right
1761479415479, -1.86, 31.64, 37.80, Right
1761479415522, -6.09, 28.43, 22.71, Right
1761479415572, -10.38, 24.86, 7.54, Right
1761479415620, -14.73, 21.07, -7.54, Right
1761479415667, -4.74, 21.39, -6.81, Right
1761479415715, -4.60, 18.23, -6.55, Right
1761479415762, -4.09, 14.85, -6.52, Right
1761479415809, -2.26, 13.45, 10.73, Right
1761479415854, -1.98, 9.55, 10.40, Forward
1761479415901, -1.81, 7.01, 10.41, Forward
1761479415949, -1.27, 4.95, 10.31, Forward
1761479415995, -10.87, 3.83, 9.47, Down
1761479416045, -10.39, 5.61, 9.24, Down
1761479416113, -19.85, 5.06, 8.43, Down
1761479416167, -29.79, 4.81, 7.86, Down
1761479416215, -29.67, 8.50, 7.48, Down
1761479416264, -39.30, 9.18, 6.13, Down
1761479416311, -50.35, 7.68, -12.00, Down
1761479416355, -60.00, 8.61, -13.01, Down
1761479416405, -69.66, 9.17, -14.65, Down
1761479416449, -79.45, 9.86, -15.70, Down
1761479416495, -79.43, 9.88, -15.63, Down
1761479416542, -89.37, 7.61, -18.15, Down
1761479416589, -89.37, 7.73, -19.77, Down
1761479416636, -89.34, 7.80, -20.27, Down
1761479416682, -98.99, 4.54, -20.87, Down
1761479416728, -98.96, 4.58, -20.78, Down
1761479416776, -98.90, 4.63, -21.08, Down
1761479416823, -98.87, 4.66, -20.90, Down
1761479416869, -98.83, 4.66, -20.08, Down
1761479416916, -86.23, 9.01, -3.38, Down
1761479416961, -78.01, 11.81, -1.57, Right
1761479417011, -70.02, 13.80, 2.09, Right
1761479417054, -61.90, 15.26, 5.39, Right
1761479417102, -54.00, 16.82, 7.41, Right
1761479417148, -46.08, 18.25, 9.19, Right
1761479417197, -38.20, 19.74, 11.42, Right
1761479417245, -30.38, 21.07, 13.46, Right
1761479417291, -22.68, 22.34, 15.54, Right
1761479417335, -14.76, 23.71, 17.79, Right
1761479417382, -19.15, 20.43, 3.43, Right
1761479417429, -19.12, 18.36, 3.54, Right
1761479417473, -19.07, 16.95, 3.73, Right
1761479417521, -19.10, 15.39, 3.73, Right
1761479417565, -19.19, 13.41, 3.52, Right
1761479417614, -19.10, 12.76, 3.24, Right
1761479417660, -19.41, 11.97, 2.85, Right
1761479417704, -19.53, 12.66, 2.12, Right
1761479417753, -16.27, 16.05, 17.33, Right
1761479417799, -16.27, 17.16, 16.23, Right
1761479417848, -12.70, 21.56, 30.74, Right
1761479417894, -20.93, 20.72, 27.36, Right
1761479417943, -20.61, 23.72, 26.36, Right
1761479417990, -20.49, 27.95, 25.72, Right
1761479418034, -21.41, 32.73, 25.26, Right
1761479418084, -29.48, 31.80, 21.92, Right
1761479418131, -29.26, 34.82, 21.33, Right
1761479418176, -28.37, 36.62, 20.87, Right
1761479418224, -39.48, 31.96, -0.63, Right
1761479418270, -46.82, 26.27, -6.34, Right
1761479418317, -58.52, 20.60, -23.29, Right
1761479418363, -58.52, 20.55, -23.08, Right
1761479418408, -58.59, 20.84, -23.39, Right
1761479418457, -66.20, 13.47, -29.37, Right
1761479418502, -73.03, 8.90, -30.86, Down
1761479418552, -64.87, 13.17, -28.02, Right
1761479418598, -63.79, 13.38, -28.32, Right
1761479418647, -63.39, 13.12, -28.37, Right
1761479418691, -53.89, 16.07, -23.68, Right
1761479418738, -42.97, 23.60, -1.20, Right
1761479418785, -34.35, 25.07, 0.54, Right
1761479418829, -25.96, 26.26, 3.33, Right
1761479418876, -25.56, 23.02, 4.22, Right
1761479418926, -17.64, 26.58, 10.81, Right
1761479418970, -9.20, 26.65, 12.77, Right
1761479419017, -8.77, 22.08, 13.32, Right
1761479419064, -9.20, 18.05, 14.47, Right
1761479419112, -9.91, 14.04, 15.47, Right
1761479419157, -11.27, 10.84, 16.63, Right
1761479419202, -14.80, 7.05, 0.36, Down
1761479419252, -15.55, 6.33, 0.61, Down
1761479419299, -16.05, 6.18, 0.65, Down
1761479419345, -16.82, 6.30, 0.74, Down
1761479419391, -17.49, 6.63, 0.64, Down
1761479419438, -18.53, 6.90, 0.58, Down
1761479419487, -19.29, 7.99, 0.55, Down
1761479419532, -20.23, 8.88, 0.41, Down
1761479419578, -21.01, 10.08, 0.31, Right
1761479419627, -21.07, 11.09, 0.15, Right
1761479419671, -21.28, 11.53, 0.15, Right
1761479419721, -21.09, 11.68, 0.03, Right
1761479419767, -20.97, 11.21, 0.16, Right
1761479419812, -20.54, 11.50, 0.43, Right
1761479419860, -18.16, 15.11, 17.80, Right
1761479419905, -17.32, 16.45, 18.26, Right
1761479419953, -16.38, 17.61, 18.68, Right
1761479420000, -15.36, 18.46, 19.03, Right
1761479420046, -14.06, 19.25, 19.36, Right
1761479420090, -10.80, 23.07, 36.65, Right
1761479420138, -9.36, 23.69, 36.88, Right
1761479420184, -5.66, 27.43, 54.23, Right
1761479420232, -4.20, 28.28, 54.39, Right
1761479420280, -0.63, 31.57, 71.37, Right
1761479420328, -10.33, 20.57, 47.92, Right
1761479420373, -8.40, 20.42, 47.81, Right
1761479420420, -16.98, 11.91, 39.74, Right
1761479420479, -13.21, 14.61, 56.69, Right
1761479420531, -22.02, 6.39, 50.18, Down
1761479420575, -23.00, 2.83, 33.15, Down
1761479420623, -21.85, 2.27, 32.89, Down
1761479420669, -21.29, 1.68, 32.89, Down
1761479420717, -20.29, 1.32, 32.61, Down
1761479420766, -21.95, -1.85, 15.52, Down
1761479420809, -12.05, 5.75, 21.84, Down
1761479420859, -12.43, 5.99, 21.95, Down
1761479420905, -2.69, 14.33, 30.17, Right
1761479420952, -5.56, 12.17, 13.44, Right
1761479420999, 3.88, 20.85, 20.16, Right
1761479421045, 3.05, 21.89, 20.65, Right
1761479421093, -2.14, 14.25, 3.02, Right
1761479421141, -2.12, 2.95, -9.30, Forward
1761479421186, -11.93, -4.59, -15.23, Down
1761479421235, -12.23, -3.62, -14.70, Down
1761479421282, -12.77, -2.43, -14.16, Down
1761479421328, -22.24, -10.67, -20.49, Left
1761479421375, -22.03, -10.36, -20.32, Left
1761479421421, -21.07, -10.55, -20.35, Left
1761479421469, -30.16, -19.31, -25.22, Left
1761479421516, -39.38, -28.05, -30.91, Left
1761479421560, -34.18, -19.66, -12.71, Left
1761479421606, -36.35, -10.32, -17.13, Left
1761479421654, -36.82, -10.34, -16.56, Left
1761479421701, -37.21, -11.34, -16.08, Left
1761479421748, -46.63, -20.13, -22.89, Left
1761479421794, -37.43, -11.30, -16.23, Left
1761479421842, -38.41, -11.00, -16.24, Left
1761479421886, -39.43, -11.57, -16.01, Left
1761479421936, -29.94, -3.58, -11.14, Down
1761479421985, -20.38, 4.46, -5.51, Down
1761479422030, -18.76, 7.13, 11.43, Down
1761479422076, -17.37, 9.66, 28.51, Down
1761479422123, -5.67, 20.77, 51.39, Right
1761479422171, -6.32, 20.61, 50.77, Right
1761479422217, 1.44, 28.24, 57.27, Right
1761479422264, 0.19, 26.99, 57.00, Right
1761479422311, -1.14, 25.48, 56.51, Right
1761479422356, -2.81, 24.96, 55.97, Right
1761479422403, -4.81, 24.54, 55.71, Right
1761479422450, -6.70, 24.35, 55.46, Right
1761479422497, -10.84, 21.05, 38.26, Right
1761479422546, -14.51, 17.69, 21.00, Right
1761479422590, -18.44, 14.23, 3.82, Right
1761479422638, -19.35, 14.32, 3.75, Right
1761479422683, -19.28, 14.14, 3.74, Right
1761479422731, -19.64, 13.85, 3.84, Right
1761479422778, -19.36, 14.04, 4.23, Right
1761479422822, -19.16, 12.97, 4.53, Right
1761479422878, -17.24, 15.50, -13.71, Right
1761479422944, -17.19, 12.53, -13.55, Right
1761479422996, -16.96, 11.69, -13.32, Right
1761479423039, -16.76, 10.68, -13.06, Right
1761479423087, -16.86, 7.35, -12.89, Down
1761479423137, -16.93, 3.73, -12.83, Down
1761479423183, -17.27, 1.03, -12.65, Down
1761479423230, -17.39, -1.78, -12.55, Down
1761479423278, -17.53, -5.11, -12.59, Down
1761479423324, -17.44, -7.87, -12.53, Down
1761479423369, -19.15, -14.10, 6.03, Left
1761479423418, -18.93, -15.15, 6.11, Left
1761479423467, -18.96, -18.31, 6.09, Left
1761479423516, -19.05, -19.88, 5.85, Left
1761479423559, -18.75, -19.47, 5.65, Left
1761479423607, -18.41, -18.39, 5.50, Left
1761479423654, -18.40, -18.37, 5.27, Left
1761479423700, -18.30, -17.41, 5.06, Left
1761479423748, -18.03, -17.07, 4.80, Left
1761479423796, -18.13, -16.26, 4.52, Left
1761479423841, -18.21, -13.92, 4.27, Left
1761479423888, -18.23, -13.62, 3.92, Left
1761479423936, -18.19, -12.86, 3.66, Left
1761479423983, -18.18, -11.96, 3.60, Left
1761479424030, -18.23, -11.91, 3.51, Left
1761479424078, -18.33, -11.98, 3.35, Left
1761479424125, -18.14, -11.90, 3.24, Left
1761479424171, -17.93, -12.38, 3.11, Left
1761479424222, -18.05, -12.54, 2.98, Left
1761479424281, -17.90, -12.60, 2.82, Left
1761479424328, -17.79, -12.67, 2.67, Left
1761479424373, -17.73, -13.04, 2.45, Left
1761479424420, -17.80, -12.75, 2.32, Left
1761479424500, -17.89, -14.61, 2.18, Left
1761479424547, -18.08, -15.18, 2.10, Left
1761479424593, -18.27, -16.64, 2.12, Left
1761479424639, -18.43, -17.89, 2.09, Left
1761479424686, -18.79, -19.30, 2.07, Left
1761479424733, -19.00, -20.31, 2.12, Left
1761479424781, -19.31, -21.41, 2.21, Left
1761479424826, -18.01, -21.93, -15.09, Left
1761479424875, -16.72, -20.10, -32.21, Left
1761479424922, -17.25, -22.09, -32.27, Left
1761479424969, -17.60, -23.52, -32.40, Left
1761479425018, -18.09, -24.26, -32.47, Left
1761479425065, -18.57, -24.56, -32.63, Left
1761479425111, -19.43, -25.22, -32.99, Left
1761479425156, -20.33, -25.48, -33.15, Left
1761479425204, -21.47, -25.23, -33.26, Left
1761479425251, -22.87, -25.15, -33.39, Left
1761479425296, -26.35, -27.01, -16.27, Left
1761479425344, -29.95, -29.69, 0.64, Left
1761479425389, -31.65, -29.46, 0.32, Left
1761479425436, -32.36, -28.51, 0.65, Left
1761479425484, -32.89, -27.20, 1.03, Left
1761479425533, -33.21, -24.90, 1.64, Left
1761479425579, -33.24, -21.07, 2.73, Left
1761479425626, -33.31, -20.00, 3.01, Left
1761479425673, -32.93, -16.57, 3.90, Left
1761479425719, -32.10, -13.05, 4.73, Left
1761479425763, -30.92, -9.76, 5.48, Down
1761479425825, -29.47, -5.68, 6.45, Down
1761479425873, -28.14, -1.46, 7.48, Down
1761479425919, -27.48, 2.41, 7.84, Down
1761479425967, -27.03, 5.04, 8.07, Down
1761479426013, -26.51, 7.43, 8.25, Down
1761479426057, -26.03, 8.05, 8.10, Down
1761479426163, -24.22, 13.57, 7.12, Right
1761479426214, -22.30, 16.10, 5.48, Right
1761479426260, -20.50, 18.66, 3.88, Right
1761479426306, -18.71, 21.24, 2.48, Right
1761479426352, -17.15, 23.90, 1.09, Right
1761479426429, -15.38, 25.99, -0.34, Right
1761479426478, -14.13, 27.94, -1.71, Right
1761479426525, -12.72, 30.10, -3.04, Right
1761479426571, -11.54, 31.56, -4.55, Right
1761479426619, -10.16, 33.53, -5.94, Right
1761479426667, -10.06, 33.15, -5.86, Right
1761479426714, -10.10, 32.88, -5.70, Right
1761479426765, -10.00, 32.73, -5.60, Right
1761479426823, -9.92, 32.67, -5.51, Right
1761479426869, -9.74, 32.28, -5.40, Right
1761479426916, -9.67, 32.17, -5.32, Right
1761479426964, -9.55, 32.25, -5.30, Right
1761479427027, -9.52, 32.19, -5.21, Right
1761479427074, -9.51, 32.13, -5.16, Right
1761479427121, -9.49, 32.25, -5.14, Right
1761479427166, -9.35, 32.38, -5.17, Right
1761479427216, -9.32, 32.42, -5.24, Right
1761479427272, -9.42, 32.49, -5.25, Right
1761479427320, -9.37, 32.40, -5.29, Right
1761479427366, -9.45, 32.96, -5.37, Right
1761479427413, -9.50, 33.41, -5.44, Right
1761479427458, -9.56, 33.55, -5.39, Right
1761479427504, -9.50, 33.84, -5.41, Right
1761479427551, -9.50, 34.18, -5.41, Right
1761479427598, -9.65, 34.62, -5.40, Right
1761479427647, -9.71, 35.32, -5.48, Right
1761479427697, -9.86, 35.90, -5.50, Right
1761479427755, -10.01, 36.52, -5.53, Right
1761479427801, -10.21, 37.29, -5.49, Right
1761479427848, -10.34, 37.81, -5.44, Right
1761479427894, -10.43, 38.22, -5.38, Right
1761479427941, -10.49, 38.72, -5.39, Right
1761479427989, -10.57, 39.00, -5.34, Right
1761479428035, -10.67, 39.24, -5.30, Right
1761479428085, -10.67, 39.41, -5.22, Right
1761479428131, -10.75, 39.22, -5.06, Right
1761479428177, -10.80, 39.30, -4.97, Right
1761479428224, -10.80, 39.05, -4.83, Right
1761479428302, -10.80, 38.73, -4.75, Right
1761479428349, -10.79, 38.42, -4.70, Right
1761479428396, -10.80, 38.03, -4.68, Right
1761479428440, -10.79, 37.72, -4.64, Right
1761479428487, -10.82, 37.57, -4.65, Right
1761479428535, -10.84, 37.26, -4.63, Right
1761479428584, -10.86, 36.75, -4.58, Right
1761479428637, -10.84, 36.05, -4.50, Right
1761479428691, -10.84, 35.51, -4.44, Right
1761479428738, -10.88, 34.59, -4.36, Right
1761479428784, -10.90, 33.64, -4.27, Right
1761479428829, -10.87, 31.69, -4.05, Right
1761479428876, -10.86, 29.95, -3.83, Right
1761479428920, -10.80, 28.36, -3.67, Right
1761479428968, -10.67, 26.53, -3.48, Right
1761479429017, -10.53, 25.17, -3.37, Right
1761479429063, -10.16, 22.99, -3.20, Right
1761479429109, -9.80, 21.00, -3.06, Right
1761479429155, -9.47, 18.94, -2.92, Right
1761479429202, -9.15, 17.54, -2.82, Right
1761479429246, -8.79, 16.08, -2.72, Right
1761479429296, -8.33, 16.27, -2.85, Right
1761479429354, -7.88, 16.45, -2.96, Right
1761479429401, -7.49, 16.67, -3.12, Right
1761479429446, -7.12, 17.16, -3.32, Right
1761479429492, -6.74, 17.08, -3.38, Right
1761479429538, -6.64, 18.00, -3.50, Right
1761479429585, -6.48, 18.99, -3.67, Right
1761479429631, -6.16, 20.14, -3.84, Right
1761479429679, -5.81, 20.99, -3.96, Right
1761479429725, -5.50, 22.03, -4.13, Right
1761479429772, -5.32, 22.27, -4.20, Right
1761479429820, -5.14, 22.51, -4.28, Right
1761479429863, -5.01, 22.49, -4.18, Right
1761479429913, -4.56, 22.13, -4.10, Right
1761479429967, -4.10, 22.06, -4.11, Right
1761479430020, -3.62, 22.10, -4.14, Right
1761479430070, -3.08, 21.94, -4.09, Right
1761479430115, -2.68, 21.63, -4.04, Right
1761479430161, -3.65, 21.96, -21.82, Right
1761479430208, -3.28, 21.73, -21.79, Right
1761479430254, -3.09, 21.64, -21.82, Right
1761479430302, -3.16, 21.88, -21.90, Right
1761479430348, -3.18, 22.06, -22.03, Right
1761479430393, -3.49, 22.52, -22.23, Right
1761479430439, -3.99, 23.08, -22.35, Right
1761479430486, -4.41, 23.62, -22.59, Right
1761479430532, -4.96, 24.40, -22.84, Right
1761479430580, -5.49, 24.94, -22.97, Right
1761479430642, -4.67, 25.21, -5.35, Right
1761479430691, -5.09, 25.59, -5.44, Right
1761479430736, -5.32, 25.91, -5.47, Right
1761479430783, -5.29, 25.90, -5.45, Right
1761479430828, -5.27, 25.62, -5.41, Right
1761479430876, -5.28, 25.40, -5.30, Right
1761479430922, -5.14, 25.13, -5.30, Right
1761479430974, -5.01, 24.70, -5.17, Right
1761479431033, -4.96, 24.20, -5.06, Right
1761479431081, -4.85, 23.76, -5.02, Right
1761479431129, -4.74, 23.26, -4.95, Right
1761479431175, -4.60, 24.04, -5.07, Right
1761479431231, -4.46, 25.19, -5.26, Right
1761479431284, -4.40, 26.64, -5.46, Right
1761479431331, -4.04, 29.38, -5.73, Right
1761479431381, -3.47, 32.07, -6.09, Right
1761479431428, -2.89, 35.79, 12.00, Right
1761479431473, -2.50, 39.57, -5.79, Right
1761479431520, -4.44, 37.72, -4.70, Right
1761479431565, -3.77, 42.57, 13.44, Right
1761479431616, -3.19, 47.33, -4.35, Right
1761479431658, -2.83, 51.09, -21.93, Right
1761479431707, -5.46, 43.00, -38.70, Right
1761479431753, -5.20, 46.38, -55.79, Right
1761479431801, -5.38, 48.46, -72.74, Right
1761479431846, -5.74, 50.55, -89.79, Right
1761479431905, -5.80, 51.03, -125.50, Right
1761479431956, -5.47, 51.48, -125.30, Right
1761479432004, -2.67, 56.62, -126.30, Right
1761479432049, -2.82, 54.98, -162.11, Right
1761479432098, -2.74, 53.44, -162.04, Right
1761479432143, -1.86, 51.08, -144.68, Right
1761479432189, 1.30, 59.13, -127.71, Right
1761479432238, 1.88, 54.83, -110.37, Right
1761479432284, 2.56, 50.77, -93.09, Right
1761479432329, 3.09, 46.51, -75.55, Right
1761479432376, 3.23, 43.02, -57.82, Right
1761479432447, 3.15, 39.88, -40.26, Right
1761479432513, 2.96, 37.96, -40.60, Right
1761479432564, 3.00, 36.15, -23.19, Right
1761479432612, 3.01, 35.65, -6.02, Right
1761479432655, 2.33, 36.07, -6.21, Right
1761479432703, 2.49, 38.49, 11.65, Right
1761479432782, 3.03, 41.82, 29.08, Right
1761479432829, 3.76, 44.96, 46.38, Right
1761479432876, 4.33, 48.42, 63.82, Right
1761479432919, 5.38, 52.16, 81.14, Right
1761479432970, 1.51, 43.78, 63.80, Right
1761479433019, 1.66, 43.04, 49.22, Right
1761479433067, -2.18, 34.02, 67.48, Right
1761479433112, -4.84, 29.56, 68.41, Right
1761479433158, -7.54, 25.02, 68.08, Right
1761479433205, -10.38, 19.47, 50.31, Right
1761479433249, -10.84, 19.07, 31.67, Right
1761479433299, -14.42, 13.42, 13.86, Right
1761479433394, -24.52, 7.75, -1.76, Down
1761479433451, -24.60, 8.09, -20.33, Down
1761479433498, -23.75, 9.14, 14.98, Down
1761479433545, -25.32, 6.46, 29.35, Down
1761479433604, -22.38, 10.74, 28.19, Right
1761479433650, -20.60, 7.02, 45.41, Down
1761479433713, -18.19, 2.72, 64.10, Down
1761479433773, -15.30, -1.44, 82.15, Down
1761479433821, -17.97, -4.27, 65.66, Down
1761479433870, -15.92, -9.36, 48.91, Down
1761479433916, -7.09, -14.23, 29.91, Left
1761479433965, -6.43, -13.68, 33.19, Left
1761479434024, -7.74, -1.62, -1.11, Forward
1761479434069, -16.09, 5.45, 7.97, Down
1761479434119, -12.93, 14.22, -12.03, Right
1761479434166, -9.99, 25.08, -34.76, Right
1761479434212, -18.03, 35.95, -50.73, Right
1761479434255, -19.19, 37.88, -67.43, Right
1761479434303, -17.79, 33.30, -48.24, Right
1761479434352, -18.02, 36.19, -29.38, Right
1761479434398, -18.06, 38.77, -10.64, Right
1761479434854, -28.51, 36.63, -19.83, Right
1761479434913, -26.87, 29.00, -3.91, Right
1761479434961, -19.69, 22.14, -11.01, Right
1761479435020, -24.62, 13.36, -23.97, Right
1761479435065, -25.15, 11.75, -0.76, Right
1761479435120, -15.45, 10.34, 15.49, Right
1761479435174, -13.28, 17.85, -3.62, Right
1761479435221, -11.05, 25.11, -22.88, Right
1761479435269, -8.85, 32.63, -42.31, Right
1761479435316, -6.69, 40.19, -25.97, Right
1761479435361, 3.61, 40.22, -1.08, Right
1761479435407, 2.41, 36.26, -17.37, Right
1761479435457, 1.02, 32.01, -35.66, Right
1761479435517, 5.23, 39.38, -1.69, Right
1761479435566, 5.32, 39.72, -2.09, Right
1761479435612, 5.38, 40.30, -2.42, Right
1761479435655, 5.19, 41.05, 15.37, Right
1761479435704, 5.46, 41.57, 50.87, Right
1761479435749, 5.75, 42.29, 86.37, Right
1761479435794, 5.77, 43.00, 85.98, Right
1761479435843, 6.10, 43.89, 85.53, Right
1761479435888, 11.34, 53.62, 120.03, Right
1761479435936, 16.82, 63.96, 154.51, Right
1761479435981, 10.94, 53.28, 119.31, Right
1761479436028, 4.94, 43.13, 83.89, Right
1761479436074, 0.59, 34.37, 71.98, Right
1761479436117, -4.31, 24.39, 54.10, Right
1761479436166, -4.48, 24.29, 35.28, Right
1761479436214, -5.10, 23.63, 34.83, Right
1761479436258, -9.98, 16.28, 0.20, Right
1761479436308, -10.82, 15.63, 0.38, Right
1761479436352, -11.29, 15.13, 0.06, Right
1761479436399, -11.46, 13.73, -18.53, Right
1761479436446, -5.57, 22.75, -2.17, Right
1761479436512, 0.61, 30.95, 14.34, Right
1761479436569, 5.31, 37.79, 7.20, Right
1761479436615, 10.96, 45.68, 23.72, Right
1761479436662, 11.10, 43.61, 23.52, Right
1761479436723, 11.50, 41.89, 5.04, Right
1761479436772, 16.31, 46.89, 20.81, Right
1761479436818, 16.78, 45.15, 2.13, Right
1761479436864, 17.07, 43.68, -16.46, Right
1761479436914, 17.31, 42.61, -16.75, Right
1761479436960, 17.08, 42.46, -16.93, Right
1761479437006, 16.73, 42.17, -16.98, Right
1761479437053, 16.18, 42.09, -16.99, Right
1761479437098, 15.62, 41.86, -17.05, Right
1761479437144, 15.18, 41.68, -17.07, Right
1761479437189, 14.96, 41.41, -17.19, Right
1761479437237, 14.53, 41.14, -17.27, Right
1761479437283, 14.15, 41.00, -17.44, Right
1761479437330, 14.21, 40.45, -17.67, Right
1761479437390, 14.19, 40.10, -17.88, Right
1761479437437, 14.39, 39.42, -18.13, Right
1761479437486, 14.33, 38.90, -18.16, Right
1761479437530, 14.41, 38.32, -18.18, Right
1761479437577, 14.59, 37.50, -18.17, Right
1761479437625, 14.86, 36.93, -18.18, Right
1761479437672, 14.88, 36.52, -18.17, Right
1761479437729, 15.19, 35.99, -18.24, Right
1761479437782, 15.53, 35.37, -18.29, Right
1761479437829, 15.67, 34.87, -18.24, Right
1761479437876, 15.61, 34.38, -18.11, Right
1761479437923, 16.00, 33.19, -17.74, Right
1761479437986, 15.93, 31.51, -17.13, Right
1761479438033, 16.02, 29.48, -16.53, Right
1761479438078, 16.06, 25.94, -15.35, Right
1761479438125, 16.02, 22.16, -14.09, Right
1761479438171, 16.41, 17.34, -12.39, Right
1761479438217, 16.75, 12.47, -10.60, Right
1761479438264, 17.43, 6.21, -8.32, Up
1761479438318, 17.89, -0.44, -6.23, Up
1761479438373, 18.67, -8.92, -21.88, Up
1761479438418, 18.42, -17.18, -38.28, Left
1761479438463, 16.02, -21.04, -20.81, Left
1761479438512, 16.33, -26.55, -19.48, Left
1761479438556, 16.18, -30.50, -19.02, Left
1761479438604, 16.97, -35.90, -36.31, Left
1761479438656, 13.58, -36.64, -20.49, Left
1761479438711, 7.25, -37.47, -23.22, Left
1761479438762, -5.36, -26.87, -37.83, Left
1761479438808, -16.85, -16.53, -53.49, Left
1761479438855, -17.19, -3.67, -40.05, Down
1761479438904, -16.48, -3.32, -40.01, Down
1761479438949, -13.02, 6.25, -61.91, Down
1761479438994, -12.89, 17.81, -64.92, Right
1761479439042, -12.50, 29.58, -67.95, Right
1761479439100, -12.92, 43.00, -50.77, Right
1761479439149, -9.53, 39.96, -49.10, Right
1761479439195, -2.99, 38.92, -46.42, Right
1761479439243, 9.59, 28.06, -32.29, Right
1761479439290, 21.09, 16.30, -34.90, Right
1761479439336, 21.11, 3.36, -48.79, Up
1761479439384, 20.48, 3.39, -48.98, Up
1761479439433, 23.81, -1.52, -54.23, Up
1761479439479, 23.38, -13.18, -51.60, Left
1761479439523, 21.48, -21.28, -50.42, Left
1761479439599, 17.85, -30.60, -34.62, Left
1761479439651, 12.52, -26.64, -36.27, Left
1761479439697, 12.55, -29.30, -54.47, Left
1761479439743, 12.45, -32.16, -36.77, Left
1761479439790, 6.97, -23.82, -26.42, Left
1761479439838, 3.22, -22.01, 6.60, Left
1761479439883, 3.68, -9.08, 20.06, Forward
1761479439936, 0.03, -15.84, 30.57, Left
1761479439992, 0.81, -17.39, 12.62, Left
1761479440040, 2.87, -21.26, 14.16, Left
1761479440100, 6.90, -25.37, -19.28, Left
1761479440148, 12.15, -29.35, -19.54, Left
1761479440192, 12.08, -27.37, -1.52, Left
1761479440239, 12.04, -26.99, -1.62, Left
1761479440287, 12.48, -34.09, 20.82, Left
1761479440346, 16.14, -22.93, 2.39, Left
1761479440393, 14.91, -36.32, 24.30, Left
1761479440441, 13.68, -38.12, 41.83, Left
1761479440488, 11.81, -38.15, 77.46, Left
1761479440535, 10.05, -39.57, 95.25, Left
1761479440582, 8.20, -39.89, 131.12, Left
1761479440627, 7.06, -38.52, 115.63, Left
1761479440676, 5.95, -38.35, 116.04, Left
1761479440723, 4.68, -36.44, 98.61, Left
1761479440770, 8.52, -36.66, 83.91, Left
1761479440814, 6.65, -47.19, 86.80, Left
1761479440864, 5.47, -43.79, 68.86, Left
1761479440924, 4.40, -40.18, 51.07, Left
1761479440969, 3.77, -36.23, 32.99, Left
1761479441017, 3.28, -32.26, 14.98, Left
1761479441062, 2.53, -27.34, -3.36, Left
1761479441110, 1.62, -24.64, -4.14, Left
1761479441156, 0.57, -21.14, -5.23, Left
1761479441201, -0.56, -17.82, -6.35, Left
1761479441250, -1.84, -14.79, -7.43, Left
1761479441294, -2.38, -12.59, -8.11, Left
1761479441344, -2.66, -11.01, -8.52, Left
1761479441389, -2.94, -9.27, -9.02, Forward
1761479441436, -3.28, -8.22, -9.51, Forward
1761479441482, -3.48, -7.00, -10.00, Forward
1761479441534, -3.57, -6.37, -10.41, Forward
1761479441590, -3.67, -5.81, -10.78, Forward
1761479441639, -3.71, -5.89, -11.00, Forward
1761479441686, -3.56, -5.77, -11.22, Forward
1761479441730, -3.20, -6.31, -11.21, Forward
1761479441792, -2.87, -7.06, -11.12, Forward
1761479441842, -2.70, -7.79, -11.02, Forward
1761479441889, -2.54, -8.89, -10.80, Forward
1761479441934, -2.39, -9.94, -10.60, Forward
1761479441983, -2.14, -11.13, -10.34, Left
1761479442030, -1.85, -12.22, -10.09, Left
1761479442075, -1.56, -13.66, -9.74, Left
1761479442131, -1.27, -15.26, -9.35, Left
1761479442184, -1.09, -16.99, -8.91, Left
1761479442232, -0.98, -17.80, -8.73, Left
1761479442278, -0.68, -18.30, -8.55, Left
1761479442326, -0.56, -18.91, -8.43, Left
1761479442371, -0.46, -19.33, -8.37, Left
1761479442417, -0.48, -19.67, -8.23, Left
1761479442464, -0.54, -19.27, -8.14, Left
1761479442510, -0.68, -18.79, -8.05, Left
1761479442557, -0.78, -17.77, -8.10, Left
1761479442603, -1.14, -16.53, -8.15, Left
1761479442653, -1.38, -15.32, -8.24, Left
1761479442699, -1.73, -14.26, -8.30, Left
1761479442743, -2.06, -12.87, -8.50, Left
1761479442800, -2.08, -11.37, -8.69, Left
1761479442853, -2.11, -9.95, -8.89, Forward
1761479442901, -1.90, -8.58, -9.15, Forward
1761479442946, -1.70, -7.44, -9.46, Forward
1761479442994, -1.51, -6.71, -9.71, Forward
1761479443040, -1.37, -6.25, -9.89, Forward
1761479443085, -1.13, -6.00, -10.17, Forward
1761479443138, -0.84, -5.54, -10.50, Forward
1761479443194, -0.51, -4.88, -10.87, Forward
1761479443244, -0.34, -4.69, -11.08, Forward
1761479443289, -0.20, -4.53, -11.26, Forward
1761479443335, -0.10, -4.28, -11.49, Forward
1761479443381, 0.01, -3.91, -11.73, Forward
1761479443426, 0.02, -3.74, -11.98, Forward
1761479443472, 0.03, -3.63, -12.24, Forward
1761479443520, 0.11, -3.15, -12.61, Forward
1761479443568, 0.14, -2.69, -12.83, Forward
1761479443613, 0.09, -2.43, -12.98, Forward
1761479443658, 0.07, -2.08, -13.15, Forward
1761479443707, 0.07, -1.77, -13.32, Forward
1761479443753, 0.05, -1.43, -13.53, Forward
1761479443813, 0.09, -1.18, -13.69, Forward
1761479443862, 0.12, -1.02, -13.86, Forward
1761479443908, 0.21, -1.45, -13.86, Forward
1761479443953, 0.42, -1.76, -13.87, Forward
1761479443998, 0.70, -1.81, -14.00, Forward
1761479444080, 1.00, -1.88, -14.08, Forward
1761479444124, 1.16, -2.23, -14.12, Forward
1761479444174, 1.37, -2.56, -14.19, Forward
1761479444218, 1.58, -3.00, -14.24, Forward
1761479444266, 1.83, -3.24, -14.32, Forward
1761479444316, 2.12, -3.44, -14.39, Forward
1761479444359, 2.43, -3.35, -14.44, Forward
1761479444406, 2.76, -3.25, -14.48, Forward
1761479444453, 2.93, -3.07, -14.52, Forward
1761479444500, 2.97, -3.32, -14.39, Forward
1761479444548, 3.01, -3.51, -14.32, Forward
1761479444595, 3.24, -3.36, -14.28, Forward
1761479444641, 3.42, -3.15, -14.25, Forward
1761479444688, 3.52, -3.42, -14.01, Forward
1761479444737, 3.57, -4.19, -13.53, Forward
1761479444794, 3.55, -4.90, -13.08, Forward
1761479444843, 3.62, -6.46, -12.40, Forward
1761479444887, 3.59, -7.95, -11.83, Forward
1761479444937, 3.62, -9.42, -11.28, Forward
1761479444984, 3.69, -12.09, -10.59, Left
1761479445030, 4.47, -16.02, -9.38, Left
1761479445078, 5.17, -20.12, -8.23, Left
1761479445124, 6.13, -24.29, -6.75, Left
1761479445170, 2.80, -18.57, -7.38, Left
1761479445216, 4.05, -23.42, -24.30, Left
1761479445264, 3.51, -22.80, -25.13, Left
1761479445310, 4.87, -25.38, -24.10, Left
1761479445354, 1.23, -19.04, -25.10, Left
1761479445409, 7.17, -10.72, -32.75, Left
1761479445465, 9.03, -0.15, -38.98, Forward
1761479445515, 10.30, 11.83, -41.50, Right
1761479445558, 11.41, 10.58, -59.22, Right
1761479445619, 12.05, 22.60, -61.62, Right
1761479445669, 11.72, 15.82, -67.00, Right
1761479445716, 11.89, 15.79, -67.38, Right
1761479445761, 14.42, 23.79, -71.82, Right
1761479445807, 14.43, 35.65, -73.34, Right
1761479445854, 13.58, 34.88, -54.91, Right
1761479445902, 9.53, 22.61, -64.29, Right
1761479445947, 9.54, 22.65, -63.06, Right
1761479445994, 9.44, 9.17, -78.26, Forward
1761479446041, 9.42, 22.52, -64.23, Right
1761479446086, 9.57, 22.49, -65.66, Right
1761479446135, 15.26, 31.92, -63.89, Right
1761479446181, 15.45, 45.61, -48.78, Right
1761479446226, 15.12, 36.11, -27.56, Right
1761479446271, 15.74, 36.02, -32.09, Right
1761479446320, 21.95, 39.94, -52.01, Right
1761479446365, 21.42, 42.03, -35.05, Right
1761479446413, 21.32, 42.05, -32.08, Right
1761479446459, 20.28, 44.96, -15.42, Right
1761479446506, 19.38, 34.32, -12.75, Right
1761479446552, 18.46, 24.97, -10.25, Right
1761479446600, 16.93, 15.99, -6.26, Right
1761479446648, 15.68, 6.94, -4.47, Up
1761479446694, 14.48, 8.50, -20.97, Up
1761479446742, 12.55, 0.49, -16.73, Up
1761479446789, 10.99, -7.43, -15.10, Up
1761479446836, 9.70, -4.04, -15.88, Forward
1761479446882, 7.88, -12.14, -14.86, Left
1761479446930, 6.99, -9.77, -15.31, Forward
1761479446978, 6.11, -7.44, -15.73, Forward
1761479447021, 5.15, -6.64, -16.12, Forward
1761479447073, 4.56, -6.35, -16.33, Forward
1761479447119, 4.19, -5.97, -16.58, Forward
1761479447163, 3.68, -6.69, -16.64, Forward
1761479447211, 3.64, -7.45, -16.69, Forward
1761479447257, 3.53, -8.35, -16.65, Forward
1761479447303, 3.41, -9.31, -16.57, Forward
1761479447349, 3.11, -10.64, -16.35, Left
1761479447405, 2.55, -12.18, -16.07, Left
1761479447458, 2.02, -13.70, -15.78, Left
1761479447503, 1.60, -14.97, -15.46, Left
1761479447550, 1.20, -16.07, -15.16, Left
1761479447598, 0.70, -17.08, -14.81, Left
1761479447645, 0.35, -17.97, -14.56, Left
1761479447689, -0.28, -18.65, -14.34, Left
1761479447745, -0.72, -19.26, -14.07, Left
1761479447800, -1.32, -19.86, -13.90, Left
1761479447847, -1.64, -19.81, -13.78, Left
1761479447892, -1.78, -19.16, -13.63, Left
1761479447951, -1.90, -18.24, -13.33, Left
1761479448002, -2.12, -17.16, -13.03, Left
1761479448048, -2.11, -16.00, -12.61, Left
1761479448095, -2.27, -14.97, -12.20, Left
1761479448142, -2.07, -14.00, -11.60, Left
1761479448189, -1.89, -13.34, -10.84, Left
1761479448236, -1.79, -12.65, -10.04, Left
1761479448288, -1.34, -12.02, -9.07, Left
1761479448344, -1.03, -11.58, -8.17, Left
1761479448392, -0.63, -11.47, -7.30, Left
1761479448437, -0.30, -11.36, -6.63, Left
1761479448482, 0.21, -11.56, -5.83, Left
1761479448529, 0.53, -11.89, -5.16, Left
1761479448578, 1.05, -12.14, -4.35, Left
1761479448624, 1.07, -12.39, -3.61, Left
1761479448683, 1.28, -12.34, -2.94, Left
1761479448732, 1.34, -12.50, -2.35, Left
1761479448777, 1.35, -12.39, -1.89, Left
1761479448824, 1.39, -12.53, -1.43, Left
1761479448881, 1.37, -12.56, -1.03, Left
1761479448944, 1.32, -13.05, -0.54, Left
1761479448997, 1.15, -13.40, -0.20, Left
1761479449041, 0.92, -13.79, 0.13, Left
1761479449088, 0.80, -14.82, 0.54, Left
1761479449153, 0.71, -16.30, 0.90, Left
1761479449197, 0.58, -17.84, 1.27, Left
1761479449244, 0.63, -19.65, 1.62, Left
1761479449288, 0.67, -21.55, 2.01, Left
1761479449336, 1.05, -23.34, 2.41, Left
1761479449383, 1.43, -25.45, 2.61, Left
1761479449429, 1.98, -27.31, 2.73, Left
1761479449488, 2.57, -29.31, 2.86, Left
1761479449537, 3.13, -31.17, 2.97, Left
1761479449584, 3.66, -32.46, 2.90, Left
1761479449628, 4.09, -33.34, 2.74, Left
1761479449677, 4.65, -34.26, 2.48, Left
1761479449723, 4.96, -34.72, 2.18, Left
1761479449769, 5.18, -35.07, 1.47, Left
1761479449822, 5.23, -35.17, 0.58, Left
1761479449878, 4.95, -37.19, 17.55, Left
1761479449927, 4.84, -37.64, 16.85, Left
1761479449972, 4.75, -37.84, 16.13, Left
1761479450018, 4.86, -40.92, 33.14, Left
1761479450080, 5.07, -44.19, 50.25, Left
1761479450127, 5.47, -45.23, 49.53, Left
1761479450172, 5.70, -48.44, 66.92, Left
1761479450218, 6.03, -51.74, 84.33, Left
1761479450263, 6.74, -55.08, 66.35, Left
1761479450309, 7.11, -56.41, 66.47, Left
1761479450355, 8.26, -57.75, 31.10, Left
1761479450417, 9.05, -60.65, 13.33, Left
1761479450468, 9.72, -63.57, -4.48, Left
1761479450512, 10.48, -63.59, -39.83, Left
1761479450559, 11.10, -63.54, -75.39, Left
1761479450606, 11.56, -63.49, -75.06, Left
1761479450654, 11.95, -61.12, -92.89, Left
1761479450701, 12.35, -58.78, -110.77, Left
1761479450749, 12.61, -58.59, -74.92, Left
1761479450795, 13.19, -60.49, -56.98, Left
1761479450842, 10.20, -58.90, -47.47, Left
1761479450889, 10.39, -58.84, -11.73, Left
1761479450936, 7.28, -55.07, 21.83, Left
1761479450979, 7.59, -54.99, 21.76, Left
1761479451025, 8.06, -54.75, 22.01, Left
1761479451088, 8.14, -54.65, 22.14, Left
1761479451132, 8.12, -54.82, 22.34, Left
1761479451178, 7.99, -55.00, 22.48, Left
1761479451222, 7.87, -53.07, 4.72, Left
1761479451270, 7.77, -51.19, -12.98, Left
1761479451319, 10.76, -50.62, -4.48, Left
1761479451363, 10.65, -48.40, -22.10, Left
1761479451421, 13.85, -50.02, -37.54, Left
1761479451471, 13.39, -47.88, -19.63, Left
1761479451518, 12.82, -45.88, -1.95, Left
1761479451565, 13.01, -47.99, -19.95, Left
1761479451613, 13.16, -47.95, -20.03, Left
1761479451661, 13.32, -47.82, -19.97, Left
1761479451706, 12.80, -49.73, -2.71, Left
1761479451758, 12.28, -49.35, -3.10, Left
1761479451816, 11.73, -48.97, -3.50, Left
1761479451863, 11.11, -48.70, -3.93, Left
1761479451908, 10.71, -48.39, -4.22, Left
1761479451952, 10.16, -47.98, -4.45, Left
1761479452001, 9.79, -47.76, -4.62, Left
1761479452046, 9.01, -45.07, 12.90, Left
1761479452098, 8.21, -44.45, 12.47, Left
1761479452154, 7.57, -43.97, 12.09, Left
1761479452202, 6.91, -41.14, -5.98, Left
1761479452248, 6.05, -40.65, -6.58, Left
1761479452293, 5.37, -38.32, -7.14, Left
1761479452367, 4.89, -35.67, -7.75, Left
1761479452421, 4.11, -33.17, -8.43, Left
1761479452468, 3.50, -30.45, -9.16, Left
1761479452514, 2.74, -27.57, -9.91, Left
1761479452561, 2.08, -24.90, -10.56, Left
1761479452608, 1.64, -22.20, -11.14, Left
1761479452655, 1.10, -19.54, -11.83, Left
1761479452700, 1.16, -16.92, -12.14, Left
1761479452747, 1.32, -14.36, -12.32, Left
1761479452790, 1.40, -13.25, -12.56, Left
1761479452838, 1.19, -12.63, -12.76, Left
1761479452886, 1.13, -11.27, -13.00, Left
1761479452933, 1.05, -10.50, -13.16, Left
1761479452976, 0.79, -9.42, -13.36, Forward
1761479453025, 0.34, -8.35, -13.50, Forward
1761479453072, -0.17, -7.39, -13.65, Forward
1761479453119, -0.60, -6.04, -13.70, Forward
1761479453164, -1.30, -5.08, -13.66, Forward
1761479453213, -1.94, -3.58, -13.65, Forward
1761479453259, -2.69, -2.65, -13.54, Forward
1761479453304, -3.32, -0.04, -13.46, Forward
1761479453361, -5.32, 2.65, 5.10, Forward
1761479453414, -7.37, 5.37, 23.66, Forward
1761479453460, -9.23, 8.00, 42.31, Forward
1761479453506, -10.87, 10.39, 60.90, Right
1761479453553, -12.54, 13.05, 79.62, Right
1761479453600, -14.28, 15.58, 98.28, Right
1761479453645, -15.91, 18.09, 117.11, Right
1761479453694, -17.70, 20.15, 136.03, Right
1761479453739, -19.37, 22.25, 154.88, Right
1761479453787, -19.76, 22.94, 155.35, Right
1761479453830, -18.79, 22.78, 137.50, Right
1761479453881, -17.73, 22.27, 119.70, Right
1761479453926, -16.78, 21.91, 101.77, Right
1761479453972, -15.70, 21.32, 83.94, Right
1761479454033, -14.39, 21.06, 65.95, Right
1761479454083, -13.06, 21.18, 47.92, Right
1761479454130, -11.57, 21.10, 29.79, Right
1761479454174, -10.12, 21.65, 11.52, Right
1761479454222, -8.50, 22.13, -6.68, Right
1761479454270, -8.28, 22.53, -6.51, Right
1761479454313, -7.72, 21.46, -6.17, Right
1761479454366, -7.09, 20.82, -5.85, Right
1761479454424, -6.41, 20.37, -5.60, Right
1761479454469, -5.93, 20.25, -5.46, Right
1761479454516, -5.55, 19.84, -5.31, Right
1761479454564, -5.22, 18.20, -4.87, Right
1761479454641, -4.88, 17.25, -4.60, Right
1761479454690, -4.38, 15.15, -4.16, Right
1761479454738, -4.07, 12.86, -3.64, Right
1761479454782, -3.65, 10.56, -3.09, Right
1761479454829, -3.69, 9.33, -2.68, Forward
1761479454877, -3.82, 8.10, -2.34, Forward
1761479454923, -4.09, 6.34, -1.88, Forward
1761479454969, -4.38, 4.64, -1.46, Forward
1761479455016, -4.68, 2.56, -1.00, Forward
1761479455061, -4.97, 1.23, -0.80, Forward
1761479455110, -5.34, -0.34, -0.55, Forward
1761479455156, -5.70, -1.18, -0.46, Forward
1761479455204, -6.18, -1.99, -0.43, Forward
1761479455249, -6.84, -3.20, -0.41, Forward
1761479455298, -7.24, -3.88, -0.52, Forward
1761479455344, -7.55, -4.50, -0.64, Forward
1761479455389, -7.90, -5.34, -0.77, Forward
1761479455437, -8.20, -6.47, -0.82, Forward
1761479455484, -8.59, -7.59, -0.93, Forward
1761479455527, -8.90, -8.66, -1.01, Forward
1761479455575, -9.28, -9.93, -1.25, Forward
1761479455630, -9.65, -11.57, -1.37, Left
1761479455686, -9.88, -12.88, -1.54, Left
1761479455745, -10.11, -13.97, -1.69, Left
1761479455789, -10.36, -14.99, -1.78, Left
1761479455835, -10.78, -16.02, -1.91, Left
1761479455884, -11.07, -16.76, -1.98, Left
1761479455933, -11.45, -17.38, -2.10, Left
1761479455976, -11.78, -17.78, -2.16, Left
1761479456022, -11.99, -18.10, -2.23, Left
1761479456071, -12.15, -18.15, -2.13, Left
1761479456117, -12.34, -18.05, -2.09, Left
1761479456163, -12.58, -17.88, -2.08, Left
1761479456211, -12.58, -17.52, -2.09, Left
1761479456255, -12.63, -17.02, -2.17, Left
1761479456302, -12.53, -16.57, -2.17, Left
1761479456352, -12.43, -16.13, -2.17, Left
1761479456399, -12.39, -15.71, -2.11, Left
1761479456445, -12.25, -15.27, -2.09, Left
1761479456492, -12.27, -14.79, -1.99, Left
1761479456539, -12.25, -14.62, -1.89, Left
1761479456582, -12.15, -14.29, -1.65, Left
1761479456640, -12.01, -13.86, -1.41, Left
1761479456689, -11.92, -13.24, -1.17, Left
1761479456736, -11.94, -13.02, -0.87, Left
1761479456781, -11.93, -12.50, -0.62, Left
1761479456826, -11.87, -11.91, -0.39, Left
1761479456874, -11.74, -11.30, -0.23, Left
1761479456920, -11.50, -10.67, -0.04, Left
1761479456975, -11.15, -10.32, 0.11, Left
1761479457029, -10.87, -9.56, 0.18, Down
1761479457076, -10.69, -9.30, 0.20, Down
1761479457120, -10.41, -9.19, 0.25, Down
1761479457167, -10.10, -9.21, 0.29, Down
1761479457215, -9.83, -9.09, 0.28, Forward
1761479457261, -9.61, -9.32, 0.35, Forward
1761479457309, -9.32, -9.72, 0.50, Forward
1761479457355, -8.94, -10.25, 0.70, Left
1761479457402, -8.76, -10.76, 0.86, Left
1761479457447, -8.63, -11.13, 0.98, Left
1761479457494, -8.36, -11.64, 1.18, Left
1761479457541, -8.11, -11.86, 1.32, Left
1761479457587, -7.86, -11.96, 1.44, Left
1761479457648, -7.66, -12.12, 1.57, Left
1761479457699, -7.39, -12.09, 1.75, Left
1761479457742, -7.08, -11.82, 1.85, Left
1761479457788, -6.89, -11.46, 1.89, Left
1761479457837, -6.73, -10.89, 1.89, Left
1761479457884, -6.52, -10.45, 1.93, Left
1761479457932, -6.31, -10.19, 1.96, Left
1761479457975, -6.25, -10.15, 2.02, Left
1761479458022, -6.16, -10.06, 2.07, Left
1761479458071, -6.15, -9.95, 2.10, Forward
1761479458117, -6.14, -10.01, 2.14, Left
1761479458161, -6.20, -10.16, 2.12, Left
1761479458209, -6.27, -10.32, 2.08, Left
1761479458254, -6.36, -10.53, 2.07, Left
1761479458305, -6.47, -10.88, 2.05, Left
1761479458364, -6.57, -11.07, 2.02, Left
1761479458408, -6.75, -11.14, 2.05, Left
1761479458454, -6.85, -11.22, 2.03, Left
1761479458503, -6.91, -11.08, 1.98, Left
1761479458550, -7.15, -11.55, 2.00, Left
1761479458594, -7.43, -11.87, 2.06, Left
1761479458641, -7.64, -12.29, 2.18, Left
1761479458687, -7.91, -12.80, 2.29, Left
1761479458738, -8.17, -13.09, 2.38, Left
1761479458795, -8.35, -13.29, 2.51, Left
1761479458846, -8.63, -13.63, 2.66, Left
1761479458912, -8.93, -13.99, 2.78, Left
1761479458970, -9.19, -14.13, 2.87, Left
1761479459018, -9.53, -14.50, 2.97, Left
1761479459063, -9.69, -14.43, 3.00, Left
1761479459107, -9.73, -14.16, 2.98, Left
1761479459158, -9.81, -13.63, 2.89, Left
1761479459203, -9.99, -13.11, 2.81, Left
1761479459251, -10.15, -12.75, 2.75, Left
1761479459298, -10.35, -11.83, 2.57, Left
1761479459346, -10.33, -10.95, 2.44, Left
1761479459391, -10.24, -10.00, 2.26, Down
1761479459437, -10.24, -9.88, 2.22, Down
1761479459484, -10.17, -9.55, 2.18, Down
1761479459532, -10.08, -9.70, 2.19, Down
1761479459580, -9.99, -10.11, 2.24, Left
1761479459625, -9.89, -10.83, 2.35, Left
1761479459673, -9.69, -11.48, 2.45, Left
1761479459717, -9.44, -11.99, 2.58, Left
1761479459768, -9.23, -12.73, 2.76, Left
1761479459812, -9.15, -13.46, 2.89, Left
1761479459857, -9.07, -14.05, 2.99, Left
1761479459907, -9.00, -14.05, 2.99, Left
1761479459955, -8.85, -13.63, 2.94, Left
1761479459997, -8.66, -12.69, 2.86, Left
1761479460044, -8.69, -12.02, 2.78, Left
1761479460092, -8.65, -11.13, 2.71, Left
1761479460137, -8.61, -10.36, 2.64, Left
1761479460182, -8.44, -7.41, 2.11, Forward
1761479460239, -8.19, -5.83, 1.85, Forward
1761479460291, -8.07, -5.40, 1.73, Forward
1761479460338, -7.96, -5.06, 1.66, Forward
1761479460384, -7.84, -4.64, 1.58, Forward
1761479460432, -7.94, -5.18, 1.58, Forward
1761479460478, -8.00, -5.31, 1.51, Forward
1761479460524, -7.95, -4.40, 1.30, Forward
1761479460578, -7.89, -3.44, 1.06, Forward
1761479460634, -7.86, -2.82, 0.86, Forward
1761479460678, -8.05, -4.91, 1.15, Forward
1761479460724, -8.18, -4.62, 0.99, Forward
1761479460783, -8.25, -3.98, 0.84, Forward
1761479460834, -8.31, -3.34, 0.69, Forward
1761479460881, -8.35, -2.69, 0.59, Forward
1761479460926, -8.28, -1.63, 0.43, Forward
1761479460971, -8.33, -1.02, 0.35, Forward
1761479461020, -8.36, -1.07, 0.38, Forward
1761479461069, -8.44, -1.56, 0.47, Forward
1761479461119, -8.48, -1.62, 0.50, Forward
1761479461176, -8.50, -1.31, 0.47, Forward
1761479461223, -8.58, -2.41, 0.66, Forward
1761479461271, -8.61, -2.72, 0.71, Forward
1761479461316, -8.63, -3.04, 0.75, Forward
1761479461365, -8.63, -3.38, 0.76, Forward
1761479461413, -8.51, -3.67, 0.79, Forward
1761479461458, -8.29, -3.69, 0.80, Forward
1761479461507, -8.12, -4.00, 0.83, Forward
1761479461554, -7.77, -2.88, 0.66, Forward
1761479461600, -7.47, -2.55, 0.65, Forward
1761479461645, -6.92, -1.66, 0.54, Forward
1761479461694, -6.41, -0.91, 0.50, Forward
1761479461740, -5.99, 0.26, 0.42, Forward
1761479461788, -5.46, 2.29, 0.21, Forward
1761479461832, -4.87, 4.13, 0.05, Forward
1761479461877, -4.30, 6.11, -0.12, Forward
1761479461924, -3.83, 7.87, -0.29, Forward
1761479461971, -3.27, 9.88, -0.50, Forward
1761479462017, -2.83, 10.55, -0.48, Right
1761479462065, -2.57, 13.05, -0.76, Right
1761479462111, -2.07, 15.23, -0.90, Right
1761479462160, -1.58, 18.03, -1.18, Right
1761479462204, -0.67, 19.99, -1.37, Right
1761479462250, 0.00, 21.35, -1.49, Right
1761479462297, 0.81, 22.91, -1.63, Right
1761479462344, 1.61, 24.10, -1.79, Right
1761479462389, 2.79, 24.71, -1.89, Right
1761479462448, 3.89, 25.48, -1.96, Right
1761479462515, 4.88, 26.59, -2.19, Right
1761479462565, 6.07, 26.43, -2.20, Right
1761479462609, 6.75, 26.03, -2.25, Right
1761479462656, 7.59, 25.24, -2.22, Right
1761479462720, 8.21, 24.87, -2.26, Right
1761479462767, 8.84, 24.27, -2.19, Right
1761479462812, 9.36, 23.75, -2.28, Right
1761479462859, 9.86, 23.23, -2.27, Right
1761479462906, 10.01, 23.19, -2.30, Right
1761479462953, 10.21, 23.08, -2.37, Right
1761479462997, 10.49, 22.69, -2.26, Right
1761479463057, 10.79, 22.35, -2.22, Right
1761479463108, 11.03, 22.07, -2.17, Right
1761479463155, 11.12, 21.72, -2.11, Right
1761479463200, 11.11, 21.46, -2.05, Right
1761479463248, 11.27, 20.71, -1.80, Right
1761479463328, 11.37, 19.39, -1.18, Right
1761479463387, 11.28, 18.00, -0.54, Right
1761479463434, 11.14, 16.31, 0.20, Right
1761479463481, 11.08, 14.72, 0.88, Right
1761479463525, 10.87, 12.92, 1.50, Right
1761479463585, 10.45, 10.58, 2.26, Right
1761479463637, 10.12, 8.24, 2.98, Up
1761479463681, 9.90, 5.97, 3.66, Forward
1761479463728, 9.73, 3.46, 4.35, Forward
1761479463774, 9.45, 1.45, 4.74, Forward
1761479463821, 9.11, -0.01, 4.83, Forward
1761479463866, 9.13, -1.25, 4.64, Forward
1761479463919, 9.08, -2.02, 4.18, Forward
1761479463974, 8.91, -2.82, 3.78, Forward
1761479464024, 9.03, -3.09, 3.24, Forward
1761479464069, 9.26, -2.67, 2.56, Forward
1761479464116, 9.59, -2.07, 1.75, Forward
1761479464163, 9.77, -1.38, 0.94, Forward
1761479464208, 10.08, 0.53, -0.43, Up
1761479464255, 10.46, 3.05, -2.07, Up
1761479464303, 10.85, 5.23, -3.55, Up
1761479464351, 10.99, 7.78, -4.97, Up
1761479464396, 11.39, 10.15, -6.27, Right
1761479464446, 11.77, 12.63, -7.59, Right
1761479464492, 12.05, 14.89, -8.81, Right
1761479464537, 12.35, 17.31, -10.06, Right
1761479464589, 12.47, 19.35, -11.15, Right
1761479464647, 12.61, 21.42, -12.27, Right
1761479464693, 12.54, 22.38, -12.73, Right
1761479464739, 12.44, 22.82, -12.87, Right
1761479464786, 12.26, 23.66, -13.18, Right
1761479464834, 12.17, 24.06, -13.28, Right
1761479464880, 11.75, 24.48, -13.35, Right
1761479464931, 11.47, 24.62, -13.44, Right
1761479464976, 11.11, 24.89, -13.53, Right
1761479465022, 10.78, 24.88, -13.54, Right
1761479465069, 10.52, 24.86, -13.52, Right
1761479465114, 10.38, 24.64, -13.29, Right
1761479465161, 10.20, 24.64, -13.18, Right
1761479465206, 9.91, 24.50, -12.22, Right
1761479465264, 9.73, 23.72, -10.82, Right
1761479465318, 9.62, 23.04, -9.54, Right
1761479465364, 9.44, 21.72, -7.82, Right
1761479465408, 9.38, 20.58, -6.09, Right
1761479465456, 9.29, 19.10, -4.16, Right
1761479465519, 9.32, 17.28, -2.14, Right
1761479465566, 9.30, 15.63, -0.17, Right
1761479465609, 9.16, 13.77, 1.62, Right
1761479465658, 9.02, 11.85, 3.39, Right
1761479465706, 9.05, 9.43, 4.37, Forward
1761479465751, 9.08, 7.75, 4.89, Forward
1761479465798, 8.98, 5.37, 5.57, Forward
1761479465855, 9.13, 3.74, 5.78, Forward
1761479465907, 9.08, 1.96, 6.04, Forward
1761479465951, 9.20, 0.39, 6.08, Forward
1761479466000, 9.22, -0.85, 6.04, Forward
1761479466049, 9.30, -2.03, 5.98, Forward
1761479466095, 9.46, -2.81, 5.89, Forward
1761479466140, 9.83, -3.91, 5.82, Forward
1761479466192, 10.12, -4.13, 5.53, Up
1761479466246, 10.42, -4.54, 5.31, Up
1761479466293, 10.78, -4.09, 4.96, Up
1761479466337, 10.99, -3.49, 4.56, Up
1761479466387, 11.31, -2.56, 4.08, Up
1761479466432, 11.46, -1.47, 3.62, Up
1761479466479, 11.73, 0.40, 2.89, Up
1761479466527, 11.87, 2.48, 2.08, Up
1761479466573, 12.09, 4.35, 1.31, Up
1761479466621, 12.11, 6.71, 0.48, Up
1761479466666, 12.19, 8.81, -0.19, Up
1761479466714, 12.20, 10.83, -0.86, Right
1761479466759, 12.15, 12.69, -1.52, Right
1761479466804, 12.28, 14.18, -2.13, Right
1761479466865, 12.23, 15.68, -2.89, Right
1761479466915, 12.28, 16.95, -3.57, Right
1761479466961, 12.46, 17.28, -3.92, Right
1761479467007, 12.79, 17.42, -4.14, Right
1761479467053, 12.77, 17.59, -4.18, Right
1761479467102, 12.86, 17.49, -4.17, Right
1761479467145, 12.77, 17.26, -4.07, Right
1761479467202, 12.75, 17.23, -3.99, Right
1761479467255, 12.73, 17.06, -3.89, Right
1761479467301, 12.50, 17.14, -3.82, Right
1761479467346, 12.32, 17.11, -3.58, Right
1761479467393, 12.38, 17.07, -3.29, Right
1761479467474, 12.19, 17.31, -3.10, Right
1761479467519, 11.92, 17.50, -2.94, Right
1761479467565, 11.93, 17.86, -2.97, Right
1761479467611, 11.91, 18.11, -2.93, Right
1761479467657, 11.89, 18.52, -2.95, Right
1761479467706, 11.95, 18.66, -2.93, Right
1761479467754, 11.96, 19.02, -2.94, Right
1761479467799, 12.07, 19.44, -2.91, Right
1761479467849, 12.23, 19.64, -2.82, Right
1761479467892, 12.16, 19.97, -2.87, Right
1761479467940, 12.08, 20.16, -2.87, Right
1761479467988, 12.09, 20.17, -2.82, Right
1761479468034, 11.99, 20.25, -2.79, Right
1761479468080, 11.88, 20.26, -2.70, Right
1761479468126, 11.94, 20.13, -2.63, Right
1761479468173, 11.91, 20.14, -2.56, Right
1761479468219, 11.91, 20.09, -2.51, Right
1761479468268, 11.94, 19.74, -2.40, Right
1761479468312, 11.95, 19.58, -2.32, Right
1761479468357, 11.93, 19.49, -2.25, Right
1761479468403, 11.87, 19.62, -2.29, Right
1761479468465, 11.96, 19.83, -2.42, Right
1761479468515, 12.09, 19.91, -2.52, Right
1761479468563, 12.25, 20.26, -2.80, Right
1761479468608, 12.36, 20.56, -3.06, Right
1761479468657, 12.44, 21.02, -3.41, Right
1761479468703, 12.52, 21.30, -3.62, Right
1761479468747, 12.70, 21.81, -3.93, Right
1761479468799, 12.76, 22.31, -4.23, Right
1761479468845, 12.81, 22.90, -4.58, Right
1761479468892, 12.97, 23.17, -4.84, Right
1761479468937, 12.90, 23.60, -5.04, Right
1761479468987, 12.91, 23.92, -5.23, Right
1761479469034, 12.81, 24.35, -5.36, Right
1761479469077, 12.77, 24.61, -5.43, Right
1761479469136, 12.69, 24.79, -5.45, Right
1761479469188, 12.64, 25.07, -5.55, Right
1761479469235, 12.42, 25.24, -5.56, Right
1761479469279, 12.39, 25.23, -5.54, Right
1761479469328, 12.37, 25.42, -5.57, Right
1761479469375, 12.31, 25.54, -5.57, Right
1761479469422, 12.19, 25.80, -5.59, Right
1761479469471, 12.10, 25.89, -5.59, Right
1761479469516, 11.98, 25.78, -5.54, Right
1761479469560, 12.02, 25.48, -5.57, Right
1761479469606, 12.05, 25.22, -5.58, Right
1761479469654, 12.11, 24.88, -5.68, Right
1761479469701, 12.26, 24.65, -5.82, Right
1761479469745, 12.37, 24.48, -6.07, Right
1761479469795, 12.55, 24.06, -6.20, Right
1761479469841, 12.62, 23.89, -6.40, Right
1761479469887, 12.69, 23.62, -6.65, Right
1761479469932, 12.73, 23.46, -6.88, Right
1761479469982, 12.89, 23.31, -7.15, Right
1761479470027, 12.79, 23.64, -7.42, Right
1761479470075, 12.77, 23.87, -7.67, Right
1761479470122, 12.75, 24.18, -7.82, Right
1761479470167, 12.61, 24.34, -7.91, Right
1761479470213, 12.48, 24.40, -7.93, Right
1761479470264, 12.29, 24.36, -7.95, Right
1761479470311, 12.13, 24.38, -7.99, Right
1761479470356, 12.04, 24.24, -7.93, Right
1761479470404, 11.78, 24.37, -7.94, Right
1761479470451, 11.44, 24.42, -7.91, Right
1761479470498, 11.25, 24.26, -7.87, Right
1761479470543, 11.13, 23.82, -7.79, Right
1761479470590, 10.94, 23.42, -7.70, Right
1761479470639, 10.90, 22.90, -7.63, Right
1761479470683, 10.84, 22.72, -7.57, Right
1761479470731, 10.62, 22.47, -7.49, Right
1761479470777, 10.43, 21.97, -7.31, Right
1761479470822, 10.23, 21.32, -7.15, Right
1761479470871, 10.30, 20.61, -7.00, Right
1761479470916, 10.36, 20.09, -6.74, Right
1761479470962, 10.35, 19.52, -6.40, Right
1761479471009, 10.22, 19.29, -6.16, Right
1761479471054, 10.16, 18.92, -5.96, Right
1761479471105, 10.01, 18.71, -5.75, Right
1761479471149, 9.71, 18.47, -5.48, Right
1761479471195, 9.62, 18.33, -5.27, Right
1761479471243, 9.59, 18.54, -5.14, Right
1761479471289, 9.46, 18.84, -4.98, Right
1761479471337, 9.29, 18.98, -4.82, Right
1761479471384, 9.11, 19.10, -4.76, Right
1761479471430, 8.80, 19.54, -4.83, Right
1761479471475, 8.67, 19.64, -4.81, Right
1761479471536, 8.51, 19.87, -4.82, Right
1761479471587, 8.36, 20.18, -4.89, Right
1761479471632, 8.38, 20.23, -4.96, Right
1761479471680, 8.36, 20.09, -4.99, Right
1761479471725, 8.33, 19.75, -4.99, Right
1761479471773, 8.33, 19.51, -5.07, Right
1761479471817, 8.32, 19.28, -5.09, Right
1761479471871, 8.46, 18.90, -5.09, Right
1761479471924, 8.69, 18.57, -5.12, Right
1761479471975, 8.75, 18.36, -5.10, Right
1761479472018, 8.86, 18.02, -5.03, Right
1761479472084, 9.07, 17.69, -4.93, Right
1761479472144, 9.40, 17.05, -4.64, Right
1761479472188, 9.72, 16.74, -4.42, Right
1761479472236, 9.94, 15.83, -3.98, Right
1761479472282, 10.19, 14.16, -3.34, Right
1761479472351, 10.34, 12.22, -2.62, Right
1761479472406, 10.46, 10.43, -2.00, Right
1761479472454, 10.67, 8.34, -1.20, Up
1761479472501, 10.81, 6.26, -0.50, Up
1761479472544, 10.89, 4.40, 0.17, Up
1761479472592, 10.97, 2.46, 0.77, Up
1761479472638, 10.87, 0.90, 1.18, Up
1761479472682, 10.89, -0.67, 1.55, Up
1761479472732, 10.95, -1.69, 1.70, Up
1761479472777, 11.08, -1.94, 1.67, Up
1761479472824, 11.21, -1.81, 1.50, Up
1761479472872, 11.27, -1.43, 1.32, Up
1761479472917, 11.23, -0.99, 1.04, Up
1761479472962, 11.28, -0.39, 0.78, Up
1761479473009, 11.39, 0.25, 0.48, Up
1761479473087, 11.37, 1.10, 0.12, Up
1761479473135, 11.38, 1.64, -0.17, Up
1761479473181, 11.26, 2.25, -0.43, Up
1761479473227, 11.25, 2.87, -0.75, Up
1761479473281, 11.11, 3.67, -1.13, Up
1761479473348, 10.96, 4.49, -1.53, Up
1761479473399, 10.79, 4.97, -1.84, Up
1761479473445, 10.76, 5.67, -2.21, Up
1761479473488, 10.69, 6.32, -2.60, Up
1761479473537, 10.54, 6.80, -2.92, Up
1761479473585, 10.38, 7.20, -3.24, Up
1761479473628, 10.33, 7.98, -3.64, Up
1761479473678, 10.28, 8.49, -3.93, Up
1761479473725, 10.10, 8.91, -4.21, Up
1761479473771, 9.98, 9.36, -4.51, Forward
1761479473815, 9.89, 9.72, -4.78, Forward
1761479473888, 9.87, 10.16, -5.09, Right
1761479473941, 9.81, 10.59, -5.35, Right
1761479473986, 9.74, 10.99, -5.60, Right
1761479474036, 9.69, 11.44, -5.87, Right
1761479474083, 9.64, 11.77, -6.01, Right
1761479474130, 9.55, 11.94, -6.15, Right
1761479474176, 9.54, 12.25, -6.34, Right
1761479474221, 9.56, 12.69, -6.47, Right
1761479474268, 9.61, 13.00, -6.53, Right
1761479474314, 9.70, 13.37, -6.58, Right
1761479474360, 9.68, 13.63, -6.59, Right
1761479474408, 9.68, 13.80, -6.61, Right
1761479474454, 9.72, 13.96, -6.62, Right
1761479474499, 9.75, 14.01, -6.61, Right
1761479474544, 9.93, 13.83, -6.61, Right
1761479474593, 10.08, 13.78, -6.65, Right
1761479474639, 10.09, 13.60, -6.70, Right
1761479474686, 10.17, 13.42, -6.74, Right
1761479474734, 10.26, 13.27, -6.83, Right
1761479474781, 10.33, 13.16, -6.89, Right
1761479474825, 10.46, 13.10, -7.06, Right
1761479474886, 10.56, 13.02, -7.15, Right
1761479474942, 10.77, 13.02, -7.30, Right
1761479474995, 11.01, 13.01, -7.43, Right
1761479475040, 11.17, 13.21, -7.54, Right
1761479475085, 11.21, 13.54, -7.67, Right
1761479475136, 11.16, 14.01, -7.81, Right
1761479475182, 11.22, 14.58, -7.96, Right
1761479475226, 11.27, 14.92, -8.00, Right
1761479475276, 11.43, 15.28, -8.13, Right
1761479475323, 11.53, 15.58, -8.15, Right
1761479475371, 11.68, 15.80, -8.20, Right
1761479475415, 11.64, 15.90, -8.17, Right
1761479475464, 11.70, 16.17, -8.21, Right
1761479475510, 11.76, 16.39, -8.25, Right
1761479475554, 11.98, 16.47, -8.30, Right
1761479475604, 12.37, 16.51, -8.32, Right
1761479475650, 12.59, 16.46, -8.29, Right
1761479475693, 12.83, 16.51, -8.33, Right
1761479475742, 13.00, 16.55, -8.32, Right
1761479475788, 13.18, 16.61, -8.34, Right
1761479475834, 13.08, 16.78, -8.42, Right
1761479475887, 12.94, 16.97, -8.50, Right
1761479475943, 12.69, 17.23, -8.61, Right
1761479475988, 12.59, 17.23, -8.68, Right
1761479476038, 12.50, 17.20, -8.72, Right
1761479476081, 12.64, 16.97, -8.76, Right
1761479476159, 12.85, 16.82, -8.90, Right
1761479476208, 13.00, 16.69, -9.00, Right
1761479476253, 13.06, 16.53, -9.09, Right
1761479476299, 13.15, 16.40, -9.16, Right
1761479476347, 13.50, 16.22, -9.17, Right
1761479476393, 14.01, 16.07, -9.22, Right
1761479476440, 14.54, 15.70, -9.24, Right
1761479476497, 14.92, 15.57, -9.30, Right
1761479476549, 15.24, 15.49, -9.38, Right
1761479476596, 15.21, 15.34, -9.41, Right
1761479476641, 15.19, 15.14, -9.43, Right
1761479476688, 15.23, 14.91, -9.45, Right
1761479476735, 15.33, 14.75, -9.48, Right
1761479476783, 15.55, 14.45, -9.51, Right
1761479476827, 15.52, 14.15, -9.64, Right
1761479476877, 15.44, 13.82, -9.73, Right
1761479476924, 15.25, 13.56, -9.76, Right
1761479476970, 15.07, 13.29, -9.77, Right
1761479477016, 14.75, 12.86, -9.67, Right
1761479477064, 14.45, 12.77, -9.67, Right
1761479477109, 14.10, 12.92, -9.47, Right
1761479477155, 13.63, 13.06, -9.22, Right
1761479477205, 13.21, 13.13, -9.00, Right
1761479477252, 12.72, 13.28, -8.76, Right
1761479477299, 12.45, 13.67, -8.53, Right
1761479477347, 12.07, 13.99, -8.31, Right
1761479477392, 11.86, 14.27, -8.10, Right
1761479477439, 11.66, 14.64, -7.91, Right
1761479477489, 11.76, 14.95, -7.80, Right
1761479477532, 11.85, 15.19, -7.68, Right
1761479477580, 11.98, 15.12, -7.68, Right
1761479477627, 12.21, 15.06, -7.75, Right
1761479477675, 12.43, 15.01, -7.84, Right
1761479477722, 12.53, 14.90, -7.86, Right
1761479477771, 12.72, 14.38, -7.80, Right
1761479477823, 13.02, 14.03, -7.79, Right
1761479477880, 13.34, 13.76, -7.85, Right
1761479477926, 13.51, 13.73, -7.97, Right
1761479477974, 13.59, 13.74, -8.04, Right
1761479478020, 13.72, 13.85, -8.18, Right
1761479478066, 13.80, 13.97, -8.30, Right
1761479478110, 13.70, 14.09, -8.40, Right
1761479478162, 13.47, 14.12, -8.48, Right
1761479478219, 13.33, 14.22, -8.59, Right
1761479478268, 13.18, 14.41, -8.66, Right
1761479478312, 13.03, 14.62, -8.76, Right
1761479478359, 12.80, 14.69, -8.80, Right
1761479478404, 12.68, 14.69, -8.78, Right
1761479478451, 12.60, 14.72, -8.81, Right
1761479478498, 12.47, 14.62, -8.77, Right
1761479478547, 12.40, 14.56, -8.80, Right
1761479478594, 12.42, 14.59, -8.79, Right
1761479478640, 12.60, 14.65, -8.77, Right
1761479478684, 12.74, 14.82, -8.84, Right
1761479478734, 12.81, 15.02, -8.90, Right
1761479478777, 12.80, 15.13, -8.90, Right
1761479478835, 12.76, 15.22, -8.85, Right
1761479478887, 12.77, 15.19, -8.80, Right
1761479478935, 12.67, 15.37, -8.80, Right
1761479478981, 12.61, 15.47, -8.78, Right
1761479479028, 12.42, 15.55, -8.62, Right
1761479479087, 12.29, 15.57, -8.38, Right
1761479479136, 12.17, 15.49, -8.14, Right
1761479479181, 11.82, 15.56, -7.73, Right
1761479479228, 11.43, 15.54, -7.33, Right
1761479479273, 11.02, 15.65, -6.88, Right
1761479479321, 10.64, 15.79, -6.49, Right
1761479479364, 9.89, 16.20, -5.89, Right
1761479479424, 8.88, 16.76, -4.96, Right
1761479479476, 8.10, 17.50, -4.15, Right
1761479479521, 7.33, 18.29, -3.15, Right
1761479479567, 6.75, 19.10, -2.34, Right
1761479479615, 6.53, 19.66, -1.21, Right
1761479479659, 6.40, 19.66, -0.19, Right
1761479479704, 4.95, 17.40, 1.31, Right
1761479479757, 3.20, 15.23, 2.78, Right
1761479479815, 1.70, 15.63, 4.47, Right
1761479479861, 0.51, 14.95, 5.98, Right
1761479479905, -0.29, 14.05, 7.22, Right
1761479479952, -1.70, 12.40, 8.63, Right
1761479479998, -3.00, 11.12, 9.76, Right
1761479480715, -5.81, 8.09, 10.20, Forward
1761479480773, -9.03, 5.66, 10.21, Forward
1761479480821, -12.27, 3.88, 10.26, Down
1761479480865, -13.70, 4.73, 9.69, Down
1761479480912, -14.88, 5.37, 9.06, Down
1761479480956, -16.25, 3.96, 8.10, Down
1761479481005, -17.65, 3.45, 7.16, Down
1761479481051, -18.64, 1.68, 6.07, Down
1761479481105, -19.39, 0.87, 4.78, Down
1761479481160, -20.37, -0.15, 3.43, Down
1761479481209, -19.84, 0.28, 2.82, Down
1761479481257, -19.40, 0.72, 2.26, Down
1761479481303, -18.96, 0.22, 1.59, Down
1761479481382, -18.94, 0.00, 1.02, Down
1761479481428, -18.92, -0.51, 0.46, Down
1761479481474, -19.42, -3.11, 17.79, Down
1761479481521, -19.89, -5.70, 35.07, Down
1761479481565, -20.61, -4.17, 16.59, Down
1761479481610, -20.83, -3.14, -1.79, Down
1761479481659, -21.70, -2.47, -20.01, Down
1761479481706, -22.08, -1.02, -38.32, Down
1761479481752, -22.71, 0.58, -56.56, Down
1761479481800, -23.09, 2.50, -38.78, Down
1761479481843, -23.64, 3.44, -21.02, Down
1761479481892, -24.40, 2.32, -3.43, Down
1761479481940, -24.72, 3.33, -3.51, Down
1761479481983, -24.97, 3.60, -3.73, Down
1761479482037, -25.04, 4.62, 14.10, Down
1761479482091, -25.24, 6.06, 31.94, Down
1761479482138, -24.51, 7.09, 49.59, Down
1761479482185, -24.39, 7.38, 67.33, Down
1761479482229, -24.76, 4.50, 102.85, Down
1761479482277, -25.34, 2.37, 102.46, Down
1761479482324, -24.47, 0.82, 84.42, Down
1761479482369, -23.12, 1.34, 66.65, Down
1761479482414, -21.86, 1.18, 48.77, Down
1761479482463, -20.25, 2.04, 31.14, Down
1761479482508, -19.02, -0.85, 31.41, Down
1761479482553, -18.00, -4.26, 31.68, Down
1761479482602, -17.05, -7.02, 32.04, Down
1761479482647, -15.91, -9.32, 32.36, Down
1761479482707, -13.74, -5.74, 14.33, Down
1761479482757, -11.48, -3.69, -3.60, Down
1761479482818, -10.52, -1.71, -3.83, Down
1761479482864, -9.78, 0.31, -4.13, Forward
1761479482916, -9.10, 1.64, -4.28, Forward
1761479482976, -8.62, 3.09, -4.57, Forward
1761479483034, -8.37, 4.24, -4.83, Forward
1761479483082, -8.02, 7.43, -5.32, Forward
1761479483128, -7.71, 9.14, -5.60, Forward
1761479483174, -7.54, 11.52, -5.93, Right
1761479483230, -7.66, 10.09, -5.57, Right
1761479483285, -7.70, 10.50, -5.52, Right
1761479483332, -7.77, 10.47, -5.39, Right
1761479483377, -7.70, 10.27, -5.20, Right
1761479483425, -7.54, 10.68, -5.07, Right
1761479483472, -7.63, 10.38, -4.86, Right
1761479483518, -7.56, 9.69, -4.50, Forward
1761479483569, -7.65, 6.61, -3.81, Forward
1761479483614, -7.69, 4.95, -3.36, Forward
1761479483658, -7.90, 2.34, -2.80, Forward
1761479483705, -7.83, 0.69, -2.43, Forward
1761479483752, -7.87, -1.62, -1.90, Forward
1761479483798, -7.65, -3.13, -1.52, Forward
1761479483844, -7.38, -4.31, -1.53, Forward
1761479483904, -7.07, -4.87, -1.76, Forward
1761479483953, -6.82, -5.68, -2.00, Forward
1761479484000, -6.57, -5.76, -2.53, Forward
1761479484049, -6.32, -5.49, -3.08, Forward
1761479484096, -6.05, -5.27, -3.58, Forward
1761479484142, -5.92, -4.94, -4.23, Forward
1761479484188, -6.00, -4.68, -4.93, Forward
1761479484239, -6.16, -4.21, -5.69, Forward
1761479484296, -6.51, -4.59, -6.34, Forward
1761479484344, -7.02, -4.21, -6.79, Forward
1761479484391, -7.65, -4.61, -6.98, Forward
1761479484449, -7.96, -4.72, -7.16, Forward
1761479484500, -8.29, -4.88, -7.27, Forward
1761479484548, -8.56, -4.62, -7.44, Forward
1761479484592, -8.95, -4.36, -7.51, Forward
1761479484639, -9.23, -4.34, -7.43, Forward
1761479484688, -9.59, -3.06, -7.38, Forward
1761479484733, -10.01, -1.93, -7.25, Down
1761479484785, -10.51, 0.32, -7.15, Down
1761479484842, -12.02, 1.67, 11.25, Down
1761479484887, -13.28, 3.90, 29.65, Down
1761479484934, -14.82, 6.01, 47.99, Down
1761479484978, -16.21, 8.28, 66.30, Down
1761479485025, -17.63, 10.41, 84.66, Right
1761479485072, -19.01, 12.42, 102.90, Right
1761479485118, -19.42, 14.50, 102.97, Right
1761479485167, -19.78, 14.37, 103.24, Right
1761479485213, -20.15, 13.32, 103.63, Right
1761479485259, -20.25, 11.73, 104.02, Right
1761479485306, -19.34, 9.97, 86.23, Down
1761479485353, -18.54, 7.59, 68.35, Down
1761479485400, -17.84, 4.88, 50.54, Down
1761479485445, -17.43, 1.21, 32.88, Down
1761479485519, -16.76, -3.17, 15.25, Down
1761479485569, -16.02, -7.29, -2.32, Down
1761479485615, -16.26, -11.38, -1.78, Left
1761479485661, -15.91, -14.97, -1.07, Left
1761479485714, -15.17, -17.99, -0.40, Left
1761479485777, -14.97, -21.06, 0.33, Left
1761479485832, -14.67, -23.80, 1.02, Left
1761479485880, -14.43, -26.44, 1.77, Left
1761479485923, -13.93, -28.50, 2.33, Left
1761479485986, -13.10, -29.87, 2.71, Left
1761479486032, -12.59, -30.47, 3.05, Left
1761479486080, -12.32, -33.85, -15.14, Left
1761479486124, -12.23, -37.12, -33.46, Left
1761479486170, -11.83, -37.61, -33.44, Left
1761479486218, -11.87, -37.85, -33.66, Left
1761479486264, -11.55, -38.15, -33.85, Left
1761479486320, -11.23, -38.39, -34.08, Left
1761479486373, -10.84, -38.59, -34.38, Left
1761479486418, -10.58, -38.85, -34.57, Left
1761479486463, -10.41, -38.89, -34.69, Left
1761479486512, -10.17, -38.98, -34.94, Left
1761479486555, -9.68, -36.42, -16.70, Left
1761479486604, -8.92, -34.01, 1.65, Left
1761479486650, -8.90, -34.12, 1.43, Left
1761479486696, -8.83, -34.29, 1.29, Left
1761479486742, -8.74, -34.21, 1.19, Left
1761479486788, -8.73, -34.22, 1.08, Left
1761479486837, -8.66, -34.12, 1.11, Left
1761479486883, -8.62, -33.92, 1.09, Left
1761479486930, -8.58, -33.60, 1.09, Left
1761479486977, -8.47, -33.30, 1.20, Left
1761479487023, -8.56, -33.06, 1.21, Left
1761479487072, -9.26, -35.41, 18.69, Left
1761479487115, -9.99, -37.74, 36.17, Left
1761479487166, -10.64, -40.06, 53.63, Left
1761479487211, -10.82, -39.84, 53.52, Left
1761479487256, -11.81, -41.94, 70.55, Left
1761479487313, -12.70, -44.03, 87.52, Left
1761479487372, -13.60, -45.73, 104.27, Left
1761479487424, -14.56, -47.59, 121.02, Left
1761479487474, -15.57, -49.39, 137.76, Left
1761479487520, -15.49, -47.85, 137.10, Left
1761479487583, -14.77, -43.04, 118.92, Left
1761479487629, -14.14, -38.41, 100.76, Left
1761479487676, -13.37, -33.60, 82.62, Left
1761479487721, -13.07, -31.50, 81.91, Left
1761479487768, -11.97, -26.99, 64.07, Left
1761479487814, -11.09, -22.61, 46.13, Left
1761479487861, -10.11, -18.42, 28.41, Left
1761479487918, -9.18, -14.32, 10.65, Left
1761479487970, -8.15, -10.22, -7.10, Left
1761479488028, -8.11, -9.57, -7.36, Forward
1761479488075, -8.12, -9.48, -7.54, Forward
1761479488119, -8.00, -9.39, -7.72, Forward
1761479488194, -7.89, -9.31, -7.85, Forward
1761479488245, -7.93, -9.47, -7.98, Forward
1761479488290, -7.86, -9.57, -8.05, Forward
1761479488336, -7.74, -9.79, -8.08, Forward
1761479488385, -7.63, -10.27, -8.06, Left
1761479488446, -7.49, -10.77, -8.02, Left
1761479488494, -7.33, -11.02, -8.04, Left
1761479488539, -7.13, -11.03, -8.09, Left
1761479488587, -6.90, -11.20, -8.09, Left
1761479488635, -6.67, -11.12, -8.14, Left
1761479488680, -6.46, -11.27, -8.19, Left
1761479488725, -5.73, -10.94, -8.30, Left
1761479488788, -4.91, -10.70, -8.51, Left
1761479488837, -4.12, -10.54, -8.69, Left
1761479488883, -3.46, -10.29, -8.96, Left
1761479488926, -2.84, -10.02, -9.22, Left
1761479488975, -2.27, -10.08, -9.42, Left
1761479489022, -1.71, -10.15, -9.57, Left
1761479489070, -1.12, -10.12, -9.71, Left
1761479489119, -0.52, -10.00, -9.80, Forward
1761479489162, -0.11, -10.01, -9.89, Left
1761479489210, -0.12, -10.19, -9.90, Left
1761479489256, -0.30, -10.34, -9.82, Left
1761479489302, -0.38, -10.40, -9.74, Left
1761479489347, -0.39, -10.51, -9.56, Left
1761479489392, -0.52, -10.69, -9.34, Left
1761479489438, -0.75, -10.86, -9.17, Left
1761479489487, -0.98, -10.86, -9.09, Left
1761479489534, -1.35, -10.66, -9.08, Left
1761479489581, -1.78, -10.64, -9.11, Left
1761479489626, -2.05, -10.47, -9.12, Left
1761479489672, -2.28, -10.42, -9.13, Left
1761479489720, -2.54, -10.40, -9.11, Left
1761479489770, -2.82, -10.27, -9.17, Left
1761479489816, -2.95, -10.01, -9.22, Left
1761479489865, -2.78, -9.33, -9.34, Forward
1761479489911, -2.44, -8.70, -9.39, Forward
1761479489958, -1.84, -8.40, -9.27, Forward
1761479490005, -1.33, -8.21, -9.17, Forward
1761479490052, -0.53, -7.93, -8.95, Forward
1761479490099, 0.09, -7.53, -8.76, Forward
1761479490145, 1.12, -6.77, -8.54, Forward
1761479490194, 2.35, -5.59, -8.39, Forward
1761479490253, 3.41, -4.63, -8.24, Forward
1761479490300, 4.52, -3.69, -8.03, Forward
1761479490348, 5.53, -3.02, -7.82, Forward
1761479490392, 6.55, -1.98, -7.67, Forward
1761479490470, 7.30, -0.72, -7.62, Forward
1761479490518, 8.27, 0.57, -7.51, Forward
1761479490563, 9.02, 1.86, -7.53, Forward
1761479490609, 9.97, 3.04, -7.53, Forward
1761479490659, 10.37, 3.84, -7.63, Up
1761479490720, 10.68, 4.31, -7.67, Up
1761479490768, 11.09, 5.00, -7.74, Up
1761479490811, 11.18, 5.61, -7.89, Up
1761479490859, 11.21, 6.21, -8.02, Up
1761479490907, 11.24, 6.32, -8.06, Up
1761479490966, 11.26, 6.35, -8.14, Up
1761479491013, 11.38, 6.51, -8.24, Up
1761479491057, 11.41, 6.27, -8.25, Up
1761479491106, 11.38, 6.20, -8.26, Up
1761479491164, 11.38, 5.97, -8.20, Up
1761479491213, 11.08, 5.52, -8.11, Up
1761479491259, 10.70, 4.98, -8.03, Up
1761479491306, 10.58, 4.41, -7.90, Up
1761479491351, 10.53, 3.86, -7.82, Up
1761479491397, 10.34, 3.39, -7.87, Up
1761479491446, 10.22, 2.93, -7.85, Up
1761479491491, 9.89, 2.19, -7.81, Forward
1761479491539, 9.71, 1.79, -7.88, Forward
1761479491585, 9.26, 0.90, -7.90, Forward
1761479491632, 8.88, 0.24, -7.97, Forward
1761479491678, 8.86, -0.24, -7.95, Forward
1761479491728, 8.72, -0.76, -7.92, Forward
1761479491773, 8.48, -1.25, -7.92, Forward
1761479491818, 8.20, -1.81, -7.85, Forward
1761479491865, 7.98, -2.22, -7.74, Forward
1761479491913, 7.70, -2.56, -7.67, Forward
1761479491959, 7.52, -2.89, -7.61, Forward
1761479492006, 7.07, -3.61, -7.47, Forward
1761479492064, 6.85, -4.45, -7.25, Forward
1761479492116, 6.59, -5.37, -7.03, Forward
1761479492161, 6.67, -6.38, -6.75, Forward
1761479492207, 6.86, -7.45, -6.43, Forward
1761479492254, 7.26, -9.16, -5.94, Forward
1761479492302, 7.66, -10.91, -5.41, Left
1761479492345, 8.14, -15.73, -22.72, Left
1761479492404, 8.60, -20.66, -40.04, Left
1761479492455, 9.11, -25.55, -57.29, Left
1761479492501, 9.70, -27.67, -56.59, Left
1761479492548, 10.30, -29.34, -56.08, Left
1761479492593, 11.19, -33.43, -73.30, Left
1761479492660, 11.80, -37.51, -90.55, Left
1761479492720, 7.45, -34.93, -92.06, Left
1761479492763, 7.62, -35.73, -91.72, Left
1761479492809, 8.01, -38.95, -109.22, Left
1761479492858, 8.31, -39.07, -108.92, Left
1761479492906, 5.29, -36.15, -74.22, Left
1761479492952, 2.11, -31.34, -39.20, Left
1761479492997, 2.89, -34.79, -24.78, Left
1761479493044, -0.32, -33.48, -8.16, Left
1761479493091, -3.82, -29.72, 26.21, Left
1761479493136, -4.04, -29.98, 26.23, Left
1761479493183, 0.88, -36.40, 10.38, Left
1761479493229, -2.69, -32.68, 9.58, Left
1761479493276, -2.87, -32.50, 9.38, Left
1761479493327, -3.00, -32.38, 9.30, Left
1761479493383, 0.19, -35.28, -25.17, Left
1761479493431, 3.33, -40.07, -60.10, Left
1761479493474, 2.69, -38.98, -92.33, Left
1761479493524, 6.07, -42.60, -126.77, Left
1761479493570, 9.37, -46.28, -161.28, Left
1761479493616, 9.25, -43.37, -143.57, Left
1761479493667, 2.08, -39.81, -140.23, Left
1761479493724, 5.82, -45.80, -157.33, Left
1761479493773, 5.78, -45.81, -157.29, Left
1761479493815, 5.65, -45.84, -157.38, Left
1761479493865, 5.53, -43.44, -139.42, Left
1761479493911, 5.42, -40.97, -121.44, Left
1761479493959, 5.33, -40.99, -121.45, Left
1761479494007, 3.43, -37.46, -86.68, Left
1761479494052, 3.47, -37.45, -86.57, Left
1761479494098, 3.50, -39.92, -104.45, Left
1761479494143, 10.49, -43.26, -107.90, Left
1761479494189, 10.48, -43.28, -107.86, Left
1761479494236, 10.54, -43.28, -107.85, Left
1761479494282, 10.44, -43.23, -107.90, Left
1761479494338, 5.51, -40.72, -91.70, Left
1761479494394, 1.18, -36.26, -96.06, Left
1761479494438, 1.21, -36.22, -96.06, Left
1761479494484, 2.94, -39.75, -130.94, Left
1761479494533, 2.80, -39.73, -131.06, Left
1761479494606, 2.49, -39.73, -131.33, Left
1761479494658, 2.23, -39.89, -131.54, Left
1761479494705, 1.85, -39.92, -131.84, Left
1761479494750, 1.47, -39.86, -132.10, Left
1761479494797, 1.43, -39.82, -132.11, Left
1761479494844, 6.22, -44.77, -166.40, Left
1761479494892, 10.45, -51.65, -180.17, Left
1761479494943, 10.23, -51.69, -180.31, Left
1761479494999, 10.13, -51.71, -180.35, Left
1761479495047, 10.06, -51.79, -180.39, Left
1761479495092, 10.07, -51.84, -180.31, Left
1761479495137, 10.07, -51.77, -180.27, Left
1761479495200, 9.95, -49.28, -162.38, Left
1761479495249, 10.02, -46.82, -144.41, Left
1761479495296, 9.74, -44.29, -126.80, Left
1761479495341, 9.59, -41.74, -109.07, Left
1761479495390, 9.62, -38.69, -91.38, Left
1761479495436, 9.71, -35.67, -73.69, Left
1761479495482, 9.47, -32.33, -56.30, Left
1761479495538, 9.03, -28.67, -39.02, Left
1761479495592, 8.75, -25.07, -21.70, Left
1761479495637, 8.32, -21.34, -4.42, Left
1761479495682, 7.96, -20.08, -5.00, Left
1761479495730, 7.43, -18.69, -5.66, Left
1761479495776, 7.15, -17.40, -6.08, Left
1761479495823, 6.67, -15.89, -6.71, Left
1761479495873, 6.00, -14.89, -7.25, Left
1761479495929, 5.25, -13.84, -7.84, Left
1761479495976, 4.87, -12.98, -8.18, Left
1761479496023, 4.63, -12.60, -8.39, Left
1761479496084, 4.29, -12.21, -8.63, Left
1761479496145, 4.00, -12.08, -8.80, Left
1761479496194, 3.80, -11.81, -8.99, Left
1761479496241, 3.52, -11.70, -9.20, Left
1761479496285, 3.16, -11.57, -9.39, Left
1761479496333, 2.89, -11.67, -9.53, Left
1761479496381, 2.65, -11.79, -9.62, Left
1761479496426, 2.44, -11.96, -9.67, Left
1761479496473, 2.20, -12.39, -9.65, Left
1761479496518, 2.09, -12.61, -9.63, Left
1761479496566, 1.85, -12.98, -9.58, Left
1761479496611, 1.70, -13.19, -9.55, Left
1761479496658, 1.47, -13.69, -9.51, Left
1761479496706, 1.31, -14.14, -9.42, Left
1761479496751, 1.26, -14.38, -9.34, Left
1761479496802, 1.14, -14.49, -9.19, Left
1761479496860, 0.97, -14.62, -9.10, Left
1761479496905, 0.86, -14.72, -9.02, Left
1761479496952, 0.65, -14.94, -8.88, Left
1761479497001, 0.43, -14.90, -8.72, Left
1761479497047, 0.34, -14.80, -8.59, Left
1761479497093, 0.28, -14.68, -8.37, Left
1761479497138, 0.25, -14.47, -8.09, Left
1761479497185, 0.18, -14.15, -7.79, Left
1761479497233, 0.07, -14.01, -7.51, Left
1761479497278, 0.11, -14.10, -7.25, Left
1761479497325, 0.11, -14.02, -6.97, Left
1761479497372, 0.01, -14.07, -6.71, Left
1761479497418, 0.05, -14.05, -6.44, Left
1761479497471, 0.10, -14.35, -6.14, Left
1761479497525, 0.07, -14.47, -5.88, Left
1761479497572, 0.08, -14.76, -5.63, Left
1761479497620, 0.14, -14.88, -5.47, Left
1761479497666, 0.19, -15.23, -5.31, Left
1761479497713, 0.48, -15.63, -5.09, Left
1761479497758, 0.49, -16.41, -4.81, Left
1761479497808, 0.71, -17.43, -4.37, Left
1761479497854, 0.96, -18.36, -3.94, Left
1761479497901, 1.23, -19.22, -3.55, Left
1761479497946, 1.47, -19.98, -3.21, Left
1761479497992, 1.86, -20.80, -2.86, Left
1761479498040, 2.11, -21.67, -2.49, Left
1761479498087, 2.39, -22.74, -2.07, Left
1761479498146, 2.76, -23.66, -1.71, Left
1761479498199, 2.87, -24.51, -1.41, Left
1761479498247, 3.19, -24.90, -1.15, Left
1761479498291, 3.49, -25.03, -0.98, Left
1761479498353, 3.97, -24.87, -0.82, Left
1761479498402, 4.36, -24.62, -0.70, Left
1761479498448, 4.39, -24.20, -0.78, Left
1761479498491, 4.46, -23.77, -0.80, Left
1761479498538, 4.48, -23.25, -0.96, Left
1761479498585, 4.49, -22.45, -1.17, Left
1761479498630, 4.43, -21.71, -1.36, Left
1761479498677, 4.58, -20.73, -1.60, Left
1761479498725, 4.66, -19.95, -1.85, Left
1761479498774, 4.43, -19.44, -2.21, Left
1761479498820, 4.01, -19.22, -2.58, Left
1761479498864, 3.73, -18.98, -2.88, Left
1761479498913, 3.72, -18.90, -3.03, Left
1761479498963, 3.65, -18.54, -3.24, Left
1761479499006, 3.65, -18.07, -3.45, Left
1761479499056, 3.53, -17.96, -3.64, Left
1761479499100, 3.39, -17.84, -3.81, Left
1761479499146, 3.07, -18.05, -3.92, Left
1761479499191, 2.72, -17.99, -4.11, Left
1761479499240, 2.60, -17.99, -4.20, Left
1761479499286, 2.57, -17.91, -4.27, Left
1761479499333, 2.47, -17.78, -4.44, Left
1761479499381, 2.36, -17.58, -4.54, Left
1761479499426, 2.16, -17.75, -4.62, Left
1761479499475, 1.98, -18.02, -4.62, Left
1761479499522, 1.95, -17.91, -4.66, Left
1761479499566, 1.99, -17.88, -4.67, Left
1761479499613, 2.05, -17.83, -4.64, Left
1761479499661, 2.11, -17.72, -4.57, Left
1761479499707, 2.18, -17.52, -4.50, Left
1761479499751, 1.97, -17.45, -4.39, Left
1761479499809, 1.81, -17.61, -4.21, Left
1761479499860, 1.74, -17.74, -4.06, Left
1761479499909, 1.69, -17.92, -3.93, Left
1761479499952, 1.65, -18.19, -3.87, Left
1761479500001, 1.53, -18.77, -3.71, Left
1761479500047, 1.26, -19.22, -3.30, Left
1761479500092, 1.11, -19.43, -2.79, Left
1761479500144, 1.12, -19.77, -2.22, Left
1761479500201, 1.04, -19.98, -1.70, Left
1761479500248, 1.14, -20.22, -1.19, Left
1761479500293, 1.45, -20.51, -0.57, Left
1761479500352, 1.89, -20.86, 0.13, Left
1761479500405, 2.27, -21.19, 0.82, Left
1761479500451, 2.46, -21.63, 1.52, Left
1761479500494, 2.80, -21.87, 2.21, Left
1761479500541, 3.42, -22.18, 2.78, Left
1761479500588, 3.75, -22.80, 3.22, Left
1761479500634, 4.20, -23.10, 3.63, Left
1761479500690, 4.72, -22.97, 3.97, Left
1761479500744, 5.18, -22.81, 4.25, Left
1761479500791, 5.13, -21.93, 4.24, Left
1761479500835, 4.99, -21.08, 4.15, Left
1761479500884, 4.55, -19.95, 4.02, Left
1761479500931, 4.47, -18.51, 3.97, Left
1761479500978, 4.07, -16.91, 3.70, Left
1761479501025, 3.47, -15.12, 3.25, Left
1761479501072, 2.99, -13.34, 2.78, Left
1761479501118, 2.28, -11.78, 2.23, Left
1761479501163, 1.56, -10.79, 1.82, Left
1761479501209, 0.80, -9.55, 1.30, Forward
1761479501255, 0.27, -8.91, 0.92, Forward
1761479501303, -0.24, -8.51, 0.57, Forward
1761479501359, -0.42, -8.18, 0.23, Forward
1761479501410, -0.70, -7.77, -0.17, Forward
1761479501457, -0.82, -7.57, -0.41, Forward
1761479501502, -0.89, -7.62, -0.62, Forward
1761479501550, -1.09, -7.64, -0.83, Forward
1761479501598, -1.23, -7.67, -0.98, Forward
1761479501647, -1.36, -7.27, -1.27, Forward
1761479501705, -1.60, -7.52, -1.37, Forward
1761479501753, -1.80, -7.46, -1.49, Forward
1761479501800, -2.07, -7.31, -1.61, Forward
1761479501846, -2.29, -7.26, -1.70, Forward
1761479501890, -2.54, -6.74, -1.93, Forward
1761479501953, -2.94, -6.47, -2.15, Forward
1761479502004, -3.38, -6.43, -2.28, Forward
1761479502050, -3.73, -6.30, -2.37, Forward
1761479502095, -4.12, -6.10, -2.50, Forward
1761479502145, -4.54, -6.35, -2.49, Forward
1761479502189, -4.68, -6.10, -2.56, Forward
1761479502236, -5.02, -6.07, -2.59, Forward
1761479502290, -5.44, -4.65, -2.84, Forward
1761479502346, -5.84, -3.60, -3.03, Forward
1761479502393, -6.39, -1.38, -3.33, Forward
1761479502440, -6.70, -0.95, -3.32, Forward
1761479502487, -7.11, 1.83, -3.65, Forward
1761479502534, -7.33, 4.59, -4.01, Forward
1761479502579, -7.63, 7.50, -4.48, Forward
1761479502627, -8.00, 10.01, -4.94, Right
1761479502675, -8.31, 13.02, -5.45, Right
1761479502723, -8.65, 16.30, -6.04, Right
1761479502768, -8.79, 18.23, -6.41, Right
1761479502814, -9.00, 20.37, -6.83, Right
1761479502862, -9.13, 20.76, -6.92, Right
1761479502908, -9.46, 22.77, -7.31, Right
1761479502960, -9.68, 23.05, -7.50, Right
1761479503018, -9.99, 23.57, -7.72, Right
1761479503065, -10.32, 23.57, -7.81, Right
1761479503111, -10.46, 24.12, -7.92, Right
1761479503154, -10.91, 24.20, -8.02, Right
1761479503199, -11.05, 24.19, -8.06, Right
1761479503249, -11.47, 23.72, -8.10, Right
1761479503296, -12.03, 23.46, -8.12, Right
1761479503355, -12.49, 23.65, -8.26, Right
1761479503402, -12.95, 23.73, -8.36, Right
1761479503449, -13.39, 23.62, -8.40, Right
1761479503492, -15.59, 23.12, -25.88, Right
1761479503552, -17.87, 22.97, -43.34, Right
1761479503604, -18.62, 22.95, -43.43, Right
1761479503648, -20.95, 22.58, -24.94, Right
1761479503695, -21.70, 22.31, -24.98, Right
1761479503743, -23.86, 22.53, -6.49, Right
1761479503789, -25.83, 22.69, 11.99, Right
1761479503832, -28.02, 22.07, 30.53, Right
1761479503888, -30.03, 22.16, 49.02, Right
1761479503943, -32.07, 21.98, 67.48, Right
1761479503988, -32.44, 22.02, 103.43, Right
1761479504036, -32.65, 21.98, 139.38, Right
1761479504085, -34.41, 21.96, 157.93, Right
1761479504133, -34.34, 22.18, 157.90, Right
1761479504176, -36.02, 22.08, 176.41, Right
1761479504223, -36.12, 22.11, 176.36, Right
1761479504273, -36.16, 22.22, 176.33, Right
1761479504319, -36.09, 22.54, 176.31, Right
1761479504365, -36.13, 22.55, 176.26, Right
1761479504414, -36.19, 22.72, 176.26, Right
1761479504461, -36.09, 22.98, 176.24, Right
1761479504506, -36.23, 23.36, 140.36, Right
1761479504557, -36.39, 23.79, 104.51, Right
1761479504617, -36.58, 24.21, 68.68, Right
1761479504664, -36.79, 24.86, 32.90, Right
1761479504709, -36.98, 25.43, -2.88, Right
1761479504758, -37.15, 26.19, -38.71, Right
1761479504802, -37.38, 27.03, -74.48, Right
1761479504850, -37.66, 28.23, -110.20, Right
1761479504897, -37.92, 29.60, -145.95, Right
1761479504942, -38.27, 30.90, -181.70, Right
1761479504987, -38.53, 32.20, -181.57, Right
1761479505035, -38.78, 33.15, -181.52, Right
1761479505080, -39.07, 34.22, -181.50, Right
1761479505128, -39.21, 35.11, -181.59, Right
1761479505173, -39.43, 36.18, -181.66, Right
1761479505232, -39.74, 37.00, -181.67, Right
1761479505282, -39.87, 37.82, -181.83, Right
1761479505329, -39.90, 38.38, -181.99, Right
1761479505378, -39.80, 38.64, -182.17, Right
1761479505423, -39.81, 38.75, -146.41, Right
1761479505472, -39.72, 38.72, -110.64, Right
1761479505517, -39.43, 38.81, -74.96, Right
1761479505568, -38.86, 39.00, -39.36, Right
1761479505613, -38.40, 39.13, -3.75, Right
1761479505658, -37.75, 39.18, 31.69, Right
1761479505704, -35.58, 37.76, 48.25, Right
1761479505751, -34.64, 37.92, 83.48, Right
1761479505797, -33.65, 38.09, 118.68, Right
1761479505846, -31.06, 36.43, 134.86, Right
1761479505903, -28.03, 34.35, 115.10, Right
1761479505954, -25.03, 32.43, 95.34, Right
1761479505998, -22.03, 29.85, 75.77, Right
1761479506045, -19.54, 26.96, 56.41, Right
1761479506092, -16.75, 22.50, 37.40, Right
1761479506140, -14.35, 19.51, 18.33, Right
1761479506185, -13.15, 15.23, 18.66, Right
1761479506240, -10.76, 9.00, 0.53, Down
1761479506293, -8.60, 2.79, -17.62, Forward
1761479506342, -7.84, -1.37, -16.62, Forward
1761479506389, -7.59, -5.26, -15.60, Forward
1761479506434, -6.95, -8.94, -14.47, Forward
1761479506483, -6.75, -12.25, -13.42, Left
1761479506529, -5.80, -14.98, -12.43, Left
1761479506574, -4.97, -16.39, -11.61, Left
1761479506621, -4.01, -19.31, -10.57, Left
1761479506670, -3.09, -19.58, -10.02, Left
1761479506714, -2.25, -19.35, -9.60, Left
1761479506763, -1.14, -19.62, -9.06, Left
1761479506810, -0.44, -19.94, -8.69, Left
1761479506857, 0.48, -20.30, -8.17, Left
1761479506902, 1.10, -20.76, -7.82, Left
1761479506950, 2.02, -20.97, -7.43, Left
1761479506997, 2.33, -21.55, -7.08, Left
1761479507041, 2.53, -21.80, -6.85, Left
1761479507087, 2.85, -22.05, -6.55, Left
1761479507135, 2.89, -22.24, -6.32, Left
1761479507180, 2.97, -22.62, -6.04, Left
1761479507234, 3.19, -22.57, -5.71, Left
1761479507288, 3.38, -22.69, -5.34, Left
1761479507337, 3.65, -22.34, -5.13, Left
1761479507382, 3.88, -22.32, -4.85, Left
1761479507428, 3.92, -22.32, -4.65, Left
1761479507475, 4.00, -22.39, -4.41, Left
1761479507523, 4.34, -22.26, -4.09, Left
1761479507569, 4.53, -22.39, -3.87, Left
1761479507614, 4.72, -22.38, -3.61, Left
1761479507660, 4.73, -22.64, -3.40, Left
1761479507705, 4.55, -22.82, -3.34, Left
1761479507753, 4.41, -23.20, -3.14, Left
1761479507800, 4.21, -23.66, -2.96, Left
1761479507849, 3.90, -24.05, -2.76, Left
1761479507901, 3.60, -24.41, -2.52, Left
1761479507958, 3.38, -24.81, -2.22, Left
1761479508005, 2.90, -25.27, -2.07, Left
1761479508050, 2.57, -25.57, -1.86, Left
1761479508098, 2.19, -25.97, -1.70, Left
1761479508173, 1.95, -25.97, -1.56, Left
1761479508223, 1.75, -25.92, -1.40, Left
1761479508269, 1.51, -25.77, -1.33, Left
1761479508316, 1.33, -25.60, -1.25, Left
1761479508362, 1.16, -25.47, -1.27, Left
1761479508409, 1.03, -25.48, -1.22, Left
1761479508456, 0.80, -25.28, -1.24, Left
1761479508501, 0.53, -25.12, -1.22, Left
1761479508550, 0.18, -25.05, -1.20, Left
1761479508594, -0.02, -25.11, -1.07, Left
1761479508640, -0.18, -25.10, -0.93, Left
1761479508691, -0.41, -25.20, -0.80, Left
1761479508735, -0.64, -25.29, -0.69, Left
1761479508781, -0.80, -25.33, -0.47, Left
1761479508834, -0.93, -25.27, -0.21, Left
1761479508890, -0.98, -24.97, -0.03, Left
1761479508935, -1.00, -24.87, 0.17, Left
1761479508980, -0.95, -24.83, 0.42, Left
1761479509026, -0.80, -24.72, 0.63, Left
1761479509074, -0.82, -24.49, 0.74, Left
1761479509120, -0.79, -24.43, 0.88, Left
1761479509168, -0.86, -24.44, 0.98, Left
1761479509216, -0.74, -24.29, 1.10, Left
1761479509261, -0.81, -24.26, 1.09, Left
1761479509306, -0.78, -24.40, 1.12, Left
1761479509352, -0.77, -24.58, 1.16, Left
1761479509400, -0.76, -24.74, 1.20, Left
1761479509447, -0.79, -24.86, 1.14, Left
1761479509508, -0.90, -24.95, 1.10, Left
1761479509558, -0.87, -25.03, 1.06, Left
1761479509605, -1.02, -25.02, 0.97, Left
1761479509651, -1.08, -24.83, 0.84, Left
1761479509715, -1.16, -24.60, 0.75, Left
1761479509777, -1.14, -24.29, 0.68, Left
1761479509822, -1.11, -23.89, 0.58, Left
1761479509868, -1.14, -23.41, 0.41, Left
1761479509913, -1.15, -22.99, 0.25, Left
1761479509959, -1.11, -22.44, 0.13, Left
1761479510007, -1.06, -21.98, 0.02, Left
1761479510053, -1.00, -21.52, -0.06, Left
1761479510102, -0.95, -21.14, -0.10, Left
1761479510148, -0.81, -20.98, -0.02, Left
1761479510192, -0.69, -20.69, -0.01, Left
1761479510239, -0.64, -20.50, -0.01, Left
1761479510287, -0.60, -20.32, 0.01, Left
1761479510336, -0.52, -20.42, 0.10, Left
1761479510380, -0.24, -20.45, 0.16, Left
1761479510427, 0.06, -20.51, 0.17, Left
1761479510475, 0.51, -20.48, 0.15, Left
1761479510523, 0.89, -20.54, 0.12, Left
1761479510568, 1.41, -20.45, 0.02, Left
1761479510616, 1.75, -20.35, -0.09, Left
1761479510660, 2.07, -20.47, -0.19, Left
1761479510706, 2.37, -20.66, -0.23, Left
1761479510754, 2.64, -20.87, -0.28, Left
1761479510798, 3.16, -20.58, -0.27, Left
1761479510849, 3.30, -20.57, -0.26, Left
1761479510894, 3.41, -21.01, -0.09, Left
1761479510942, 3.35, -21.57, 0.06, Left
1761479510985, 3.42, -22.10, 0.21, Left
1761479511035, 3.51, -23.11, 0.50, Left
1761479511082, 3.69, -23.95, 0.72, Left
1761479511126, 3.97, -24.98, 0.99, Left
1761479511176, 4.31, -25.84, 1.23, Left
1761479511222, 4.75, -26.73, 1.57, Left
1761479511267, 4.96, -27.93, 1.84, Left
1761479511314, 5.20, -28.93, 2.14, Left
1761479511361, 5.36, -29.59, 2.32, Left
1761479511409, 5.69, -30.12, 2.62, Left
1761479511455, 6.01, -30.65, 2.96, Left
1761479511522, 6.42, -30.62, 3.19, Left
1761479511579, 7.02, -30.69, 3.50, Left
1761479511624, 7.39, -30.46, 3.68, Left
1761479511671, 7.25, -29.91, 3.60, Left
1761479511716, 6.93, -29.02, 3.37, Left
1761479511779, 6.45, -27.98, 3.08, Left
1761479511826, 6.21, -26.89, 2.79, Left
1761479511874, 5.86, -25.72, 2.53, Left
1761479511918, 5.42, -24.57, 2.15, Left
1761479511986, 4.96, -23.35, 1.68, Left
1761479512042, 4.35, -22.30, 1.25, Left
1761479512088, 3.49, -21.17, 0.76, Left
1761479512133, 2.84, -20.16, 0.35, Left
1761479512180, 2.63, -19.61, 0.22, Left
1761479512228, 2.67, -19.27, 0.16, Left
1761479512273, 2.66, -19.30, 0.14, Left
1761479512319, 2.64, -19.07, 0.05, Left
1761479512368, 2.74, -18.91, -0.05, Left
1761479512414, 2.87, -18.77, -0.12, Left
1761479512460, 2.94, -18.66, -0.17, Left
1761479512506, 2.88, -18.69, -0.23, Left
1761479512555, 3.01, -18.76, -0.21, Left
1761479512601, 3.17, -19.12, -0.08, Left
1761479512655, 3.46, -19.58, 0.25, Left
1761479512711, 3.54, -20.17, 0.57, Left
1761479512757, 3.80, -21.12, 1.19, Left
1761479512806, 3.96, -22.27, 1.79, Left
1761479512850, 3.97, -25.43, -15.59, Left
1761479512914, 4.05, -28.47, -32.94, Left
1761479512978, 4.50, -29.80, -32.02, Left
1761479513036, 4.67, -32.76, -49.35, Left
1761479513082, 4.76, -35.73, -66.74, Left
1761479513125, 5.33, -36.43, -65.87, Left
1761479513184, 5.84, -37.05, -65.24, Left
1761479513236, 6.13, -39.26, -82.77, Left
1761479513284, 7.48, -32.53, -75.88, Left
1761479513329, -0.22, -33.44, -65.73, Left
1761479513375, 0.45, -33.29, -65.39, Left
1761479513456, 1.35, -31.72, -46.88, Left
1761479513513, 1.73, -33.30, -64.79, Left
1761479513564, 1.75, -33.33, -64.74, Left
1761479513611, 2.01, -31.94, -30.61, Left
1761479513657, 2.29, -33.79, -48.54, Left
1761479513710, 2.66, -34.03, -48.34, Left
1761479513764, -6.27, -31.91, -30.63, Left
1761479513810, -6.66, -40.43, -54.98, Left
1761479513857, 1.92, -39.81, -64.56, Left
1761479513905, -0.46, -36.23, -29.86, Left
1761479513965, -0.59, -37.89, -47.93, Left
1761479514010, -0.36, -38.17, -47.75, Left
1761479514059, 0.54, -38.23, -47.30, Left
1761479514104, -4.22, -26.70, -60.12, Left
1761479514151, -4.14, -26.96, -60.04, Left
1761479514196, -12.63, -18.84, -78.18, Left
1761479514245, -7.57, -13.96, -96.89, Left
1761479514291, -12.17, -9.99, -96.39, Down
1761479514336, -12.44, -9.05, -96.98, Down
1761479514383, -10.25, -9.99, -114.18, Down
1761479514427, -10.70, -7.26, -96.82, Down
1761479514474, -11.47, -4.02, -79.70, Down
1761479514519, -12.19, -0.92, -62.53, Down
1761479514567, -7.74, -10.39, -66.29, Left
1761479514612, -8.71, -6.97, -49.28, Forward
1761479514660, -1.49, -13.09, -32.29, Left
1761479514722, 1.79, -16.30, -14.14, Left
1761479514772, 5.08, -16.65, 2.18, Left
1761479514816, 4.20, -15.76, 1.58, Left
1761479514864, 3.52, -15.00, 1.13, Left
1761479514912, 2.97, -14.29, 0.62, Left
1761479514957, 2.46, -13.95, 0.29, Left
1761479515002, 2.24, -13.32, -0.10, Left
1761479515062, 2.36, -12.78, -0.51, Left
1761479515111, 2.34, -12.28, -0.88, Left
1761479515159, 2.85, -11.74, -1.26, Left
1761479515204, 3.30, -11.66, -1.58, Left
1761479515251, 3.84, -10.95, -2.01, Left
1761479515330, 4.30, -9.82, -2.40, Forward
1761479515376, 4.80, -8.63, -2.85, Forward
1761479515424, 5.25, -7.43, -3.17, Forward
1761479515468, 5.84, -6.26, -3.56, Forward
1761479515517, 6.18, -5.25, -3.91, Forward
1761479515565, 6.43, -4.44, -4.19, Forward
1761479515611, 6.80, -3.44, -4.52, Forward
1761479515667, 6.81, -2.77, -4.84, Forward
1761479515720, 7.01, -2.00, -5.12, Forward
1761479515766, 7.20, -1.64, -5.35, Forward
1761479515814, 7.42, -1.17, -5.67, Forward
1761479515861, 7.66, -0.95, -5.91, Forward
1761479515924, 7.80, -0.92, -6.13, Forward
1761479515972, 7.91, -1.06, -6.24, Forward
1761479516018, 7.94, -1.18, -6.33, Forward
1761479516064, 7.97, -1.44, -6.36, Forward
1761479516111, 7.86, -2.09, -6.26, Forward
1761479516157, 7.77, -2.85, -6.04, Forward
1761479516201, 7.70, -3.59, -5.99, Forward
1761479516259, 7.61, -4.13, -5.84, Forward
1761479516310, 7.51, -4.81, -5.66, Forward
1761479516357, 7.36, -5.33, -5.53, Forward
1761479516406, 7.15, -5.52, -5.52, Forward
1761479516452, 7.07, -5.36, -5.56, Forward
1761479516499, 7.09, -5.42, -5.58, Forward
1761479516545, 7.09, -5.54, -5.57, Forward
1761479516595, 7.19, -5.13, -5.70, Forward
1761479516652, 7.32, -4.61, -5.83, Forward
1761479516700, 7.29, -4.16, -5.83, Forward
1761479516747, 7.27, -3.81, -5.89, Forward
1761479516792, 7.24, -3.74, -5.91, Forward
1761479516842, 7.29, -3.67, -5.92, Forward
1761479516885, 7.39, -3.63, -5.89, Forward
1761479516930, 7.34, -3.87, -5.84, Forward
1761479516981, 7.26, -3.87, -5.85, Forward
1761479517027, 7.16, -3.65, -5.95, Forward
1761479517074, 7.16, -3.76, -6.00, Forward
1761479517121, 7.10, -3.84, -6.05, Forward
1761479517203, 7.22, -3.60, -6.21, Forward
1761479517246, 7.34, -3.39, -6.34, Forward
1761479517295, 7.47, -3.00, -6.48, Forward
1761479517342, 7.63, -2.57, -6.64, Forward
1761479517385, 7.75, -2.15, -6.79, Forward
1761479517433, 7.89, -1.61, -6.98, Forward
1761479517479, 7.98, -1.15, -7.15, Forward
1761479517523, 8.06, -1.02, -7.20, Forward
1761479517572, 8.03, -0.73, -7.29, Forward
1761479517617, 8.09, -0.49, -7.36, Forward
1761479517663, 7.96, -0.48, -7.32, Forward
1761479517712, 7.88, -0.23, -7.36, Forward
1761479517761, 7.78, -0.03, -7.39, Forward
1761479517805, 7.51, -0.17, -7.34, Forward
1761479517859, 7.35, -0.10, -7.33, Forward
1761479517915, 7.16, -0.08, -7.29, Forward
1761479517959, 6.94, -0.30, -7.25, Forward
1761479518006, 6.82, -0.07, -7.31, Forward
1761479518052, 6.72, 0.04, -7.28, Forward
1761479518102, 6.64, 0.12, -7.28, Forward
1761479518145, 6.54, 0.12, -7.29, Forward
1761479518194, 6.34, -0.37, -7.12, Forward
1761479518242, 6.19, -0.79, -6.97, Forward
1761479518285, 6.17, -0.90, -6.89, Forward
1761479518333, 6.13, -1.26, -6.76, Forward
1761479518380, 6.10, -1.59, -6.66, Forward
1761479518429, 6.13, -1.69, -6.57, Forward
1761479518474, 6.12, -2.04, -6.44, Forward
1761479518529, 6.12, -1.97, -6.43, Forward
1761479518582, 6.07, -1.88, -6.44, Forward
1761479518629, 6.10, -2.21, -6.41, Forward
1761479518675, 6.16, -2.12, -6.50, Forward
1761479518722, 6.01, -2.12, -6.55, Forward
1761479518769, 5.89, -1.95, -6.64, Forward
1761479518818, 5.84, -1.90, -6.75, Forward
1761479518867, 5.70, -1.73, -6.90, Forward
1761479518925, 5.56, -1.57, -7.04, Forward
1761479518970, 5.45, -1.56, -7.19, Forward
1761479519016, 5.32, -1.81, -7.29, Forward
1761479519062, 5.35, -2.11, -7.24, Forward
1761479519109, 5.19, -1.92, -7.23, Forward
1761479519156, 4.97, -1.97, -7.15, Forward
1761479519201, 4.91, -1.72, -7.13, Forward
1761479519249, 4.82, -1.86, -7.04, Forward
1761479519294, 4.51, -1.64, -7.02, Forward
1761479519342, 4.45, -1.68, -6.87, Forward
1761479519388, 4.34, -1.69, -6.71, Forward
1761479519436, 4.13, -1.56, -6.50, Forward
1761479519480, 3.78, -1.56, -6.30, Forward
1761479519535, 3.34, -1.15, -6.29, Forward
1761479519591, 2.99, -1.18, -6.22, Forward
1761479519652, 2.69, -1.20, -6.17, Forward
1761479519697, 2.42, -1.36, -6.09, Forward
1761479519746, 2.04, -1.40, -6.04, Forward
1761479519810, 1.80, -1.76, -5.90, Forward
1761479519854, 1.41, -2.00, -5.84, Forward
1761479519903, 1.12, -1.95, -5.86, Forward
1761479519946, 0.85, -1.91, -5.89, Forward
1761479519993, 0.94, -1.62, -5.95, Forward
1761479520039, 0.96, -1.76, -5.93, Forward
1761479520089, 0.65, -1.09, -5.92, Forward
1761479520132, 0.21, -0.35, -5.91, Forward
1761479520180, -0.32, 0.29, -5.92, Forward
1761479520225, -0.95, 1.04, -5.88, Forward
1761479520274, -1.59, 1.62, -5.81, Forward
1761479520320, -2.51, 2.49, -5.76, Forward
1761479520368, -3.38, 2.87, -5.58, Forward
1761479520413, -4.60, 3.71, -5.43, Forward
1761479520466, -6.24, 4.38, -5.25, Forward
1761479520521, -7.74, 5.06, -5.09, Forward
1761479520569, -9.00, 5.53, -5.01, Forward
1761479520613, -10.04, 5.14, -4.84, Down
1761479520662, -11.19, 4.85, -4.72, Down
1761479520708, -11.94, 4.64, -4.60, Down
1761479520756, -12.78, 5.05, -4.62, Down
1761479520800, -13.23, 5.39, -4.58, Down
1761479520851, -13.79, 5.70, -4.56, Down
1761479520897, -13.92, 5.81, -4.57, Down
1761479520942, -15.68, 6.31, -22.36, Down
1761479520988, -17.55, 6.86, -40.14, Down
1761479521034, -19.34, 6.26, -22.04, Down
1761479521081, -19.41, 7.11, -22.06, Down
1761479521142, -19.28, 7.85, -22.01, Down
1761479521191, -19.23, 8.49, -22.00, Down
1761479521239, -19.12, 8.70, -21.87, Down
1761479521283, -19.09, 8.87, -21.83, Down
1761479521347, -19.05, 8.65, -21.74, Down
1761479521409, -19.13, 8.15, -21.61, Down
1761479521454, -17.19, 7.66, -3.75, Down
1761479521500, -15.22, 6.98, 14.14, Down
1761479521547, -13.20, 6.74, -3.80, Down
1761479521596, -13.13, 5.94, -3.73, Down
1761479521643, -13.00, 4.94, -3.61, Down
1761479521686, -12.98, 3.95, -3.51, Down
1761479521733, -12.89, 3.02, -3.42, Down
1761479521781, -12.79, 1.80, -3.27, Down
1761479521826, -12.77, 0.91, -3.20, Down
1761479521874, -12.54, 0.50, -3.17, Down
1761479521921, -12.54, -0.92, -3.01, Down
1761479521970, -12.53, -1.58, -2.96, Down
1761479522015, -12.63, -2.33, -2.89, Down
1761479522063, -12.56, -2.48, -2.86, Down
1761479522110, -12.59, -2.82, -2.83, Down
1761479522153, -12.65, -3.14, -2.75, Down
1761479522203, -12.69, -3.30, -2.75, Down
1761479522246, -12.78, -3.33, -2.75, Down
1761479522293, -12.79, -3.08, -2.75, Down
1761479522340, -14.39, -4.80, 14.86, Down
1761479522401, -15.89, -1.94, -3.03, Down
1761479522454, -17.43, -0.38, -20.97, Down
1761479522496, -18.85, 1.74, -38.95, Down
1761479522545, -18.83, 2.65, -39.13, Down
1761479522593, -18.81, 2.50, -39.19, Down
1761479522638, -18.81, 2.61, -39.33, Down
1761479522684, -18.86, 2.70, -39.43, Down
1761479522738, -19.03, 3.19, -39.62, Down
1761479522793, -19.07, 3.64, -39.79, Down
1761479522839, -17.77, 5.37, -57.57, Down
1761479522887, -17.98, 3.52, -21.97, Down
1761479522947, -17.95, 3.65, 13.92, Down
1761479523009, -17.75, 4.39, 13.92, Down
1761479523060, -19.02, 5.47, 32.05, Down
1761479523105, -19.92, 7.78, 14.11, Down
1761479523153, -21.04, 9.70, -3.84, Down
1761479523222, -21.84, 11.55, -4.06, Right
1761479523276, -22.22, 13.19, -4.21, Right
1761479523322, -23.11, 14.85, -4.29, Right
1761479523367, -23.76, 16.75, -4.34, Right
1761479523416, -22.70, 18.38, -22.32, Right
1761479523463, -22.46, 19.26, -58.15, Right
1761479523510, -22.39, 19.62, -58.08, Right
1761479523557, -21.72, 20.00, -76.32, Right
1761479523603, -21.44, 20.66, -58.61, Right
1761479523650, -21.46, 21.63, -58.52, Right
1761479523693, -21.93, 22.28, -76.15, Right
1761479523741, -22.02, 22.45, -76.06, Right
1761479523788, -21.95, 22.62, -76.03, Right
1761479523835, -22.31, 23.01, -93.72, Right
1761479523880, -22.93, 23.40, -111.44, Right
1761479523957, -22.89, 23.40, -111.47, Right
1761479524007, -22.73, 23.48, -111.49, Right
1761479524051, -23.16, 23.67, -129.11, Right
1761479524100, -23.24, 23.41, -146.82, Right
1761479524147, -22.79, 23.39, -146.76, Right
1761479524208, -22.16, 23.41, -146.70, Right
1761479524255, -22.25, 23.85, -164.33, Right
1761479524298, -22.28, 24.43, -182.06, Right
1761479524347, -22.02, 24.86, -182.05, Right
1761479524394, -21.78, 25.30, -182.01, Right
1761479524439, -21.68, 25.23, -182.02, Right
1761479524486, -20.60, 25.00, -164.48, Right
1761479524535, -19.49, 24.92, -146.91, Right
1761479524582, -18.52, 24.77, -129.25, Right
1761479524627, -17.57, 23.33, -111.57, Right
1761479524671, -16.57, 23.02, -93.99, Right
1761479524722, -15.44, 21.63, -76.30, Right
1761479524780, -14.32, 19.61, -58.37, Right
1761479524824, -13.16, 17.50, -40.39, Right
1761479524873, -11.90, 15.15, -22.44, Right
1761479524920, -10.40, 12.82, -4.45, Right
1761479524966, -10.11, 11.10, -4.09, Right
1761479525012, -9.87, 8.42, -3.56, Forward
1761479525059, -9.54, 6.45, -3.17, Forward
1761479525108, -9.11, 4.87, -2.82, Forward
1761479525156, -8.90, 1.70, -2.30, Forward
1761479525202, -8.74, -0.35, -1.91, Forward
1761479525249, -8.45, -2.17, -1.65, Forward
1761479525295, -8.16, -3.92, -1.47, Forward
1761479525342, -7.90, -5.65, -1.28, Forward
1761479525392, -7.83, -6.89, -1.05, Forward
1761479525436, -7.29, -8.40, -0.69, Forward
1761479525490, -6.94, -9.44, -0.41, Forward
1761479525546, -6.83, -10.76, -0.03, Left
1761479525593, -6.88, -11.63, 0.35, Left
1761479525640, -6.81, -11.82, 0.66, Left
1761479525684, -6.72, -11.99, 1.09, Left
1761479525747, -6.57, -11.86, 1.53, Left
1761479525810, -6.29, -11.33, 1.95, Left
1761479525858, -6.06, -10.64, 2.38, Left
1761479525903, -5.85, -10.12, 2.78, Left
1761479525950, -5.96, -9.90, 3.15, Forward
1761479525997, -5.89, -9.29, 3.38, Forward
1761479526044, -5.81, -8.62, 3.66, Forward
1761479526089, -5.65, -8.18, 3.90, Forward
1761479526137, -5.39, -7.65, 4.20, Forward
1761479526183, -5.31, -7.48, 4.36, Forward
1761479526226, -5.27, -7.30, 4.48, Forward
1761479526276, -5.37, -7.76, 4.65, Forward
1761479526324, -5.49, -8.24, 4.81, Forward
1761479526370, -5.55, -8.64, 4.98, Forward
1761479526416, -5.62, -9.03, 5.08, Forward
1761479526463, -5.76, -9.37, 5.21, Forward
1761479526510, -5.84, -9.79, 5.31, Forward
1761479526553, -5.93, -10.00, 5.40, Forward
1761479526602, -6.12, -10.19, 5.34, Left
1761479526648, -6.17, -10.45, 5.35, Left
1761479526693, -6.38, -10.71, 5.38, Left
1761479526751, -6.56, -10.71, 5.32, Left
1761479526802, -6.69, -10.63, 5.29, Left
1761479526850, -6.86, -10.49, 5.20, Left
1761479526895, -7.07, -10.45, 5.12, Left
1761479526941, -7.27, -10.51, 5.08, Left
1761479526990, -7.45, -10.68, 5.03, Left
1761479527036, -7.64, -10.86, 4.87, Left
1761479527090, -7.64, -11.03, 4.78, Left
1761479527144, -7.72, -11.06, 4.60, Left
1761479527189, -7.68, -11.10, 4.39, Left
1761479527233, -7.59, -11.19, 4.26, Left
1761479527282, -7.48, -11.21, 4.07, Left
1761479527329, -7.31, -11.24, 3.91, Left
1761479527377, -7.33, -11.44, 3.72, Left
1761479527425, -7.28, -11.68, 3.54, Left
1761479527471, -7.31, -11.87, 3.35, Left
1761479527519, -7.27, -12.03, 3.26, Left
1761479527564, -7.40, -12.29, 3.19, Left
1761479527612, -7.48, -12.31, 3.15, Left
1761479527659, -7.52, -12.32, 3.12, Left
1761479527705, -7.68, -12.41, 3.04, Left
1761479527763, -7.85, -12.83, 3.04, Left
1761479527813, -8.03, -13.22, 3.03, Left
1761479527859, -8.02, -13.53, 3.09, Left
1761479527906, -8.00, -13.59, 3.10, Left
1761479527952, -8.02, -13.60, 3.09, Left
1761479528000, -8.05, -13.50, 3.02, Left
1761479528046, -8.19, -13.50, 2.97, Left
1761479528098, -8.16, -13.57, 2.92, Left
1761479528157, -8.17, -13.67, 2.88, Left
1761479528205, -8.12, -13.45, 2.83, Left
1761479528250, -8.08, -12.77, 2.66, Left
1761479528296, -8.08, -12.28, 2.51, Left
1761479528354, -8.09, -11.58, 2.29, Left
1761479528408, -8.01, -10.89, 2.11, Left
1761479528452, -7.93, -10.20, 1.94, Left
1761479528499, -7.88, -9.47, 1.79, Forward
1761479528545, -7.66, -8.72, 1.63, Forward
1761479528593, -7.74, -8.10, 1.47, Forward
1761479528641, -7.76, -7.72, 1.33, Forward
1761479528690, -7.78, -7.42, 1.24, Forward
1761479528747, -7.83, -7.39, 1.20, Forward
1761479528795, -7.95, -7.14, 1.15, Forward
1761479528843, -8.07, -7.02, 1.11, Forward
1761479528886, -8.33, -7.01, 1.05, Forward
1761479528936, -8.53, -6.93, 1.02, Forward
1761479528981, -8.81, -7.29, 1.08, Forward
1761479529027, -9.24, -7.74, 1.15, Forward
1761479529076, -9.50, -8.16, 1.24, Forward
1761479529125, -9.79, -8.33, 1.27, Forward
1761479529171, -10.11, -8.59, 1.31, Down
1761479529216, -10.31, -8.47, 1.34, Down
1761479529264, -10.54, -8.58, 1.41, Down
1761479529310, -10.75, -6.26, 1.21, Down
1761479529359, -10.99, -3.36, 0.87, Down
1761479529417, -11.16, -1.25, 0.62, Down
1761479529463, -11.43, 1.43, 0.28, Down
1761479529511, -11.65, 4.03, -0.05, Down
1761479529556, -11.98, 7.47, -0.46, Down
1761479529605, -12.38, 10.92, -0.86, Right
1761479529648, -13.78, 13.89, -18.98, Right
1761479529697, -15.44, 16.27, -37.08, Right
1761479529756, -16.81, 19.22, -55.09, Right
1761479529805, -18.47, 19.32, -72.81, Right
1761479529850, -20.16, 18.76, -90.37, Right
1761479529896, -21.90, 18.83, -108.03, Right
1761479529956, -23.71, 18.50, -125.73, Right
1761479530009, -25.53, 17.93, -143.52, Right
1761479530055, -27.33, 15.82, -161.35, Right
1761479530099, -28.92, 14.08, -179.14, Right
1761479530147, -29.48, 13.19, -179.13, Right
1761479530193, -29.90, 12.51, -179.11, Right
1761479530242, -30.51, 11.33, -179.18, Right
1761479530292, -30.81, 10.18, -179.34, Right
1761479530351, -30.90, 9.48, -179.46, Down
1761479530395, -30.98, 9.47, -179.59, Down
1761479530442, -30.84, 9.22, -179.67, Down
1761479530488, -30.62, 9.68, -179.65, Down
1761479530535, -30.44, 10.18, -179.61, Right
1761479530581, -29.10, 11.35, -161.87, Right
1761479530626, -28.72, 12.45, -161.85, Right
1761479530674, -28.44, 13.48, -161.87, Right
1761479530722, -26.92, 14.88, -144.32, Right
1761479530766, -25.38, 16.76, -126.70, Right
1761479530816, -23.85, 17.91, -109.14, Right
1761479530860, -22.34, 18.68, -91.59, Right
1761479530907, -20.65, 19.79, -74.09, Right
1761479530966, -20.33, 20.51, -74.24, Right
1761479531017, -18.67, 21.72, -56.65, Right
1761479531062, -18.39, 21.99, -56.85, Right
1761479531109, -17.13, 21.87, -39.41, Right
1761479531154, -15.70, 21.91, -21.85, Right
1761479531200, -15.52, 21.59, -21.87, Right
1761479531248, -15.37, 21.10, -21.83, Right
1761479531303, -15.25, 21.13, -21.82, Right
1761479531358, -15.13, 21.03, -21.77, Right
1761479531405, -15.27, 20.78, -21.65, Right
1761479531451, -14.11, 20.75, -3.88, Right
1761479531497, -14.15, 20.70, -3.75, Right
1761479531543, -14.13, 20.82, -3.57, Right
1761479531604, -15.37, 20.13, -21.14, Right
1761479531646, -16.68, 19.57, -38.78, Right
1761479531694, -17.96, 19.10, -56.45, Right
1761479531743, -19.30, 18.50, -74.20, Right
1761479531789, -20.73, 17.30, -91.96, Right
1761479531833, -21.95, 17.31, -109.69, Right
1761479531910, -23.08, 17.18, -127.51, Right
1761479531958, -24.23, 16.94, -145.36, Right
1761479532004, -25.42, 16.87, -163.24, Right
1761479532050, -26.58, 16.62, -181.15, Right
1761479532095, -26.50, 17.09, -181.33, Right
1761479532145, -25.03, 15.54, -163.64, Right
1761479532192, -24.83, 15.85, -163.77, Right
1761479532242, -24.55, 16.59, -163.86, Right
1761479532300, -24.28, 17.62, -163.94, Right
1761479532349, -24.18, 17.55, -164.03, Right
1761479532396, -24.07, 17.80, -164.07, Right
1761479532443, -23.94, 17.73, -164.12, Right
1761479532500, -23.82, 17.46, -164.10, Right
1761479532552, -23.62, 17.22, -164.09, Right
1761479532598, -23.39, 17.20, -164.03, Right
1761479532643, -24.52, 18.96, -181.85, Right
1761479532691, -24.53, 18.94, -181.77, Right
1761479532739, -24.61, 18.66, -181.72, Right
1761479532784, -24.73, 18.26, -181.63, Right
1761479532831, -24.83, 17.95, -181.57, Right
1761479532877, -24.93, 17.37, -181.50, Right
1761479532924, -25.03, 17.06, -181.41, Right
1761479532970, -25.12, 16.84, -181.35, Right
1761479533019, -25.39, 14.70, -181.50, Right
1761479533063, -25.74, 12.43, -181.66, Right
1761479533112, -26.03, 9.00, -145.86, Down
1761479533170, -26.18, 5.32, -110.12, Down
1761479533220, -26.31, 1.74, -74.34, Down
1761479533266, -26.24, -1.77, -38.59, Down
1761479533312, -26.44, -5.14, -2.82, Down
1761479533358, -26.50, -8.43, -3.01, Down
1761479533405, -26.49, -11.64, 32.75, Left
1761479533451, -26.52, -14.81, 32.58, Left
1761479533507, -26.41, -16.13, 32.61, Left
1761479533562, -26.39, -17.06, 32.68, Left
1761479533609, -26.38, -17.00, -3.20, Left
1761479533655, -26.25, -16.82, -39.08, Left
1761479533701, -26.13, -16.58, -74.98, Left
1761479533776, -26.40, -16.13, -110.87, Left
1761479533827, -26.45, -15.94, -146.78, Left
1761479533873, -26.68, -15.30, -146.64, Left
1761479533919, -27.00, -15.05, -182.56, Left
1761479533965, -27.22, -14.55, -182.51, Left
1761479534014, -27.47, -14.12, -182.44, Left
1761479534059, -27.65, -13.26, -182.44, Left
1761479534104, -26.36, -11.37, -164.33, Left
1761479534154, -25.31, -9.93, -146.19, Down
1761479534197, -24.19, -8.87, -128.09, Down
1761479534244, -22.71, -7.73, -109.95, Down
1761479534293, -21.10, -6.86, -91.93, Down
1761479534338, -19.49, -6.27, -73.99, Down
1761479534382, -17.21, -4.16, -56.31, Down
1761479534435, -15.11, -2.24, -38.59, Down
1761479534493, -13.01, -0.44, -20.85, Down
1761479534540, -10.89, 0.55, -3.07, Down
1761479534584, -10.19, 0.80, -3.49, Down
1761479534630, -9.41, 1.35, -3.91, Forward
1761479534678, -8.76, 2.16, -4.29, Forward
1761479534726, -8.05, 2.53, -4.72, Forward
1761479534772, -7.59, 2.48, -4.91, Forward
1761479534819, -7.08, 2.18, -5.10, Forward
1761479534866, -7.24, 0.54, -4.75, Forward
1761479534910, -7.46, -1.31, -4.48, Forward
1761479534957, -7.64, -3.04, -4.26, Forward
1761479535002, -7.72, -4.42, -3.88, Forward
1761479535047, -7.75, -5.11, -3.33, Forward
1761479535106, -7.82, -5.40, -2.87, Forward
1761479535156, -7.79, -5.73, -2.38, Forward
1761479535201, -7.87, -5.59, -1.80, Forward
1761479535248, -8.02, -4.94, -1.34, Forward
1761479535316, -8.21, -4.60, -0.81, Forward
1761479535373, -8.49, -4.00, -0.52, Forward
1761479535419, -8.57, -3.10, -0.18, Forward
1761479535464, -8.67, -2.49, 0.16, Forward
1761479535512, -8.87, -2.09, 0.33, Forward
1761479535557, -9.08, -2.33, 0.37, Forward
1761479535604, -9.11, -2.98, 0.46, Forward
1761479535649, -9.20, -3.80, 0.57, Forward
1761479535696, -9.31, -4.56, 0.58, Forward
1761479535744, -9.33, -5.19, 0.54, Forward
1761479535789, -9.41, -5.49, 0.47, Forward
1761479535836, -9.30, -5.79, 0.43, Forward
1761479535881, -9.11, -5.97, 0.36, Forward
1761479535928, -8.90, -5.85, 0.28, Forward
1761479535976, -8.76, -6.06, 0.18, Forward
1761479536023, -8.70, -6.16, 0.11, Forward
1761479536067, -8.68, -6.51, 0.08, Forward
1761479536113, -8.64, -6.58, 0.03, Forward
1761479536160, -8.63, -6.76, -0.07, Forward
1761479536208, -8.38, -6.59, -0.16, Forward
1761479536257, -8.15, -6.26, -0.28, Forward
1761479536302, -7.89, -3.99, -0.64, Forward
1761479536350, -7.79, -2.50, -0.92, Forward
1761479536395, -7.74, 0.26, -1.35, Forward
1761479536442, -7.60, 3.22, -1.76, Forward
1761479536487, -7.53, 6.24, -2.20, Forward
1761479536534, -7.46, 9.36, -2.61, Forward
1761479536580, -7.30, 12.37, -3.05, Right
1761479536627, -7.26, 15.91, -3.48, Right
1761479536675, -7.33, 19.09, -3.87, Right
1761479536721, -7.27, 22.41, -4.31, Right
1761479536772, -7.27, 23.78, -4.47, Right
1761479536828, -7.27, 25.80, -4.70, Right
1761479536877, -7.34, 26.46, -4.75, Right
1761479536924, -7.31, 27.20, -4.79, Right
1761479536971, -7.30, 27.61, -4.82, Right
1761479537018, -7.39, 28.35, -4.90, Right
1761479537066, -7.75, 29.41, -5.00, Right
1761479537112, -7.84, 29.90, -5.07, Right
1761479537160, -8.00, 30.28, -5.11, Right
1761479537206, -8.16, 30.43, -5.14, Right
1761479537251, -8.34, 30.71, -5.28, Right
1761479537314, -8.73, 31.15, -5.46, Right
1761479537380, -9.02, 31.74, -5.63, Right
1761479537425, -9.41, 32.17, -5.83, Right
1761479537471, -9.82, 32.52, -6.00, Right
1761479537516, -10.21, 33.00, -6.18, Right
1761479537564, -10.46, 33.03, -6.31, Right
1761479537612, -10.77, 33.17, -6.45, Right
1761479537658, -11.09, 33.32, -6.58, Right
1761479537702, -11.44, 33.61, -6.75, Right
1761479537748, -11.84, 33.75, -6.74, Right
1761479537795, -11.89, 33.56, -6.73, Right
1761479537842, -11.97, 33.48, -6.76, Right
1761479537888, -12.02, 33.52, -6.80, Right
1761479537933, -12.06, 33.54, -6.83, Right
1761479537987, -12.05, 33.56, -6.90, Right
1761479538040, -11.96, 33.67, -7.00, Right
1761479538087, -11.89, 33.75, -7.05, Right
1761479538136, -11.84, 33.97, -7.13, Right
1761479538181, -11.62, 34.06, -7.18, Right
1761479538226, -11.48, 34.22, -7.32, Right
1761479538273, -11.37, 34.29, -7.35, Right
1761479538321, -11.28, 34.26, -7.38, Right
1761479538366, -11.29, 34.21, -7.36, Right
1761479538413, -11.08, 34.26, -7.45, Right
1761479538460, -11.12, 34.16, -7.37, Right
1761479538508, -11.05, 34.09, -7.33, Right
1761479538554, -11.03, 34.02, -7.31, Right
1761479538598, -10.94, 33.67, -7.28, Right
1761479538658, -10.77, 32.92, -7.20, Right
1761479538708, -10.49, 32.42, -7.16, Right
1761479538752, -10.20, 31.68, -7.21, Right
1761479538800, -9.92, 31.08, -7.20, Right
1761479538848, -9.33, 28.70, -6.99, Right
1761479538892, -8.94, 26.49, -6.72, Right
1761479538941, -8.28, 23.76, -6.47, Right
1761479539001, -7.60, 20.08, -6.06, Right
1761479539048, -6.86, 17.03, -5.71, Right
1761479539093, -6.14, 14.36, -5.41, Right
1761479539141, -5.60, 12.19, -5.13, Right
1761479539187, -5.08, 9.59, -4.80, Forward
1761479539234, -4.74, 7.44, -4.49, Forward
1761479539280, -4.23, 6.33, -4.50, Forward
1761479539330, -3.90, 6.60, -4.72, Forward
1761479539378, -3.77, 7.16, -5.00, Forward
1761479539437, -3.62, 8.09, -5.37, Forward
1761479539480, -3.61, 10.06, -5.88, Right
1761479539530, -3.74, 11.66, -6.40, Right
1761479539586, -3.96, 12.92, -6.91, Right
1761479539641, -4.16, 13.94, -7.39, Right
1761479539686, -4.35, 15.51, -7.95, Right
1761479539730, -4.44, 16.81, -8.46, Right
1761479539777, -4.70, 16.91, -8.74, Right
1761479539821, -5.01, 17.33, -9.04, Right
1761479539868, -5.22, 17.48, -9.35, Right
1761479539919, -5.64, 17.33, -9.56, Right
1761479539965, -6.01, 17.48, -9.79, Right
1761479540012, -6.18, 16.92, -9.93, Right
1761479540055, -6.42, 17.04, -10.07, Right
1761479540105, -6.58, 17.06, -10.24, Right
1761479540149, -6.79, 16.54, -10.27, Right
1761479540211, -6.91, 16.11, -10.35, Right
1761479540274, -7.04, 16.12, -10.48, Right
1761479540333, -7.26, 16.11, -10.56, Right
1761479540396, -7.30, 15.39, -10.52, Right
1761479540456, -7.26, 15.43, -10.58, Right
1761479540520, -7.05, 15.01, -10.69, Right
1761479540582, -7.05, 15.18, -10.81, Right
1761479540644, -7.04, 15.14, -10.91, Right
1761479540706, -7.01, 15.02, -11.04, Right
1761479540768, -6.87, 15.21, -11.22, Right
1761479540829, -6.86, 15.90, -11.45, Right
1761479540891, -6.75, 15.83, -11.50, Right
1761479540953, -6.66, 16.18, -11.61, Right
1761479541017, -6.59, 16.76, -11.73, Right
1761479541076, -6.53, 17.31, -11.84, Right
1761479541137, -6.49, 17.59, -11.82, Right
1761479541199, -6.34, 17.44, -11.76, Right
1761479541260, -6.04, 16.55, -11.58, Right
1761479541324, -6.02, 16.29, -11.43, Right
1761479541387, -5.97, 14.36, -11.01, Right
1761479541452, -5.90, 11.81, -10.45, Right
1761479541514, -5.82, 9.91, -10.02, Forward
1761479541575, -5.65, 7.54, -9.47, Forward
1761479541638, -5.63, 4.86, -8.87, Forward
1761479541700, -5.46, 2.30, -8.33, Forward
1761479541761, -5.48, -0.23, -7.72, Forward
