Head Tracking Session: phase1_cycle1_1761476057088
Start Time: 2025-10-26T06:54:17.092737
==================================================
Timestamp (ms), Pitch, Yaw, Roll, Direction
1761476061694, 0.00, 0.00, 0.00, Forward
1761476061745, -0.94, -1.26, 0.93, Forward
1761476061800, -1.19, -2.04, 1.20, Forward
1761476061850, -1.06, -1.94, 1.05, Forward
1761476061899, -0.70, -1.54, 0.86, Forward
1761476061959, -0.84, -1.58, 0.80, Forward
1761476062009, -0.98, -1.78, 0.76, Forward
1761476062059, -1.22, -1.93, 0.74, Forward
1761476062106, -1.76, -2.65, 0.82, Forward
1761476062159, -2.34, -3.21, 0.89, Forward
1761476062232, -2.37, -3.78, 1.03, Forward
1761476062280, -2.27, -4.15, 0.95, Forward
1761476062331, -2.22, -4.38, 0.88, Forward
1761476062390, -3.02, -6.54, 1.07, Forward
1761476062441, -4.00, -8.44, 1.15, Forward
1761476063559, -3.74, -9.46, 0.83, Forward
1761476063611, -3.85, -10.27, 0.56, Left
1761476063675, -3.88, -11.23, 0.32, Left
1761476063726, -3.63, -11.44, -0.14, Left
1761476063790, -3.48, -12.05, -0.45, Left
1761476063847, -4.22, -12.99, -0.85, Left
1761476063958, -4.88, -14.02, -1.22, Left
1761476064005, -5.65, -15.14, -1.59, Left
1761476064076, -5.72, -14.75, -2.01, Left
1761476064127, -5.37, -13.63, -2.72, Left
1761476064175, -6.35, -13.62, -2.89, Left
1761476064232, -6.63, -13.17, -3.31, Left
1761476064288, -6.93, -12.79, -3.71, Left
1761476064339, -7.20, -12.57, -3.98, Left
1761476064391, -7.44, -12.18, -4.19, Left
1761476064445, -7.60, -12.02, -4.13, Left
1761476064504, -8.21, -11.85, -4.17, Left
1761476064629, -8.55, -12.76, -4.14, Left
1761476064678, -8.75, -13.29, -4.12, Left
1761476064736, -9.40, -14.93, -3.63, Left
1761476064789, -11.33, -15.96, -3.72, Left
1761476067194, -11.91, -17.35, -2.99, Left
1761476067293, -12.51, -18.13, -2.58, Left
1761476067345, -12.85, -18.80, -2.25, Left
1761476067393, -12.98, -19.09, -2.18, Left
1761476067445, -13.03, -19.35, -2.68, Left
1761476067497, -13.23, -19.29, -3.19, Left
1761476067557, -12.88, -17.14, -4.02, Left
1761476067607, -12.72, -15.00, -4.96, Left
1761476067652, -12.47, -13.15, -5.90, Left
1761476067702, -10.78, -12.33, -6.45, Left
1761476067750, -10.80, -11.35, -7.75, Left
1761476067830, -10.95, -10.25, -9.02, Left
1761476067878, -11.34, -9.25, -10.20, Down
1761476067928, -11.71, -8.49, -11.34, Down
1761476067979, -12.36, -7.54, -11.92, Down
1761476068037, -12.40, -6.76, -12.38, Down
1761476068095, -12.64, -6.57, -12.65, Down
1761476068143, -12.98, -6.73, -12.79, Down
1761476068196, -13.24, -7.03, -12.86, Down
1761476068249, -13.22, -5.63, -13.12, Down
1761476068298, -13.02, -5.23, -13.04, Down
1761476068372, -13.01, -5.32, -12.60, Down
1761476068428, -12.88, -5.71, -12.01, Down
1761476068537, -12.71, -6.05, -11.41, Down
1761476068604, -12.10, -6.32, -10.94, Down
1761476068662, -12.00, -6.80, -10.52, Down
1761476068726, -12.36, -7.60, -10.06, Down
1761476068783, -12.42, -8.21, -9.67, Down
1761476068889, -12.44, -8.68, -9.32, Down
1761476068937, -12.62, -9.58, -8.91, Down
1761476068982, -12.81, -9.78, -8.73, Down
1761476069030, -12.93, -10.21, -8.53, Left
1761476069077, -12.96, -10.52, -8.42, Left
1761476069170, -13.26, -10.41, -8.48, Left
1761476069217, -13.61, -10.52, -8.49, Left
1761476069266, -13.47, -10.49, -8.49, Left
1761476069312, -13.36, -10.50, -8.38, Left
1761476069358, -13.35, -10.54, -8.26, Left
1761476069420, -13.66, -10.71, -8.03, Left
1761476069467, -13.81, -11.28, -7.63, Left
1761476069515, -14.06, -11.91, -7.21, Left
1761476069561, -14.16, -12.41, -6.94, Left
1761476069611, -14.52, -12.93, -6.70, Left
1761476069687, -14.51, -13.20, -6.39, Left
1761476069736, -14.54, -13.01, -6.22, Left
1761476069781, -14.63, -12.91, -6.00, Left
1761476069830, -15.23, -13.57, -5.31, Left
1761476069887, -15.55, -14.17, -4.68, Left
1761476069970, -16.25, -14.42, -4.54, Left
1761476070021, -17.21, -14.84, -4.37, Left
1761476070082, -17.98, -15.11, -4.16, Left
1761476070140, -18.91, -15.57, -3.91, Left
1761476070186, -20.06, -15.95, -3.75, Left
1761476070235, -21.37, -16.92, -3.42, Left
1761476070360, -23.35, -17.33, -3.39, Left
1761476070408, -25.06, -18.16, -3.35, Left
1761476070470, -26.45, -18.16, -3.83, Left
1761476070516, -27.81, -18.41, -4.15, Left
1761476070565, -28.92, -18.62, -4.11, Left
1761476070628, -29.92, -18.50, -4.40, Left
1761476070688, -31.13, -18.57, -4.62, Left
1761476070736, -32.00, -18.42, -4.88, Left
1761476070785, -32.57, -18.13, -5.23, Left
1761476070846, -33.31, -18.03, -5.53, Left
1761476070893, -33.57, -18.31, -5.60, Left
1761476071017, -33.69, -18.43, -5.68, Left
1761476071063, -33.67, -18.75, -5.74, Left
1761476071110, -34.06, -18.73, -6.01, Left
1761476071161, -34.05, -18.74, -6.26, Left
1761476071221, -33.93, -18.66, -6.31, Left
1761476071286, -33.91, -18.67, -6.43, Left
1761476071349, -34.17, -18.45, -6.55, Left
1761476071412, -34.46, -18.32, -6.48, Left
1761476071471, -34.39, -18.11, -6.67, Left
1761476071518, -34.32, -18.32, -6.79, Left
1761476071567, -34.40, -18.16, -6.85, Left
1761476071690, -34.14, -18.12, -6.96, Left
1761476071740, -33.64, -18.21, -6.90, Left
1761476071803, -33.61, -18.21, -6.94, Left
1761476071851, -33.36, -18.57, -6.74, Left
1761476071910, -33.38, -18.69, -6.67, Left
1761476071957, -33.19, -18.47, -7.06, Left
1761476074010, -31.94, -17.66, -7.23, Left
1761476074124, -30.53, -16.77, -7.26, Left
1761476074178, -29.16, -15.54, -7.17, Left
1761476074238, -27.86, -14.57, -7.22, Left
1761476074284, -26.89, -13.08, -7.25, Left
1761476074334, -26.06, -11.64, -7.43, Left
1761476074393, -24.91, -10.94, -7.41, Left
1761476074487, -23.99, -10.52, -7.30, Left
1761476074533, -22.77, -10.23, -7.08, Left
1761476074581, -21.45, -10.47, -6.41, Left
1761476074626, -20.79, -11.35, -6.05, Left
1761476074674, -20.41, -12.19, -5.69, Left
1761476074768, -19.90, -13.61, -5.29, Left
1761476074815, -19.61, -14.59, -4.94, Left
1761476074861, -19.16, -15.71, -4.60, Left
1761476074908, -18.52, -17.04, -4.14, Left
1761476074969, -17.96, -17.75, -3.83, Left
1761476075014, -17.60, -18.38, -3.59, Left
1761476075156, -17.05, -18.65, -3.45, Left
1761476075207, -16.52, -18.89, -3.31, Left
1761476075265, -16.47, -19.04, -3.19, Left
1761476075314, -16.58, -19.40, -3.06, Left
1761476075380, -16.69, -19.57, -3.03, Left
1761476075438, -16.46, -19.77, -2.82, Left
1761476075560, -16.10, -20.13, -2.59, Left
1761476075609, -16.16, -20.32, -2.44, Left
1761476075656, -15.97, -20.55, -2.30, Left
1761476075720, -15.68, -20.22, -2.37, Left
1761476075783, -15.52, -20.33, -2.38, Left
1761476075829, -15.03, -20.01, -2.45, Left
1761476075970, -14.72, -20.22, -2.28, Left
1761476076015, -14.41, -20.34, -2.11, Left
1761476076081, -13.84, -20.22, -1.95, Left
1761476076141, -13.44, -20.14, -1.90, Left
1761476076203, -13.22, -19.96, -1.91, Left
1761476076264, -13.03, -20.15, -1.88, Left
1761476076359, -12.71, -20.46, -1.76, Left
1761476076419, -12.23, -20.92, -1.64, Left
1761476076480, -11.77, -21.36, -1.55, Left
1761476076531, -12.02, -22.33, -1.32, Left
1761476076595, -11.93, -22.82, -1.26, Left
1761476076654, -11.66, -22.86, -1.26, Left
1761476076761, -11.68, -22.31, -1.39, Left
1761476076810, -11.77, -21.96, -1.46, Left
1761476076859, -11.92, -21.83, -1.46, Left
1761476076919, -11.70, -20.65, -1.70, Left
1761476076964, -11.77, -19.40, -1.97, Left
1761476077015, -11.99, -18.60, -2.07, Left
1761476077076, -12.25, -17.50, -2.21, Left
1761476077176, -12.28, -16.51, -2.39, Left
1761476077305, -12.11, -15.24, -2.74, Left
1761476077452, -12.02, -14.54, -2.91, Left
1761476077578, -11.65, -14.45, -3.00, Left
1761476077676, -11.29, -14.31, -3.14, Left
1761476077788, -10.84, -13.93, -3.34, Left
1761476077922, -10.61, -14.42, -3.25, Left
1761476078038, -10.34, -14.72, -3.23, Left
1761476078147, -10.16, -14.68, -3.35, Left
1761476078237, -9.85, -14.87, -3.37, Left
1761476078340, -9.49, -14.45, -3.50, Left
1761476078440, -9.09, -13.88, -3.62, Left
1761476078560, -8.88, -13.43, -3.74, Left
1761476078651, -8.92, -13.09, -3.84, Left
1761476078745, -9.10, -13.38, -3.70, Left
1761476078847, -9.34, -13.95, -3.45, Left
1761476078933, -9.35, -14.46, -3.26, Left
1761476079061, -9.39, -14.99, -3.10, Left
1761476079183, -9.22, -15.17, -2.88, Left
1761476079278, -9.24, -15.74, -2.56, Left
1761476079412, -8.84, -16.38, -2.17, Left
1761476079506, -9.05, -17.61, -1.64, Left
1761476079629, -9.02, -18.27, -1.29, Left
1761476079772, -9.10, -19.35, -0.84, Left
1761476079855, -8.98, -19.64, -0.65, Left
1761476079950, -8.94, -19.65, -0.55, Left
1761476080030, -8.98, -19.35, -0.58, Left
1761476080155, -8.98, -18.97, -0.60, Left
1761476080266, -9.25, -19.26, -0.56, Left
1761476080362, -9.01, -18.99, -0.77, Left
1761476080457, -9.39, -19.05, -0.96, Left
1761476080571, -9.36, -19.11, -1.09, Left
1761476080715, -9.57, -19.62, -1.12, Left
1761476080825, -9.56, -19.49, -1.29, Left
1761476080923, -9.69, -19.56, -1.42, Left
1761476081001, -9.82, -19.70, -1.56, Left
1761476081097, -10.03, -19.94, -1.64, Left
1761476081199, -10.15, -20.30, -1.67, Left
1761476081292, -10.03, -20.18, -1.80, Left
1761476081373, -10.33, -20.10, -1.87, Left
1761476081460, -10.44, -19.67, -2.08, Left
1761476081549, -10.67, -19.06, -2.36, Left
1761476081640, -10.62, -18.01, -2.73, Left
1761476081739, -10.58, -17.28, -2.99, Left
1761476081827, -10.35, -16.26, -3.29, Left
1761476081912, -10.25, -15.52, -3.48, Left
1761476081980, -10.25, -14.94, -3.57, Left
1761476082087, -10.11, -14.03, -3.75, Left
1761476082204, -10.22, -13.65, -3.85, Left
1761476082304, -10.21, -13.33, -3.91, Left
1761476082405, -10.16, -13.53, -3.75, Left
1761476082483, -10.03, -13.53, -3.73, Left
1761476082565, -10.03, -13.78, -3.65, Left
1761476082631, -10.18, -13.82, -3.63, Left
1761476082723, -10.61, -14.10, -3.58, Left
1761476082810, -10.69, -14.48, -3.52, Left
1761476082903, -10.61, -14.70, -3.46, Left
1761476082986, -10.84, -15.27, -3.30, Left
1761476083079, -10.69, -15.32, -3.35, Left
1761476083175, -10.51, -15.14, -3.38, Left
1761476083271, -10.32, -14.95, -3.42, Left
1761476083434, -9.83, -14.80, -3.46, Left
1761476083519, -9.23, -14.78, -3.29, Left
1761476083645, -8.73, -14.87, -3.15, Left
1761476083793, -8.12, -15.00, -3.07, Left
1761476083903, -7.72, -14.41, -3.26, Left
1761476084022, -7.62, -13.83, -3.44, Left
1761476084155, -7.36, -13.14, -3.60, Left
1761476084253, -7.44, -13.16, -3.61, Left
1761476084395, -7.67, -13.04, -3.75, Left
1761476084535, -8.09, -13.00, -3.83, Left
1761476084656, -8.62, -12.78, -3.99, Left
1761476084792, -9.29, -12.47, -4.26, Left
1761476084903, -9.89, -12.46, -4.42, Left
1761476085010, -10.53, -12.58, -4.43, Left
1761476085137, -11.13, -12.83, -4.46, Left
1761476085270, -11.45, -13.05, -4.59, Left
1761476085425, -11.93, -13.17, -4.81, Left
1761476085582, -12.69, -12.62, -5.12, Left
1761476085711, -13.80, -12.68, -5.24, Left
1761476085792, -14.79, -12.64, -5.47, Left
1761476085914, -15.53, -12.83, -5.60, Left
1761476086007, -16.48, -12.99, -5.73, Left
1761476086094, -17.60, -12.76, -5.96, Left
1761476086206, -18.46, -12.23, -6.28, Left
1761476086302, -19.29, -12.04, -6.40, Left
1761476086421, -20.20, -11.95, -6.47, Left
1761476086512, -21.33, -12.01, -6.44, Left
1761476086628, -21.88, -12.18, -6.42, Left
1761476086730, -22.37, -12.07, -6.50, Left
1761476086841, -22.72, -12.12, -6.53, Left
1761476086957, -23.38, -12.02, -6.52, Left
1761476087054, -24.03, -11.83, -6.60, Left
1761476087154, -24.31, -11.73, -6.59, Left
1761476087276, -25.14, -11.68, -6.62, Left
1761476087391, -26.05, -11.56, -6.71, Left
1761476087514, -26.17, -11.50, -6.81, Left
1761476087649, -26.42, -11.46, -6.95, Left
1761476087746, -26.89, -11.86, -6.98, Left
1761476087866, -26.95, -12.38, -6.94, Left
1761476087967, -27.19, -12.77, -6.93, Left
1761476088081, -27.56, -13.10, -6.88, Left
1761476088197, -27.86, -13.63, -6.88, Left
1761476088310, -28.20, -14.11, -6.96, Left
1761476088441, -28.15, -14.64, -6.96, Left
1761476088592, -28.34, -15.16, -6.75, Left
1761476088718, -28.98, -15.48, -6.53, Left
1761476088812, -29.58, -15.82, -6.41, Left
1761476088944, -29.48, -15.47, -6.47, Left
1761476089117, -29.63, -15.41, -6.32, Left
1761476089211, -29.40, -14.95, -6.33, Left
1761476089321, -29.18, -14.72, -6.37, Left
1761476089433, -28.82, -14.11, -6.39, Left
1761476089589, -28.50, -13.53, -6.45, Left
1761476089710, -27.27, -13.43, -6.41, Left
1761476089836, -24.51, -12.98, -6.49, Left
1761476089924, -22.20, -12.47, -6.75, Left
1761476090047, -19.37, -12.22, -6.90, Left
1761476090143, -17.52, -12.10, -7.19, Left
1761476090242, -15.49, -12.52, -7.58, Left
1761476090343, -13.62, -12.42, -8.16, Left
1761476090454, -11.86, -12.38, -8.56, Left
1761476090556, -10.09, -12.57, -8.98, Left
1761476090657, -8.35, -13.01, -9.19, Left
1761476090711, -7.58, -12.62, -9.64, Left
1761476090762, -7.86, -13.08, -9.88, Left
1761476090821, -8.02, -13.69, -9.93, Left
1761476090876, -8.64, -13.84, -10.17, Left
1761476090949, -8.22, -14.26, -9.78, Left
1761476091000, -7.94, -13.64, -9.62, Left
1761476091052, -7.54, -13.56, -9.27, Left
1761476091108, -7.15, -13.55, -9.00, Left
1761476091161, -6.71, -14.33, -7.74, Left
1761476091209, -6.18, -14.79, -6.61, Left
1761476091262, -5.20, -15.09, -5.45, Left
1761476091319, -4.33, -14.81, -4.53, Left
1761476091374, -3.49, -14.32, -3.73, Left
1761476091424, -2.22, -14.08, -2.74, Left
1761476091475, -1.58, -14.09, -1.87, Left
1761476091526, -1.12, -14.39, -0.90, Left
1761476091579, 0.23, -14.42, -0.02, Left
1761476091626, 1.65, -14.28, 0.88, Left
1761476091681, 1.90, -14.00, 1.30, Left
1761476091752, 1.79, -13.12, 1.39, Left
1761476091797, 0.90, -12.69, 1.56, Left
1761476091848, -0.01, -12.27, 1.77, Left
1761476091902, -1.02, -12.21, 2.23, Left
1761476091955, -1.84, -12.20, 2.76, Left
1761476092006, -2.57, -11.80, 3.03, Left
1761476092060, -2.86, -11.24, 3.32, Left
1761476092114, -4.26, -11.15, 3.77, Left
1761476092166, -5.89, -11.24, 4.20, Left
1761476092248, -6.41, -10.70, 4.15, Left
1761476092304, -6.90, -11.07, 4.49, Left
1761476092356, -6.83, -11.96, 4.86, Left
1761476092437, -6.63, -13.49, 5.34, Left
1761476092487, -5.87, -14.85, 5.73, Left
1761476094070, -7.03, -15.74, 4.90, Left
1761476094140, -8.36, -16.44, 3.96, Left
1761476094189, -9.80, -17.13, 3.05, Left
1761476094242, -11.13, -17.81, 2.10, Left
1761476094295, -11.79, -18.29, 1.18, Left
1761476094351, -11.75, -18.23, -0.03, Left
1761476094402, -11.61, -17.81, -1.38, Left
1761476094458, -11.62, -16.87, -2.81, Left
1761476094507, -11.92, -15.29, -4.36, Left
1761476094556, -12.61, -13.76, -5.90, Left
1761476094646, -11.69, -12.84, -6.03, Left
1761476094695, -10.77, -12.17, -6.04, Left
1761476094752, -9.91, -11.74, -6.04, Left
1761476094805, -8.97, -11.20, -5.87, Left
1761476094857, -8.34, -11.49, -5.42, Left
1761476094906, -8.10, -12.23, -4.66, Left
1761476094958, -8.11, -13.41, -3.78, Left
1761476095008, -7.99, -14.64, -2.81, Left
1761476095060, -7.65, -15.96, -1.61, Left
1761476095145, -6.98, -17.15, -0.19, Left
1761476095201, -6.47, -18.24, 0.90, Left
1761476095252, -5.75, -19.42, 2.12, Left
1761476095335, -5.04, -20.34, 3.28, Left
1761476095384, -4.51, -21.28, 4.28, Left
1761476095437, -4.16, -21.67, 4.97, Left
1761476095488, -4.14, -21.70, 5.37, Left
1761476095546, -3.63, -21.39, 5.68, Left
1761476095595, -3.84, -21.13, 5.76, Left
1761476095649, -3.82, -20.38, 5.43, Left
1761476095701, -4.09, -19.34, 4.66, Left
1761476095754, -4.31, -18.76, 3.69, Left
1761476095847, -4.19, -18.58, 2.63, Left
1761476095898, -4.03, -18.17, 1.53, Left
1761476095948, -3.79, -17.77, 0.46, Left
1761476096038, -3.26, -17.27, -0.68, Left
1761476096090, -2.72, -17.21, -1.56, Left
1761476096140, -2.27, -17.22, -2.40, Left
1761476096192, -1.30, -16.89, -3.20, Left
1761476096241, -0.57, -17.03, -3.81, Left
1761476096292, 0.19, -16.86, -4.55, Left
1761476096351, 1.03, -15.91, -5.02, Left
1761476096402, 1.26, -14.51, -5.50, Left
1761476096456, 1.60, -12.87, -6.26, Left
1761476096539, 2.13, -11.59, -6.89, Left
1761476096589, 2.22, -10.35, -7.50, Left
1761476096643, 2.44, -9.10, -8.07, Forward
1761476096692, 2.66, -7.16, -8.52, Forward
1761476096745, 3.02, -5.65, -8.82, Forward
1761476096802, 3.66, -3.29, -9.41, Forward
1761476096857, 4.50, -0.96, -9.83, Forward
1761476096908, 5.59, 1.19, -10.41, Forward
1761476096958, 6.34, 4.34, -11.14, Forward
1761476097047, 4.59, 4.26, -9.79, Forward
1761476097097, 5.24, 7.59, -10.49, Forward
1761476097150, 2.70, 9.21, -27.88, Forward
1761476097200, 4.26, 13.05, -28.68, Right
1761476097249, 1.94, 15.31, -45.72, Right
1761476097301, 6.76, 18.16, -48.06, Right
1761476098074, 6.11, 11.87, -43.34, Right
1761476098124, 4.90, 4.85, -38.59, Forward
1761476098174, 3.89, -2.60, -33.12, Forward
1761476098234, 3.51, -10.89, -27.70, Left
1761476098288, 5.37, -16.37, -24.06, Left
1761476098337, 4.72, -25.06, -18.39, Left
1761476098387, 5.36, -26.60, -0.29, Left
1761476098447, 1.87, -30.41, 1.32, Left
1761476098502, 5.19, -40.66, 23.59, Left
1761476098558, -7.34, -39.01, 12.18, Left
1761476098608, -9.06, -33.99, 9.77, Left
1761476098663, -7.64, -36.23, 9.90, Left
1761476098747, -9.48, -30.68, 6.77, Left
1761476098800, -11.57, -25.25, 2.27, Left
1761476098851, -13.50, -19.90, -1.68, Left
1761476098935, -15.56, -14.51, -6.04, Left
1761476098994, -15.55, -14.48, -6.10, Left
1761476099046, -13.16, -19.06, -2.01, Left
1761476099146, -13.48, -16.24, -2.52, Left
1761476099201, -7.82, -21.22, 11.96, Left
1761476099256, -8.31, -23.30, -5.47, Left
1761476099338, -9.04, -19.76, -6.14, Left
1761476099396, -7.03, -23.73, -4.00, Left
1761476099452, -4.84, -27.55, -0.43, Left
1761476099546, -2.95, -31.07, 2.49, Left
1761476099596, -1.53, -34.42, 5.61, Left
1761476099650, -0.37, -37.77, 8.48, Left
1761476099732, -1.90, -37.58, 7.38, Left
1761476099784, -4.22, -37.10, 6.05, Left
1761476099834, -3.28, -41.49, 8.94, Left
1761476099945, -1.20, -42.97, 27.88, Left
1761476100001, -3.32, -39.22, 26.12, Left
1761476100055, -3.62, -39.71, 26.14, Left
1761476100141, -3.09, -43.16, 26.71, Left
1761476100195, -4.97, -39.64, 23.97, Left
1761476100245, -10.06, -38.33, 3.79, Left
1761476100345, -11.20, -34.98, 1.82, Left
1761476100396, -9.29, -37.78, 3.65, Left
1761476100450, -9.60, -33.74, 1.84, Left
1761476100533, -7.81, -36.61, 2.65, Left
1761476100586, -6.63, -40.25, 4.37, Left
1761476101151, -7.97, -43.28, -14.45, Left
1761476101199, -10.65, -41.51, -34.85, Left
1761476102254, -12.13, -36.40, -35.88, Left
1761476102302, -10.89, -39.02, -33.31, Left
1761476102353, -6.01, -40.14, -12.91, Left
1761476102436, -4.72, -43.44, -10.37, Left
1761476102486, -6.39, -39.58, -11.93, Left
1761476102536, -5.31, -42.94, -9.57, Left
1761476102588, -6.58, -39.35, -9.84, Left
1761476102637, -8.04, -35.70, -10.98, Left
1761476102688, -5.38, -36.03, 9.79, Left
1761476102745, -2.90, -37.22, 30.26, Left
1761476102791, -2.54, -38.73, 30.91, Left
1761476102839, -2.28, -40.39, 31.60, Left
1761476102933, -5.01, -39.86, 12.29, Left
1761476102983, -5.01, -41.02, 12.54, Left
1761476103035, -4.87, -41.61, 12.48, Left
1761476103141, -4.78, -42.40, 12.37, Left
1761476103194, -5.05, -42.69, 11.92, Left
1761476103240, -4.97, -42.91, 11.41, Left
1761476103333, -4.90, -43.52, 10.97, Left
1761476103383, -5.10, -43.43, 10.47, Left
1761476103434, -5.28, -43.50, 9.83, Left
1761476103527, -6.76, -39.23, 6.45, Left
1761476103575, -3.65, -40.23, 25.56, Left
1761476103631, -2.04, -43.04, 26.56, Left
1761476103678, -1.34, -43.10, 26.74, Left
1761476103725, -2.50, -38.96, 23.97, Left
1761476103776, -0.83, -42.26, 25.09, Left
1761476103833, -2.23, -38.46, 23.34, Left
1761476103887, -3.63, -34.50, 20.52, Left
1761476103936, -4.91, -30.71, 17.76, Left
1761476104037, -3.67, -32.01, 19.56, Left
1761476104087, 2.03, -32.07, 23.51, Left
1761476104136, 7.53, -31.74, 22.95, Left
1761476104227, 7.13, -29.40, 22.67, Left
1761476104274, 5.24, -25.39, 19.44, Left
1761476104325, 7.76, -30.31, 23.25, Left
1761476104376, 2.06, -22.68, 2.50, Left
1761476104425, 4.73, -27.92, 5.77, Left
1761476104477, 7.84, -32.97, 10.23, Left
1761476104538, 6.35, -37.36, -6.54, Left
1761476104586, 2.45, -36.87, -27.59, Left
1761476104639, -0.34, -42.83, -26.57, Left
1761476104726, -7.41, -39.54, -29.29, Left
1761476104773, -7.32, -39.91, -29.49, Left
1761476104828, -4.67, -45.13, -25.54, Left
1761476104880, -5.17, -45.44, -25.52, Left
1761476104930, -2.32, -45.81, -9.00, Left
1761476104979, -4.89, -40.58, -11.97, Left
1761476105034, -9.04, -38.66, -32.71, Left
1761476105083, -8.55, -37.46, -32.28, Left
1761476105130, -4.37, -40.15, -11.10, Left
1761476105236, -4.69, -39.02, -12.15, Left
1761476105284, -2.01, -43.92, -7.68, Left
1761476105333, -5.51, -41.57, -27.94, Left
1761476105389, -1.28, -39.24, -24.03, Left
1761476105438, -0.56, -39.16, -24.15, Left
1761476105486, 2.03, -44.44, -20.05, Left
1761476105535, 4.20, -50.06, -17.69, Left
1761476105586, 7.43, -52.62, 2.35, Left
1761476105638, 10.60, -55.06, 22.33, Left
1761476105687, 10.08, -53.27, 21.73, Left
1761476105736, 6.66, -51.56, 1.05, Left
1761476105787, 3.22, -49.81, -19.63, Left
1761476105836, 3.33, -50.34, -19.98, Left
1761476105885, -0.86, -54.80, -24.87, Left
1761476105937, -4.36, -53.17, -45.65, Left
1761476106039, -6.98, -47.90, -50.01, Left
1761476106088, -9.24, -42.28, -52.39, Left
1761476106139, -11.45, -36.60, -55.55, Left
1761476106188, -13.63, -30.97, -59.27, Left
1761476106236, -13.18, -32.84, -59.65, Left
1761476106284, -9.66, -36.99, -39.91, Left
1761476106338, -7.05, -31.48, -41.72, Left
1761476106389, -3.37, -35.29, -21.30, Left
1761476106438, -6.10, -32.88, -38.06, Left
1761476106488, -0.59, -35.81, -14.17, Left
1761476108152, 0.71, -39.43, -11.19, Left
1761476108226, 1.87, -42.87, -10.08, Left
1761476108282, 2.78, -46.46, -8.15, Left
1761476108329, 3.83, -50.00, -5.71, Left
1761476108437, 2.23, -46.23, -6.80, Left
1761476108485, 0.65, -42.35, -7.55, Left
1761476108535, -0.08, -48.18, 13.21, Left
1761476108584, -1.72, -44.70, 12.06, Left
1761476108638, -0.27, -43.10, 28.11, Left
1761476108688, -3.97, -40.08, 23.39, Left
1761476108736, -3.86, -40.14, 23.44, Left
1761476108784, -4.11, -40.20, 23.34, Left
1761476108837, -4.18, -40.17, 23.23, Left
1761476108886, -3.67, -40.19, 23.50, Left
1761476108936, -3.83, -40.52, 23.78, Left
1761476108986, -3.17, -41.16, 24.57, Left
1761476109036, -2.38, -41.78, 25.47, Left
1761476109085, -1.80, -42.07, 26.12, Left
1761476109142, -1.35, -42.93, 27.23, Left
1761476109224, -0.70, -43.63, 28.36, Left
1761476109277, -0.51, -43.97, 29.16, Left
1761476109328, 0.16, -44.59, 30.22, Left
1761476109380, -0.66, -41.01, 29.19, Left
1761476109431, -0.23, -41.80, 30.36, Left
1761476109482, 5.71, -41.20, 30.43, Left
1761476109534, 2.95, -39.45, 11.52, Left
1761476109588, 1.04, -35.38, 7.39, Left
1761476109643, -1.78, -33.90, -11.81, Left
1761476109733, -1.00, -34.16, -10.94, Left
1761476109786, -3.62, -32.69, -30.39, Left
1761476109838, -2.32, -35.99, -30.81, Left
1761476109924, -3.90, -31.89, -34.31, Left
1761476109974, 3.03, -34.96, -26.96, Left
1761476110027, 1.03, -30.62, -30.87, Left
1761476110077, -2.81, -32.71, -28.88, Left
1761476110131, -1.84, -30.37, -13.08, Left
1761476110179, -2.54, -33.73, -28.20, Left
1761476110235, -1.57, -31.12, -12.05, Left
1761476110285, -4.24, -26.67, -15.54, Left
1761476110336, -3.33, -24.00, 0.89, Left
1761476110424, -6.59, -20.06, -18.30, Left
1761476110473, -3.84, -27.41, -14.50, Left
1761476110523, -10.81, -24.37, -24.13, Left
1761476110572, -7.97, -31.78, -21.39, Left
1761476110627, -8.52, -33.82, -23.80, Left
1761476110680, -6.19, -41.30, -22.09, Left
1761476110730, -2.69, -45.36, -2.91, Left
1761476110780, 0.35, -52.73, 0.85, Left
1761476110832, 3.43, -60.14, 3.42, Left
1761476113348, 4.57, -58.61, 1.73, Left
1761476113394, 6.04, -53.81, 16.76, Left
1761476113438, 4.34, -45.07, 12.02, Left
1761476113525, 5.52, -43.45, 11.95, Left
1761476113576, 3.66, -34.68, 8.35, Left
1761476113627, 1.96, -25.92, 5.01, Left
1761476113674, 0.55, -17.27, 2.56, Left
1761476113727, -1.36, -8.90, -1.29, Forward
1761476113779, -1.41, -8.79, -1.13, Forward
1761476113837, -3.53, -1.57, -4.37, Forward
1761476113887, -3.76, -3.33, -3.07, Forward
1761476113935, -4.07, -5.36, -1.78, Forward
1761476114022, -4.10, -8.38, -0.14, Forward
1761476114072, -4.26, -12.10, 1.65, Left
1761476114129, -4.29, -15.69, 3.42, Left
1761476114175, -4.13, -20.34, 5.79, Left
1761476114223, -4.11, -24.81, 7.94, Left
1761476114271, -4.46, -28.60, 9.72, Left
1761476114329, -7.11, -24.25, 6.93, Left
1761476114376, -7.90, -27.77, 8.34, Left
1761476114429, -8.63, -31.03, 9.68, Left
1761476114481, -8.69, -33.66, 11.25, Left
1761476114531, -9.07, -35.82, 12.44, Left
1761476114578, -9.33, -38.17, 14.24, Left
1761476114635, -9.24, -40.78, 16.33, Left
1761476114683, -9.11, -42.39, 17.88, Left
1761476114733, -8.15, -44.44, 20.07, Left
1761476114822, -6.89, -46.80, 22.71, Left
1761476114874, -5.47, -48.92, 24.97, Left
1761476114926, -3.28, -50.54, 27.79, Left
1761476115029, -3.39, -47.06, 27.85, Left
1761476115077, -3.77, -43.80, 28.16, Left
1761476115124, -1.78, -45.78, 31.17, Left
1761476115176, -2.49, -41.32, 29.60, Left
1761476115229, -3.51, -36.49, 27.43, Left
1761476115280, -4.80, -31.60, 25.42, Left
1761476115333, -6.71, -26.26, 20.89, Left
1761476115386, -8.52, -21.09, 16.40, Left
1761476115436, -3.17, -19.43, 14.93, Left
1761476115484, -2.13, -20.30, 15.69, Left
1761476115536, 0.86, -27.69, 18.13, Left
1761476115597, -1.88, -27.47, -0.36, Left
1761476117843, -3.52, -25.06, -3.40, Left
1761476117895, -2.43, -28.39, -2.75, Left
1761476117950, -1.22, -31.23, -2.03, Left
1761476118024, -0.32, -34.56, -1.37, Left
1761476118079, 0.75, -38.14, 1.39, Left
1761476118126, 1.82, -41.56, 3.67, Left
1761476118230, -4.17, -41.71, 3.21, Left
1761476118279, -6.61, -38.81, -0.31, Left
1761476118334, -8.74, -34.63, -2.76, Left
1761476118383, -4.98, -38.54, 15.41, Left
1761476118435, -5.01, -38.40, 15.23, Left
1761476118487, -7.85, -36.32, -3.74, Left
1761476118536, -7.73, -36.79, -3.45, Left
1761476118586, -7.37, -36.83, -3.32, Left
1761476118639, -7.19, -36.66, -3.34, Left
1761476118691, -7.18, -36.71, -3.24, Left
1761476118745, -7.33, -36.77, -3.27, Left
1761476118795, -7.52, -37.14, -3.26, Left
1761476118850, -7.26, -37.07, -3.16, Left
1761476118900, -7.23, -36.80, -3.14, Left
1761476118951, -5.51, -40.91, -1.91, Left
1761476119033, -2.81, -43.13, 17.20, Left
1761476119083, -1.41, -47.11, 18.60, Left
1761476119139, -1.87, -48.45, 18.96, Left
1761476119225, -2.05, -48.22, 18.91, Left
1761476119276, -2.17, -47.96, 19.08, Left
1761476119328, -1.93, -48.08, 19.39, Left
1761476119429, -1.61, -47.74, 19.45, Left
1761476119475, -1.78, -48.14, 19.56, Left
1761476119526, -2.11, -48.18, 19.51, Left
1761476119579, -3.82, -44.46, 18.30, Left
1761476119627, -3.88, -44.44, 18.17, Left
1761476119673, -5.87, -40.64, 16.62, Left
1761476119725, -5.74, -39.76, 16.34, Left
1761476119778, -5.89, -40.34, 16.44, Left
1761476119833, -5.95, -40.87, 16.53, Left
1761476119892, -6.78, -40.32, 16.03, Left
1761476119940, -6.99, -40.50, 16.01, Left
1761476119995, -7.27, -40.38, 15.96, Left
1761476120046, -7.84, -40.75, 15.84, Left
1761476120097, -8.52, -41.11, 15.78, Left
1761476120144, -8.98, -40.55, 15.34, Left
1761476120229, -9.50, -40.37, 15.16, Left
1761476120287, -10.00, -39.68, 14.73, Left
1761476120342, -10.52, -39.52, 14.40, Left
1761476120426, -10.98, -39.52, 14.23, Left
1761476120474, -10.97, -39.97, 14.40, Left
1761476120528, -11.49, -39.81, 14.35, Left
1761476120614, -11.95, -40.16, 14.44, Left
1761476120665, -12.17, -40.12, 14.71, Left
1761476120717, -12.20, -39.91, 14.92, Left
1761476120766, -12.16, -40.48, 15.36, Left
1761476120816, -11.90, -40.66, 15.64, Left
1761476120864, -11.75, -40.83, 15.96, Left
1761476120924, -11.62, -40.85, 16.35, Left
1761476120975, -11.50, -40.62, 16.51, Left
1761476121028, -11.46, -40.77, 16.88, Left
1761476121125, -10.95, -41.20, 17.34, Left
1761476121178, -10.55, -41.13, 17.64, Left
1761476121228, -10.11, -41.08, 17.89, Left
1761476121283, -9.90, -40.88, 17.96, Left
1761476121332, -9.74, -41.12, 18.32, Left
1761476121388, -9.58, -41.33, 18.67, Left
1761476121443, -9.35, -41.77, 18.98, Left
1761476121495, -9.11, -41.91, 19.16, Left
1761476121547, -8.79, -42.08, 19.54, Left
1761476121623, -8.31, -42.61, 19.97, Left
1761476121674, -8.34, -42.69, 20.16, Left
1761476121723, -8.25, -42.84, 20.34, Left
1761476121779, -7.92, -43.25, 20.76, Left
1761476121834, -7.41, -43.64, 21.27, Left
1761476121882, -7.11, -43.95, 21.63, Left
1761476121937, -6.79, -44.51, 21.95, Left
1761476121985, -6.54, -44.95, 22.34, Left
1761476122037, -6.19, -45.26, 22.74, Left
1761476122119, -8.48, -43.43, 3.81, Left
1761476122169, -8.16, -43.11, 4.12, Left
1761476122218, -7.53, -43.74, 4.62, Left
1761476122326, -8.94, -42.83, -12.74, Left
1761476122373, -9.98, -38.70, -14.84, Left
1761476122424, -10.96, -34.74, -17.05, Left
1761476122478, -12.83, -33.72, -36.14, Left
1761476122532, -13.85, -29.45, -39.65, Left
1761476122585, -14.88, -25.22, -42.64, Left
1761476122635, -16.56, -24.35, -61.75, Left
1761476122683, -12.70, -27.56, -41.59, Left
1761476122732, -11.42, -30.88, -41.97, Left
1761476122824, -12.85, -26.37, -44.22, Left
1761476122873, -12.24, -23.41, -29.67, Left
1761476122928, -12.25, -23.40, -29.19, Left
1761476123015, -13.25, -27.32, -46.13, Left
1761476123074, -13.20, -28.31, -46.20, Left
1761476123128, -14.17, -32.16, -61.80, Left
1761476123179, -14.73, -35.89, -77.80, Left
1761476123233, -14.85, -36.60, -77.96, Left
1761476123286, -20.34, -30.75, -98.38, Left
1761476123340, -22.83, -23.43, -100.37, Left
1761476123391, -22.81, -23.43, -101.07, Left
1761476123444, -20.22, -28.60, -96.92, Left
1761476123525, -17.96, -33.99, -94.17, Left
1761476123576, -14.87, -35.23, -73.95, Left
1761476123631, -11.87, -36.43, -53.74, Left
1761476123684, -11.95, -35.82, -53.82, Left
1761476123735, -9.85, -37.05, -34.26, Left
1761476123786, -7.39, -38.11, -14.53, Left
1761476123839, -2.79, -43.38, 5.29, Left
1761476123890, -0.02, -50.65, 8.41, Left
1761476123941, -1.48, -52.89, -8.35, Left
1761476124022, -5.58, -50.11, -29.01, Left
1761476124077, -6.55, -49.23, -30.03, Left
1761476124127, -7.27, -48.50, -30.95, Left
1761476124215, -8.10, -48.02, -31.91, Left
1761476124263, -5.81, -49.52, -12.64, Left
1761476124313, -8.96, -47.17, -32.85, Left
1761476124364, -9.23, -46.85, -33.08, Left
1761476124415, -9.38, -46.96, -33.27, Left
1761476124463, -13.75, -42.30, -53.90, Left
1761476124527, -10.89, -44.81, -34.10, Left
1761476124579, -7.77, -47.08, -14.19, Left
1761476124632, -8.04, -47.12, -14.13, Left
1761476124730, -8.18, -47.48, -13.93, Left
1761476124787, -8.34, -47.60, -13.85, Left
1761476124838, -9.56, -42.86, -16.98, Left
1761476124923, -5.16, -47.53, 3.66, Left
1761476124977, -6.57, -42.85, 1.81, Left
1761476125028, -6.70, -42.30, 1.27, Left
1761476125124, -4.38, -43.70, 20.35, Left
1761476125172, -7.39, -40.77, 0.27, Left
1761476125227, -10.60, -37.94, -19.84, Left
1761476125283, -10.85, -37.72, -20.39, Left
1761476125334, -11.10, -37.07, -21.14, Left
1761476125384, -11.40, -36.36, -21.82, Left
1761476125433, -10.49, -40.65, -19.06, Left
1761476125483, -14.93, -35.18, -39.72, Left
1761476125534, -16.57, -37.23, -57.86, Left
1761476125621, -16.77, -37.44, -57.62, Left
1761476125673, -18.88, -35.61, -76.63, Left
1761476125728, -16.15, -38.16, -57.02, Left
1761476125780, -15.93, -38.53, -56.74, Left
1761476125827, -15.33, -38.67, -56.29, Left
1761476125877, -15.06, -39.11, -55.75, Left
1761476125932, -18.02, -33.75, -75.70, Left
1761476125981, -20.39, -32.21, -94.90, Left
1761476126033, -20.54, -33.28, -94.88, Left
1761476126118, -17.41, -36.13, -74.65, Left
1761476126169, -17.02, -36.86, -74.12, Left
1761476126222, -17.15, -37.73, -74.15, Left
1761476126309, -16.87, -38.25, -73.52, Left
1761476126359, -14.23, -40.82, -53.72, Left
1761476126427, -14.17, -41.00, -53.45, Left
1761476126478, -14.01, -41.20, -53.11, Left
1761476126531, -10.54, -47.01, -32.33, Left
1761476126579, -8.00, -48.74, -12.59, Left
1761476126633, -5.27, -49.95, 6.91, Left
1761476126683, -8.55, -47.21, -13.08, Left
1761476126731, -7.20, -49.49, -12.53, Left
1761476126779, -5.68, -46.46, 4.61, Left
1761476126830, -6.08, -45.73, 3.82, Left
1761476126885, -6.60, -45.37, 3.10, Left
1761476126935, -6.88, -44.92, 2.61, Left
1761476126985, -7.36, -44.55, 2.06, Left
1761476127033, -11.38, -38.89, -17.90, Left
1761476127112, -11.13, -37.88, -18.63, Left
1761476127159, -10.78, -37.44, -18.97, Left
1761476127225, -7.64, -39.03, 0.08, Left
1761476127271, -9.23, -35.61, -1.27, Left
1761476127323, -8.02, -39.47, 0.80, Left
1761476127373, -7.91, -39.17, 0.62, Left
1761476127420, -7.19, -38.36, 0.60, Left
1761476127467, -7.19, -37.72, 0.24, Left
1761476127516, -6.98, -36.87, -0.13, Left
1761476127563, -3.68, -41.95, 18.99, Left
1761476127613, -4.29, -42.35, 19.03, Left
1761476127662, -4.56, -41.92, 18.87, Left
1761476127722, -5.13, -41.58, 18.63, Left
1761476127771, -5.44, -41.10, 18.35, Left
1761476127826, -5.94, -41.13, 18.25, Left
1761476127910, -6.02, -40.99, 18.34, Left
1761476127965, -6.69, -40.88, 18.25, Left
1761476128022, -9.52, -39.13, -0.80, Left
1761476128075, -9.66, -39.19, -0.71, Left
1761476128122, -9.18, -38.44, -0.66, Left
1761476128172, -8.69, -38.08, -0.53, Left
1761476128225, -8.75, -38.94, -0.09, Left
1761476128274, -8.65, -39.69, 0.47, Left
1761476128327, -8.65, -40.46, 1.00, Left
1761476128384, -8.19, -40.73, 1.47, Left
1761476128437, -10.84, -39.41, -17.57, Left
1761476128488, -13.13, -38.27, -36.48, Left
1761476128543, -10.21, -40.96, -16.78, Left
1761476128590, -10.14, -41.87, -16.24, Left
1761476128638, -10.02, -42.86, -15.66, Left
1761476128715, -9.94, -43.63, -15.12, Left
1761476128771, -9.52, -43.77, -14.77, Left
1761476128826, -9.10, -43.65, -14.66, Left
1761476128872, -8.80, -43.71, -14.48, Left
1761476128921, -8.75, -43.78, -14.49, Left
1761476128972, -8.58, -43.76, -14.52, Left
1761476129023, -5.65, -45.47, 4.84, Left
1761476129074, -5.60, -45.19, 4.75, Left
1761476129118, -5.40, -44.74, 4.54, Left
1761476129167, -5.63, -45.03, 4.51, Left
1761476129216, -5.76, -45.16, 4.43, Left
1761476129265, -5.96, -45.10, 4.26, Left
1761476129323, -5.73, -44.70, 4.09, Left
1761476129368, -5.40, -44.36, 3.95, Left
1761476129416, -5.02, -43.66, 3.74, Left
1761476129512, -0.85, -48.57, 23.43, Left
1761476129563, -0.79, -47.99, 23.11, Left
1761476129630, -0.77, -46.94, 22.58, Left
1761476129678, -0.70, -46.21, 22.24, Left
1761476129730, -0.13, -45.04, 21.76, Left
1761476129781, -0.03, -44.00, 21.19, Left
1761476129830, 0.03, -43.29, 20.68, Left
1761476129884, -0.36, -43.05, 20.34, Left
1761476129934, -0.63, -42.55, 19.96, Left
1761476129984, -1.06, -42.23, 19.58, Left
1761476130035, -2.67, -38.28, 18.94, Left
1761476130090, -3.02, -38.16, 18.90, Left
1761476130138, -3.20, -38.45, 18.93, Left
1761476130189, -3.41, -38.77, 18.92, Left
1761476130238, -4.00, -39.07, 18.76, Left
1761476130310, -3.95, -38.95, 18.70, Left
1761476130364, -3.66, -39.07, 18.86, Left
1761476130425, -3.60, -38.71, 18.63, Left
1761476130471, -3.83, -38.36, 18.47, Left
1761476130524, -3.98, -38.19, 18.42, Left
1761476130569, -3.86, -37.75, 18.21, Left
1761476130616, -3.82, -37.66, 18.07, Left
1761476130665, -3.82, -37.35, 17.93, Left
1761476130712, -3.84, -36.85, 17.77, Left
1761476130763, -3.71, -36.47, 17.84, Left
1761476130814, -3.90, -36.51, 17.90, Left
1761476130864, -4.25, -35.92, 17.63, Left
1761476130917, -4.31, -35.66, 17.65, Left
1761476130978, -6.52, -33.68, -1.12, Left
1761476131027, -6.44, -33.89, -1.16, Left
1761476131112, -6.52, -34.35, -1.24, Left
1761476131163, -6.74, -34.54, -1.37, Left
1761476131223, -6.88, -34.44, -1.57, Left
1761476131276, -7.13, -34.31, -1.83, Left
1761476131329, -7.40, -34.06, -2.21, Left
1761476131380, -7.38, -33.55, -2.50, Left
1761476131429, -7.46, -33.64, -2.72, Left
1761476131478, -7.76, -34.09, -2.74, Left
1761476131531, -5.70, -36.23, 15.96, Left
1761476131581, -5.72, -36.20, 15.98, Left
1761476131635, -6.06, -36.06, 15.90, Left
1761476131720, -6.07, -35.70, 15.81, Left
1761476131772, -6.22, -35.86, 15.89, Left
1761476131818, -6.03, -35.82, 16.06, Left
1761476131870, -5.95, -35.88, 16.25, Left
1761476131917, -5.99, -35.95, 16.33, Left
1761476131975, -6.17, -35.81, 16.49, Left
1761476132025, -6.09, -35.73, 16.58, Left
1761476132075, -6.37, -35.93, 16.68, Left
1761476132126, -6.39, -35.81, 16.62, Left
1761476132180, -6.44, -35.69, 16.74, Left
1761476132232, -6.30, -35.45, 16.90, Left
1761476132280, -6.09, -35.17, 16.99, Left
1761476132329, -6.23, -35.10, 16.98, Left
1761476132379, -6.17, -35.51, 17.00, Left
1761476132429, -6.52, -36.07, 17.08, Left
1761476132519, -6.52, -36.33, 17.14, Left
1761476132571, -6.53, -36.53, 17.25, Left
1761476132628, -6.25, -36.48, 17.30, Left
1761476132680, -6.49, -36.56, 17.40, Left
1761476132729, -6.48, -37.10, 17.57, Left
1761476132780, -6.85, -37.95, 17.77, Left
1761476132832, -6.95, -38.58, 17.95, Left
1761476132882, -6.88, -39.03, 18.11, Left
1761476132933, -7.06, -39.17, 18.26, Left
1761476132982, -7.00, -39.30, 18.32, Left
1761476133031, -7.19, -39.89, 18.46, Left
1761476133081, -7.26, -40.33, 18.65, Left
1761476133129, -7.24, -40.75, 18.88, Left
1761476133179, -6.86, -40.88, 18.97, Left
1761476133231, -7.12, -40.92, 18.97, Left
1761476133318, -7.80, -41.21, 18.72, Left
1761476133366, -8.70, -41.41, 18.52, Left
1761476133416, -9.70, -42.28, 18.52, Left
1761476133465, -10.70, -42.80, 18.46, Left
1761476133518, -10.98, -43.48, 18.99, Left
1761476133566, -10.76, -44.29, 19.81, Left
1761476133615, -10.51, -44.61, 20.10, Left
1761476133665, -10.27, -45.29, 20.60, Left
1761476133714, -10.50, -46.48, 21.25, Left
1761476133766, -9.63, -47.76, 22.26, Left
1761476133814, -9.64, -43.74, 22.37, Left
1761476133864, -7.27, -45.66, 25.38, Left
1761476133917, -7.21, -41.45, 25.57, Left
1761476133967, -7.07, -37.31, 23.55, Left
1761476138127, -4.98, -33.17, 19.53, Left
1761476138173, -3.36, -28.91, 15.29, Left
1761476138227, -1.95, -24.97, 11.35, Left
1761476138279, -0.53, -20.68, 7.15, Left
1761476138327, 0.91, -16.19, 3.02, Left
1761476138377, 1.89, -11.31, -1.45, Left
1761476138429, 4.10, -11.46, -4.86, Left
1761476138479, 4.03, -5.82, -11.15, Forward
1761476138527, 6.24, -5.51, -14.90, Forward
1761476138615, 8.68, -5.39, -16.37, Forward
1761476138670, 8.43, -5.22, -16.39, Forward
1761476138715, 8.55, -4.70, -16.58, Forward
1761476138805, 8.50, -4.28, -16.72, Forward
1761476138852, 8.40, -3.88, -16.85, Forward
1761476138905, 8.48, -3.57, -17.01, Forward
1761476138956, 8.42, -3.26, -17.12, Forward
1761476139004, 8.37, -2.80, -17.34, Forward
1761476139054, 8.19, -2.47, -17.52, Forward
1761476139109, 8.08, -2.59, -17.51, Forward
1761476139160, 7.56, -2.52, -17.48, Forward
1761476139212, 7.22, -2.44, -17.33, Forward
1761476139301, 6.51, -2.42, -17.21, Forward
1761476139351, 5.86, -2.54, -16.99, Forward
1761476139404, 5.25, -2.48, -16.86, Forward
1761476139450, 4.69, -2.22, -17.06, Forward
1761476139511, 4.70, -1.89, -17.21, Forward
1761476139562, 4.71, -1.60, -17.29, Forward
1761476139611, 4.67, -1.29, -17.36, Forward
1761476139662, 4.69, -0.94, -17.48, Forward
1761476139710, 4.38, -0.09, -17.60, Forward
1761476139865, 3.67, 0.74, -17.84, Forward
1761476139915, 3.10, 1.31, -17.89, Forward
1761476139969, 2.41, 2.12, -17.98, Forward
1761476140018, 1.95, 2.22, -17.87, Forward
1761476140067, 1.46, 2.00, -17.39, Forward
1761476140124, 0.62, 1.87, -17.04, Forward
1761476140218, -0.64, 1.64, -16.62, Forward
1761476140265, -1.77, 1.44, -16.16, Forward
1761476140312, -2.99, 1.30, -15.69, Forward
1761476140362, -3.63, 0.57, -15.30, Forward
1761476140412, -5.09, 0.18, -15.17, Forward
1761476140464, -7.16, -0.43, -15.03, Forward
1761476140514, -9.39, -0.84, -15.21, Forward
1761476140567, -11.76, -0.76, -15.57, Down
1761476140620, -14.32, -0.50, -15.95, Down
1761476140669, -15.62, -0.20, -16.35, Down
1761476140720, -15.92, -0.14, -16.71, Down
1761476140766, -16.46, -0.16, -17.20, Down
1761476140816, -17.10, -0.12, -17.58, Down
1761476140871, -17.75, 0.18, -18.02, Down
1761476140923, -17.06, -0.13, -18.06, Down
1761476141015, -15.80, -0.24, -18.23, Down
1761476141066, -14.22, -0.64, -18.10, Down
1761476141117, -12.28, -0.51, -17.88, Down
1761476141205, -9.90, -0.79, -17.81, Forward
1761476141253, -8.85, -1.17, -17.72, Forward
1761476141304, -8.25, -1.22, -17.70, Forward
1761476141354, -7.86, -1.00, -17.48, Forward
1761476141403, -7.21, -1.07, -17.33, Forward
1761476141455, -6.21, -1.71, -16.98, Forward
1761476141501, -5.49, -1.94, -16.75, Forward
1761476141549, -4.97, -2.18, -16.52, Forward
1761476141605, -4.21, -2.25, -16.31, Forward
1761476141658, -4.08, -3.04, -16.10, Forward
1761476141710, -4.20, -3.39, -15.67, Forward
1761476141769, -4.23, -3.60, -15.42, Forward
1761476141822, -4.46, -4.38, -14.86, Forward
1761476141881, -4.14, -5.19, -14.59, Forward
1761476141930, -3.69, -5.93, -14.12, Forward
1761476142005, -2.93, -7.40, -13.16, Forward
1761476142059, -2.18, -8.80, -12.29, Forward
1761476142115, -1.28, -10.23, -11.36, Left
1761476146434, -1.82, -11.25, -10.77, Left
1761476146480, -1.47, -11.99, -10.24, Left
1761476146529, -1.33, -12.74, -10.12, Left
1761476146597, -0.99, -13.31, -10.03, Left
1761476146653, -1.28, -13.03, -10.49, Left
1761476146705, -1.70, -13.05, -10.74, Left
1761476146759, -2.49, -12.63, -11.41, Left
1761476146809, -4.07, -11.31, -12.62, Left
1761476146862, -5.75, -10.25, -13.72, Left
1761476146911, -7.43, -9.05, -14.90, Forward
1761476146958, -7.87, -8.43, -15.66, Forward
1761476147011, -9.01, -6.76, -16.73, Forward
1761476147110, -9.83, -5.48, -17.37, Forward
1761476147158, -10.93, -4.58, -17.85, Down
1761476147207, -11.17, -4.03, -18.04, Down
1761476147257, -11.61, -3.95, -18.07, Down
1761476147308, -12.19, -4.57, -17.69, Down
1761476147360, -12.59, -4.93, -17.39, Down
1761476147408, -12.66, -5.18, -17.00, Down
1761476147455, -12.82, -5.51, -16.52, Down
1761476147504, -12.88, -5.77, -16.10, Down
1761476147555, -13.07, -7.29, -15.15, Down
1761476147602, -13.44, -8.88, -14.19, Down
1761476147655, -13.70, -10.38, -13.29, Left
1761476147713, -14.17, -11.74, -12.28, Left
1761476147770, -14.47, -12.78, -11.52, Left
1761476147815, -14.58, -13.10, -10.98, Left
1761476147910, -14.70, -12.97, -10.51, Left
1761476147960, -15.00, -12.93, -10.11, Left
1761476148014, -15.15, -12.70, -9.81, Left
1761476148068, -15.47, -12.15, -9.60, Left
1761476148118, -15.58, -10.82, -9.80, Left
1761476148172, -15.84, -9.11, -10.03, Down
1761476148224, -16.23, -8.39, -10.14, Down
1761476148276, -16.51, -7.86, -10.31, Down
1761476148330, -17.01, -7.27, -10.49, Down
1761476148406, -17.67, -7.60, -10.69, Down
1761476148459, -18.44, -8.57, -10.85, Down
1761476148509, -19.36, -9.75, -11.05, Down
1761476148599, -20.52, -10.96, -11.12, Left
1761476148651, -21.60, -12.73, -11.07, Left
1761476148699, -22.93, -15.06, -10.85, Left
1761476148750, -24.23, -17.49, -10.73, Left
1761476148804, -25.56, -19.13, -10.69, Left
1761476148851, -26.64, -20.43, -10.58, Left
1761476148904, -27.29, -21.00, -10.41, Left
1761476148966, -27.58, -21.09, -10.16, Left
1761476149019, -27.64, -20.67, -10.02, Left
1761476149094, -27.54, -19.89, -9.83, Left
1761476149144, -27.24, -18.98, -9.77, Left
1761476149193, -26.82, -17.96, -9.67, Left
1761476149245, -26.41, -17.15, -9.54, Left
1761476149355, -25.92, -16.35, -9.41, Left
1761476149427, -25.43, -15.32, -9.25, Left
1761476149551, -25.04, -13.49, -9.34, Left
1761476149677, -24.81, -12.32, -9.50, Left
1761476149760, -24.74, -11.41, -9.51, Left
1761476149837, -25.16, -11.11, -9.32, Left
1761476149921, -25.63, -10.72, -9.23, Left
1761476150017, -26.05, -10.38, -9.14, Left
1761476150090, -26.48, -10.13, -9.04, Left
1761476150161, -26.81, -8.80, -9.05, Down
1761476150253, -26.95, -7.45, -9.09, Down
1761476150336, -27.00, -6.53, -9.15, Down
1761476150436, -27.22, -6.52, -9.09, Down
1761476150537, -27.37, -6.05, -9.07, Down
1761476150589, -27.59, -5.45, -9.17, Down
1761476150643, -27.42, -4.19, -9.41, Down
1761476150692, -27.28, -3.16, -9.60, Down
1761476150744, -27.02, -2.50, -9.74, Down
1761476150792, -26.85, -1.64, -9.84, Down
1761476150841, -26.63, -1.49, -9.88, Down
1761476150902, -26.63, -1.19, -9.90, Down
1761476150953, -26.64, -0.82, -9.90, Down
1761476151004, -26.43, -0.30, -10.05, Down
1761476151094, -26.28, -0.47, -10.05, Down
1761476151147, -25.97, -0.16, -10.14, Down
1761476151224, -25.71, -0.36, -10.17, Down
1761476151276, -25.67, -0.46, -10.13, Down
1761476151412, -25.77, -0.49, -10.08, Down
1761476151515, -25.85, -0.21, -10.15, Down
1761476151608, -25.96, -0.34, -10.13, Down
1761476151721, -25.95, -0.51, -10.12, Down
1761476151832, -26.00, -0.61, -10.09, Down
1761476152015, -26.17, -0.98, -9.93, Down
1761476152190, -26.26, -0.96, -9.83, Down
1761476152328, -26.45, -1.13, -9.75, Down
1761476152520, -26.70, -1.18, -9.68, Down
1761476152644, -26.71, -1.15, -9.69, Down
1761476152758, -26.75, -1.19, -9.72, Down
1761476152878, -26.74, -1.62, -9.69, Down
1761476152988, -26.68, -1.83, -9.74, Down
1761476153091, -26.72, -2.26, -9.70, Down
1761476153192, -26.62, -2.64, -9.72, Down
1761476153302, -26.70, -3.04, -9.69, Down
1761476153429, -26.75, -3.67, -9.63, Down
1761476153528, -26.80, -4.41, -9.57, Down
1761476153646, -26.86, -5.16, -9.45, Down
1761476153765, -26.76, -5.94, -9.32, Down
1761476153891, -26.77, -6.57, -9.20, Down
1761476154047, -26.78, -7.36, -9.05, Down
1761476154176, -26.84, -8.22, -8.89, Down
1761476154267, -26.78, -7.99, -8.87, Down
1761476154354, -26.91, -7.76, -8.85, Down
1761476154443, -28.09, -6.96, -8.74, Down
1761476154537, -29.64, -6.08, -8.51, Down
1761476154594, -31.55, -5.13, -8.53, Down
1761476154651, -33.74, -4.31, -8.72, Down
1761476154717, -35.93, -4.09, -8.87, Down
1761476154774, -37.74, -3.35, -8.97, Down
1761476154820, -39.68, -2.60, -9.28, Down
1761476154897, -41.54, -1.53, -9.51, Down
1761476154944, -42.98, -1.27, -9.66, Down
1761476154993, -44.47, -0.89, -9.85, Down
1761476155058, -44.78, -1.05, -10.10, Down
1761476155103, -44.95, -1.11, -10.61, Down
1761476155149, -44.71, -0.93, -10.87, Down
1761476155196, -44.22, -0.80, -10.97, Down
1761476155244, -43.83, -0.03, -11.12, Down
1761476155289, -43.61, 0.41, -11.34, Down
1761476155335, -43.54, 0.89, -11.34, Down
1761476155381, -43.65, 1.90, -29.07, Down
1761476155428, -43.96, 1.94, -29.07, Down
1761476155492, -44.26, 1.86, -29.05, Down
1761476155535, -44.45, 1.59, -29.09, Down
1761476155582, -44.41, 1.56, -29.02, Down
1761476155629, -44.15, 1.10, -29.10, Down
1761476155677, -43.76, 0.79, -29.26, Down
1761476155722, -43.63, 0.03, -29.22, Down
1761476155799, -43.36, -1.09, -28.93, Down
1761476155847, -43.03, -1.64, -28.70, Down
1761476155895, -42.70, -4.11, 6.97, Down
1761476155988, -41.51, -5.49, 7.18, Down
1761476156038, -40.13, -6.31, 7.33, Down
1761476156084, -39.91, -8.19, 25.16, Down
1761476156129, -38.34, -9.51, 25.61, Down
1761476156178, -36.92, -10.71, 26.16, Left
1761476156225, -35.40, -11.77, 26.81, Left
1761476156302, -33.55, -13.41, 27.29, Left
1761476156349, -31.97, -14.40, 27.48, Left
1761476156394, -29.90, -16.00, 27.68, Left
1761476156505, -27.86, -16.31, 10.01, Left
1761476156555, -27.03, -16.93, 10.10, Left
1761476156601, -26.07, -17.97, 10.31, Left
1761476156691, -23.80, -17.33, -7.28, Left
1761476156741, -23.00, -17.30, -7.55, Left
1761476156787, -22.30, -17.19, -7.78, Left
1761476156832, -21.66, -17.43, -7.96, Left
1761476156879, -21.14, -16.72, -8.16, Left
1761476156928, -20.55, -16.08, -8.34, Left
1761476157004, -20.35, -15.43, -8.42, Left
1761476157052, -20.03, -15.18, -8.35, Left
1761476157099, -19.61, -14.62, -8.31, Left
1761476157192, -19.44, -13.60, -8.44, Left
1761476157241, -19.43, -12.72, -8.52, Left
1761476157285, -19.42, -12.06, -8.55, Left
1761476157331, -19.33, -11.34, -8.55, Left
1761476157377, -19.39, -10.94, -8.53, Left
1761476157426, -19.45, -9.47, -8.82, Down
1761476157492, -19.50, -8.43, -8.98, Down
1761476157536, -19.61, -8.01, -9.08, Down
1761476157585, -19.74, -7.31, -9.22, Down
1761476157629, -19.71, -6.49, -9.31, Down
1761476157676, -19.67, -6.09, -9.31, Down
1761476157724, -19.84, -6.64, -9.06, Down
1761476157800, -20.10, -7.16, -8.76, Down
1761476157846, -20.45, -8.23, -8.43, Down
1761476157893, -20.73, -8.88, -8.21, Down
1761476157941, -20.76, -10.32, -7.70, Left
1761476157985, -21.02, -11.71, -7.30, Left
1761476158033, -21.10, -12.48, -7.07, Left
1761476158097, -21.12, -13.18, -6.91, Left
1761476158147, -21.45, -14.40, -6.80, Left
1761476158190, -21.77, -15.65, -6.65, Left
1761476158240, -21.93, -16.47, -6.56, Left
1761476158285, -21.93, -17.26, -6.53, Left
1761476158330, -21.93, -17.79, -6.51, Left
1761476158392, -22.02, -18.46, -6.54, Left
1761476158441, -22.38, -19.55, -6.57, Left
1761476158484, -22.52, -20.31, -6.63, Left
1761476158533, -22.71, -21.22, -6.65, Left
1761476158580, -22.87, -22.29, -6.61, Left
1761476158627, -23.03, -23.40, -6.47, Left
1761476158689, -23.06, -24.54, -6.30, Left
1761476158739, -23.12, -25.49, -6.23, Left
1761476158784, -23.26, -26.46, -6.12, Left
1761476158831, -23.34, -27.28, -6.06, Left
1761476158878, -23.42, -27.79, -5.97, Left
1761476158925, -23.39, -28.16, -5.85, Left
1761476159001, -23.36, -28.58, -5.71, Left
1761476159047, -23.31, -28.89, -5.56, Left
1761476159095, -23.34, -29.16, -5.42, Left
1761476159188, -23.31, -29.26, -5.44, Left
1761476159237, -23.35, -29.37, -5.46, Left
1761476159286, -23.36, -29.48, -5.48, Left
1761476159330, -23.40, -29.74, -5.43, Left
1761476159378, -23.43, -29.95, -5.43, Left
1761476159422, -23.32, -30.00, -5.36, Left
1761476159509, -23.38, -29.89, -5.38, Left
1761476159570, -23.39, -29.99, -5.36, Left
1761476159633, -23.55, -30.14, -5.32, Left
1761476159700, -24.15, -29.79, -5.50, Left
1761476159747, -24.73, -29.31, -5.55, Left
1761476159795, -25.26, -28.66, -5.66, Left
1761476159839, -26.13, -27.55, -5.57, Left
1761476159889, -26.97, -26.24, -5.54, Left
1761476159934, -27.68, -24.66, -5.58, Left
1761476159994, -28.39, -23.27, -5.66, Left
1761476160042, -28.99, -21.98, -5.73, Left
1761476160090, -29.71, -20.63, -5.79, Left
1761476160134, -30.26, -19.01, -5.98, Left
1761476160180, -30.41, -17.81, -5.94, Left
1761476160225, -30.46, -16.74, -5.98, Left
1761476160286, -30.44, -15.86, -5.97, Left
1761476160335, -30.23, -15.36, -6.15, Left
1761476160382, -30.10, -14.91, -6.39, Left
1761476160428, -30.11, -14.65, -6.57, Left
1761476160476, -30.16, -14.57, -6.70, Left
1761476160525, -30.19, -14.72, -6.80, Left
1761476160600, -30.14, -15.34, -6.93, Left
1761476160646, -30.04, -15.91, -7.00, Left
1761476160695, -29.87, -16.49, -7.09, Left
1761476160739, -29.68, -17.40, -7.05, Left
1761476160790, -29.59, -18.14, -7.06, Left
1761476160834, -29.26, -19.16, -7.00, Left
1761476160879, -28.85, -20.22, -6.98, Left
1761476160926, -28.50, -21.37, -6.94, Left
1761476160975, -28.15, -22.36, -6.93, Left
1761476161019, -27.73, -23.26, -6.88, Left
1761476161068, -27.36, -23.63, -6.82, Left
1761476161113, -26.91, -24.15, -6.79, Left
1761476161191, -26.63, -24.66, -6.70, Left
1761476161247, -26.39, -24.91, -6.66, Left
1761476161301, -26.15, -25.29, -6.59, Left
1761476161392, -26.11, -25.00, -6.74, Left
1761476161440, -26.09, -24.50, -6.83, Left
1761476161486, -26.05, -24.08, -6.92, Left
1761476161531, -26.13, -23.47, -7.04, Left
1761476161579, -26.30, -22.76, -7.15, Left
1761476161624, -26.41, -21.98, -7.31, Left
1761476161687, -26.82, -21.28, -7.46, Left
1761476161732, -26.86, -20.55, -7.67, Left
1761476161780, -27.02, -19.85, -7.86, Left
1761476161827, -27.19, -19.34, -8.07, Left
1761476161877, -27.28, -19.20, -8.13, Left
1761476161920, -27.39, -19.51, -8.03, Left
1761476162000, -27.48, -19.91, -7.94, Left
1761476162045, -27.38, -20.51, -7.81, Left
1761476162092, -27.24, -21.23, -7.69, Left
1761476162202, -27.08, -22.02, -7.49, Left
1761476162250, -26.76, -22.76, -7.23, Left
1761476162295, -26.42, -23.71, -6.85, Left
1761476162388, -26.06, -24.57, -6.55, Left
1761476162431, -25.65, -25.24, -6.22, Left
1761476162478, -25.30, -25.96, -5.90, Left
1761476162526, -24.88, -26.31, -5.71, Left
1761476162572, -24.48, -26.55, -5.48, Left
1761476162621, -24.17, -26.77, -5.35, Left
1761476162698, -23.92, -26.72, -5.18, Left
1761476162745, -23.75, -26.63, -5.08, Left
1761476162792, -23.82, -26.59, -5.02, Left
1761476162883, -24.04, -26.57, -5.07, Left
1761476162931, -24.19, -26.41, -5.05, Left
1761476162977, -24.37, -26.29, -5.11, Left
1761476163023, -24.61, -26.15, -5.18, Left
1761476163074, -24.86, -26.11, -5.29, Left
1761476163117, -25.14, -25.94, -5.41, Left
1761476163195, -25.37, -25.62, -5.48, Left
1761476163242, -25.62, -25.68, -5.60, Left
1761476163288, -25.65, -25.04, -5.77, Left
1761476163396, -25.79, -23.93, -5.98, Left
1761476163443, -26.01, -22.84, -6.18, Left
1761476163490, -26.33, -21.86, -6.39, Left
1761476163539, -26.73, -20.80, -6.68, Left
1761476163582, -27.07, -19.58, -6.96, Left
1761476163629, -27.32, -18.35, -7.24, Left
1761476163690, -27.59, -17.06, -7.65, Left
1761476163737, -27.75, -15.82, -8.06, Left
1761476163790, -27.89, -14.40, -8.43, Left
1761476163844, -28.29, -13.91, -8.81, Left
1761476163892, -28.32, -13.78, -9.11, Left
1761476163939, -28.42, -13.59, -9.43, Left
1761476163983, -28.55, -13.40, -9.80, Left
1761476164033, -28.51, -13.02, -10.11, Left
1761476164078, -28.47, -12.82, -10.39, Left
1761476164125, -28.63, -13.01, -10.63, Left
1761476164174, -28.70, -13.18, -10.77, Left
1761476164221, -28.78, -13.22, -10.90, Left
1761476164297, -28.87, -13.50, -11.05, Left
1761476164348, -28.98, -13.71, -11.08, Left
1761476164406, -29.10, -14.07, -11.09, Left
1761476164483, -29.00, -14.62, -10.94, Left
1761476164531, -28.72, -15.26, -10.76, Left
1761476164576, -28.54, -16.10, -10.54, Left
1761476164628, -28.53, -17.05, -10.29, Left
1761476164671, -28.38, -17.72, -10.03, Left
1761476164721, -28.74, -18.25, -9.91, Left
1761476165323, -29.88, -15.13, -9.32, Left
1761476165398, -30.89, -12.15, -9.16, Left
1761476165447, -31.83, -9.07, -9.02, Down
1761476165494, -32.75, -5.76, -8.94, Down
1761476165541, -34.10, -2.56, -8.83, Down
1761476165588, -37.24, 0.20, -26.19, Down
1761476165636, -38.08, 3.38, -26.10, Down
1761476165680, -38.40, 6.65, -25.99, Down
1761476165729, -38.78, 10.04, -25.91, Right
1761476165779, -38.69, 13.20, -25.68, Right
1761476165837, -37.67, 11.96, -25.96, Right
1761476165900, -36.98, 11.16, -25.84, Right
1761476165960, -35.91, 8.84, -25.64, Down
1761476166004, -34.70, 5.09, -25.33, Down
1761476166048, -33.12, 1.74, -25.26, Down
1761476166097, -29.73, -1.49, -7.50, Down
1761476166204, -28.34, -5.06, -7.10, Down
1761476166255, -27.23, -8.56, -6.71, Down
1761476166313, -26.12, -12.16, -6.42, Left
1761476166387, -25.02, -15.79, -6.13, Left
1761476166434, -24.22, -18.79, -5.87, Left
1761476166485, -23.22, -21.78, -5.60, Left
1761476166543, -22.53, -23.46, -5.32, Left
1761476166588, -22.03, -23.83, -5.20, Left
1761476166637, -21.70, -24.15, -5.03, Left
1761476166697, -21.53, -24.27, -5.09, Left
1761476166745, -21.62, -24.45, -5.21, Left
1761476166792, -21.75, -24.57, -5.37, Left
1761476166884, -21.94, -24.50, -5.52, Left
1761476166930, -22.03, -24.61, -5.65, Left
1761476166977, -22.16, -24.76, -5.70, Left
1761476167025, -22.16, -25.01, -5.77, Left
1761476167073, -22.25, -25.07, -5.94, Left
1761476167116, -22.39, -24.93, -6.06, Left
1761476167195, -22.41, -25.01, -6.16, Left
1761476167243, -22.44, -24.98, -6.22, Left
1761476167291, -22.54, -24.83, -6.35, Left
1761476167383, -22.54, -24.41, -6.53, Left
1761476167432, -22.51, -24.08, -6.68, Left
1761476167479, -22.62, -23.60, -6.84, Left
1761476167525, -22.45, -23.22, -6.97, Left
1761476167571, -22.30, -22.75, -7.05, Left
1761476167624, -22.33, -22.52, -7.07, Left
1761476167681, -22.15, -22.36, -7.06, Left
1761476167727, -22.14, -21.95, -7.10, Left
1761476167774, -22.10, -21.48, -7.11, Left
1761476167822, -22.01, -21.42, -7.11, Left
1761476167867, -21.96, -21.79, -7.02, Left
1761476167915, -21.80, -22.18, -6.97, Left
1761476167992, -21.53, -22.55, -6.86, Left
1761476168039, -21.47, -22.90, -6.73, Left
1761476168088, -21.61, -23.43, -6.71, Left
1761476168181, -21.48, -23.65, -6.70, Left
1761476168228, -21.44, -24.09, -6.67, Left
1761476168276, -21.30, -24.52, -6.65, Left
1761476168321, -21.23, -25.06, -6.65, Left
1761476168368, -21.11, -25.35, -6.64, Left
1761476168414, -21.10, -25.58, -6.66, Left
1761476168492, -21.14, -25.80, -6.61, Left
1761476168543, -21.28, -25.93, -6.61, Left
1761476168602, -21.44, -25.98, -6.67, Left
1761476168692, -21.59, -26.15, -6.63, Left
1761476168740, -21.91, -26.35, -6.68, Left
1761476168788, -22.20, -26.37, -6.74, Left
1761476168833, -22.49, -26.31, -6.77, Left
1761476168880, -22.75, -26.16, -6.84, Left
1761476168927, -22.89, -26.04, -6.83, Left
1761476168992, -22.95, -25.84, -6.79, Left
1761476169035, -23.03, -25.66, -6.74, Left
1761476169087, -23.13, -25.70, -6.70, Left
1761476169131, -23.30, -25.58, -6.69, Left
1761476169178, -23.27, -25.29, -6.67, Left
1761476169225, -23.30, -24.78, -6.61, Left
1761476169287, -23.42, -24.56, -6.50, Left
1761476169333, -23.53, -24.63, -6.42, Left
1761476169376, -23.48, -24.46, -6.29, Left
1761476169423, -23.68, -24.39, -6.20, Left
1761476169469, -23.79, -24.34, -6.07, Left
1761476169516, -24.06, -24.15, -6.04, Left
1761476169593, -24.37, -23.99, -5.91, Left
1761476169638, -24.56, -24.07, -5.75, Left
1761476169691, -24.73, -24.04, -5.55, Left
1761476169780, -24.88, -23.97, -5.52, Left
1761476169826, -24.94, -23.67, -5.53, Left
1761476169872, -24.92, -23.15, -5.49, Left
1761476169922, -25.09, -22.79, -5.44, Left
1761476169967, -25.11, -22.21, -5.42, Left
1761476170014, -25.20, -21.93, -5.31, Left
1761476170090, -25.14, -21.79, -5.08, Left
1761476170139, -24.96, -21.51, -4.89, Left
1761476170183, -24.94, -21.29, -4.74, Left
1761476170292, -25.00, -21.31, -4.57, Left
1761476170340, -24.94, -21.49, -4.30, Left
1761476170385, -24.91, -21.79, -3.98, Left
1761476170436, -24.94, -22.29, -3.64, Left
1761476170483, -24.87, -22.83, -3.34, Left
1761476170528, -24.97, -23.44, -3.06, Left
1761476170590, -25.07, -23.80, -2.89, Left
1761476170635, -25.13, -24.13, -2.79, Left
1761476170683, -25.29, -24.48, -2.72, Left
1761476170731, -25.19, -24.78, -2.53, Left
1761476170778, -25.17, -24.86, -2.46, Left
1761476170823, -25.31, -25.15, -2.39, Left
1761476170886, -25.34, -25.36, -2.40, Left
1761476170932, -25.34, -25.39, -2.43, Left
1761476170979, -25.36, -25.50, -2.47, Left
1761476171024, -25.29, -25.68, -2.48, Left
1761476171073, -25.20, -25.87, -2.49, Left
1761476171120, -25.15, -25.95, -2.52, Left
1761476171196, -25.15, -26.24, -2.51, Left
1761476171243, -25.27, -26.48, -2.64, Left
1761476171288, -25.39, -26.66, -2.76, Left
1761476171381, -25.31, -26.72, -2.88, Left
1761476171428, -25.41, -26.78, -2.98, Left
1761476171474, -25.50, -26.89, -3.09, Left
1761476171523, -25.47, -26.94, -3.12, Left
1761476171567, -25.47, -26.99, -3.19, Left
1761476171617, -25.56, -27.02, -3.27, Left
1761476171691, -25.66, -27.08, -3.35, Left
1761476171741, -25.70, -26.88, -3.46, Left
1761476171785, -25.71, -26.68, -3.57, Left
1761476171896, -25.66, -26.60, -3.65, Left
1761476171942, -25.64, -26.57, -3.66, Left
1761476171990, -25.53, -26.54, -3.64, Left
1761476172034, -25.54, -26.50, -3.64, Left
1761476172082, -25.63, -26.40, -3.75, Left
1761476172128, -25.70, -26.34, -3.80, Left
1761476172189, -25.71, -26.26, -3.85, Left
1761476172238, -25.69, -26.17, -3.88, Left
1761476172283, -25.60, -26.11, -3.91, Left
1761476172332, -25.86, -25.89, -4.17, Left
1761476172381, -26.20, -25.60, -4.35, Left
1761476172424, -26.78, -24.92, -4.76, Left
1761476172485, -27.36, -23.43, -5.08, Left
1761476172535, -27.71, -22.09, -5.40, Left
1761476172580, -27.95, -20.28, -5.74, Left
1761476172673, -28.04, -18.77, -6.16, Left
1761476172720, -28.23, -17.39, -6.53, Left
1761476172798, -28.61, -16.23, -6.91, Left
1761476172843, -28.92, -15.03, -7.30, Left
1761476172890, -28.95, -14.38, -7.37, Left
1761476172941, -28.87, -13.80, -7.51, Left
1761476172984, -28.61, -13.79, -7.38, Left
1761476173032, -28.41, -14.49, -7.37, Left
1761476173080, -28.29, -14.98, -7.34, Left
1761476173126, -28.14, -16.25, -7.30, Left
1761476173175, -28.37, -17.21, -7.31, Left
1761476173219, -27.76, -17.99, -7.22, Left
1761476173281, -26.78, -18.71, -7.18, Left
1761476173327, -25.92, -19.43, -7.08, Left
1761476173373, -24.93, -20.01, -6.98, Left
1761476173421, -23.82, -20.75, -6.71, Left
1761476173473, -22.57, -21.35, -6.45, Left
1761476173529, -21.42, -22.05, -6.26, Left
1761476173576, -20.36, -22.81, -6.04, Left
1761476173622, -19.26, -23.44, -5.64, Left
1761476173666, -17.89, -23.89, -5.09, Left
1761476173714, -17.23, -24.51, -4.72, Left
1761476173760, -16.78, -25.15, -4.32, Left
1761476173805, -16.16, -25.55, -3.93, Left
1761476173883, -15.64, -25.91, -3.48, Left
1761476173932, -15.24, -26.01, -3.19, Left
1761476173995, -14.87, -26.21, -2.83, Left
1761476174038, -14.41, -26.33, -2.44, Left
1761476174081, -13.83, -26.59, -1.99, Left
1761476174131, -13.46, -26.48, -1.71, Left
1761476174191, -13.14, -26.52, -1.50, Left
1761476174237, -12.77, -26.23, -1.27, Left
1761476174283, -12.42, -25.88, -1.04, Left
1761476174330, -12.13, -25.88, -0.74, Left
1761476174374, -11.97, -25.80, -0.53, Left
1761476174422, -11.73, -25.42, -0.37, Left
1761476174485, -11.56, -25.01, -0.26, Left
1761476174531, -11.24, -24.55, -0.18, Left
1761476174578, -11.07, -24.01, -0.14, Left
1761476174626, -10.97, -23.94, 0.13, Left
1761476174671, -10.78, -23.73, 0.43, Left
1761476174716, -10.70, -23.88, 0.79, Left
1761476174765, -10.43, -24.06, 1.18, Left
1761476174811, -10.19, -24.15, 1.53, Left
1761476174856, -9.72, -24.03, 1.94, Left
1761476174904, -9.28, -24.06, 2.39, Left
1761476174948, -8.79, -23.77, 2.75, Left
1761476174998, -8.44, -23.84, 3.14, Left
1761476175074, -8.20, -23.71, 3.45, Left
1761476175121, -7.68, -23.26, 3.53, Left
1761476175198, -7.43, -22.63, 3.60, Left
1761476175246, -7.16, -21.89, 3.59, Left
1761476175292, -7.16, -21.47, 3.54, Left
1761476175339, -7.12, -20.85, 3.39, Left
1761476175389, -7.27, -20.42, 3.12, Left
1761476175433, -7.44, -20.02, 2.89, Left
1761476175482, -7.73, -19.95, 2.72, Left
1761476175526, -7.72, -19.39, 2.30, Left
1761476175573, -7.63, -18.86, 1.96, Left
1761476175619, -7.81, -18.72, 1.60, Left
1761476175681, -7.79, -18.60, 1.30, Left
1761476175727, -7.56, -17.87, 0.89, Left
1761476175774, -7.13, -16.51, 0.40, Left
1761476175820, -6.95, -15.98, 0.13, Left
1761476175872, -6.52, -14.92, -0.17, Left
1761476175914, -6.31, -14.30, -0.46, Left
1761476175960, -5.87, -13.55, -0.72, Left
1761476176007, -5.81, -12.54, -0.89, Left
1761476176055, -5.67, -11.25, -1.24, Left
1761476176101, -5.59, -10.45, -1.38, Left
1761476176147, -5.43, -9.57, -1.63, Forward
1761476176193, -5.66, -9.68, -1.53, Forward
1761476176287, -6.06, -9.55, -1.56, Forward
1761476176335, -6.25, -8.79, -1.75, Forward
1761476176396, -6.57, -8.10, -1.98, Forward
1761476176441, -6.91, -7.48, -2.18, Forward
1761476176488, -7.19, -6.41, -2.65, Forward
1761476176538, -7.40, -5.86, -2.89, Forward
1761476176582, -7.69, -5.84, -2.93, Forward
1761476176628, -7.83, -4.96, -3.17, Forward
1761476176672, -8.07, -4.10, -3.45, Forward
1761476176720, -8.00, -3.27, -3.83, Forward
1761476176770, -7.82, -2.63, -4.04, Forward
1761476176816, -7.67, -2.16, -4.28, Forward
1761476176894, -7.75, -2.53, -4.18, Forward
1761476176940, -7.45, -2.35, -4.23, Forward
1761476176988, -7.50, -3.09, -3.85, Forward
1761476177083, -7.58, -4.08, -3.48, Forward
1761476177127, -7.76, -5.30, -3.02, Forward
1761476177190, -7.62, -6.13, -2.64, Forward
1761476177238, -7.64, -7.49, -2.13, Forward
1761476177284, -7.93, -8.47, -1.63, Forward
1761476177334, -8.23, -10.03, -0.97, Left
1761476177378, -8.29, -11.37, -0.34, Left
1761476177422, -8.34, -11.95, 0.01, Left
1761476177472, -8.55, -12.86, 0.44, Left
1761476177514, -8.58, -13.47, 0.74, Left
1761476177561, -8.60, -13.97, 0.98, Left
1761476177607, -8.40, -13.74, 0.96, Left
1761476177652, -8.54, -14.01, 1.04, Left
1761476177703, -8.70, -14.29, 1.25, Left
1761476177747, -8.68, -14.38, 1.33, Left
1761476177793, -8.57, -14.27, 1.31, Left
1761476177840, -8.66, -14.20, 1.34, Left
1761476177887, -8.63, -14.40, 1.43, Left
1761476177935, -8.53, -14.12, 1.39, Left
1761476177982, -8.55, -14.08, 1.29, Left
1761476178089, -8.60, -13.82, 1.09, Left
1761476178137, -8.78, -13.93, 1.08, Left
1761476178183, -9.26, -14.11, 0.94, Left
1761476178229, -9.49, -13.97, 0.62, Left
1761476178274, -9.72, -13.80, 0.24, Left
1761476178319, -10.08, -13.59, -0.19, Left
1761476178383, -10.44, -13.48, -0.79, Left
1761476178429, -10.79, -13.33, -1.35, Left
1761476178478, -11.24, -13.53, -1.83, Left
1761476178521, -11.71, -13.59, -2.27, Left
1761476178585, -12.17, -13.81, -2.67, Left
1761476178635, -12.57, -14.21, -3.06, Left
1761476178680, -12.61, -14.37, -3.39, Left
1761476178725, -12.81, -15.10, -3.62, Left
1761476178773, -13.09, -16.06, -3.73, Left
1761476178820, -13.28, -17.05, -3.77, Left
1761476178869, -13.51, -17.80, -3.72, Left
1761476178914, -13.76, -18.74, -3.72, Left
1761476178961, -13.99, -19.93, -3.67, Left
1761476179005, -14.08, -20.43, -3.85, Left
1761476179056, -14.04, -20.86, -3.96, Left
1761476179099, -14.08, -21.28, -4.11, Left
1761476179146, -14.01, -21.63, -4.32, Left
1761476179192, -14.05, -21.87, -4.67, Left
1761476179286, -14.02, -22.13, -4.95, Left
1761476179335, -14.12, -22.53, -5.19, Left
1761476179380, -14.18, -22.76, -5.49, Left
1761476179426, -14.19, -22.86, -5.77, Left
1761476179487, -14.45, -22.94, -6.01, Left
1761476179535, -14.74, -23.44, -6.03, Left
1761476179585, -15.16, -23.82, -6.03, Left
1761476179627, -15.46, -24.09, -6.01, Left
1761476179675, -15.92, -24.52, -5.90, Left
1761476179722, -16.13, -24.59, -5.72, Left
1761476179783, -16.24, -24.43, -5.66, Left
1761476179832, -16.36, -24.19, -5.60, Left
1761476179878, -16.38, -24.07, -5.47, Left
1761476179923, -16.55, -24.18, -5.29, Left
1761476179969, -16.43, -24.07, -5.17, Left
1761476180018, -16.27, -23.80, -5.15, Left
1761476180062, -16.14, -23.73, -5.12, Left
1761476180110, -16.19, -23.78, -5.17, Left
1761476180156, -16.18, -23.85, -5.18, Left
1761476180205, -15.99, -23.87, -5.17, Left
1761476180250, -16.05, -24.04, -5.18, Left
1761476180298, -15.96, -24.14, -5.15, Left
1761476180345, -16.08, -24.34, -5.17, Left
1761476180392, -16.03, -24.12, -5.22, Left
1761476180487, -16.12, -24.05, -5.23, Left
1761476180536, -16.38, -24.18, -5.22, Left
1761476180579, -16.43, -23.97, -5.27, Left
1761476180626, -16.38, -23.67, -5.27, Left
1761476180672, -16.30, -23.49, -5.21, Left
1761476180720, -16.39, -23.35, -5.16, Left
1761476180783, -16.38, -23.15, -5.25, Left
1761476180829, -16.45, -22.79, -5.41, Left
1761476180877, -16.46, -22.58, -5.48, Left
1761476180921, -16.33, -22.30, -5.64, Left
1761476180983, -16.10, -21.93, -5.83, Left
1761476181034, -15.74, -21.39, -5.97, Left
1761476181078, -15.56, -21.15, -6.12, Left
1761476181124, -15.39, -21.05, -6.20, Left
1761476181172, -15.30, -20.77, -6.39, Left
1761476181219, -15.26, -20.70, -6.49, Left
1761476181263, -15.18, -20.73, -6.39, Left
1761476181310, -14.94, -20.67, -6.27, Left
1761476181359, -14.80, -20.57, -6.17, Left
1761476181404, -14.92, -20.77, -6.04, Left
1761476181452, -15.00, -20.93, -5.99, Left
1761476181498, -15.12, -21.24, -5.89, Left
1761476181546, -15.08, -21.20, -5.76, Left
1761476181605, -15.00, -21.20, -5.64, Left
1761476181696, -14.93, -21.13, -5.55, Left
1761476181743, -14.86, -20.90, -5.54, Left
1761476181790, -14.93, -21.09, -5.43, Left
1761476181845, -15.08, -21.28, -5.33, Left
1761476181903, -15.11, -21.54, -5.28, Left
1761476181947, -15.04, -21.86, -5.15, Left
1761476181995, -15.14, -22.12, -5.02, Left
1761476182041, -15.14, -22.27, -4.93, Left
1761476182089, -14.99, -22.65, -4.84, Left
1761476182133, -14.72, -22.81, -4.82, Left
1761476182186, -14.57, -23.14, -4.72, Left
1761476182242, -14.41, -23.47, -4.61, Left
1761476182290, -14.10, -23.33, -4.66, Left
1761476182335, -14.06, -23.32, -4.75, Left
1761476182379, -14.08, -23.13, -4.75, Left
1761476182486, -14.11, -22.89, -4.79, Left
1761476182532, -14.03, -22.76, -4.77, Left
1761476182580, -14.00, -22.65, -4.75, Left
1761476182626, -14.23, -22.51, -4.75, Left
1761476182689, -14.66, -22.56, -4.71, Left
1761476182732, -14.94, -22.29, -4.74, Left
1761476182781, -15.12, -22.06, -4.76, Left
1761476182825, -15.34, -21.78, -4.81, Left
1761476182873, -15.37, -21.59, -4.79, Left
1761476182919, -15.36, -21.65, -4.77, Left
1761476182982, -15.35, -21.66, -4.79, Left
1761476183031, -15.33, -21.60, -4.83, Left
1761476183076, -15.33, -21.52, -4.87, Left
1761476183123, -15.30, -21.46, -4.92, Left
1761476183168, -15.16, -21.20, -5.00, Left
1761476183216, -15.10, -21.25, -5.02, Left
1761476183262, -15.07, -21.15, -5.09, Left
1761476183309, -14.88, -21.18, -5.11, Left
1761476183385, -14.63, -20.96, -5.21, Left
1761476183448, -14.34, -20.59, -5.32, Left
1761476183494, -14.25, -20.37, -5.37, Left
1761476183570, -14.28, -20.14, -5.48, Left
1761476183618, -14.20, -19.83, -5.59, Left
1761476183662, -14.17, -19.57, -5.70, Left
1761476183708, -14.18, -19.38, -5.80, Left
1761476183755, -14.17, -19.19, -5.88, Left
1761476183806, -14.32, -19.34, -5.90, Left
1761476183852, -14.58, -19.22, -5.92, Left
1761476183904, -14.86, -19.49, -5.86, Left
1761476183963, -15.13, -19.75, -5.86, Left
1761476184005, -15.35, -19.79, -5.86, Left
1761476184051, -15.48, -19.83, -5.81, Left
1761476184105, -15.57, -19.88, -5.70, Left
1761476184189, -15.76, -20.14, -5.55, Left
1761476184241, -15.92, -20.55, -5.36, Left
1761476184285, -16.02, -20.77, -5.21, Left
1761476184376, -15.98, -20.54, -5.25, Left
1761476184422, -16.03, -20.78, -5.24, Left
1761476184471, -16.08, -20.80, -5.25, Left
1761476184517, -16.17, -20.86, -5.15, Left
1761476184565, -16.13, -20.82, -5.08, Left
1761476184612, -16.16, -20.69, -5.04, Left
1761476184655, -16.28, -20.68, -5.08, Left
1761476184704, -16.24, -20.36, -5.15, Left
1761476184750, -16.19, -19.76, -5.35, Left
1761476184796, -16.24, -19.29, -5.54, Left
1761476184846, -16.19, -18.98, -5.58, Left
1761476184891, -16.28, -18.63, -5.68, Left
1761476184980, -16.42, -18.29, -5.80, Left
1761476185028, -16.54, -17.92, -6.01, Left
1761476185076, -16.60, -17.67, -6.19, Left
1761476185122, -16.65, -17.60, -6.35, Left
1761476185169, -16.81, -17.64, -6.46, Left
1761476185214, -17.03, -17.91, -6.55, Left
1761476185278, -17.22, -18.07, -6.68, Left
1761476185322, -17.34, -18.24, -6.80, Left
1761476185372, -17.54, -18.42, -6.93, Left
1761476185415, -17.65, -18.35, -7.10, Left
1761476185479, -17.59, -18.23, -7.23, Left
1761476185525, -17.53, -18.19, -7.34, Left
1761476185570, -17.64, -18.19, -7.46, Left
1761476185618, -17.65, -18.10, -7.58, Left
1761476185666, -17.61, -17.98, -7.70, Left
1761476185711, -17.53, -17.76, -7.79, Left
1761476185760, -17.48, -17.73, -7.78, Left
1761476185805, -17.48, -17.32, -7.83, Left
1761476185853, -17.44, -17.01, -7.84, Left
1761476185901, -17.42, -16.86, -7.82, Left
1761476185946, -17.55, -16.80, -7.80, Left
1761476185993, -17.65, -16.66, -7.83, Left
1761476186038, -17.72, -16.51, -7.86, Left
1761476186085, -17.60, -16.17, -7.99, Left
1761476186178, -17.64, -15.95, -8.06, Left
1761476186224, -17.65, -15.83, -8.12, Left
1761476186271, -17.65, -15.58, -8.24, Left
1761476186325, -17.62, -15.67, -8.28, Left
1761476186386, -17.65, -15.38, -8.43, Left
1761476186442, -17.70, -15.02, -8.59, Left
1761476186488, -17.65, -14.73, -8.73, Left
1761476186534, -17.63, -14.46, -8.81, Left
1761476186583, -17.48, -14.12, -8.89, Left
1761476186626, -17.66, -13.85, -8.73, Left
1761476186674, -17.59, -13.65, -8.61, Left
1761476186719, -17.63, -13.32, -8.50, Left
1761476186782, -17.54, -12.81, -8.48, Left
1761476186833, -17.39, -12.25, -8.45, Left
1761476186874, -17.45, -12.32, -8.28, Left
1761476186981, -17.38, -12.22, -8.07, Left
1761476187029, -17.50, -12.31, -7.85, Left
1761476187077, -17.60, -12.16, -7.72, Left
1761476187139, -17.75, -12.21, -7.55, Left
1761476187183, -17.85, -12.45, -7.51, Left
1761476187238, -17.95, -12.42, -7.48, Left
1761476187294, -17.66, -12.01, -7.59, Left
1761476187339, -17.70, -12.08, -7.57, Left
1761476187392, -17.69, -11.75, -7.61, Left
1761476187447, -17.47, -11.00, -7.73, Left
1761476187498, -17.19, -10.66, -7.73, Left
1761476187553, -16.88, -9.94, -7.85, Down
1761476187608, -16.69, -9.29, -7.88, Down
1761476187673, -16.53, -8.55, -7.98, Down
1761476187736, -16.34, -7.75, -8.05, Down
1761476187791, -16.16, -6.61, -8.22, Down
1761476187883, -16.38, -6.48, -8.12, Down
1761476187931, -16.39, -6.15, -8.02, Down
1761476187978, -16.51, -6.03, -7.94, Down
1761476188038, -16.66, -6.02, -7.87, Down
1761476188085, -16.91, -6.03, -7.84, Down
1761476188177, -17.15, -5.41, -7.97, Down
1761476188223, -17.28, -5.29, -8.02, Down
1761476188271, -17.35, -5.05, -8.07, Down
1761476188317, -17.43, -4.95, -8.13, Down
1761476188371, -17.57, -5.08, -8.11, Down
1761476188432, -17.58, -4.44, -8.32, Down
1761476188490, -17.58, -3.88, -8.50, Down
1761476188535, -17.64, -3.75, -8.61, Down
1761476188582, -17.58, -3.63, -8.67, Down
1761476188642, -17.41, -3.14, -8.81, Down
1761476188687, -17.25, -3.24, -8.83, Down
1761476188734, -17.04, -2.86, -8.94, Down
1761476188783, -16.93, -2.70, -8.99, Down
1761476188828, -16.81, -2.53, -9.05, Down
1761476188877, -16.77, -2.43, -9.13, Down
1761476188984, -16.75, -2.46, -9.18, Down
1761476189040, -16.76, -2.40, -9.19, Down
1761476189099, -16.76, -2.09, -9.25, Down
1761476189169, -16.77, -1.60, -9.38, Down
1761476189216, -16.85, -1.34, -9.46, Down
1761476189265, -16.90, -1.33, -9.41, Down
1761476189324, -17.15, -1.54, -9.32, Down
1761476189368, -17.28, -1.82, -9.24, Down
1761476189432, -17.35, -1.64, -9.24, Down
1761476189480, -17.38, -1.91, -9.12, Down
1761476189523, -17.44, -2.19, -8.94, Down
1761476189567, -17.54, -2.46, -8.83, Down
1761476189615, -17.48, -3.04, -8.64, Down
1761476189665, -17.59, -3.65, -8.41, Down
1761476189715, -17.46, -3.95, -8.31, Down
1761476189773, -17.44, -3.86, -8.37, Down
1761476189819, -17.25, -3.75, -8.45, Down
1761476189882, -17.08, -3.49, -8.52, Down
1761476189927, -17.02, -3.63, -8.49, Down
1761476189971, -16.98, -2.85, -8.70, Down
1761476190019, -16.86, -2.07, -8.93, Down
1761476190079, -16.78, -1.47, -9.10, Down
1761476190127, -16.80, -0.85, -9.28, Down
1761476190171, -16.77, -0.22, -9.51, Down
1761476190281, -16.98, 0.31, -9.63, Down
1761476190331, -17.14, 0.43, -9.62, Down
1761476190387, -17.40, 0.76, -9.68, Down
1761476190472, -17.53, 1.13, -9.80, Down
1761476190516, -17.67, 1.45, -9.92, Down
1761476190566, -17.74, 1.06, -9.84, Down
1761476190617, -17.86, 0.41, -9.71, Down
1761476190668, -17.91, 0.21, -9.68, Down
1761476190715, -17.95, -0.45, -9.51, Down
1761476190768, -17.86, -1.48, -9.21, Down
1761476190814, -17.78, -2.56, -8.93, Down
1761476190870, -17.69, -3.59, -8.66, Down
1761476190918, -17.51, -4.46, -8.46, Down
1761476190965, -17.45, -5.52, -8.16, Down
1761476191008, -17.31, -6.58, -7.84, Down
1761476191077, -16.98, -6.83, -7.80, Down
1761476191118, -16.63, -6.97, -7.78, Down
1761476191167, -16.44, -7.51, -7.65, Down
1761476191214, -16.26, -7.70, -7.57, Down
1761476191255, -16.17, -7.71, -7.57, Down
1761476191305, -16.28, -7.86, -7.51, Down
1761476191362, -16.18, -7.45, -7.59, Down
1761476191405, -16.09, -7.24, -7.55, Down
1761476191451, -16.04, -6.89, -7.59, Down
1761476191498, -16.31, -7.16, -7.51, Down
1761476191545, -16.67, -7.97, -7.22, Down
1761476191595, -17.04, -9.23, -6.88, Down
1761476191667, -16.99, -10.73, -6.57, Left
1761476191713, -16.94, -12.03, -6.40, Left
1761476191764, -16.91, -13.23, -6.24, Left
1761476191809, -16.49, -15.03, -6.14, Left
1761476191858, -16.26, -17.38, -5.99, Left
1761476191902, -15.89, -21.01, -5.92, Left
1761476192908, -13.63, -22.88, -5.30, Left
1761476192966, -11.92, -23.54, -5.65, Left
1761476193013, -10.20, -23.70, -6.12, Left
1761476193062, -8.65, -23.28, -6.72, Left
1761476193105, -7.54, -22.33, -7.42, Left
1761476193151, -6.49, -21.19, -8.07, Left
1761476193198, -5.86, -20.09, -8.73, Left
1761476193278, -5.78, -18.25, -9.34, Left
1761476193322, -5.71, -16.30, -9.91, Left
1761476193368, -5.82, -13.60, -10.38, Left
1761476193479, -8.00, -12.61, -11.33, Left
1761476193527, -9.16, -12.08, -11.49, Left
1761476193572, -10.54, -12.00, -11.65, Left
1761476193665, -11.84, -12.17, -11.67, Left
1761476193715, -13.01, -12.62, -11.62, Left
1761476193759, -13.98, -13.11, -11.63, Left
1761476193806, -14.57, -13.48, -11.56, Left
1761476193852, -14.79, -13.80, -11.55, Left
1761476193900, -15.11, -13.91, -11.62, Left
1761476193977, -15.18, -13.27, -11.67, Left
1761476194025, -15.03, -12.68, -11.74, Left
1761476194072, -15.19, -11.35, -12.05, Left
1761476194184, -15.46, -10.24, -12.14, Left
1761476194228, -15.58, -9.16, -12.26, Down
1761476194281, -15.69, -7.86, -12.40, Down
1761476194343, -15.92, -6.85, -12.40, Down
1761476194406, -16.12, -6.01, -12.37, Down
1761476194465, -16.35, -5.01, -12.42, Down
1761476194510, -16.45, -4.77, -12.16, Down
1761476194559, -16.74, -4.48, -12.03, Down
1761476194603, -17.02, -4.42, -11.76, Down
1761476194685, -17.17, -5.42, -11.22, Down
1761476194752, -17.05, -6.11, -10.76, Down
1761476194812, -17.01, -6.84, -10.29, Down
1761476194872, -17.02, -8.03, -9.64, Down
1761476194915, -17.00, -8.81, -9.15, Down
1761476194965, -16.96, -9.53, -8.76, Down
1761476195010, -16.82, -10.05, -8.37, Left
1761476195056, -16.58, -10.23, -8.12, Left
1761476195100, -16.67, -11.06, -7.70, Left
1761476195178, -16.72, -11.66, -7.40, Left
1761476195226, -16.78, -11.89, -7.18, Left
1761476195271, -16.81, -12.27, -6.92, Left
1761476195365, -16.90, -12.53, -6.64, Left
1761476195415, -16.96, -12.48, -6.50, Left
1761476195460, -16.93, -12.28, -6.42, Left
1761476195569, -17.03, -12.24, -6.30, Left
1761476195616, -17.24, -12.47, -6.11, Left
1761476195663, -17.55, -12.62, -5.96, Left
1761476195709, -17.43, -12.43, -5.90, Left
1761476195756, -17.33, -12.03, -5.93, Left
1761476195802, -17.22, -11.80, -5.89, Left
1761476195865, -17.20, -11.45, -5.88, Left
1761476195909, -17.15, -10.88, -6.02, Left
1761476195955, -17.09, -10.17, -6.19, Left
1761476196001, -17.12, -9.84, -6.25, Down
1761476196047, -17.07, -9.45, -6.30, Down
1761476196093, -16.92, -9.28, -6.27, Down
1761476196172, -16.83, -8.98, -6.27, Down
1761476196218, -16.77, -8.66, -6.28, Down
1761476196264, -16.87, -8.80, -6.15, Down
1761476196374, -16.96, -8.65, -6.14, Down
1761476196426, -17.00, -8.67, -6.12, Down
1761476196484, -17.15, -9.28, -5.93, Down
1761476196559, -17.41, -10.20, -5.73, Left
1761476196607, -17.62, -10.86, -5.60, Left
1761476196654, -17.80, -11.53, -5.49, Left
1761476196699, -17.98, -12.22, -5.51, Left
1761476196749, -18.13, -13.00, -5.52, Left
1761476196794, -18.08, -14.01, -5.47, Left
1761476196873, -18.04, -15.03, -5.46, Left
1761476196921, -18.00, -16.29, -5.41, Left
1761476196967, -17.98, -17.65, -5.25, Left
1761476197065, -17.84, -18.72, -5.23, Left
1761476197110, -17.61, -19.62, -5.21, Left
1761476197157, -17.40, -20.69, -5.09, Left
1761476197204, -17.11, -21.45, -5.03, Left
1761476197249, -16.89, -22.14, -4.89, Left
1761476197298, -16.42, -22.82, -4.62, Left
1761476197377, -16.42, -23.37, -4.50, Left
1761476197438, -16.42, -23.84, -4.45, Left
1761476197483, -16.12, -24.27, -4.22, Left
1761476197577, -15.85, -24.34, -4.19, Left
1761476197626, -15.52, -24.16, -4.15, Left
1761476197672, -15.18, -23.95, -4.12, Left
1761476197765, -14.65, -23.53, -4.24, Left
1761476197816, -14.17, -23.24, -4.36, Left
1761476197857, -13.84, -23.10, -4.35, Left
1761476197985, -13.62, -22.67, -4.45, Left
1761476198030, -13.23, -22.41, -4.41, Left
1761476198081, -12.77, -22.33, -4.30, Left
1761476198173, -12.63, -22.40, -4.30, Left
1761476198220, -12.49, -22.59, -4.24, Left
1761476198268, -12.45, -22.73, -4.26, Left
1761476198376, -12.40, -22.76, -4.26, Left
1761476198425, -12.62, -23.05, -4.14, Left
1761476198469, -12.67, -23.20, -4.06, Left
1761476198562, -12.83, -23.54, -4.09, Left
1761476198610, -13.06, -24.15, -4.08, Left
1761476198655, -13.24, -24.59, -4.08, Left
1761476198702, -13.37, -24.78, -4.16, Left
1761476198749, -13.45, -24.90, -4.29, Left
1761476198798, -13.55, -25.09, -4.37, Left
1761476198872, -13.60, -25.48, -4.35, Left
1761476198918, -13.67, -26.09, -4.30, Left
1761476198966, -13.75, -26.62, -4.31, Left
1761476199012, -14.03, -27.15, -4.26, Left
1761476199061, -13.93, -27.34, -4.17, Left
1761476199106, -13.93, -27.66, -4.15, Left
1761476199182, -13.86, -27.88, -4.14, Left
1761476199231, -13.86, -27.92, -4.11, Left
1761476199276, -13.89, -28.02, -4.02, Left
1761476199369, -13.88, -28.08, -3.93, Left
1761476199416, -13.85, -27.99, -3.85, Left
1761476199469, -13.40, -27.49, -3.77, Left
1761476199572, -13.05, -27.10, -3.63, Left
1761476199618, -12.79, -27.02, -3.53, Left
1761476199669, -12.67, -26.88, -3.53, Left
1761476199716, -12.58, -26.80, -3.42, Left
1761476199773, -12.54, -26.82, -3.30, Left
1761476199825, -12.47, -26.65, -3.27, Left
1761476199867, -12.27, -26.43, -3.23, Left
1761476199915, -12.02, -26.22, -3.22, Left
1761476199962, -11.83, -26.07, -3.21, Left
1761476200007, -11.93, -25.97, -3.27, Left
1761476200055, -11.95, -25.81, -3.41, Left
1761476200100, -11.94, -25.34, -3.57, Left
1761476200162, -11.91, -25.02, -3.64, Left
1761476200214, -11.70, -24.50, -3.75, Left
1761476200257, -11.62, -24.03, -3.88, Left
1761476200302, -11.47, -23.72, -3.93, Left
1761476200350, -11.49, -23.48, -4.03, Left
1761476200398, -11.25, -22.98, -4.19, Left
1761476200473, -11.20, -22.68, -4.31, Left
1761476200522, -11.23, -22.69, -4.37, Left
1761476200568, -11.31, -22.63, -4.41, Left
1761476200660, -11.28, -22.73, -4.34, Left
1761476200708, -11.30, -22.74, -4.34, Left
1761476200754, -11.41, -22.69, -4.35, Left
1761476200801, -11.30, -22.39, -4.40, Left
1761476200849, -11.19, -22.32, -4.38, Left
1761476200898, -11.04, -22.18, -4.34, Left
1761476200973, -11.32, -22.39, -4.32, Left
1761476201020, -11.30, -22.40, -4.30, Left
1761476201067, -11.35, -22.26, -4.30, Left
1761476201159, -11.32, -22.35, -4.21, Left
1761476201208, -11.43, -22.45, -4.24, Left
1761476201255, -11.36, -22.55, -4.21, Left
1761476201300, -11.28, -22.68, -4.16, Left
1761476201349, -11.32, -22.87, -4.07, Left
1761476201394, -11.40, -22.93, -4.07, Left
1761476201457, -11.46, -22.89, -4.14, Left
1761476201504, -11.37, -22.70, -4.10, Left
1761476201550, -11.43, -22.58, -4.08, Left
1761476201600, -11.36, -22.51, -4.07, Left
1761476201645, -11.24, -22.23, -4.11, Left
1761476201694, -11.10, -22.20, -4.05, Left
1761476201768, -11.07, -22.04, -4.05, Left
1761476201814, -11.03, -21.70, -4.17, Left
1761476201863, -10.97, -21.54, -4.20, Left
1761476201907, -10.69, -21.01, -4.31, Left
1761476201953, -10.47, -20.60, -4.33, Left
1761476202000, -10.41, -20.47, -4.30, Left
1761476202078, -10.31, -20.24, -4.25, Left
1761476202125, -10.25, -19.82, -4.25, Left
1761476202170, -10.32, -19.99, -4.10, Left
1761476202264, -10.34, -19.95, -3.84, Left
1761476202311, -10.24, -20.13, -3.57, Left
1761476202356, -10.33, -20.33, -3.07, Left
1761476202465, -10.43, -20.37, -2.56, Left
1761476202513, -10.76, -20.68, -2.05, Left
1761476202558, -11.02, -20.99, -1.54, Left
1761476202604, -11.06, -21.17, -1.04, Left
1761476202651, -11.10, -21.32, -0.61, Left
1761476202697, -11.35, -21.39, 0.03, Left
1761476202761, -11.38, -21.11, 0.74, Left
1761476202808, -11.31, -20.88, 1.32, Left
1761476202851, -11.40, -20.60, 1.87, Left
1761476202898, -11.33, -20.44, 2.23, Left
1761476202943, -11.20, -20.27, 2.60, Left
1761476202990, -10.86, -19.81, 3.04, Left
1761476203065, -10.76, -19.60, 3.54, Left
1761476203116, -10.73, -19.18, 3.97, Left
1761476203163, -10.85, -18.76, 4.50, Left
1761476203270, -10.76, -18.77, 5.01, Left
1761476203314, -10.66, -18.70, 5.28, Left
1761476203366, -10.69, -18.57, 5.54, Left
1761476203409, -10.78, -18.55, 5.86, Left
1761476203458, -10.80, -18.54, 6.19, Left
1761476203503, -10.95, -18.57, 6.43, Left
1761476203565, -11.36, -18.51, 6.65, Left
1761476203613, -11.53, -18.32, 6.74, Left
1761476203659, -11.72, -18.40, 6.88, Left
1761476203706, -11.77, -18.50, 6.90, Left
1761476203752, -11.84, -18.39, 6.76, Left
1761476203798, -11.89, -18.07, 6.60, Left
1761476203859, -12.01, -17.62, 6.21, Left
1761476203909, -11.96, -16.90, 5.79, Left
1761476203953, -12.06, -16.33, 5.40, Left
1761476204003, -12.29, -15.95, 5.03, Left
1761476204064, -12.65, -16.36, 4.73, Left
1761476204106, -13.15, -16.54, 4.37, Left
1761476204167, -13.31, -16.31, 3.79, Left
1761476204214, -13.39, -15.85, 3.31, Left
1761476204262, -13.48, -15.61, 2.86, Left
1761476204308, -13.67, -15.45, 2.46, Left
1761476204356, -13.59, -15.29, 2.27, Left
1761476204402, -13.77, -15.63, 2.13, Left
1761476204478, -13.93, -15.84, 1.96, Left
1761476204530, -13.77, -15.84, 1.79, Left
1761476204573, -13.53, -15.63, 1.56, Left
1761476204666, -13.26, -15.34, 1.36, Left
1761476204714, -13.28, -15.22, 1.28, Left
1761476204762, -13.42, -15.56, 1.15, Left
1761476204869, -13.54, -15.74, 0.99, Left
1761476204917, -13.76, -15.75, 0.77, Left
1761476204965, -14.06, -16.01, 0.60, Left
1761476205012, -14.19, -15.80, 0.37, Left
1761476205057, -14.33, -15.76, 0.18, Left
1761476205105, -14.64, -15.94, 0.02, Left
1761476205151, -14.88, -15.85, -0.23, Left
1761476205198, -14.97, -15.94, -0.34, Left
1761476205246, -15.12, -16.12, -0.46, Left
1761476205291, -15.21, -16.16, -0.58, Left
1761476205339, -15.30, -16.21, -0.70, Left
1761476205384, -15.43, -16.65, -0.79, Left
1761476205463, -15.56, -16.92, -0.98, Left
1761476205514, -15.57, -17.08, -1.15, Left
1761476205558, -15.71, -17.16, -1.44, Left
1761476205666, -15.67, -17.07, -1.75, Left
1761476205710, -15.67, -17.22, -1.96, Left
1761476205759, -15.80, -17.39, -2.19, Left
1761476205806, -15.81, -17.44, -2.50, Left
1761476205851, -15.87, -17.40, -2.78, Left
1761476205897, -15.76, -17.07, -3.14, Left
1761476205959, -15.70, -16.95, -3.34, Left
1761476206007, -15.70, -16.89, -3.50, Left
1761476206054, -15.62, -16.99, -3.62, Left
1761476206100, -15.50, -17.23, -3.51, Left
1761476206148, -15.40, -17.36, -3.44, Left
1761476206193, -15.41, -17.42, -3.48, Left
1761476206255, -15.38, -17.68, -3.43, Left
1761476206303, -15.40, -18.05, -3.30, Left
1761476206348, -15.27, -18.39, -3.13, Left
1761476206396, -15.45, -19.05, -2.88, Left
1761476206445, -15.44, -19.27, -2.75, Left
1761476206489, -15.51, -19.40, -2.71, Left
1761476206568, -15.71, -19.56, -2.64, Left
1761476206614, -15.87, -19.61, -2.72, Left
1761476206662, -16.13, -19.79, -2.74, Left
1761476206754, -16.05, -19.74, -2.74, Left
1761476206801, -16.07, -19.60, -2.79, Left
1761476206846, -16.20, -19.43, -2.87, Left
1761476206896, -16.41, -19.45, -2.92, Left
1761476206938, -16.54, -19.46, -2.97, Left
1761476206987, -16.63, -19.25, -3.08, Left
1761476207063, -16.61, -19.18, -3.01, Left
1761476207112, -16.70, -19.21, -3.04, Left
1761476207157, -16.63, -19.30, -3.01, Left
1761476207251, -16.63, -19.30, -2.98, Left
1761476207296, -16.81, -19.52, -2.89, Left
1761476207346, -16.89, -19.67, -2.82, Left
1761476207389, -16.81, -19.94, -2.71, Left
1761476207436, -16.74, -20.09, -2.65, Left
1761476207483, -16.66, -20.04, -2.63, Left
1761476207560, -16.61, -20.35, -2.52, Left
1761476207606, -16.65, -20.57, -2.51, Left
1761476207671, -16.57, -20.65, -2.45, Left
1761476207717, -16.46, -20.54, -2.43, Left
1761476207762, -16.27, -20.24, -2.47, Left
1761476207808, -16.05, -20.05, -2.51, Left
1761476207869, -15.95, -20.11, -2.47, Left
1761476207917, -15.91, -20.06, -2.41, Left
1761476207969, -15.84, -19.99, -2.35, Left
1761476208057, -15.74, -20.24, -2.28, Left
1761476208102, -15.57, -20.20, -2.26, Left
1761476208148, -15.43, -20.36, -2.19, Left
1761476208200, -15.03, -20.21, -2.29, Left
1761476208244, -14.77, -20.11, -2.42, Left
1761476208297, -14.61, -20.11, -2.46, Left
1761476208366, -14.61, -20.01, -2.39, Left
1761476208419, -14.50, -19.44, -2.45, Left
1761476208460, -14.48, -18.90, -2.56, Left
1761476208570, -14.55, -18.47, -2.65, Left
1761476208615, -14.62, -17.86, -2.75, Left
1761476208663, -14.71, -17.39, -2.81, Left
1761476208707, -14.79, -16.78, -2.89, Left
1761476208761, -15.08, -16.52, -2.79, Left
1761476208818, -15.35, -16.34, -2.64, Left
1761476208864, -15.64, -16.20, -2.65, Left
1761476208911, -15.78, -16.04, -2.78, Left
1761476208959, -15.88, -15.98, -2.86, Left
1761476209006, -15.95, -16.22, -2.87, Left
1761476209066, -15.94, -16.24, -2.93, Left
1761476209110, -16.04, -16.37, -2.94, Left
1761476209157, -16.11, -16.51, -2.95, Left
1761476209206, -16.14, -16.72, -2.98, Left
1761476209268, -16.21, -16.92, -3.03, Left
1761476209315, -16.35, -17.17, -3.12, Left
1761476209359, -16.30, -17.51, -3.09, Left
1761476209406, -16.38, -17.83, -3.08, Left
1761476209467, -16.40, -18.04, -3.09, Left
1761476209513, -16.37, -18.06, -3.14, Left
1761476209561, -16.37, -18.23, -3.12, Left
1761476209656, -16.39, -18.30, -3.15, Left
1761476209702, -16.50, -18.46, -3.15, Left
1761476209747, -16.54, -18.49, -3.15, Left
1761476209797, -16.55, -18.55, -3.12, Left
1761476209841, -16.61, -18.55, -3.10, Left
1761476209888, -16.73, -18.42, -3.13, Left
1761476209966, -16.64, -18.09, -3.16, Left
1761476210013, -16.76, -18.11, -3.15, Left
1761476210059, -16.81, -18.10, -3.13, Left
1761476210168, -16.76, -18.11, -3.12, Left
1761476210219, -16.61, -18.12, -3.11, Left
1761476210261, -16.52, -17.92, -3.14, Left
1761476210353, -16.53, -17.98, -3.12, Left
1761476210400, -16.62, -17.95, -3.13, Left
1761476210447, -16.60, -17.87, -3.11, Left
1761476210494, -16.54, -17.80, -3.09, Left
1761476210543, -16.56, -17.98, -3.04, Left
1761476210596, -16.55, -18.12, -3.01, Left
1761476210664, -16.57, -18.18, -2.99, Left
1761476210711, -16.64, -18.12, -3.03, Left
1761476210755, -16.78, -18.15, -3.03, Left
1761476210849, -16.79, -18.36, -3.00, Left
1761476210897, -16.76, -18.32, -3.03, Left
1761476210946, -16.72, -18.33, -3.07, Left
1761476210990, -16.70, -18.33, -3.17, Left
1761476211040, -16.73, -18.50, -3.21, Left
1761476211086, -16.73, -18.60, -3.26, Left
1761476211162, -16.51, -18.18, -3.38, Left
1761476211211, -16.38, -17.83, -3.50, Left
1761476211256, -16.30, -17.46, -3.60, Left
1761476211362, -16.29, -17.54, -3.59, Left
1761476211412, -16.30, -17.45, -3.58, Left
1761476211455, -16.37, -17.53, -3.55, Left
1761476211502, -16.41, -17.70, -3.51, Left
1761476211549, -16.45, -17.73, -3.46, Left
1761476211596, -16.34, -17.79, -3.40, Left
1761476211657, -16.41, -17.91, -3.37, Left
1761476211705, -16.63, -18.36, -3.27, Left
1761476211756, -16.75, -18.67, -3.19, Left
1761476211800, -16.85, -19.11, -3.09, Left
1761476211845, -16.81, -18.99, -3.14, Left
1761476211893, -16.78, -18.99, -3.12, Left
1761476211953, -16.72, -18.88, -3.16, Left
1761476212000, -16.64, -18.64, -3.19, Left
1761476212050, -16.54, -18.51, -3.14, Left
1761476212094, -16.56, -18.15, -3.27, Left
1761476212148, -16.34, -17.55, -3.42, Left
1761476212188, -16.13, -16.98, -3.56, Left
1761476212267, -15.85, -16.53, -3.67, Left
1761476212314, -15.66, -16.20, -3.70, Left
1761476212361, -15.54, -15.87, -3.76, Left
1761476212455, -15.49, -15.63, -3.85, Left
1761476212503, -15.42, -15.18, -3.95, Left
1761476212552, -15.44, -14.69, -4.10, Left
1761476212658, -15.45, -14.44, -4.17, Left
1761476212709, -15.32, -14.44, -4.06, Left
1761476212752, -15.37, -14.64, -3.92, Left
1761476212797, -15.57, -14.86, -3.80, Left
1761476212846, -15.90, -15.06, -3.69, Left
1761476212890, -16.19, -15.12, -3.63, Left
1761476212953, -16.30, -15.11, -3.55, Left
1761476213002, -16.32, -15.19, -3.41, Left
1761476213051, -16.33, -15.40, -3.24, Left
1761476213094, -16.44, -15.86, -3.05, Left
1761476213147, -16.56, -16.05, -2.98, Left
1761476213189, -16.77, -16.12, -3.01, Left
1761476213250, -16.90, -16.18, -2.99, Left
1761476213297, -16.87, -16.23, -2.95, Left
1761476213346, -16.83, -16.37, -2.91, Left
1761476213390, -16.84, -16.55, -2.90, Left
1761476213439, -16.92, -16.76, -2.93, Left
1761476213485, -17.05, -16.88, -3.03, Left
1761476213560, -17.27, -17.11, -3.11, Left
1761476213609, -17.37, -17.05, -3.26, Left
1761476213655, -17.42, -17.14, -3.27, Left
1761476213748, -17.50, -17.24, -3.30, Left
1761476213796, -17.61, -17.22, -3.36, Left
1761476213845, -17.74, -17.30, -3.40, Left
1761476213889, -17.83, -17.28, -3.48, Left
1761476213938, -17.88, -17.21, -3.56, Left
1761476213984, -17.86, -17.12, -3.59, Left
1761476214060, -17.94, -16.98, -3.65, Left
1761476214110, -17.84, -16.79, -3.65, Left
1761476214154, -17.82, -16.84, -3.58, Left
1761476214263, -17.91, -16.89, -3.60, Left
1761476214311, -18.02, -16.98, -3.55, Left
1761476214356, -18.02, -17.15, -3.50, Left
1761476214450, -17.95, -17.24, -3.50, Left
1761476214497, -18.00, -17.26, -3.49, Left
1761476214548, -17.99, -17.27, -3.46, Left
1761476214590, -18.08, -17.38, -3.48, Left
1761476214638, -18.07, -17.40, -3.51, Left
1761476214684, -17.95, -17.24, -3.57, Left
1761476214763, -17.75, -16.73, -3.82, Left
1761476214806, -17.51, -16.31, -4.02, Left
1761476214854, -17.32, -15.81, -4.28, Left
1761476214900, -17.23, -15.28, -4.46, Left
1761476214946, -17.22, -14.84, -4.63, Left
1761476214993, -17.20, -14.52, -4.74, Left
1761476215056, -17.13, -14.32, -4.85, Left
1761476215119, -17.09, -14.17, -4.89, Left
1761476215164, -16.99, -14.01, -4.88, Left
1761476215259, -17.14, -14.02, -4.92, Left
1761476215306, -17.26, -14.26, -4.81, Left
1761476215352, -17.34, -14.37, -4.77, Left
1761476215461, -17.38, -14.41, -4.70, Left
1761476215508, -17.41, -14.57, -4.67, Left
1761476215554, -17.37, -14.64, -4.62, Left
1761476215602, -17.36, -14.91, -4.63, Left
1761476215648, -17.34, -14.94, -4.64, Left
1761476215696, -17.28, -14.68, -4.72, Left
1761476215760, -17.27, -14.66, -4.84, Left
1761476215804, -17.28, -14.63, -4.94, Left
1761476215853, -17.33, -14.76, -4.97, Left
1761476215898, -17.44, -14.84, -4.96, Left
1761476215945, -17.47, -14.95, -4.95, Left
1761476215993, -17.52, -15.09, -5.00, Left
1761476216053, -17.63, -15.13, -5.05, Left
1761476216100, -17.63, -15.08, -5.06, Left
1761476216146, -17.67, -15.12, -5.08, Left
1761476216194, -17.64, -15.46, -5.02, Left
1761476216243, -17.63, -15.51, -5.03, Left
1761476216286, -17.68, -15.76, -4.97, Left
1761476216366, -17.64, -15.66, -5.03, Left
1761476216412, -17.63, -15.64, -5.08, Left
1761476216460, -17.66, -15.86, -5.11, Left
1761476216552, -17.57, -15.81, -5.13, Left
1761476216601, -17.46, -15.82, -5.17, Left
1761476216650, -17.39, -15.77, -5.21, Left
1761476216695, -17.37, -15.69, -5.30, Left
1761476216742, -17.46, -15.62, -5.39, Left
1761476216787, -17.53, -15.54, -5.40, Left
1761476216850, -17.59, -15.38, -5.42, Left
1761476216896, -17.72, -15.31, -5.39, Left
1761476216945, -17.69, -15.30, -5.32, Left
1761476216990, -17.60, -15.15, -5.27, Left
1761476217037, -17.60, -15.24, -5.18, Left
1761476217083, -17.62, -15.07, -5.20, Left
1761476217160, -17.57, -14.66, -5.24, Left
1761476217211, -17.54, -14.31, -5.31, Left
1761476217257, -17.51, -14.09, -5.32, Left
1761476217352, -17.54, -14.06, -5.31, Left
1761476217398, -17.48, -13.98, -5.31, Left
1761476217444, -17.38, -13.92, -5.33, Left
1761476217490, -17.44, -13.86, -5.38, Left
1761476217538, -17.60, -13.79, -5.42, Left
1761476217584, -17.77, -13.78, -5.52, Left
1761476217660, -17.92, -14.04, -5.48, Left
1761476217710, -18.06, -14.54, -5.41, Left
1761476217754, -18.04, -14.90, -5.31, Left
1761476217848, -18.19, -15.15, -5.33, Left
1761476217895, -18.22, -15.48, -5.31, Left
1761476217959, -18.15, -15.50, -5.33, Left
1761476218004, -18.12, -15.68, -5.30, Left
1761476218051, -18.00, -15.78, -5.30, Left
1761476218098, -17.85, -15.90, -5.34, Left
1761476218159, -17.78, -16.02, -5.31, Left
1761476218208, -17.77, -16.06, -5.32, Left
1761476218251, -17.75, -16.06, -5.34, Left
1761476218299, -17.73, -16.16, -5.30, Left
1761476218346, -17.53, -16.11, -5.25, Left
1761476218393, -17.53, -16.07, -5.23, Left
1761476218457, -17.64, -16.03, -5.26, Left
1761476218502, -17.75, -15.97, -5.31, Left
1761476218548, -17.87, -15.96, -5.35, Left
1761476218594, -18.02, -15.90, -5.32, Left
1761476218643, -18.02, -15.72, -5.33, Left
1761476218688, -17.96, -15.63, -5.31, Left
1761476218736, -17.98, -15.44, -5.36, Left
1761476218782, -17.97, -15.28, -5.45, Left
1761476218828, -18.05, -15.16, -5.52, Left
1761476218875, -18.11, -14.94, -5.61, Left
1761476218924, -18.03, -14.91, -5.62, Left
1761476218969, -17.98, -14.97, -5.52, Left
1761476219047, -17.94, -14.91, -5.47, Left
1761476219094, -17.89, -15.03, -5.41, Left
1761476219158, -17.88, -15.04, -5.39, Left
1761476219205, -17.86, -14.98, -5.40, Left
1761476219252, -17.82, -14.98, -5.37, Left
1761476219297, -17.80, -14.62, -5.39, Left
1761476219358, -17.81, -14.63, -5.28, Left
1761476219407, -17.77, -14.53, -5.21, Left
1761476219451, -17.84, -14.57, -5.15, Left
1761476219498, -17.71, -14.46, -5.16, Left
1761476219547, -17.72, -14.48, -5.11, Left
1761476219591, -17.49, -13.90, -5.30, Left
1761476219653, -17.25, -13.52, -5.36, Left
1761476219698, -17.13, -13.24, -5.41, Left
1761476219745, -17.01, -12.95, -5.46, Left
1761476219792, -16.89, -13.01, -5.48, Left
1761476219838, -16.67, -12.60, -5.65, Left
1761476219885, -16.51, -12.36, -5.79, Left
1761476219930, -16.31, -12.16, -5.87, Left
1761476219977, -16.36, -12.10, -5.90, Left
1761476220026, -16.29, -11.88, -5.96, Left
1761476220070, -16.44, -12.24, -5.80, Left
1761476220119, -16.69, -12.68, -5.70, Left
1761476220163, -16.75, -12.84, -5.64, Left
1761476220241, -16.68, -12.83, -5.67, Left
1761476220291, -16.83, -13.13, -5.54, Left
1761476220352, -17.07, -13.56, -5.39, Left
1761476220399, -17.14, -13.97, -5.21, Left
1761476220447, -17.23, -14.06, -5.12, Left
1761476220493, -17.24, -14.20, -5.13, Left
1761476220556, -17.25, -14.20, -5.20, Left
1761476220600, -17.30, -14.03, -5.33, Left
1761476220647, -17.33, -13.84, -5.44, Left
1761476220693, -17.56, -14.01, -5.43, Left
1761476220741, -17.97, -14.49, -5.28, Left
1761476220787, -18.04, -14.37, -5.35, Left
1761476220850, -17.98, -14.21, -5.49, Left
1761476220895, -18.01, -14.05, -5.64, Left
1761476220942, -17.97, -13.93, -5.82, Left
1761476220992, -18.04, -13.80, -5.96, Left
1761476221037, -18.08, -13.74, -6.06, Left
1761476221084, -18.09, -13.70, -6.14, Left
1761476221129, -17.95, -13.64, -6.22, Left
1761476221177, -17.74, -13.39, -6.39, Left
1761476221226, -17.49, -13.09, -6.60, Left
1761476221270, -17.38, -12.90, -6.69, Left
1761476221321, -17.31, -12.87, -6.68, Left
1761476221369, -17.38, -12.88, -6.74, Left
1761476221444, -17.32, -12.93, -6.74, Left
1761476221492, -17.29, -12.91, -6.74, Left
1761476221553, -17.31, -12.79, -6.80, Left
1761476221600, -17.36, -12.74, -6.85, Left
1761476221646, -17.50, -12.59, -6.94, Left
1761476221692, -17.52, -12.64, -6.95, Left
1761476221756, -17.74, -12.43, -7.01, Left
1761476221802, -18.03, -12.44, -7.04, Left
1761476221848, -18.22, -12.28, -7.12, Left
1761476221896, -18.14, -11.93, -7.21, Left
1761476221944, -18.29, -11.73, -7.33, Left
1761476221991, -18.27, -11.30, -7.49, Left
1761476222052, -18.26, -11.34, -7.51, Left
1761476222099, -18.10, -11.44, -7.46, Left
1761476222144, -18.02, -11.58, -7.41, Left
1761476222192, -18.16, -11.54, -7.41, Left
1761476222243, -18.09, -11.64, -7.39, Left
1761476222284, -17.99, -11.67, -7.40, Left
1761476222333, -17.92, -11.83, -7.39, Left
1761476222380, -18.10, -12.24, -7.30, Left
1761476222426, -18.16, -12.64, -7.15, Left
1761476222474, -18.27, -12.92, -7.11, Left
1761476222519, -18.34, -13.08, -7.08, Left
1761476222568, -18.55, -13.10, -7.14, Left
1761476222645, -18.68, -13.12, -7.16, Left
1761476222692, -18.68, -13.18, -7.19, Left
1761476222753, -18.69, -13.23, -7.21, Left
1761476222801, -18.72, -13.36, -7.20, Left
1761476222846, -18.80, -13.38, -7.21, Left
1761476222894, -18.71, -13.06, -7.24, Left
1761476222957, -18.78, -12.67, -7.35, Left
1761476223002, -18.86, -12.64, -7.28, Left
1761476223050, -18.91, -12.61, -7.21, Left
1761476223095, -18.87, -12.49, -7.16, Left
1761476223141, -18.94, -12.40, -7.13, Left
1761476223188, -18.97, -12.41, -7.06, Left
1761476223236, -19.00, -12.29, -7.04, Left
1761476223281, -19.17, -12.28, -7.01, Left
1761476223327, -19.30, -12.27, -6.98, Left
1761476223377, -19.43, -12.46, -6.94, Left
1761476223421, -19.39, -12.44, -6.88, Left
1761476223467, -19.41, -12.60, -6.84, Left
1761476223512, -19.44, -12.54, -6.86, Left
1761476223559, -19.27, -12.50, -6.93, Left
1761476223653, -19.13, -12.08, -7.11, Left
1761476223700, -18.99, -11.85, -7.19, Left
1761476223746, -18.80, -11.62, -7.29, Left
1761476223798, -18.54, -11.58, -7.30, Left
1761476223840, -18.35, -11.48, -7.27, Left
1761476223892, -18.20, -11.01, -7.29, Left
1761476223936, -18.22, -11.16, -7.30, Left
1761476223984, -18.17, -11.05, -7.36, Left
1761476224028, -18.12, -11.19, -7.38, Left
1761476224075, -18.35, -11.33, -7.31, Left
1761476224153, -18.34, -11.77, -7.13, Left
1761476224200, -18.31, -11.86, -7.06, Left
1761476224247, -18.34, -12.20, -6.92, Left
1761476224294, -18.44, -12.27, -6.91, Left
1761476224339, -18.58, -12.57, -6.92, Left
1761476224391, -18.66, -13.12, -6.80, Left
1761476224433, -18.58, -13.16, -6.73, Left
1761476224480, -18.53, -13.22, -6.66, Left
1761476224525, -18.49, -13.05, -6.62, Left
1761476224575, -18.44, -12.99, -6.57, Left
1761476224620, -18.51, -13.10, -6.51, Left
1761476224667, -18.64, -13.26, -6.47, Left
1761476224713, -18.79, -13.08, -6.57, Left
1761476224758, -18.74, -13.13, -6.57, Left
1761476224850, -18.65, -12.85, -6.62, Left
1761476224896, -18.64, -12.80, -6.72, Left
1761476224943, -18.67, -12.78, -6.80, Left
1761476224992, -18.70, -12.68, -6.86, Left
1761476225054, -18.72, -12.71, -6.89, Left
1761476225100, -18.75, -12.65, -6.95, Left
1761476225147, -18.68, -12.46, -7.01, Left
1761476225191, -18.67, -12.40, -7.04, Left
1761476225242, -18.58, -12.47, -6.98, Left
1761476225288, -18.50, -12.02, -7.09, Left
1761476225350, -18.50, -12.04, -7.13, Left
1761476225395, -18.39, -11.76, -7.21, Left
1761476225449, -18.30, -11.43, -7.27, Left
1761476225491, -18.15, -11.30, -7.32, Left
1761476225541, -18.02, -10.81, -7.45, Left
1761476225586, -17.92, -10.80, -7.42, Left
1761476225634, -17.86, -10.81, -7.47, Left
1761476225680, -17.87, -10.77, -7.50, Left
1761476225727, -17.92, -10.68, -7.54, Left
1761476225774, -17.98, -10.94, -7.47, Left
1761476225820, -17.85, -10.85, -7.48, Left
1761476225870, -17.87, -11.01, -7.41, Left
1761476225913, -17.93, -11.12, -7.38, Left
1761476225958, -18.05, -11.11, -7.43, Left
1761476226053, -18.16, -11.69, -7.32, Left
1761476226101, -18.27, -11.81, -7.38, Left
1761476226145, -18.37, -12.00, -7.36, Left
1761476226192, -18.37, -12.10, -7.29, Left
1761476226255, -18.33, -12.37, -7.27, Left
1761476226307, -18.37, -12.55, -7.25, Left
1761476226351, -18.45, -12.59, -7.25, Left
1761476226395, -18.53, -12.71, -7.23, Left
1761476226441, -18.57, -12.97, -7.15, Left
1761476226492, -18.59, -13.04, -7.10, Left
1761476226552, -18.58, -12.71, -7.09, Left
1761476226599, -18.53, -12.53, -7.02, Left
1761476226644, -18.54, -12.36, -6.97, Left
1761476226692, -18.45, -12.02, -7.16, Left
1761476226740, -18.30, -11.63, -7.23, Left
1761476226784, -18.30, -11.54, -7.26, Left
1761476226829, -18.32, -11.52, -7.29, Left
1761476226877, -18.20, -11.25, -7.41, Left
1761476226924, -18.09, -11.18, -7.45, Left
1761476226970, -18.05, -11.31, -7.42, Left
1761476227016, -18.12, -11.43, -7.48, Left
1761476227061, -18.05, -11.60, -7.53, Left
1761476227107, -17.96, -11.47, -7.62, Left
1761476227157, -17.82, -11.56, -7.59, Left
1761476227248, -17.88, -11.69, -7.68, Left
1761476227294, -17.79, -11.54, -7.78, Left
1761476227342, -17.71, -11.62, -7.85, Left
1761476227388, -17.89, -11.87, -7.80, Left
1761476227450, -18.09, -12.07, -7.79, Left
1761476227498, -18.21, -12.40, -7.74, Left
1761476227543, -18.18, -12.82, -7.62, Left
1761476227591, -18.36, -13.15, -7.54, Left
1761476227635, -18.46, -13.64, -7.41, Left
1761476227683, -18.68, -14.16, -7.26, Left
1761476227743, -18.76, -14.54, -7.06, Left
1761476227789, -18.87, -15.09, -6.81, Left
1761476227841, -18.93, -15.52, -6.61, Left
1761476227886, -18.84, -15.91, -6.41, Left
1761476227935, -18.72, -16.08, -6.25, Left
1761476227978, -18.65, -15.93, -6.26, Left
1761476228025, -18.70, -15.84, -6.28, Left
1761476228073, -18.63, -15.80, -6.25, Left
1761476228122, -18.57, -15.65, -6.28, Left
1761476228166, -18.60, -15.65, -6.22, Left
1761476228212, -18.71, -15.85, -6.12, Left
1761476228259, -18.73, -15.70, -6.11, Left
1761476228309, -18.73, -15.59, -6.12, Left
1761476228354, -18.75, -15.46, -6.21, Left
1761476228462, -18.72, -15.13, -6.39, Left
1761476228508, -18.64, -15.11, -6.39, Left
1761476228557, -18.59, -15.17, -6.39, Left
1761476228602, -18.51, -15.14, -6.46, Left
1761476228652, -18.49, -14.95, -6.53, Left
1761476228697, -18.44, -14.53, -6.74, Left
1761476228744, -18.41, -14.20, -6.88, Left
1761476228792, -18.47, -14.08, -6.97, Left
1761476228838, -18.56, -13.89, -7.05, Left
1761476228884, -18.63, -13.70, -7.10, Left
1761476228943, -18.80, -13.88, -7.04, Left
1761476229006, -18.78, -13.58, -7.09, Left
1761476229056, -18.72, -13.19, -7.15, Left
1761476229100, -18.55, -12.75, -7.17, Left
1761476229147, -18.51, -12.79, -7.03, Left
1761476229238, -18.38, -12.89, -6.90, Left
1761476229288, -18.17, -12.74, -6.83, Left
1761476229332, -18.04, -12.74, -6.76, Left
1761476229379, -17.90, -12.96, -6.61, Left
1761476229439, -17.69, -13.35, -6.44, Left
1761476229489, -17.40, -13.64, -6.27, Left
1761476229548, -17.28, -13.97, -6.08, Left
1761476229594, -17.16, -14.32, -5.88, Left
1761476229641, -17.09, -14.59, -5.79, Left
1761476229749, -16.71, -14.37, -5.79, Left
1761476229797, -16.43, -14.11, -5.79, Left
1761476229842, -16.24, -14.10, -5.76, Left
1761476229891, -16.00, -13.91, -5.75, Left
1761476229936, -15.86, -13.70, -5.73, Left
1761476229982, -15.82, -12.77, -5.94, Left
1761476230043, -15.70, -11.99, -6.08, Left
1761476230092, -15.60, -11.57, -6.14, Left
1761476230140, -15.49, -11.01, -6.23, Left
1761476230184, -15.49, -10.74, -6.19, Left
1761476230246, -15.71, -10.68, -6.19, Left
1761476230293, -15.90, -10.62, -6.18, Left
1761476230341, -15.96, -10.45, -6.20, Left
1761476230385, -16.03, -10.45, -6.18, Left
1761476230433, -16.09, -10.27, -6.22, Left
1761476230477, -15.99, -10.65, -6.07, Left
1761476230526, -16.03, -10.66, -6.05, Left
1761476230570, -16.11, -10.56, -6.20, Left
1761476230619, -16.12, -10.65, -6.31, Left
1761476230663, -16.05, -10.52, -6.52, Left
1761476230711, -15.96, -10.38, -6.80, Left
1761476230757, -15.90, -10.51, -6.89, Left
1761476230807, -15.92, -10.31, -7.11, Left
1761476230850, -15.91, -10.32, -7.32, Left
1761476230945, -15.79, -10.67, -7.44, Left
1761476230992, -15.78, -10.90, -7.60, Left
1761476231041, -15.72, -11.37, -7.76, Left
1761476231085, -15.64, -11.96, -7.74, Left
1761476231140, -15.68, -12.11, -7.80, Left
1761476231208, -15.70, -12.36, -7.84, Left
1761476231259, -15.89, -12.64, -7.90, Left
1761476231305, -15.99, -12.61, -8.17, Left
1761476231350, -15.91, -13.10, -8.21, Left
1761476231398, -15.96, -13.17, -8.32, Left
1761476231440, -16.00, -13.06, -8.38, Left
1761476231488, -16.00, -13.15, -8.36, Left
1761476231542, -16.06, -13.29, -8.29, Left
1761476231587, -16.12, -13.53, -8.19, Left
1761476231632, -16.11, -14.00, -8.07, Left
1761476231673, -16.11, -14.21, -7.99, Left
1761476231718, -15.93, -14.50, -7.83, Left
1761476231765, -15.82, -14.62, -7.62, Left
1761476231810, -15.86, -14.67, -7.42, Left
1761476231856, -15.74, -14.39, -7.34, Left
1761476231901, -15.67, -14.21, -7.30, Left
1761476231947, -15.73, -14.23, -7.18, Left
1761476231992, -15.84, -14.10, -7.08, Left
1761476232040, -15.91, -13.80, -7.07, Left
1761476232146, -15.85, -13.53, -7.06, Left
1761476232187, -15.86, -13.37, -7.02, Left
1761476232232, -15.93, -13.18, -6.98, Left
1761476232276, -15.99, -13.19, -6.95, Left
1761476232322, -15.77, -12.77, -7.05, Left
1761476232384, -15.56, -12.99, -6.95, Left
1761476232451, -15.50, -12.96, -6.99, Left
1761476232507, -15.40, -12.62, -7.15, Left
1761476232570, -15.29, -12.63, -7.26, Left
1761476232613, -15.13, -12.44, -7.40, Left
1761476232660, -15.00, -12.48, -7.43, Left
1761476232707, -14.94, -12.60, -7.38, Left
1761476232753, -14.77, -12.75, -7.27, Left
1761476232803, -14.65, -12.99, -7.18, Left
1761476232847, -14.67, -13.41, -7.01, Left
1761476232955, -14.82, -13.55, -6.88, Left
1761476233005, -14.79, -13.63, -6.70, Left
1761476233049, -14.72, -13.59, -6.64, Left
1761476233142, -14.48, -13.06, -6.67, Left
1761476233189, -14.24, -12.77, -6.62, Left
1761476233239, -14.09, -12.23, -6.70, Left
1761476233282, -14.10, -12.19, -6.61, Left
1761476233328, -14.10, -11.94, -6.59, Left
1761476233375, -14.16, -11.84, -6.50, Left
1761476233424, -14.33, -11.85, -6.45, Left
1761476233468, -14.44, -11.76, -6.45, Left
1761476233517, -14.59, -11.73, -6.42, Left
1761476233562, -14.65, -11.93, -6.22, Left
1761476233610, -14.84, -12.35, -6.01, Left
1761476233656, -15.10, -12.65, -5.86, Left
1761476233750, -15.22, -12.93, -5.82, Left
1761476233796, -15.13, -12.86, -5.86, Left
1761476233842, -15.13, -13.00, -5.90, Left
1761476233891, -15.02, -12.97, -5.99, Left
1761476233936, -14.91, -12.64, -6.19, Left
1761476233986, -14.80, -12.53, -6.27, Left
1761476234044, -14.63, -12.51, -6.36, Left
1761476234091, -14.49, -12.21, -6.58, Left
1761476234139, -14.42, -12.11, -6.76, Left
1761476234184, -14.21, -12.22, -6.79, Left
1761476234246, -14.18, -12.21, -6.76, Left
1761476234293, -14.34, -12.26, -6.74, Left
1761476234340, -14.30, -12.06, -6.75, Left
1761476234389, -14.30, -12.04, -6.67, Left
1761476234436, -14.29, -12.25, -6.51, Left
1761476234484, -14.33, -12.47, -6.43, Left
1761476234528, -14.40, -12.57, -6.36, Left
1761476234574, -14.51, -12.88, -6.23, Left
1761476234652, -14.45, -13.23, -6.00, Left
1761476234703, -14.53, -13.56, -5.90, Left
1761476234746, -14.71, -14.04, -5.60, Left
1761476234838, -14.51, -14.00, -5.43, Left
1761476234888, -14.56, -14.50, -5.14, Left
1761476234931, -14.51, -14.69, -4.95, Left
1761476235038, -14.58, -15.17, -4.64, Left
1761476235092, -14.56, -15.48, -4.36, Left
1761476235135, -14.47, -15.66, -4.09, Left
1761476235182, -14.35, -15.79, -3.83, Left
1761476235228, -14.24, -15.65, -3.69, Left
1761476235272, -14.24, -15.66, -3.47, Left
1761476235334, -14.03, -15.49, -3.56, Left
1761476235382, -14.13, -15.78, -3.53, Left
1761476235427, -14.14, -15.75, -3.59, Left
1761476235475, -14.09, -15.57, -3.79, Left
1761476235522, -13.96, -15.15, -4.05, Left
1761476235568, -13.82, -15.23, -4.21, Left
1761476235630, -13.81, -15.62, -4.29, Left
1761476235678, -13.85, -15.96, -4.33, Left
1761476235725, -13.97, -16.31, -4.40, Left
1761476235770, -13.84, -16.37, -4.56, Left
1761476235820, -13.92, -16.93, -4.43, Left
1761476235865, -13.78, -17.20, -4.44, Left
1761476235940, -13.80, -17.42, -4.48, Left
1761476235988, -13.84, -17.73, -4.39, Left
1761476236033, -13.89, -18.11, -4.29, Left
1761476236082, -14.03, -18.22, -4.25, Left
1761476236131, -14.09, -18.17, -4.25, Left
1761476236192, -14.08, -17.99, -4.38, Left
1761476236253, -14.10, -17.83, -4.20, Left
1761476236302, -14.18, -17.75, -3.98, Left
1761476236349, -14.16, -17.35, -3.90, Left
1761476236438, -14.35, -17.11, -3.76, Left
1761476236489, -14.37, -16.91, -3.58, Left
1761476236534, -14.44, -16.63, -3.45, Left
1761476236641, -14.52, -16.61, -3.29, Left
1761476236689, -14.53, -16.28, -3.17, Left
1761476236735, -14.50, -15.96, -3.07, Left
1761476236780, -14.54, -15.67, -2.92, Left
1761476236828, -14.52, -15.27, -3.10, Left
1761476236874, -14.62, -15.08, -3.25, Left
1761476236937, -14.74, -14.92, -3.40, Left
1761476236983, -14.70, -14.76, -3.53, Left
1761476237032, -14.68, -14.62, -3.67, Left
1761476237075, -14.55, -14.42, -3.76, Left
1761476237121, -14.31, -13.75, -3.91, Left
1761476237172, -14.15, -13.27, -4.08, Left
1761476237235, -14.14, -13.04, -4.23, Left
1761476237281, -14.16, -12.97, -4.28, Left
1761476237327, -14.18, -13.03, -4.30, Left
1761476237372, -14.16, -12.78, -4.42, Left
1761476237417, -14.15, -12.61, -4.48, Left
1761476237465, -14.16, -12.39, -4.55, Left
1761476237541, -14.20, -12.21, -4.66, Left
1761476237590, -14.45, -12.41, -4.72, Left
1761476237636, -14.74, -12.83, -4.79, Left
1761476237687, -15.03, -13.19, -4.82, Left
1761476237730, -15.21, -13.26, -4.94, Left
1761476237776, -15.41, -13.39, -5.06, Left
1761476237853, -15.53, -13.23, -5.20, Left
1761476237904, -15.72, -13.29, -5.24, Left
1761476237948, -15.58, -13.17, -5.33, Left
1761476238041, -15.49, -12.67, -5.49, Left
1761476238089, -15.49, -12.30, -5.62, Left
1761476238134, -15.33, -11.62, -5.77, Left
1761476238242, -15.06, -10.97, -5.77, Left
1761476238290, -14.78, -10.47, -5.75, Left
1761476238339, -14.48, -9.92, -5.73, Down
1761476238385, -14.20, -9.45, -5.69, Down
1761476238432, -13.91, -9.27, -5.66, Down
1761476238478, -13.27, -8.69, -5.78, Down
1761476238540, -13.22, -8.70, -5.65, Down
1761476238585, -13.10, -9.37, -5.40, Down
1761476238640, -12.81, -9.95, -5.09, Down
1761476238681, -12.50, -10.51, -4.84, Left
1761476238730, -12.29, -10.77, -4.80, Left
1761476238775, -12.07, -10.70, -4.80, Left
1761476238839, -11.86, -10.77, -4.88, Left
1761476238888, -11.68, -10.85, -4.94, Left
1761476238933, -11.71, -11.12, -4.92, Left
1761476239041, -11.89, -11.76, -4.75, Left
1761476239088, -11.86, -11.93, -4.78, Left
1761476239134, -11.92, -11.93, -4.88, Left
1761476239183, -12.15, -11.86, -5.08, Left
1761476239227, -12.39, -12.03, -5.17, Left
1761476239272, -12.85, -12.71, -5.21, Left
1761476239334, -13.10, -13.27, -5.22, Left
1761476239381, -13.22, -13.63, -5.15, Left
1761476239427, -13.35, -13.94, -5.09, Left
1761476239472, -13.48, -13.91, -5.05, Left
1761476239520, -13.81, -14.07, -4.98, Left
1761476239569, -13.74, -13.84, -4.96, Left
1761476239643, -13.82, -13.76, -4.93, Left
1761476239690, -13.71, -13.51, -4.89, Left
1761476239739, -13.81, -13.15, -4.92, Left
1761476239850, -13.80, -12.69, -4.88, Left
1761476239897, -13.95, -12.47, -4.89, Left
1761476239943, -14.16, -12.41, -4.83, Left
1761476240037, -14.43, -12.38, -4.85, Left
1761476240085, -14.58, -12.26, -4.93, Left
1761476240131, -14.60, -11.89, -5.11, Left
1761476240177, -15.10, -11.75, -5.28, Left
1761476242211, -15.33, -11.53, -5.38, Left
1761476242254, -15.42, -11.01, -5.78, Left
1761476242346, -15.70, -10.67, -6.11, Left
1761476242393, -15.87, -10.35, -6.45, Left
1761476242440, -16.01, -9.81, -6.86, Down
1761476242531, -16.15, -9.47, -7.19, Down
1761476242580, -16.23, -8.97, -7.51, Down
1761476242624, -16.23, -8.75, -7.77, Down
1761476242671, -16.44, -8.46, -8.02, Down
1761476242719, -16.43, -8.34, -8.21, Down
1761476242763, -16.46, -7.98, -8.55, Down
1761476242842, -16.76, -8.18, -8.53, Down
1761476242889, -16.63, -8.27, -8.55, Down
1761476242937, -16.52, -8.05, -8.62, Down
1761476243030, -16.55, -8.05, -8.60, Down
1761476243077, -16.56, -7.79, -8.68, Down
1761476243124, -16.50, -7.42, -8.76, Down
1761476243172, -16.68, -7.30, -8.88, Down
1761476243220, -16.59, -7.47, -8.88, Down
1761476245162, -16.49, -7.29, -8.98, Down
1761476245220, -16.65, -7.25, -8.84, Down
1761476245263, -16.78, -6.36, -8.89, Down
1761476245312, -17.03, -5.39, -8.95, Down
1761476245357, -16.91, -4.00, -9.16, Down
1761476245404, -16.78, -2.96, -9.26, Down
1761476245452, -16.49, -2.00, -9.34, Down
1761476245544, -16.26, -0.97, -9.45, Down
1761476245590, -15.79, 0.34, -9.53, Down
1761476245638, -15.58, 1.68, -9.60, Down
1761476245729, -15.39, 2.04, -9.41, Down
1761476245777, -15.04, 2.55, -9.37, Down
1761476245823, -14.65, 2.70, -9.34, Down
1761476245869, -14.10, 2.13, -9.09, Down
1761476245919, -13.92, 0.79, -8.64, Down
1761476245965, -13.52, -0.29, -8.40, Down
1761476246043, -13.22, -0.72, -8.42, Down
1761476246089, -12.92, -1.42, -8.34, Down
1761476246137, -12.79, -2.19, -8.29, Down
1761476248105, -12.62, -2.70, -8.34, Down
1761476248164, -12.38, -2.60, -8.59, Down
1761476248206, -12.23, -2.87, -8.70, Down
1761476248255, -12.20, -3.22, -8.78, Down
1761476248301, -12.39, -2.56, -9.17, Down
1761476248349, -12.51, -1.74, -9.55, Down
1761476248440, -12.86, -1.15, -9.80, Down
1761476248486, -13.24, -1.12, -9.81, Down
1761476248533, -13.70, -1.17, -9.83, Down
1761476248631, -13.92, -1.43, -9.72, Down
1761476248679, -14.02, -1.80, -9.57, Down
1761476248722, -14.31, -2.25, -9.37, Down
1761476248848, -14.32, -2.06, -9.46, Down
1761476248897, -14.22, -2.10, -9.42, Down
1761476248941, -14.20, -2.46, -9.35, Down
1761476249037, -13.98, -2.63, -9.36, Down
1761476249097, -13.70, -2.65, -9.37, Down
1761476251231, -13.59, -2.93, -9.30, Down
1761476251292, -13.47, -3.55, -9.17, Down
1761476251345, -13.46, -4.13, -9.07, Down
1761476251394, -14.03, -5.05, -9.15, Down
1761476254192, -12.51, -5.20, -9.16, Down
1761476254247, -10.62, -5.63, -8.97, Down
1761476254319, -8.84, -6.33, -8.72, Forward
1761476254361, -6.99, -7.06, -8.40, Forward
1761476254403, -5.38, -7.93, -8.03, Forward
1761476254446, -3.94, -8.71, -7.68, Forward
1761476254488, -2.30, -9.21, -7.40, Forward
1761476254534, 0.20, -8.78, -7.18, Forward
1761476254624, 3.21, -8.63, -7.17, Forward
1761476257057, 5.66, -10.43, -5.82, Left
1761476257642, 5.54, -14.33, -4.68, Left
1761476257685, 5.10, -18.57, -3.43, Left
1761476257727, 4.45, -22.75, -2.42, Left
1761476257792, 3.90, -26.88, -1.32, Left
1761476257833, 3.49, -30.89, -0.24, Left
1761476257876, 3.24, -35.17, 0.79, Left
1761476257919, 2.78, -39.48, 1.77, Left
1761476257962, 1.57, -44.36, 2.85, Left
1761476258003, -0.17, -48.66, 4.07, Left
1761476258050, -0.70, -50.57, 4.16, Left
1761476259979, -0.65, -50.88, 4.26, Left
1761476260020, -0.90, -51.11, 3.88, Left
1761476260064, -0.92, -51.39, 3.65, Left
1761476260111, -0.77, -51.72, 3.47, Left
1761476260151, -0.80, -52.21, 3.30, Left
1761476260193, -0.64, -52.43, 3.18, Left
1761476260235, -0.42, -52.53, 2.99, Left
1761476260276, -0.35, -52.86, 2.74, Left
1761476260317, -0.38, -52.96, 2.39, Left
1761476260358, -0.55, -52.96, 1.74, Left
1761476260398, -0.64, -53.16, 1.25, Left
1761476260442, -0.54, -53.33, 1.04, Left
1761476260483, -0.30, -53.34, 0.93, Left
1761476260525, -0.46, -53.37, 0.66, Left
1761476260578, -0.39, -53.19, 0.39, Left
1761476260619, -0.44, -53.10, 0.18, Left
1761476260664, -0.43, -53.05, 0.13, Left
1761476260707, -0.34, -52.67, -0.06, Left
1761476260750, 0.03, -52.16, -0.22, Left
1761476260791, 0.48, -51.85, -0.16, Left
1761476260835, 0.99, -51.57, -0.18, Left
1761476260878, 1.55, -51.26, -0.07, Left
1761476260919, 1.80, -51.21, 0.21, Left
1761476260977, 2.28, -51.40, 0.65, Left
1761476262900, 2.50, -51.67, 0.97, Left
1761476262944, 1.51, -50.96, 0.59, Left
1761476263026, -1.08, -48.25, 0.54, Left
1761476263067, -3.54, -45.23, 0.55, Left
1761476263120, -6.48, -42.61, 0.52, Left
1761476263165, -9.21, -39.95, 0.52, Left
1761476263207, -12.21, -37.21, 0.49, Left
1761476263250, -15.17, -34.62, 0.43, Left
1761476263310, -17.88, -31.17, 0.08, Left
1761476263352, -20.83, -27.45, -0.42, Left
1761476263396, -23.60, -23.96, -0.82, Left
1761476263438, -25.21, -21.56, -0.49, Left
1761476263482, -25.23, -21.06, -0.55, Left
1761476263524, -25.34, -20.94, -0.61, Left
1761476263565, -25.13, -20.64, -0.53, Left
1761476263608, -25.15, -20.71, -0.46, Left
1761476263650, -24.91, -20.30, -0.46, Left
1761476263714, -24.83, -19.39, -0.59, Left
1761476263756, -24.81, -19.07, -0.70, Left
1761476263796, -24.65, -18.65, -0.90, Left
1761476263838, -24.74, -18.41, -1.09, Left
1761476263883, -24.64, -17.87, -1.28, Left
1761476265817, -24.78, -17.70, -1.47, Left
1761476265860, -24.50, -17.28, -2.11, Left
1761476265902, -24.72, -17.68, -2.65, Left
1761476265947, -24.98, -17.88, -3.31, Left
1761476265991, -25.41, -18.39, -3.87, Left
1761476266052, -25.71, -19.41, -4.38, Left
1761476266094, -25.90, -20.26, -4.83, Left
1761476266135, -26.19, -21.31, -5.10, Left
1761476266180, -26.50, -21.92, -5.53, Left
1761476266222, -26.67, -22.77, -6.00, Left
1761476266267, -26.95, -23.40, -6.56, Left
1761476266308, -27.31, -24.03, -6.70, Left
1761476266350, -27.19, -24.13, -6.85, Left
1761476266393, -27.17, -24.02, -6.97, Left
1761476266452, -27.18, -23.86, -7.10, Left
1761476266494, -27.42, -23.48, -7.18, Left
1761476266535, -27.51, -23.56, -7.31, Left
1761476266580, -27.55, -23.56, -7.40, Left
1761476266624, -27.41, -23.70, -7.44, Left
1761476266664, -27.56, -23.54, -7.48, Left
1761476266706, -27.38, -23.53, -7.40, Left
1761476266749, -27.34, -23.47, -7.28, Left
1761476266791, -27.38, -23.08, -7.20, Left
1761476266834, -27.27, -22.37, -7.23, Left
1761476268786, -27.11, -22.02, -7.24, Left
1761476268831, -26.46, -22.09, -7.09, Left
1761476268912, -26.15, -22.36, -6.93, Left
1761476268954, -25.91, -22.51, -6.84, Left
1761476268997, -25.68, -22.60, -6.71, Left
1761476269038, -25.53, -22.78, -6.57, Left
1761476269102, -25.48, -22.98, -6.48, Left
1761476269144, -25.45, -23.31, -6.44, Left
1761476269200, -25.41, -23.87, -6.45, Left
1761476269241, -25.30, -24.54, -6.34, Left
1761476269282, -25.24, -25.10, -6.22, Left
1761476269327, -25.67, -25.56, -6.25, Left
1761476269407, -25.93, -25.51, -6.36, Left
1761476269448, -25.99, -25.73, -6.42, Left
1761476269492, -26.16, -25.96, -6.50, Left
1761476269533, -26.15, -26.55, -6.50, Left
1761476269578, -26.08, -26.93, -6.51, Left
1761476269618, -26.28, -27.37, -6.63, Left
1761476269661, -26.49, -27.70, -6.74, Left
1761476269704, -26.78, -28.27, -6.84, Left
1761476269749, -26.76, -28.96, -6.86, Left
1761476271700, -26.86, -29.25, -7.05, Left
1761476271743, -26.42, -28.89, -6.84, Left
1761476271784, -26.34, -28.58, -6.66, Left
1761476271824, -25.95, -27.91, -6.52, Left
1761476271865, -25.63, -26.89, -6.41, Left
1761476271909, -25.34, -26.09, -6.29, Left
1761476271951, -24.91, -25.25, -6.06, Left
1761476271997, -24.45, -24.29, -5.83, Left
1761476272041, -24.15, -23.68, -5.58, Left
1761476272083, -24.06, -22.92, -5.34, Left
1761476272127, -23.54, -21.49, -5.22, Left
1761476272168, -23.45, -20.42, -5.44, Left
1761476272211, -23.26, -19.21, -5.70, Left
1761476272253, -23.29, -18.15, -5.92, Left
1761476272297, -23.31, -17.35, -6.17, Left
1761476272339, -23.36, -16.89, -6.26, Left
1761476272382, -23.40, -16.44, -6.36, Left
1761476272426, -23.34, -16.03, -6.54, Left
1761476272467, -23.11, -15.34, -6.71, Left
1761476272513, -22.98, -14.80, -6.92, Left
1761476272555, -23.16, -14.75, -6.95, Left
1761476272611, -23.33, -15.36, -6.78, Left
1761476272652, -23.29, -15.90, -6.58, Left
1761476272698, -23.27, -16.46, -6.38, Left
1761476274621, -23.36, -16.85, -6.24, Left
1761476274662, -23.71, -18.20, -6.25, Left
1761476274704, -24.13, -19.50, -6.17, Left
1761476274744, -24.28, -20.85, -5.92, Left
1761476274784, -24.53, -21.93, -5.72, Left
1761476274825, -24.71, -22.65, -5.61, Left
1761476274866, -24.81, -23.79, -5.46, Left
1761476274910, -25.02, -24.60, -5.45, Left
1761476275007, -25.29, -25.87, -5.39, Left
1761476275048, -25.55, -27.10, -5.36, Left
1761476275089, -25.71, -28.26, -5.31, Left
1761476275130, -25.58, -28.03, -5.27, Left
1761476275171, -25.30, -27.90, -5.21, Left
1761476275213, -25.46, -27.92, -5.32, Left
1761476275296, -25.79, -29.22, -5.41, Left
1761476275337, -26.18, -30.51, -5.46, Left
1761476275380, -26.45, -31.50, -5.48, Left
1761476275505, -26.01, -33.20, -5.84, Left
1761476275547, -25.16, -34.40, -5.80, Left
1761476275598, -23.76, -35.57, -5.95, Left
1761476277553, -22.36, -36.78, -6.07, Left
1761476277635, -22.21, -36.74, -5.63, Left
1761476277679, -22.13, -36.47, -5.31, Left
1761476277721, -21.99, -35.99, -5.00, Left
1761476277807, -21.44, -34.28, -4.62, Left
1761476277848, -20.98, -32.96, -4.18, Left
1761476277892, -20.60, -31.84, -3.76, Left
1761476277935, -20.95, -29.96, -3.02, Left
1761476277980, -21.65, -28.04, -2.88, Left
1761476278023, -22.92, -26.60, -2.45, Left
1761476278094, -24.28, -25.29, -2.04, Left
1761476278136, -24.32, -25.11, -2.16, Left
1761476278178, -24.39, -25.20, -2.27, Left
1761476278220, -24.26, -25.01, -2.32, Left
1761476278303, -24.37, -25.58, -2.35, Left
1761476278346, -24.39, -25.91, -2.41, Left
1761476278399, -24.31, -25.87, -2.56, Left
1761476278441, -24.30, -25.83, -2.73, Left
1761476278484, -24.30, -25.91, -2.74, Left
1761476278525, -24.25, -25.93, -2.85, Left
1761476280456, -24.15, -25.91, -2.91, Left
1761476280497, -23.92, -25.38, -3.15, Left
1761476280591, -23.77, -25.15, -3.34, Left
1761476280632, -23.79, -25.15, -3.55, Left
1761476280676, -23.70, -24.72, -3.83, Left
1761476280717, -23.56, -24.40, -4.11, Left
1761476280761, -23.52, -24.57, -4.25, Left
1761476280802, -23.35, -24.55, -4.37, Left
1761476280898, -22.92, -23.80, -4.63, Left
1761476280943, -22.89, -23.43, -4.79, Left
1761476280985, -22.74, -22.84, -5.01, Left
1761476281028, -22.68, -22.69, -5.09, Left
1761476281071, -22.65, -22.58, -5.14, Left
1761476281111, -22.34, -22.47, -5.12, Left
1761476281198, -22.19, -22.51, -5.08, Left
1761476281240, -22.21, -22.41, -5.11, Left
1761476281280, -22.16, -22.23, -5.17, Left
1761476281325, -22.18, -22.20, -5.22, Left
1761476281366, -22.40, -22.78, -5.15, Left
1761476281411, -22.43, -22.88, -5.19, Left
1761476283370, -22.51, -22.99, -5.23, Left
1761476283411, -22.80, -23.85, -5.11, Left
1761476283453, -22.97, -24.06, -5.05, Left
1761476283505, -23.17, -24.08, -5.07, Left
1761476283547, -23.30, -23.83, -5.13, Left
1761476283592, -23.19, -23.57, -5.11, Left
1761476283634, -23.25, -23.15, -5.18, Left
1761476283678, -23.27, -22.80, -5.23, Left
1761476283720, -23.57, -22.70, -5.26, Left
1761476283791, -23.58, -22.69, -5.33, Left
1761476283831, -23.60, -22.41, -5.42, Left
1761476283875, -23.50, -21.52, -5.67, Left
1761476283917, -23.19, -21.27, -5.75, Left
1761476283961, -23.22, -21.28, -5.81, Left
1761476284003, -23.18, -21.21, -5.92, Left
1761476284095, -23.22, -21.56, -5.94, Left
1761476284135, -23.26, -21.79, -5.92, Left
1761476284178, -23.39, -22.12, -5.91, Left
1761476284218, -23.20, -21.66, -6.03, Left
1761476284260, -23.07, -21.41, -5.99, Left
1761476284304, -23.01, -21.27, -6.00, Left
1761476284345, -22.95, -21.54, -5.92, Left
1761476286293, -23.13, -21.45, -5.99, Left
1761476286338, -23.18, -21.22, -6.00, Left
1761476286399, -23.17, -21.10, -5.94, Left
1761476286438, -23.25, -20.68, -5.94, Left
1761476286480, -23.18, -20.36, -5.93, Left
1761476286523, -23.12, -20.25, -5.97, Left
1761476286566, -23.25, -20.87, -5.85, Left
1761476286610, -23.07, -20.51, -5.82, Left
1761476286688, -23.02, -20.81, -5.62, Left
1761476286730, -23.09, -20.79, -5.52, Left
1761476286777, -23.08, -20.81, -5.40, Left
1761476286822, -23.14, -21.33, -5.29, Left
1761476286863, -23.36, -21.87, -5.21, Left
1761476286906, -23.50, -22.12, -5.26, Left
1761476286992, -23.50, -22.22, -5.36, Left
1761476287034, -23.64, -22.32, -5.40, Left
1761476287076, -23.67, -22.35, -5.45, Left
1761476287118, -23.93, -22.80, -5.43, Left
1761476287162, -24.01, -22.91, -5.49, Left
1761476287208, -24.04, -22.69, -5.62, Left
1761476287299, -24.07, -22.71, -5.69, Left
1761476289316, -24.15, -22.61, -5.72, Left
1761476289358, -24.26, -22.21, -5.88, Left
1761476289401, -24.42, -22.13, -5.91, Left
1761476289444, -24.72, -22.21, -5.90, Left
1761476289490, -24.84, -21.95, -5.93, Left
1761476289532, -24.95, -21.64, -6.01, Left
1761476289577, -25.27, -21.37, -6.19, Left
1761476289623, -25.45, -21.20, -6.41, Left
1761476289695, -25.75, -20.70, -6.66, Left
1761476289740, -26.05, -19.93, -6.98, Left
1761476289782, -26.27, -19.08, -7.36, Left
1761476289825, -26.21, -18.62, -7.56, Left
1761476289867, -26.13, -18.13, -7.77, Left
1761476289908, -26.06, -17.58, -8.03, Left
1761476289999, -26.11, -17.10, -8.28, Left
1761476290040, -26.18, -16.77, -8.46, Left
1761476290081, -26.19, -16.58, -8.61, Left
1761476290125, -26.21, -16.10, -8.70, Left
1761476290169, -26.05, -16.18, -8.69, Left
1761476290211, -26.08, -16.51, -8.64, Left
1761476290288, -26.22, -16.66, -8.67, Left
1761476292224, -26.42, -16.47, -8.76, Left
1761476292266, -26.78, -17.09, -8.90, Left
1761476292309, -27.25, -17.65, -9.00, Left
1761476292351, -27.55, -17.63, -9.13, Left
1761476292393, -27.58, -18.07, -9.17, Left
1761476292494, -27.58, -18.51, -9.33, Left
1761476292535, -27.78, -19.25, -9.42, Left
1761476292578, -27.84, -19.92, -9.52, Left
1761476292624, -27.93, -20.39, -9.66, Left
1761476292668, -28.06, -20.84, -9.71, Left
1761476292710, -28.11, -21.48, -9.63, Left
1761476292787, -27.97, -21.01, -9.57, Left
1761476292829, -27.81, -20.90, -9.47, Left
1761476292876, -27.65, -21.16, -9.36, Left
1761476292924, -27.48, -20.78, -9.33, Left
1761476292967, -27.53, -20.62, -9.16, Left
1761476293011, -27.49, -20.12, -9.18, Left
1761476293087, -27.61, -20.01, -9.11, Left
1761476293128, -27.33, -19.66, -9.06, Left
1761476293173, -26.98, -19.56, -8.95, Left
1761476293216, -26.70, -19.40, -8.96, Left
1761476295248, -26.68, -19.85, -8.93, Left
1761476295292, -26.42, -19.97, -8.94, Left
1761476295337, -25.97, -19.90, -9.01, Left
1761476295378, -25.73, -20.11, -9.06, Left
1761476295423, -25.39, -20.21, -9.18, Left
1761476295487, -25.01, -20.52, -9.19, Left
1761476295528, -24.62, -20.51, -9.25, Left
1761476295569, -24.52, -20.87, -9.37, Left
1761476295610, -24.26, -20.82, -9.42, Left
1761476295656, -24.34, -21.10, -9.50, Left
1761476295696, -23.73, -20.53, -9.52, Left
1761476295790, -23.66, -20.53, -9.55, Left
1761476295833, -23.86, -20.87, -9.49, Left
1761476295874, -24.10, -21.00, -9.48, Left
1761476295916, -24.08, -20.91, -9.36, Left
1761476295958, -24.10, -20.79, -9.21, Left
1761476296000, -24.19, -20.59, -9.11, Left
1761476296095, -24.28, -20.46, -8.93, Left
1761476296136, -24.45, -20.59, -8.87, Left
1761476296177, -24.42, -20.49, -8.78, Left
1761476296221, -24.80, -20.52, -8.83, Left
1761476298163, -24.75, -20.40, -8.80, Left
1761476298205, -24.69, -20.79, -8.88, Left
1761476298287, -24.61, -21.21, -8.98, Left
1761476298330, -24.95, -21.53, -9.18, Left
1761476298374, -25.18, -21.86, -9.35, Left
1761476298419, -25.37, -22.31, -9.59, Left
1761476298460, -25.51, -22.45, -9.80, Left
1761476298503, -25.69, -22.52, -10.01, Left
1761476298591, -25.68, -22.89, -10.17, Left
1761476298638, -25.74, -23.56, -10.23, Left
1761476298682, -25.90, -23.95, -10.35, Left
1761476298723, -26.11, -23.73, -10.36, Left
1761476298768, -26.33, -23.47, -10.36, Left
1761476298810, -26.09, -23.06, -10.36, Left
1761476298883, -26.08, -22.99, -10.34, Left
1761476298925, -26.32, -22.83, -10.31, Left
1761476298970, -26.53, -22.81, -10.29, Left
1761476299011, -26.50, -23.26, -10.20, Left
1761476299054, -26.87, -23.43, -10.15, Left
1761476299098, -26.75, -23.19, -10.17, Left
1761476301187, -26.61, -23.19, -10.11, Left
1761476301271, -27.00, -23.63, -9.78, Left
1761476301313, -27.61, -24.10, -9.60, Left
1761476301354, -28.55, -24.80, -9.52, Left
1761476301395, -29.67, -25.13, -9.63, Left
1761476301486, -29.90, -24.47, -9.53, Left
1761476301528, -30.18, -23.64, -9.40, Left
1761476301572, -30.69, -22.45, -9.36, Left
1761476301615, -31.10, -22.22, -9.26, Left
1761476301658, -31.93, -22.28, -9.00, Left
1761476301704, -32.42, -21.67, -8.89, Left
1761476301792, -32.47, -21.28, -9.06, Left
1761476301835, -32.38, -20.79, -9.02, Left
1761476301876, -32.05, -20.14, -8.86, Left
1761476301921, -31.35, -19.17, -8.63, Left
1761476301962, -31.33, -19.19, -8.53, Left
1761476302009, -31.38, -19.83, -8.44, Left
1761476302078, -31.19, -20.27, -8.36, Left
1761476302124, -31.13, -19.63, -8.35, Left
1761476302175, -30.89, -19.11, -8.42, Left
1761476304125, -30.93, -18.97, -8.45, Left
1761476304171, -30.22, -18.26, -8.83, Left
1761476304212, -29.68, -17.34, -9.28, Left
1761476304287, -29.32, -17.31, -9.70, Left
1761476304328, -29.14, -17.42, -10.10, Left
1761476304379, -28.91, -17.83, -10.49, Left
1761476304421, -28.35, -17.03, -10.92, Left
1761476304464, -27.99, -16.35, -11.31, Left
1761476304507, -27.48, -15.89, -11.77, Left
1761476304577, -27.05, -15.49, -12.25, Left
1761476304621, -26.87, -15.46, -12.63, Left
1761476304664, -27.27, -15.37, -12.70, Left
1761476304705, -27.40, -15.39, -12.79, Left
1761476304747, -27.61, -14.75, -12.88, Left
1761476304789, -27.60, -14.59, -13.05, Left
1761476304879, -27.61, -14.41, -13.17, Left
1761476304919, -27.76, -14.73, -13.30, Left
1761476304959, -28.05, -15.09, -13.45, Left
1761476305004, -28.15, -15.29, -13.51, Left
1761476305046, -28.36, -15.83, -13.56, Left
1761476305090, -28.41, -16.13, -13.62, Left
1761476305131, -28.54, -16.62, -13.71, Left
1761476307043, -28.66, -17.36, -13.74, Left
1761476307092, -28.34, -17.81, -13.73, Left
1761476307139, -28.35, -18.26, -13.64, Left
1761476307183, -28.38, -18.27, -13.62, Left
1761476307227, -28.33, -18.57, -13.66, Left
1761476307280, -28.20, -19.24, -13.61, Left
1761476307324, -28.18, -19.48, -13.63, Left
1761476307365, -28.14, -19.34, -13.64, Left
1761476307407, -28.34, -19.33, -13.79, Left
1761476307452, -28.42, -19.28, -13.91, Left
1761476307494, -28.40, -19.27, -14.05, Left
1761476307584, -28.72, -19.48, -14.53, Left
1761476307625, -28.83, -19.31, -15.00, Left
1761476307669, -28.99, -19.04, -15.41, Left
1761476307709, -28.85, -18.80, -15.75, Left
1761476307755, -28.85, -17.65, -16.13, Left
1761476307796, -28.82, -16.87, -16.51, Left
1761476307888, -28.74, -16.59, -16.81, Left
1761476307929, -28.50, -16.17, -17.02, Left
1761476307983, -28.59, -16.32, -17.20, Left
1761476308024, -28.89, -16.27, -17.36, Left
1761476309981, -29.15, -16.52, -17.25, Left
1761476310082, -28.44, -18.11, -16.16, Left
1761476310123, -27.62, -18.61, -14.93, Left
1761476310170, -26.35, -18.82, -13.49, Left
1761476310211, -24.94, -19.04, -12.20, Left
1761476310254, -23.62, -19.36, -10.84, Left
1761476310294, -22.45, -19.20, -9.53, Left
1761476310340, -21.14, -18.89, -8.44, Left
1761476310385, -19.50, -17.50, -7.45, Left
1761476310425, -17.23, -15.79, -6.30, Left
1761476310482, -14.86, -15.02, -5.26, Left
1761476310522, -13.82, -12.64, -5.48, Left
1761476310567, -12.54, -11.90, -5.67, Left
1761476310607, -12.49, -10.65, -6.46, Left
1761476310649, -12.21, -10.02, -7.09, Left
1761476310690, -11.90, -9.33, -7.74, Down
1761476310734, -11.17, -8.81, -8.42, Down
1761476310776, -10.50, -8.24, -8.82, Down
1761476310819, -10.22, -8.85, -9.11, Down
1761476310879, -10.75, -10.31, -9.42, Left
1761476310920, -11.43, -10.30, -9.67, Left
1761476310962, -11.71, -10.56, -9.67, Left
1761476312915, -12.26, -10.72, -9.84, Left
1761476315878, -10.88, -12.03, -9.17, Left
1761476315919, -9.74, -13.21, -8.51, Left
1761476315965, -8.51, -14.48, -7.82, Left
1761476316006, -7.91, -15.99, -7.08, Left
1761476316053, -7.27, -17.55, -6.40, Left
1761476316100, -6.36, -18.39, -5.82, Left
1761476316143, -5.13, -18.59, -5.43, Left
1761476316186, -4.32, -19.70, -4.86, Left
1761476316229, -3.46, -21.06, -4.19, Left
1761476316274, -2.61, -22.23, -3.60, Left
1761476316318, -3.42, -22.82, -3.51, Left
1761476316363, -4.07, -23.42, -3.47, Left
1761476316404, -4.34, -23.61, -3.51, Left
1761476316446, -4.19, -23.50, -3.53, Left
1761476316489, -4.42, -23.73, -3.61, Left
1761476316534, -4.42, -23.62, -3.67, Left
1761476316577, -4.73, -24.01, -3.53, Left
1761476316619, -4.60, -23.92, -3.48, Left
1761476316662, -4.61, -23.70, -3.53, Left
1761476316704, -4.71, -23.57, -3.51, Left
1761476316748, -4.61, -23.40, -3.48, Left
1761476316789, -4.65, -23.30, -3.38, Left
1761476316836, -5.12, -23.39, -3.34, Left
1761476318744, -5.69, -23.37, -3.38, Left
1761476318786, -6.03, -23.27, -3.15, Left
1761476318830, -6.54, -23.51, -2.91, Left
1761476318872, -6.75, -23.44, -2.82, Left
1761476318917, -6.77, -23.32, -2.77, Left
1761476318977, -6.80, -22.90, -2.76, Left
1761476319017, -6.56, -22.54, -2.75, Left
1761476319061, -6.55, -22.35, -2.71, Left
1761476319103, -6.55, -22.20, -2.74, Left
1761476319146, -6.57, -22.31, -2.63, Left
1761476319190, -6.78, -22.53, -2.53, Left
1761476319234, -6.76, -22.42, -2.70, Left
1761476319280, -6.66, -22.20, -2.85, Left
1761476319321, -6.06, -21.81, -2.94, Left
1761476319363, -5.59, -21.65, -2.95, Left
1761476319403, -4.82, -21.50, -2.88, Left
1761476319447, -4.16, -21.44, -2.84, Left
1761476319488, -3.79, -21.32, -2.74, Left
1761476319534, -3.50, -21.20, -2.64, Left
1761476319578, -3.46, -21.41, -2.63, Left
1761476319620, -3.26, -21.51, -2.70, Left
1761476319665, -3.15, -21.75, -2.67, Left
1761476319706, -3.09, -21.94, -2.73, Left
1761476319748, -3.54, -22.50, -2.79, Left
1761476321749, -4.12, -22.76, -2.93, Left
1761476321794, -5.20, -23.03, -2.90, Left
1761476321872, -6.32, -23.06, -2.97, Left
1761476321916, -6.93, -23.09, -3.10, Left
1761476321969, -7.34, -22.83, -3.26, Left
1761476322010, -7.45, -22.41, -3.28, Left
1761476322051, -7.59, -21.99, -3.24, Left
1761476322091, -7.42, -21.54, -3.24, Left
1761476322135, -7.38, -21.02, -3.24, Left
1761476322179, -7.64, -20.64, -3.16, Left
1761476322220, -7.65, -20.27, -3.06, Left
1761476322270, -7.44, -20.09, -3.18, Left
1761476322315, -7.19, -19.98, -3.21, Left
1761476322368, -7.12, -20.06, -3.21, Left
1761476322410, -7.16, -20.24, -3.21, Left
1761476322451, -7.21, -20.21, -3.30, Left
1761476322495, -7.26, -20.25, -3.28, Left
1761476322536, -7.61, -20.27, -3.33, Left
1761476322580, -8.00, -20.70, -3.26, Left
1761476322620, -8.02, -20.73, -3.28, Left
1761476322670, -8.25, -21.03, -3.24, Left
1761476322714, -8.49, -21.23, -3.21, Left
1761476324682, -8.73, -21.64, -3.10, Left
1761476324723, -8.84, -22.11, -3.10, Left
1761476324767, -9.14, -22.55, -3.04, Left
1761476324809, -9.61, -23.13, -2.94, Left
1761476324851, -9.98, -23.63, -2.88, Left
1761476324894, -10.37, -24.14, -2.85, Left
1761476324974, -10.75, -24.22, -2.96, Left
1761476325022, -11.12, -24.56, -2.95, Left
1761476325067, -11.44, -24.77, -3.00, Left
1761476325109, -11.77, -24.88, -3.06, Left
1761476325153, -12.10, -25.05, -3.12, Left
1761476325198, -12.61, -24.84, -3.22, Left
1761476325262, -12.52, -24.61, -3.37, Left
1761476325304, -12.16, -24.13, -3.60, Left
1761476325347, -11.90, -23.66, -3.85, Left
1761476325388, -11.50, -23.42, -3.95, Left
1761476325431, -10.78, -23.20, -3.98, Left
1761476325473, -9.98, -23.26, -3.79, Left
1761476325566, -10.09, -22.78, -3.93, Left
1761476325608, -10.23, -22.35, -4.00, Left
1761476325652, -10.34, -21.34, -4.23, Left
1761476327601, -9.58, -21.12, -4.22, Left
1761476327643, -9.55, -20.85, -4.16, Left
1761476327685, -9.77, -20.55, -4.12, Left
1761476327759, -9.91, -20.41, -4.03, Left
1761476327801, -10.18, -20.26, -3.98, Left
1761476327846, -10.75, -20.31, -3.88, Left
1761476327887, -11.56, -19.77, -4.10, Left
1761476327933, -11.47, -19.66, -4.06, Left
1761476327974, -11.30, -19.88, -3.97, Left
1761476328063, -11.13, -20.50, -3.79, Left
1761476328105, -11.72, -20.41, -3.74, Left
1761476328150, -11.90, -20.39, -3.72, Left
1761476328192, -12.01, -20.62, -3.65, Left
1761476328236, -12.10, -20.90, -3.54, Left
1761476328282, -11.83, -20.70, -3.55, Left
1761476328369, -11.58, -20.60, -3.55, Left
1761476328411, -11.15, -20.46, -3.59, Left
1761476328453, -10.79, -20.31, -3.62, Left
1761476328502, -10.31, -20.15, -3.64, Left
1761476328547, -9.78, -19.77, -3.71, Left
1761476328589, -9.20, -19.58, -3.81, Left
1761476330661, -9.05, -19.77, -3.72, Left
1761476330702, -9.01, -19.36, -3.47, Left
1761476330747, -9.27, -19.21, -3.22, Left
1761476330791, -9.75, -19.06, -2.99, Left
1761476330832, -10.13, -19.09, -2.67, Left
1761476330878, -10.55, -19.29, -2.32, Left
1761476330958, -10.94, -19.23, -2.05, Left
1761476331001, -11.44, -19.12, -1.79, Left
1761476331046, -12.04, -19.15, -1.52, Left
1761476331087, -12.56, -18.96, -1.18, Left
1761476331130, -12.81, -18.82, -0.95, Left
1761476331171, -12.92, -19.26, -0.87, Left
1761476331263, -12.50, -18.78, -1.02, Left
1761476331308, -12.25, -18.64, -1.05, Left
1761476331351, -11.97, -18.22, -1.20, Left
1761476331397, -11.73, -18.04, -1.31, Left
1761476331440, -11.46, -17.88, -1.42, Left
1761476331483, -11.51, -18.21, -1.43, Left
1761476331565, -11.34, -18.41, -1.43, Left
1761476331609, -11.39, -18.82, -1.42, Left
1761476331652, -11.27, -18.89, -1.47, Left
1761476333576, -11.13, -18.64, -1.61, Left
1761476333617, -11.11, -19.26, -1.55, Left
1761476333663, -11.13, -19.76, -1.56, Left
1761476333706, -11.31, -20.46, -1.46, Left
1761476333747, -11.51, -20.96, -1.40, Left
1761476333790, -11.69, -21.43, -1.31, Left
1761476333855, -11.36, -21.23, -1.44, Left
1761476333896, -11.18, -21.04, -1.57, Left
1761476333938, -10.92, -20.89, -1.69, Left
1761476333981, -10.75, -21.04, -1.63, Left
1761476334023, -10.56, -21.49, -1.52, Left
1761476334065, -10.52, -21.59, -1.45, Left
1761476334107, -10.52, -21.59, -1.45, Left
1761476334150, -10.35, -21.12, -1.63, Left
1761476334193, -10.15, -20.89, -1.62, Left
1761476334255, -10.02, -20.92, -1.60, Left
1761476334298, -9.98, -20.91, -1.53, Left
1761476334339, -9.94, -21.00, -1.46, Left
1761476334384, -9.93, -20.96, -1.45, Left
1761476334430, -9.98, -20.91, -1.53, Left
1761476334471, -10.16, -21.01, -1.52, Left
1761476334560, -10.16, -20.84, -1.51, Left
1761476336568, -10.14, -20.92, -1.41, Left
1761476336619, -10.07, -21.68, -1.14, Left
1761476336665, -9.82, -21.64, -1.19, Left
1761476336711, -9.62, -21.85, -1.12, Left
1761476336754, -9.67, -22.09, -1.08, Left
1761476336864, -9.75, -22.59, -1.02, Left
1761476336908, -9.77, -23.01, -0.96, Left
1761476336950, -9.71, -23.09, -1.01, Left
1761476336992, -9.33, -22.68, -1.23, Left
1761476337034, -9.18, -22.33, -1.51, Left
1761476337079, -8.99, -22.14, -1.67, Left
1761476337151, -9.02, -21.72, -1.84, Left
1761476337195, -9.26, -21.60, -1.92, Left
1761476337237, -9.38, -21.28, -2.03, Left
1761476337281, -9.36, -21.20, -2.16, Left
1761476337325, -9.35, -20.84, -2.30, Left
1761476337367, -9.31, -20.67, -2.40, Left
1761476337456, -9.38, -20.41, -2.50, Left
1761476337496, -9.55, -20.34, -2.50, Left
1761476337539, -9.68, -20.38, -2.47, Left
1761476339483, -9.76, -20.02, -2.64, Left
1761476339527, -9.97, -20.20, -2.69, Left
1761476339567, -10.14, -20.18, -2.71, Left
1761476339663, -10.54, -20.29, -2.78, Left
1761476339708, -10.78, -20.16, -2.72, Left
1761476339750, -10.99, -20.11, -2.65, Left
1761476339795, -11.26, -19.99, -2.67, Left
1761476339836, -11.51, -20.15, -2.64, Left
1761476339880, -11.78, -20.20, -2.65, Left
1761476339951, -12.06, -20.11, -2.69, Left
1761476339995, -12.39, -20.57, -2.50, Left
1761476340038, -12.40, -20.05, -2.60, Left
1761476340081, -12.28, -19.65, -2.77, Left
1761476340123, -12.00, -19.16, -2.89, Left
1761476340167, -12.03, -19.22, -2.91, Left
1761476340255, -11.91, -18.91, -3.06, Left
1761476340298, -11.85, -18.78, -3.07, Left
1761476340338, -11.67, -18.48, -3.12, Left
1761476340384, -11.76, -18.59, -3.12, Left
1761476340433, -11.87, -18.82, -3.00, Left
1761476340477, -12.08, -18.56, -3.05, Left
1761476342421, -12.04, -18.55, -2.97, Left
1761476342467, -12.11, -18.67, -2.82, Left
1761476342512, -12.12, -18.82, -2.68, Left
1761476342566, -12.00, -18.58, -2.62, Left
1761476342611, -12.16, -18.77, -2.37, Left
1761476342653, -12.19, -18.68, -2.27, Left
1761476342698, -12.29, -18.62, -2.10, Left
1761476342739, -12.20, -18.27, -1.98, Left
1761476342780, -11.99, -18.14, -1.86, Left
1761476342851, -11.70, -18.04, -1.73, Left
1761476342894, -11.74, -17.95, -1.61, Left
1761476342936, -11.80, -17.95, -1.53, Left
1761476342981, -11.91, -18.17, -1.43, Left
1761476343024, -12.00, -18.15, -1.48, Left
1761476343065, -11.93, -18.18, -1.45, Left
1761476343151, -11.81, -18.25, -1.38, Left
1761476343192, -11.66, -18.17, -1.44, Left
1761476343234, -11.45, -18.18, -1.48, Left
1761476343278, -11.46, -18.21, -1.56, Left
1761476343320, -11.58, -18.51, -1.54, Left
1761476343364, -11.52, -18.59, -1.55, Left
1761476345331, -11.47, -18.87, -1.45, Left
1761476345374, -11.42, -18.78, -1.46, Left
1761476345415, -11.28, -18.89, -1.41, Left
1761476345458, -11.20, -18.57, -1.63, Left
1761476345499, -11.25, -18.38, -1.79, Left
1761476345544, -11.29, -18.36, -1.85, Left
1761476345587, -11.35, -18.55, -1.81, Left
1761476345628, -11.18, -18.43, -1.82, Left
1761476345671, -10.91, -18.33, -1.77, Left
1761476345760, -10.92, -18.53, -1.73, Left
1761476345801, -10.86, -18.46, -1.79, Left
1761476345847, -10.77, -18.62, -1.71, Left
1761476345892, -10.76, -18.50, -1.73, Left
1761476345933, -10.96, -18.90, -1.58, Left
1761476345977, -11.04, -19.16, -1.49, Left
1761476346048, -11.00, -19.35, -1.29, Left
1761476346094, -11.04, -19.28, -1.25, Left
1761476346135, -11.12, -19.30, -1.18, Left
1761476346177, -11.08, -19.10, -1.29, Left
1761476346218, -10.91, -18.88, -1.31, Left
1761476346264, -10.66, -18.57, -1.37, Left
1761476348271, -10.71, -18.44, -1.47, Left
1761476348312, -9.33, -19.87, -0.74, Left
1761476348356, -3.08, -18.43, -5.93, Left
1761476351207, -2.51, -17.34, -6.68, Left
1761476351249, -2.32, -16.57, -7.39, Left
1761476351343, -1.91, -15.94, -7.97, Left
1761476351395, -1.85, -15.69, -8.46, Left
1761476351440, -1.79, -15.47, -8.83, Left
1761476351483, -1.75, -15.12, -9.32, Left
1761476351530, -1.87, -14.87, -9.78, Left
1761476351576, -1.80, -14.39, -10.23, Left
1761476351656, -3.12, -12.66, -11.41, Left
1761476351706, -9.02, -13.48, -6.70, Left
1761476351749, -9.23, -13.97, -6.47, Left
1761476351874, -9.49, -13.91, -6.47, Left
1761476351921, -9.84, -13.28, -6.71, Left
1761476351967, -9.62, -13.09, -6.69, Left
1761476352059, -9.14, -13.23, -6.47, Left
1761476352107, -8.73, -13.44, -6.23, Left
1761476352156, -8.04, -14.05, -5.72, Left
1761476354091, -7.17, -14.47, -5.16, Left
1761476354146, -6.55, -13.25, -5.59, Left
1761476354192, -6.04, -12.28, -5.77, Left
1761476354255, -6.51, -11.90, -5.51, Left
1761476354305, -6.65, -11.98, -5.13, Left
1761476354363, -6.58, -13.45, -4.24, Left
1761476354411, -6.70, -13.49, -3.78, Left
1761476354459, -7.71, -14.31, -3.36, Left
1761476354504, -8.40, -15.02, -2.92, Left
1761476354551, -10.03, -15.72, -2.56, Left
1761476354595, -11.91, -16.55, -2.38, Left
1761476354643, -13.54, -18.78, -1.25, Left
1761476354691, -14.98, -20.77, -0.50, Left
1761476354736, -15.51, -22.15, -0.18, Left
1761476354782, -16.28, -23.38, -0.02, Left
1761476354859, -17.75, -23.79, -0.42, Left
1761476354906, -19.20, -24.87, -0.64, Left
1761476354951, -20.05, -24.61, -1.14, Left
1761476355045, -20.04, -23.99, -1.71, Left
1761476357103, -19.43, -23.29, -2.31, Left
1761476357151, -18.66, -23.10, -2.26, Left
1761476357192, -17.79, -22.99, -2.25, Left
1761476357240, -17.21, -23.09, -2.10, Left
1761476357289, -16.67, -23.40, -1.85, Left
1761476357353, -15.84, -23.56, -1.56, Left
1761476357397, -14.70, -23.66, -1.08, Left
1761476357444, -13.60, -23.66, -0.61, Left
1761476357492, -12.44, -23.96, -0.08, Left
1761476357539, -12.49, -24.71, 0.51, Left
1761476357589, -12.37, -25.16, 0.91, Left
1761476357651, -12.55, -24.85, 0.61, Left
1761476357694, -12.89, -24.59, 0.41, Left
1761476357741, -13.21, -24.34, 0.19, Left
1761476357789, -13.56, -23.54, -0.21, Left
1761476357838, -14.09, -23.05, -0.52, Left
1761476357884, -14.37, -22.48, -0.82, Left
1761476357928, -14.90, -21.81, -1.22, Left
1761476357975, -15.85, -21.06, -1.77, Left
1761476358021, -16.72, -20.13, -2.33, Left
1761476358070, -17.63, -19.76, -2.71, Left
1761476360034, -18.25, -19.34, -3.03, Left
1761476360076, -19.71, -19.78, -3.13, Left
1761476360153, -21.45, -20.33, -3.08, Left
1761476360202, -23.23, -21.37, -2.90, Left
1761476360247, -24.97, -22.14, -2.72, Left
1761476360294, -26.55, -23.43, -2.39, Left
1761476360340, -28.03, -24.49, -2.29, Left
1761476360389, -29.49, -25.64, -2.01, Left
1761476360432, -30.86, -26.91, -1.78, Left
1761476360478, -32.07, -27.72, -1.48, Left
1761476360524, -33.23, -28.71, -1.09, Left
1761476363000, -33.55, -31.73, 16.14, Left
1761476363047, -33.67, -34.93, 33.24, Left
1761476363091, -33.80, -38.11, 50.32, Left
1761476363141, -34.12, -41.40, 67.04, Left
1761476363185, -34.68, -44.29, 83.81, Left
1761476363232, -35.18, -47.43, 100.83, Left
1761476363278, -35.19, -50.61, 117.98, Left
1761476363324, -26.33, -44.96, 114.24, Left
1761476363372, -26.34, -47.95, 95.55, Left
1761476363417, -26.58, -51.18, 76.74, Left
1761476363465, -26.84, -51.59, 40.92, Left
1761476363510, -26.84, -51.56, 40.89, Left
1761476363558, -24.80, -45.83, 23.83, Left
1761476363651, -24.98, -42.83, 24.06, Left
1761476363697, -24.75, -42.41, 24.21, Left
1761476363743, -24.50, -42.26, 24.34, Left
1761476363790, -24.62, -42.20, 24.33, Left
1761476363852, -33.39, -50.85, 9.38, Left
1761476363899, -33.81, -51.17, 44.70, Left
1761476363946, -34.11, -51.21, 80.15, Left
1761476365894, -34.40, -51.36, 115.56, Left
1761476365954, -32.92, -47.45, 98.36, Left
1761476366044, -33.67, -48.75, 97.98, Left
1761476366090, -31.83, -47.36, 80.69, Left
1761476366140, -30.54, -43.47, 63.32, Left
1761476366183, -29.33, -39.28, 45.95, Left
1761476366246, -27.63, -34.84, 28.56, Left
1761476366291, -26.12, -30.32, 47.00, Left
1761476366340, -24.39, -25.58, 29.98, Left
1761476366389, -22.63, -20.87, 12.91, Left
1761476366432, -20.82, -16.08, -4.22, Left
1761476366478, -20.99, -15.36, -4.47, Left
1761476366524, -20.96, -15.08, -4.51, Left
1761476366573, -21.31, -14.83, -4.58, Left
1761476366621, -21.41, -14.21, -4.75, Left
1761476366665, -21.64, -13.89, -4.92, Left
1761476366712, -22.01, -13.53, -5.07, Left
1761476366759, -22.61, -13.37, -5.15, Left
1761476366805, -23.12, -13.28, -5.22, Left
1761476366855, -23.50, -13.03, -5.36, Left
