Head Tracking Session: phase1_cycle1_1761456759345
Start Time: 2025-10-26T01:32:39.349335
==================================================
Timestamp (ms), Pitch, Yaw, Roll, Direction
1761456762508, 0.00, 0.00, 0.00, Forward
1761456762560, -0.28, -0.78, 0.16, Forward
1761456762613, -13.48, 4.92, -58.96, Down
1761456762664, -9.50, 4.99, -44.67, Forward
1761456762728, -7.53, 6.32, -36.38, Forward
1761456762775, -6.26, 7.38, -30.86, Forward
1761456762824, -5.39, 8.33, -26.98, Forward
1761456762873, -4.48, 8.53, -23.90, Forward
1761456762922, -4.04, 8.33, -21.37, Forward
1761456762971, -3.56, 8.18, -19.35, Forward
1761456763032, -3.79, 9.00, -19.46, Forward
1761456763080, -3.87, 9.80, -19.53, Forward
1761456763125, -0.02, 8.90, -1.88, Forward
1761456763174, -0.04, 9.10, -1.73, Forward
1761456763223, -0.01, 8.31, -1.35, Forward
1761456763271, -0.17, 7.12, -0.81, Forward
1761456763320, -0.58, 6.12, -0.28, Forward
1761456763367, -0.95, 5.41, 0.17, Forward
1761456763414, -1.12, 4.95, 0.55, Forward
1761456763461, -1.75, 5.07, 0.63, Forward
1761456763509, -1.80, 4.93, 0.74, Forward
1761456763557, -1.95, 5.16, 0.73, Forward
1761456763627, -1.77, 5.48, 0.65, Forward
1761456763675, -1.94, 5.66, 0.59, Forward
1761456763723, -1.84, 6.55, 0.22, Forward
1761456763830, -1.35, 7.65, -0.42, Forward
1761456763874, -0.59, 8.54, -1.06, Forward
1761456763919, -0.01, 9.44, -1.70, Forward
1761456763965, 0.24, 10.13, -2.47, Right
1761456764020, 0.97, 10.48, -3.07, Right
1761456764071, 1.28, 10.32, -3.59, Right
1761456764123, 1.54, 10.26, -4.34, Right
1761456764180, 1.45, 10.13, -5.03, Right
1761456764240, 1.42, 10.13, -5.78, Right
1761456764300, 1.13, 9.64, -6.32, Forward
1761456764355, 0.66, 9.31, -6.86, Forward
1761456764403, 0.17, 8.77, -7.29, Forward
1761456764453, -0.43, 8.20, -7.87, Forward
1761456764501, -0.66, 7.95, -8.34, Forward
1761456764548, -1.00, 6.78, -8.55, Forward
1761456764634, -1.09, 6.39, -8.85, Forward
1761456764681, -1.14, 5.77, -8.95, Forward
1761456764728, -1.11, 4.99, -9.05, Forward
1761456764823, -1.07, 4.11, -9.06, Forward
1761456764869, -0.95, 3.29, -9.04, Forward
1761456764918, -0.92, 2.49, -8.93, Forward
1761456764964, -0.81, 1.75, -8.96, Forward
1761456765008, -0.62, 1.17, -8.86, Forward
1761456765056, -0.32, 0.54, -8.84, Forward
1761456765126, 0.25, 0.61, -9.18, Forward
1761456765174, 0.84, 0.82, -9.58, Forward
1761456765222, 1.44, 0.93, -9.90, Forward
1761456765269, 1.50, 1.35, -10.42, Forward
1761456765320, 1.67, 2.12, -11.05, Forward
1761456765367, 1.48, 3.08, -11.85, Forward
1761456765429, 1.39, 4.29, -12.75, Forward
1761456765473, 1.40, 5.56, -13.58, Forward
1761456765521, 1.29, 6.84, -14.42, Forward
1761456765568, 1.01, 8.09, -15.04, Forward
1761456765615, 0.40, 9.26, -15.42, Forward
1761456765663, 0.00, 10.12, -15.53, Right
1761456765722, -0.31, 10.84, -15.49, Right
1761456765772, -0.22, 10.93, -15.12, Right
1761456765821, -0.30, 10.88, -14.74, Right
1761456765870, 0.09, 10.52, -13.89, Right
1761456765919, 0.79, 9.31, -12.93, Forward
1761456765968, 0.49, 7.97, -11.56, Forward
1761456766029, -0.07, 6.41, -10.02, Forward
1761456766074, -0.45, 4.85, -8.64, Forward
1761456766120, -0.82, 3.52, -7.25, Forward
1761456766231, -1.69, 2.48, -6.05, Forward
1761456766280, -2.30, 1.42, -4.87, Forward
1761456766324, -2.76, 0.46, -3.76, Forward
1761456766373, -3.74, -1.81, -2.10, Forward
1761456766421, -4.02, -2.24, -1.37, Forward
1761456766469, -4.92, -2.05, -0.58, Forward
1761456766520, -5.15, -1.78, -0.24, Forward
1761456766567, -5.19, -1.33, -0.10, Forward
1761456766615, -5.34, -0.94, 0.10, Forward
1761456766660, -5.56, -0.73, 0.21, Forward
1761456766705, -5.51, -0.54, 0.28, Forward
1761456766752, -6.01, 0.18, 0.10, Forward
1761456766826, -6.12, 1.09, -0.18, Forward
1761456766872, -5.75, 3.13, -0.90, Forward
1761456766920, -5.96, 3.55, -1.08, Forward
1761456766970, -5.96, 3.95, -1.42, Forward
1761456767017, -5.09, 4.36, -1.75, Forward
1761456767066, -4.15, 4.74, -2.10, Forward
1761456767133, -3.58, 5.43, -2.53, Forward
1761456767181, -2.71, 6.01, -2.89, Forward
1761456767229, -1.90, 6.45, -3.31, Forward
1761456767322, -1.04, 6.64, -3.67, Forward
1761456767371, -0.67, 6.93, -3.96, Forward
1761456767419, -0.39, 7.09, -4.21, Forward
1761456767523, -0.15, 7.32, -4.54, Forward
1761456767572, 0.16, 7.56, -4.78, Forward
1761456767621, -0.20, 7.83, -4.98, Forward
1761456767670, -0.59, 7.90, -5.10, Forward
1761456767718, -0.57, 7.78, -5.17, Forward
1761456767765, -0.55, 7.81, -5.27, Forward
1761456767817, -0.69, 7.75, -5.28, Forward
1761456767863, -0.48, 7.50, -5.17, Forward
1761456767911, -0.24, 7.22, -5.08, Forward
1761456767955, 0.04, 7.32, -5.13, Forward
1761456768001, 0.05, 7.11, -5.02, Forward
1761456768050, 0.54, 6.64, -4.88, Forward
1761456768117, 0.33, 6.18, -4.67, Forward
1761456768165, 0.25, 5.78, -4.46, Forward
1761456768211, 0.10, 5.26, -4.25, Forward
1761456768270, -0.38, 5.10, -4.25, Forward
1761456768334, -1.02, 4.82, -4.15, Forward
1761456768380, -1.75, 4.96, -4.30, Forward
1761456768426, -2.29, 4.92, -4.50, Forward
1761456768474, -2.82, 4.92, -4.72, Forward
1761456768521, -3.18, 4.96, -4.88, Forward
1761456768615, -4.15, 5.05, -5.07, Forward
1761456768662, -4.40, 5.23, -5.34, Forward
1761456768706, -4.62, 5.56, -5.67, Forward
1761456768753, -4.72, 5.52, -5.89, Forward
1761456768801, -4.46, 4.97, -5.86, Forward
1761456768848, -4.09, 4.68, -6.01, Forward
1761456768920, -3.35, 4.09, -6.15, Forward
1761456768968, -2.86, 3.47, -6.10, Forward
1761456769014, -2.32, 2.61, -5.96, Forward
1761456769064, -1.78, 1.49, -5.73, Forward
1761456769109, -1.20, 0.59, -5.49, Forward
1761456769155, -0.54, -0.65, -4.90, Forward
1761456769225, 0.03, -1.97, -4.05, Forward
1761456769272, 0.55, -2.90, -3.31, Forward
1761456769322, 0.85, -3.83, -2.55, Forward
1761456769368, 1.26, -5.02, -1.36, Forward
1761456769415, 0.81, -5.90, 0.37, Forward
1761456769460, 0.75, -6.69, 2.03, Forward
1761456769526, -0.23, -6.77, 3.60, Forward
1761456769575, -1.19, -7.00, 5.17, Forward
1761456769624, -2.11, -7.04, 6.70, Forward
1761456769672, -3.17, -7.14, 7.68, Forward
1761456769719, -4.47, -7.04, 8.37, Forward
1761456769766, -5.91, -6.59, 8.56, Forward
1761456769814, -7.93, -4.85, 8.38, Forward
1761456769858, -10.83, -3.11, 7.95, Down
1761456769906, -11.53, -2.32, 7.14, Down
1761456769954, -13.96, -0.33, 5.94, Down
1761456770002, -15.56, 1.06, 4.84, Down
1761456770049, -15.75, 3.50, 2.80, Down
1761456770118, -15.69, 5.59, 0.27, Down
1761456770165, -15.47, 8.15, -2.05, Down
1761456770213, -14.99, 10.74, -4.37, Right
1761456770260, -14.71, 12.96, -6.66, Right
1761456770305, -10.85, 5.22, -2.53, Down
1761456770354, -8.94, 6.40, -4.88, Forward
1761456770432, -8.93, 8.22, -7.46, Forward
1761456770478, -7.49, 8.83, -9.66, Forward
1761456770531, -5.91, 9.51, -12.12, Forward
1761456770617, -5.98, 9.62, -13.91, Forward
1761456770664, 0.51, 4.78, -10.97, Forward
1761456770712, 0.20, 5.04, -12.21, Forward
1761456770762, -0.03, 5.20, -13.32, Forward
1761456770809, 6.60, 0.25, -8.53, Forward
1761456770855, 3.71, 8.90, -15.21, Forward
1761456770917, 4.29, 8.08, -15.21, Forward
1761456770965, 7.38, -0.73, -8.49, Forward
1761456771012, 7.81, -1.47, -8.22, Forward
1761456771056, 7.93, -2.25, -7.50, Forward
1761456771100, 8.45, -2.95, -6.67, Forward
1761456771148, 1.95, 1.44, -9.77, Forward
1761456771246, 2.21, 0.49, -8.38, Forward
1761456771304, 2.08, -0.50, -6.97, Forward
1761456771354, -4.24, 3.38, -10.79, Forward
1761456771419, -4.47, 2.22, -8.98, Forward
1761456771467, -5.85, 1.82, -7.44, Forward
1761456771522, -9.85, 9.31, -12.34, Forward
1761456771571, -10.89, 8.73, -10.47, Down
1761456771622, -11.65, 7.85, -8.83, Down
1761456771675, -12.83, 7.13, -6.88, Down
1761456771727, -12.70, 6.33, -4.96, Down
1761456771780, -12.86, 5.41, -3.36, Down
1761456771830, -12.73, 4.76, -1.57, Down
1761456771924, -12.74, 4.06, 0.15, Down
1761456771971, -12.58, 3.57, 1.46, Down
1761456772021, -11.68, 2.76, 2.97, Down
1761456772075, -10.74, 2.30, 4.49, Down
1761456772122, -9.74, 1.71, 5.89, Forward
1761456772168, -8.78, 1.04, 7.34, Forward
1761456772213, -7.68, 0.07, 8.47, Forward
1761456772263, -7.55, -1.01, 9.48, Forward
1761456772311, -7.32, -1.88, 10.47, Forward
1761456772358, -6.88, -3.12, 11.15, Forward
1761456772403, -6.86, -4.01, 11.63, Forward
1761456772449, -6.02, -4.65, 12.15, Forward
1761456772542, -5.50, -5.05, 12.13, Forward
1761456772588, -4.79, -5.68, 12.09, Forward
1761456772639, -4.64, -6.30, 11.65, Forward
1761456772713, -4.62, -6.77, 10.96, Forward
1761456772761, -4.61, -6.84, 10.10, Forward
1761456772826, -5.62, -6.49, 8.84, Forward
1761456772878, -7.02, -5.96, 7.51, Forward
1761456772922, -8.06, -5.17, 6.07, Forward
1761456772977, -8.33, -4.25, 4.61, Forward
1761456773030, -10.12, -3.70, 3.09, Down
1761456773083, -12.04, -3.01, 1.86, Down
1761456773135, -12.79, -2.43, 0.26, Down
1761456773186, -13.62, -1.66, -1.03, Down
1761456773236, -12.63, -0.65, -2.31, Down
1761456773289, -6.16, -3.06, -1.21, Forward
1761456773340, -4.43, -2.61, -2.05, Forward
1761456773399, -2.46, -2.32, -2.89, Forward
1761456773447, -1.31, -2.33, -3.59, Forward
1761456773513, -1.90, -2.38, -4.30, Forward
1761456773564, 6.02, -5.70, -6.46, Forward
1761456773627, 7.73, -5.56, -7.22, Forward
1761456773672, 8.41, -5.52, -7.66, Forward
1761456773720, 9.21, -5.35, -8.28, Forward
1761456773770, 8.47, -5.31, -8.79, Forward
1761456773824, 2.44, -2.13, -11.74, Forward
1761456773871, 2.57, -2.25, -12.41, Forward
1761456773917, 2.95, -2.46, -13.04, Forward
1761456773965, 3.28, -2.39, -13.66, Forward
1761456774013, 4.82, -2.16, -14.33, Forward
1761456774062, -1.80, 1.47, -13.42, Forward
1761456774118, -1.92, 1.78, -14.02, Forward
1761456774164, -2.22, 2.10, -14.55, Forward
1761456774215, -2.35, 2.32, -15.01, Forward
1761456774261, -2.61, 2.60, -15.34, Forward
1761456774305, -2.95, 3.02, -15.55, Forward
1761456774351, -3.77, 3.62, -15.81, Forward
1761456774399, -4.57, 4.57, -15.88, Forward
1761456774447, -5.16, 5.53, -15.82, Forward
1761456774495, -5.67, 6.16, -15.75, Forward
1761456774539, -5.63, 6.86, -15.47, Forward
1761456774584, -5.46, 7.24, -15.11, Forward
1761456774632, -5.31, 7.84, -14.59, Forward
1761456774707, -5.20, 8.55, -13.88, Forward
1761456774754, -4.93, 8.85, -13.15, Forward
1761456774821, -4.72, 9.07, -12.19, Forward
1761456774866, -4.27, 8.71, -11.12, Forward
1761456774918, -3.92, 8.29, -10.21, Forward
1761456774966, -3.37, 8.07, -9.40, Forward
1761456775016, -3.02, 7.67, -8.25, Forward
1761456775062, -2.39, 7.18, -7.35, Forward
1761456775107, -1.95, 6.66, -6.32, Forward
1761456775153, -1.76, 6.55, -5.51, Forward
1761456775199, -1.40, 6.26, -4.92, Forward
1761456775245, -1.35, 6.09, -4.20, Forward
1761456775323, -1.05, 6.01, -3.51, Forward
1761456775371, -0.78, 6.15, -2.89, Forward
1761456775418, -0.70, 5.92, -1.99, Forward
1761456775507, -0.58, 5.73, -1.04, Forward
1761456775552, -0.26, 5.47, -0.21, Forward
1761456775620, -0.41, 4.93, 0.88, Forward
1761456775666, -0.47, 4.08, 2.03, Forward
1761456775716, -0.24, 2.88, 3.13, Forward
1761456775763, -0.47, 1.86, 4.11, Forward
1761456775814, -0.43, 1.51, 4.79, Forward
1761456775861, -0.59, 0.91, 5.42, Forward
1761456775904, -0.90, 0.62, 6.02, Forward
1761456775950, -1.09, 0.48, 6.26, Forward
1761456775995, -1.38, -0.19, 6.50, Forward
1761456776042, -1.88, 0.81, 5.96, Forward
1761456776117, -2.31, 1.83, 5.21, Forward
1761456776163, -2.98, 2.69, 4.56, Forward
1761456776207, -3.83, 3.56, 3.87, Forward
1761456776253, -3.35, 4.46, 3.13, Forward
1761456776299, -3.16, 4.97, 2.38, Forward
1761456776348, -2.87, 5.52, 1.59, Forward
1761456776395, -2.01, 5.95, 0.70, Forward
1761456776441, -1.36, 6.22, -0.19, Forward
1761456776484, -0.93, 6.71, -1.13, Forward
1761456776533, -0.83, 5.91, -1.57, Forward
1761456776581, -0.99, 5.44, -2.08, Forward
1761456776629, -0.76, 5.52, -2.89, Forward
1761456776708, -0.92, 5.47, -3.71, Forward
1761456776752, -2.40, 5.35, -4.34, Forward
1761456776824, -3.21, 5.20, -5.02, Forward
1761456776868, -4.39, 5.01, -5.67, Forward
1761456776914, -6.55, 4.89, -6.14, Forward
1761456776961, -6.98, 5.09, -6.83, Forward
1761456777014, -6.20, 4.90, -7.55, Forward
1761456777062, -5.25, 4.74, -8.23, Forward
1761456777107, -4.07, 4.44, -8.85, Forward
1761456777151, -3.68, 4.31, -9.35, Forward
1761456777197, -2.96, 4.50, -9.98, Forward
1761456777243, -1.87, 4.57, -10.55, Forward
1761456777318, -1.52, 4.66, -10.98, Forward
1761456777364, -1.40, 4.26, -12.02, Forward
1761456777408, -0.56, 4.63, -12.63, Forward
1761456777453, -1.05, 4.53, -12.88, Forward
1761456777498, -2.40, 4.89, -13.18, Forward
1761456777546, -3.52, 5.32, -13.42, Forward
1761456777590, -4.37, 5.73, -13.59, Forward
1761456777637, -4.17, 5.92, -13.67, Forward
1761456777684, -3.86, 5.58, -13.52, Forward
1761456777736, -3.81, 5.26, -13.23, Forward
1761456777786, -3.55, 4.83, -12.94, Forward
1761456777837, -2.72, 5.35, -12.07, Forward
1761456777907, -2.73, 5.15, -11.46, Forward
1761456777953, -2.73, 5.03, -10.91, Forward
1761456778019, -2.65, 5.09, -10.12, Forward
1761456778067, -2.37, 4.99, -9.38, Forward
1761456778114, -2.23, 4.75, -8.62, Forward
1761456778163, -2.80, 4.81, -7.84, Forward
1761456778217, -3.26, 4.85, -6.97, Forward
1761456778266, -3.37, 5.04, -6.36, Forward
1761456778316, -3.42, 5.30, -5.72, Forward
1761456778369, -3.90, 5.44, -5.08, Forward
1761456778419, -2.79, 5.33, -4.47, Forward
1761456778520, -2.62, 5.45, -3.82, Forward
1761456778565, -2.59, 5.17, -3.21, Forward
1761456778615, -2.70, 4.97, -2.54, Forward
1761456778664, -2.93, 5.00, -1.88, Forward
1761456778715, -3.21, 4.73, -1.12, Forward
1761456778764, -3.35, 4.63, -0.50, Forward
1761456778809, -3.56, 4.31, 0.27, Forward
1761456778853, -3.98, 3.95, 1.07, Forward
1761456778899, -4.21, 3.50, 1.80, Forward
1761456778947, -4.50, 3.89, 2.26, Forward
1761456779014, -4.21, 4.16, 2.87, Forward
1761456779064, -3.76, 4.42, 3.40, Forward
1761456779111, -3.40, 4.72, 3.97, Forward
1761456779159, -3.05, 4.81, 4.46, Forward
1761456779209, -2.52, 4.89, 4.82, Forward
1761456779266, -2.35, 5.19, 5.14, Forward
1761456779318, -2.42, 5.24, 5.53, Forward
1761456779369, -2.46, 5.27, 5.96, Forward
1761456779417, -1.89, 5.25, 6.41, Forward
1761456779509, -2.28, 4.86, 6.73, Forward
1761456779551, -2.58, 4.67, 6.83, Forward
1761456779608, -2.73, 4.84, 6.74, Forward
1761456779652, -2.74, 5.07, 6.62, Forward
1761456779699, -2.67, 5.39, 6.50, Forward
1761456779750, -2.53, 5.61, 6.21, Forward
1761456779812, -2.61, 5.69, 5.82, Forward
1761456779861, -2.75, 6.20, 5.24, Forward
1761456779908, -2.83, 6.84, 4.60, Forward
1761456779953, -2.53, 7.27, 3.88, Forward
1761456780003, -2.87, 7.51, 3.34, Forward
1761456780056, -2.29, 7.81, 2.65, Forward
1761456780102, -2.21, 7.72, 2.15, Forward
1761456780151, -3.78, 7.63, 1.65, Forward
1761456780201, -4.73, 6.83, 1.52, Forward
1761456780249, -5.60, 7.04, 0.88, Forward
1761456780297, -9.89, 5.38, 18.49, Forward
1761456780344, -10.33, 5.59, 17.98, Down
1761456780387, -10.08, 5.52, 17.35, Down
1761456780434, -11.58, 5.78, 16.87, Down
1761456780517, -12.44, 5.75, 16.29, Down
1761456780562, -14.19, 5.71, 15.88, Down
1761456780609, -15.95, 5.90, 15.40, Down
1761456780653, -16.01, 5.55, 15.00, Down
1761456780713, -16.03, 5.84, 14.16, Down
1761456780761, -16.12, 5.63, 13.80, Down
1761456780807, -11.90, 6.97, -4.77, Down
1761456780851, -11.32, 6.60, -5.28, Down
1761456780899, -11.33, 6.42, -5.68, Down
1761456780947, -10.94, 6.09, -6.17, Down
1761456781015, -10.30, 5.76, -6.51, Down
1761456781062, -9.46, 5.37, -6.90, Forward
1761456781109, -8.46, 4.76, -7.22, Forward
1761456781156, -7.98, 4.86, -7.64, Forward
1761456781203, -8.15, 4.96, -7.93, Forward
1761456781250, -8.63, 5.16, -8.08, Forward
1761456781298, -9.44, 5.77, -8.12, Forward
1761456781347, -10.55, 5.94, -7.89, Down
1761456781398, -11.63, 6.26, -7.68, Down
1761456781448, -12.24, 6.63, -7.31, Down
1761456781497, -13.18, 7.20, -6.92, Down
1761456781546, -14.13, 7.65, -6.50, Down
1761456781594, -14.61, 8.20, -5.99, Down
1761456781636, -15.29, 8.71, -5.21, Down
1761456781718, -15.91, 9.89, -4.53, Down
1761456781767, -8.74, 9.04, -6.03, Forward
1761456781819, -8.33, 8.16, -4.59, Forward
1761456781869, -8.90, 8.69, -3.88, Forward
1761456781918, -9.13, 8.95, -3.03, Forward
1761456781966, -8.89, 9.16, -2.28, Forward
1761456782014, -8.80, 9.81, -1.60, Forward
1761456782064, -8.79, 10.24, -0.85, Right
1761456782116, -9.17, 10.69, -0.21, Right
1761456782166, -9.18, 10.99, 0.11, Right
1761456782220, -9.19, 10.86, 0.33, Right
1761456782269, -16.55, 12.54, 2.67, Right
1761456782317, -17.41, 13.97, 2.09, Right
1761456782366, -16.75, 14.50, 1.86, Right
1761456782413, -16.38, 15.06, 1.44, Right
1761456782520, -17.10, 14.71, 1.26, Right
1761456782566, -17.64, 14.12, 1.02, Right
1761456782617, -18.19, 13.77, 0.71, Right
1761456782664, -19.63, 12.46, 0.66, Right
1761456782714, -21.54, 11.10, 0.50, Right
1761456782762, -23.48, 9.57, 0.60, Down
1761456782806, -25.95, 7.69, 0.66, Down
1761456782852, -27.87, 6.01, 0.57, Down
1761456782897, -30.20, 4.02, 0.76, Down
1761456782947, -32.55, 2.45, 0.76, Down
1761456783014, -37.88, 2.69, 18.61, Down
1761456783062, -42.68, 2.47, 0.66, Down
1761456783108, -44.01, 1.79, 0.35, Down
1761456783152, -44.52, 1.80, -0.20, Down
1761456783199, -44.31, 1.85, -0.61, Down
1761456783243, -43.92, 2.36, -1.54, Down
1761456783289, -42.89, 2.85, -2.21, Down
1761456783339, -42.16, 2.62, -2.79, Down
1761456783383, -41.31, 2.84, -3.45, Down
1761456783429, -40.33, 2.39, -3.80, Down
1761456783478, -35.59, 1.19, -22.37, Down
1761456783524, -31.45, 0.30, -5.07, Down
1761456783572, -30.72, 0.10, -5.33, Down
1761456783618, -29.97, 0.31, -5.65, Down
1761456783718, -29.30, 0.16, -5.81, Down
1761456783764, -28.72, -0.38, -5.61, Down
1761456783813, -28.44, -0.50, -5.65, Down
1761456783861, -28.45, 0.52, -5.58, Down
1761456787728, -26.33, 2.21, -5.09, Down
1761456787773, -24.50, 4.47, -4.69, Down
1761456787817, -23.28, 6.42, -4.15, Down
1761456787863, -22.24, 8.39, -3.55, Down
1761456787914, -20.80, 10.33, -3.04, Right
1761456787962, -19.39, 12.12, -2.57, Right
1761456788010, -17.71, 14.62, -2.42, Right
1761456788060, -16.18, 17.22, -2.31, Right
1761456788105, -14.46, 19.62, -2.29, Right
1761456788213, -12.05, 21.71, -2.53, Right
1761456788257, -12.10, 22.57, -3.22, Right
1761456788302, -11.96, 23.43, -3.90, Right
1761456788349, -11.24, 24.38, -4.56, Right
1761456788395, -10.01, 25.18, -5.28, Right
1761456788443, -2.98, 23.37, -1.17, Right
1761456788502, 0.99, 27.92, 16.40, Right
1761456788549, 7.88, 22.50, 21.07, Right
1761456788595, 5.65, 25.00, 4.46, Right
1761456788642, 12.49, 19.38, 8.39, Right
1761456788714, 18.81, 13.59, 13.22, Right
1761456788760, 21.72, 4.03, 18.56, Up
1761456788807, 19.01, 7.70, 2.75, Up
1761456788850, 21.38, 8.54, 0.69, Up
1761456788939, 17.98, 12.11, -15.36, Right
1761456788997, 13.47, 15.57, -22.08, Right
1761456789056, 7.20, 15.57, -56.20, Right
1761456789154, 3.54, 11.64, -55.75, Right
1761456789205, 3.44, 13.19, -55.67, Right
1761456789249, -0.03, 8.94, -57.98, Forward
1761456789341, -3.50, 4.96, -58.04, Forward
1761456789416, 0.29, 8.79, -59.35, Forward
1761456789463, 9.61, -0.66, -37.29, Forward
1761456789559, 2.46, -4.98, -16.95, Forward
1761456789603, 1.83, -3.92, -16.01, Forward
1761456789704, -3.02, -0.76, -29.75, Forward
1761456789752, -5.63, -9.78, 3.47, Forward
1761456789800, -14.01, -5.68, 14.99, Down
1761456789847, -16.88, -14.71, 48.52, Left
1761456789939, -22.56, -1.74, 30.40, Down
1761456790006, -24.56, 8.44, 24.72, Down
1761456790059, -30.23, 14.74, 19.85, Right
1761456790102, -36.18, 20.65, 13.05, Right
1761456790196, -30.53, 23.78, -5.53, Right
1761456790244, -29.76, 20.25, -6.77, Right
1761456790296, -29.77, 17.08, -7.49, Right
1761456790346, -23.66, 21.69, -24.89, Right
1761456790397, -17.59, 26.52, -41.96, Right
1761456790444, -11.17, 30.69, -59.14, Right
1761456790506, -7.31, 26.16, -42.37, Right
1761456790552, -7.21, 23.82, -40.98, Right
1761456790601, -7.23, 21.49, -39.55, Right
1761456790647, -7.02, 19.25, -38.19, Right
1761456790694, -6.90, 17.40, -37.11, Right
1761456790742, -3.77, 14.08, -19.79, Right
1761456790807, -1.06, 11.32, -2.54, Right
1761456790856, -2.01, 9.82, -1.52, Forward
1761456790902, -2.72, 8.49, -0.61, Forward
1761456790949, -3.77, 7.79, 0.11, Forward
1761456791001, -5.01, 7.75, 0.45, Forward
1761456791056, -5.84, 8.59, 0.71, Forward
1761456791113, -5.28, 10.76, 0.32, Right
1761456791160, -5.11, 12.93, -0.15, Right
1761456791206, -8.65, 17.09, -16.36, Right
1761456791436, -12.65, 19.43, -32.76, Right
1761456791481, -18.06, 15.21, -15.60, Right
1761456791529, -23.26, 11.15, 1.48, Right
1761456791603, -20.61, 15.43, -1.38, Right
1761456791648, -17.77, 19.45, -4.17, Right
1761456791694, -23.69, 14.96, 12.82, Right
1761456791746, -24.19, 13.35, 11.98, Right
1761456791795, -25.77, 10.36, 12.23, Right
1761456791847, -24.42, 12.74, 10.22, Right
1761456791913, -15.38, 8.02, 25.92, Down
1761456791961, -15.14, 11.84, 27.12, Right
1761456792008, -12.86, 21.70, -5.39, Right
1761456792104, -8.31, 21.98, -20.22, Right
1761456792152, -15.13, 20.25, -33.02, Right
1761456792204, -11.36, 15.44, -24.38, Right
1761456792255, -9.63, 21.06, -57.08, Right
1761456792305, -13.15, 27.62, -70.83, Right
1761456792352, -18.53, 24.36, -52.69, Right
1761456792407, -18.36, 24.24, -52.51, Right
1761456792458, -21.95, 29.46, -54.71, Right
1761456792504, -24.73, 18.84, -22.99, Right
1761456792604, -24.99, 18.99, -22.75, Right
1761456792694, -27.14, 28.86, -42.47, Right
1761456792742, -28.49, 21.40, -10.91, Right
1761456792789, -36.26, 21.37, -16.48, Right
1761456792840, -35.36, 26.00, -15.93, Right
1761456792944, -34.82, 25.95, -17.21, Right
1761456792991, -26.41, 34.58, -37.81, Right
1761456793036, -34.31, 26.54, -17.91, Right
1761456793086, -41.40, 23.94, -31.15, Right
1761456793131, -40.99, 24.66, -30.68, Right
1761456793209, -39.66, 24.36, -31.76, Right
1761456793254, -36.75, 17.64, -14.16, Right
1761456793305, -27.97, 26.77, -33.01, Right
1761456793354, -23.83, 31.32, -36.11, Right
1761456793404, -17.85, 29.37, -23.70, Right
1761456793453, -12.22, 27.55, -10.41, Right
1761456793519, -8.46, 19.04, -5.57, Right
1761456793571, -3.17, 22.01, -23.07, Right
1761456793707, -1.69, 25.74, -23.30, Right
1761456793757, -1.34, 25.78, -23.59, Right
1761456793806, -2.11, 26.14, -23.17, Right
1761456793912, -5.22, 32.83, -38.78, Right
1761456793960, -12.81, 31.28, -51.69, Right
1761456794009, -9.03, 26.52, -47.47, Right
1761456794058, -17.53, 18.33, -27.46, Right
1761456794103, -23.33, 20.08, -40.10, Right
1761456794155, -33.27, 29.60, -57.53, Right
1761456794203, -36.28, 35.96, -73.20, Right
1761456794258, -27.13, 29.84, -52.88, Right
1761456794308, -14.87, 30.02, -67.58, Right
1761456794358, -14.93, 29.64, -67.38, Right
1761456794409, -14.73, 29.18, -67.63, Right
1761456794456, -3.87, 26.04, -47.56, Right
1761456794503, -3.48, 22.97, -44.02, Right
1761456794551, 8.97, 23.22, -58.13, Right
1761456794598, 12.17, 16.78, -42.99, Right
1761456794646, 17.90, 7.69, -25.58, Up
1761456794696, 23.71, 6.07, -12.68, Up
1761456794745, 23.90, 2.82, -13.42, Up
1761456794808, 24.03, 2.96, -10.17, Up
1761456794863, 33.75, -6.40, 10.04, Up
1761456795004, 34.86, -6.59, 8.79, Up
1761456795053, 31.16, -2.47, 1.68, Up
1761456795104, 21.53, 6.96, -19.50, Up
1761456795148, 17.51, 14.57, -25.40, Right
1761456795197, 24.29, 11.43, -22.67, Right
1761456795249, 21.69, 14.12, -25.71, Right
1761456795316, 25.84, 6.40, -16.55, Up
1761456795365, 21.59, 13.87, -22.59, Right
1761456795415, 21.48, 13.93, -21.35, Right
1761456795496, 21.47, 13.82, -23.49, Right
1761456795548, 30.06, 4.67, -3.25, Up
1761456795600, 33.90, -2.73, 2.35, Up
1761456795651, 43.52, -12.14, 23.09, Left
1761456795700, 45.99, -10.00, 36.65, Up
1761456795808, 35.79, -0.38, 18.20, Up
1761456795857, 31.86, 1.98, 2.57, Up
1761456795903, 31.67, 1.87, -0.25, Up
1761456796004, 35.84, -5.68, 4.22, Up
1761456796052, 23.19, -6.07, 13.90, Up
1761456796144, 11.69, 3.74, -3.34, Up
1761456796194, -0.71, 3.91, 10.14, Forward
1761456796241, -11.13, 13.78, -8.04, Right
1761456796296, -21.51, 17.46, -13.08, Right
1761456796344, -19.94, 7.78, -18.99, Down
1761456796394, -9.83, -1.80, 0.85, Forward
1761456796441, 0.86, -7.21, 21.55, Forward
1761456796488, 0.81, -4.24, 17.34, Forward
1761456796533, -9.85, 5.39, 0.30, Forward
1761456796643, -6.78, 15.09, -32.45, Right
1761456796688, -7.35, 5.76, -0.83, Forward
1761456796737, -9.88, 11.90, -29.01, Right
1761456796783, -9.77, 11.79, -29.37, Right
1761456796832, -9.65, 10.57, -28.42, Right
1761456796901, -19.49, 20.17, -49.49, Right
1761456796992, -29.21, 29.70, -69.83, Right
1761456797045, -38.55, 39.25, -90.48, Right
1761456797094, -50.55, 37.32, -72.98, Right
1761456797144, -50.70, 32.86, -74.33, Right
1761456797250, -45.51, 30.48, -60.66, Right
1761456797297, -44.43, 32.36, -59.87, Right
1761456797344, -41.54, 26.78, -31.75, Right
1761456797396, -43.71, 17.19, 0.32, Right
1761456797496, -42.49, 23.91, -17.23, Right
1761456797544, -44.81, 15.04, 15.79, Right
1761456797592, -47.12, 6.08, 48.89, Down
1761456797637, -50.87, -0.18, 47.70, Down
1761456797726, -47.53, 7.97, 13.72, Down
1761456797798, -46.05, 12.32, 13.73, Right
1761456797844, -53.59, 6.15, 33.53, Down
1761456797893, -52.22, 13.37, -0.56, Right
1761456797980, -49.87, 21.79, -33.88, Right
1761456798025, -46.67, 31.02, -67.06, Right
1761456798101, -49.94, 22.34, -33.20, Right
1761456798146, -49.85, 22.09, -33.37, Right
1761456798235, -47.12, 30.60, -66.75, Right
1761456798279, -38.60, 34.48, -51.71, Right
1761456798327, -39.54, 34.71, -51.25, Right
1761456798410, -42.23, 25.95, -17.99, Right
1761456798459, -42.63, 25.27, -18.63, Right
1761456798602, -42.30, 24.71, -19.07, Right
1761456798651, -42.03, 24.75, -19.35, Right
1761456798696, -37.12, 22.45, -5.31, Right
1761456798805, -29.47, 29.05, -24.83, Right
1761456798849, -29.56, 29.16, -24.77, Right
1761456798897, -32.37, 20.07, 8.37, Right
1761456798986, -37.08, 21.87, -5.41, Right
1761456799034, -36.82, 21.44, -5.41, Right
1761456799095, -34.17, 29.91, -38.69, Right
1761456799144, -31.06, 38.86, -71.85, Right
1761456799193, -21.75, 29.94, -50.74, Right
1761456799285, -17.19, 27.95, -36.14, Right
1761456799332, -22.23, 29.99, -49.96, Right
1761456799401, -22.33, 29.95, -49.68, Right
1761456799447, -14.54, 36.50, -69.03, Right
1761456799494, -11.98, 45.58, -101.76, Right
1761456799541, -6.73, 43.74, -87.96, Right
1761456799586, -6.83, 43.99, -87.65, Right
1761456799703, -6.71, 43.84, -87.54, Right
1761456799749, -6.92, 43.75, -87.42, Right
1761456799797, -16.62, 52.85, -108.14, Right
1761456799845, -11.57, 45.79, -99.05, Right
1761456799895, -7.53, 43.05, -83.94, Right
1761456799944, -7.92, 42.63, -83.46, Right
1761456800009, -13.44, 43.20, -97.90, Right
1761456800063, -3.85, 34.13, -78.19, Right
1761456800111, -5.40, 32.91, -77.15, Right
1761456800196, -1.43, 29.02, -62.34, Right
1761456800243, 2.30, 25.44, -47.30, Right
1761456800294, 6.21, 21.81, -32.15, Right
1761456800344, 10.58, 17.72, -17.02, Right
1761456800394, 4.87, 22.45, -25.07, Right
1761456800444, 4.62, 19.97, -24.39, Right
1761456800501, 3.90, 16.64, -22.88, Right
1761456800550, 8.00, 12.32, -6.41, Right
1761456800594, 2.25, 15.66, -10.41, Right
1761456800643, 1.62, 12.79, -8.97, Right
1761456800688, 1.05, 10.68, -7.79, Right
1761456800730, 0.09, 8.44, -6.51, Forward
1761456800803, -1.06, 6.43, -5.05, Forward
1761456800848, -2.32, 4.72, -3.80, Forward
1761456800892, -3.55, 3.22, -2.62, Forward
1761456800940, -4.57, 2.30, -1.61, Forward
1761456800983, -5.50, 2.00, -0.87, Forward
1761456801028, -6.64, 1.70, -0.13, Forward
1761456801095, -7.77, 1.51, 0.71, Forward
1761456801141, -8.25, 1.50, 1.29, Forward
1761456801188, -8.86, 1.51, 1.90, Forward
1761456801235, -9.62, 1.41, 2.37, Forward
1761456801279, -10.10, 1.21, 2.64, Down
1761456801326, -10.38, 0.87, 3.19, Down
1761456801396, -10.63, 0.52, 3.69, Down
1761456801444, -11.01, 0.39, 3.99, Down
1761456801492, -11.50, 0.25, 4.24, Down
1761456801539, -15.10, -0.77, -13.78, Down
1761456801585, -15.34, -0.85, -13.54, Down
1761456801630, -15.57, -1.02, -13.35, Down
1761456801700, -15.61, -0.98, -13.28, Down
1761456801745, -15.09, -0.61, -13.27, Down
1761456801794, -14.79, -0.40, -13.24, Down
1761456801843, -15.67, 1.03, -13.77, Down
1761456801894, -16.65, 2.30, -14.13, Down
1761456801945, -9.50, 5.65, -18.56, Forward
1761456801994, -9.49, 6.35, -18.03, Forward
1761456802048, -6.04, 7.59, 0.88, Forward
1761456802093, -5.87, 7.73, 1.42, Forward
1761456802151, -5.86, 8.18, 2.05, Forward
1761456802205, -6.18, 7.79, 2.97, Forward
1761456802253, -6.21, 7.47, 3.57, Forward
1761456802296, -5.94, 7.93, 3.45, Forward
1761456802342, -4.97, 7.44, 3.73, Forward
1761456802393, -3.72, 7.20, 3.88, Forward
1761456802443, -10.17, 5.08, 7.61, Down
1761456802492, -9.51, 5.70, 6.31, Forward
1761456802541, -8.26, 6.95, 4.25, Forward
1761456802597, -1.49, 7.03, 7.53, Forward
1761456802643, 5.57, 3.76, 10.24, Forward
1761456802692, 5.88, 3.97, 8.44, Forward
1761456802743, 12.74, 0.90, 11.91, Up
1761456802792, 12.53, 0.11, 11.36, Up
1761456802844, 19.26, -3.91, 13.06, Up
1761456802904, 21.43, -0.61, 10.37, Up
1761456802950, 27.72, -4.74, 12.99, Up
1761456802998, 34.04, -8.92, 17.60, Up
1761456803089, 28.35, -4.65, 3.37, Up
1761456803134, 18.57, 1.49, -17.19, Up
1761456803191, 6.48, 2.46, -4.35, Forward
1761456803238, 9.02, 7.05, -7.31, Forward
1761456803326, -2.62, 16.64, -27.09, Right
1761456803374, -5.21, 23.24, -43.79, Right
1761456803425, -15.19, 33.18, -62.46, Right
1761456805302, -21.00, 33.92, -76.47, Right
1761456805346, -21.01, 33.97, -75.51, Right
1761456805394, -21.17, 37.24, -74.81, Right
1761456805442, -14.92, 34.27, -60.61, Right
1761456805491, -10.11, 30.67, -45.54, Right
1761456805542, -4.02, 35.04, -63.09, Right
1761456805593, -5.37, 32.47, -60.30, Right
1761456805643, 0.58, 27.80, -45.56, Right
1761456805694, 4.27, 23.08, -29.14, Right
1761456805742, 9.08, 18.04, -13.25, Right
1761456805792, 14.17, 14.93, 2.28, Right
1761456805843, 8.92, 20.21, -2.20, Right
1761456805895, 2.96, 23.12, -8.64, Right
1761456805941, 2.09, 23.41, -8.98, Right
1761456805992, 1.39, 23.74, -9.27, Right
1761456806046, 1.70, 24.78, -9.82, Right
1761456806092, 1.57, 25.99, -10.49, Right
1761456806141, 2.14, 27.38, -11.28, Right
1761456806198, 1.05, 25.51, -10.55, Right
1761456806243, 0.62, 26.60, -10.98, Right
1761456806292, 0.42, 27.53, -11.31, Right
1761456806341, -0.40, 27.71, -11.36, Right
1761456806392, -0.30, 26.79, -11.05, Right
1761456806441, -0.31, 25.41, -10.63, Right
1761456806503, -1.07, 23.66, -9.92, Right
1761456806553, -2.13, 21.73, -9.32, Right
1761456806596, -3.06, 19.74, -8.57, Right
1761456806696, -4.76, 17.68, -7.74, Right
1761456806741, -4.73, 18.75, -8.43, Right
1761456806791, -5.78, 17.24, -7.82, Right
1761456806836, -7.15, 15.71, -7.26, Right
1761456806879, -8.04, 14.53, -6.71, Right
1761456806925, -8.71, 13.66, -6.35, Right
1761456806998, -9.15, 13.33, -6.25, Right
1761456807047, -9.16, 13.34, -6.31, Right
1761456807093, -9.23, 13.35, -6.35, Right
1761456807139, -8.73, 13.29, -6.56, Right
1761456807182, -8.13, 13.34, -6.85, Right
1761456807227, -7.35, 13.66, -7.23, Right
1761456807285, -6.79, 14.11, -7.64, Right
1761456807330, -6.11, 14.51, -7.97, Right
1761456807377, -5.22, 14.99, -8.41, Right
1761456807425, -4.54, 15.41, -8.82, Right
1761456807473, -4.18, 15.81, -9.10, Right
1761456807518, -3.60, 16.41, -9.50, Right
1761456807590, -3.02, 17.01, -9.95, Right
1761456807633, -6.70, 19.05, -26.67, Right
1761456807680, -10.59, 20.97, -43.20, Right
1761456807723, -14.43, 22.82, -59.67, Right
1761456807774, -18.00, 24.17, -76.06, Right
1761456807826, -18.10, 24.65, -76.12, Right
1761456807896, -17.50, 24.96, -76.13, Right
1761456807942, -17.01, 25.22, -76.02, Right
1761456807990, -16.43, 25.45, -75.91, Right
1761456808044, -16.61, 25.87, -75.57, Right
1761456808093, -16.29, 26.73, -75.35, Right
1761456808142, -12.16, 26.20, -58.78, Right
1761456808197, -7.85, 26.44, -42.41, Right
1761456808244, -3.85, 26.60, -26.00, Right
1761456808293, 0.10, 26.89, -9.58, Right
1761456808339, 1.00, 28.39, -9.68, Right
1761456808386, 1.10, 30.17, -9.92, Right
1761456808430, 1.61, 32.29, -10.50, Right
1761456808483, 2.47, 34.62, -11.24, Right
1761456808529, 3.95, 36.62, -12.07, Right
1761456808575, 5.12, 38.09, -12.80, Right
1761456808624, 6.31, 39.72, -13.62, Right
1761456808674, 7.87, 40.56, -14.49, Right
1761456808724, 9.43, 41.42, -15.39, Right
1761456808793, 10.87, 42.24, -16.23, Right
1761456808837, 11.84, 42.92, -16.94, Right
1761456808882, 12.92, 43.37, -17.41, Right
1761456808928, 13.82, 43.37, -17.81, Right
1761456808973, 14.38, 43.29, -18.07, Right
1761456809018, 14.83, 43.16, -18.28, Right
1761456809093, 15.42, 42.80, -18.47, Right
1761456809141, 11.01, 43.88, -33.01, Right
1761456809189, 10.94, 43.80, -33.09, Right
1761456809239, 10.99, 43.76, -33.24, Right
1761456809284, 11.14, 43.90, -33.45, Right
1761456809330, 11.40, 43.83, -33.61, Right
1761456809395, 11.47, 43.86, -33.92, Right
1761456809440, 11.51, 43.92, -33.99, Right
1761456809490, 11.48, 43.93, -34.04, Right
1761456809540, 11.59, 43.90, -34.17, Right
1761456809591, 11.49, 44.05, -34.27, Right
1761456809639, 16.22, 42.83, -19.92, Right
1761456809688, 11.19, 44.01, -34.11, Right
1761456809733, 6.01, 45.18, -48.18, Right
1761456809779, 5.67, 45.05, -48.06, Right
1761456809824, 5.47, 44.66, -48.08, Right
1761456809872, 5.48, 44.37, -48.10, Right
1761456809917, 5.11, 44.16, -48.05, Right
1761456810005, 4.77, 44.03, -48.01, Right
1761456810056, 4.55, 43.87, -47.96, Right
1761456810108, -0.58, 44.92, -62.39, Right
1761456810197, -1.11, 44.63, -62.25, Right
1761456810244, 3.41, 43.05, -47.80, Right
1761456810291, 7.88, 41.54, -33.44, Right
1761456810340, 7.45, 41.13, -33.17, Right
1761456810389, 6.70, 41.05, -32.75, Right
1761456810438, 6.32, 41.03, -32.65, Right
1761456810487, 5.90, 41.06, -32.51, Right
1761456810530, 5.58, 41.00, -32.40, Right
1761456810577, 5.17, 40.92, -32.29, Right
1761456810624, 9.40, 39.66, -17.70, Right
1761456810674, 9.10, 39.70, -17.72, Right
1761456810723, 8.83, 39.87, -17.75, Right
1761456810789, 8.72, 39.94, -17.81, Right
1761456810836, 8.64, 40.00, -17.98, Right
1761456810878, 8.73, 40.12, -18.20, Right
1761456810923, 8.48, 40.03, -18.09, Right
1761456810973, 8.42, 39.81, -18.10, Right
1761456811023, 8.59, 39.47, -18.21, Right
1761456811093, 8.59, 39.39, -18.33, Right
1761456811140, 8.68, 39.35, -18.43, Right
1761456811193, 8.81, 39.33, -18.58, Right
1761456811241, 8.88, 39.21, -18.78, Right
1761456811288, 8.93, 39.12, -19.06, Right
1761456811332, 9.00, 39.17, -19.27, Right
1761456811397, 9.12, 39.19, -19.41, Right
1761456811444, 9.09, 39.15, -19.56, Right
1761456811492, 9.04, 39.08, -19.61, Right
1761456811539, 9.05, 39.25, -19.65, Right
1761456811585, 9.13, 39.28, -19.68, Right
1761456811630, 9.25, 39.13, -19.71, Right
1761456811690, 9.38, 39.01, -19.80, Right
1761456811739, 9.41, 39.07, -19.83, Right
1761456811784, 9.64, 39.02, -19.79, Right
1761456811828, 9.85, 38.92, -19.89, Right
1761456811874, 9.95, 38.94, -20.06, Right
1761456811923, 10.19, 39.04, -20.20, Right
1761456811989, 10.47, 39.20, -20.42, Right
1761456812041, 10.42, 39.13, -20.46, Right
1761456812088, 10.37, 39.14, -20.58, Right
1761456812139, 10.36, 39.45, -20.76, Right
1761456812190, 10.25, 39.50, -20.73, Right
1761456812237, 10.43, 39.50, -20.81, Right
1761456812294, 10.38, 39.63, -20.91, Right
1761456812339, 10.21, 39.79, -20.83, Right
1761456812385, 10.17, 39.77, -20.79, Right
1761456812428, 10.25, 39.80, -20.78, Right
1761456812473, 10.26, 39.93, -20.75, Right
1761456812524, 10.18, 40.22, -20.82, Right
1761456812584, 10.37, 40.47, -20.81, Right
1761456812630, 10.72, 40.45, -20.89, Right
1761456812675, 11.21, 40.82, -21.15, Right
1761456812720, 11.27, 41.25, -21.10, Right
1761456812765, 11.29, 41.38, -21.08, Right
1761456812809, 11.64, 41.44, -21.15, Right
1761456812884, 11.94, 41.48, -21.19, Right
1761456812927, 12.10, 41.41, -21.19, Right
1761456812975, 12.35, 41.36, -21.23, Right
1761456813022, 12.55, 41.19, -21.26, Right
1761456813071, 12.65, 40.94, -21.31, Right
1761456813122, 12.56, 40.98, -21.19, Right
1761456813189, 12.54, 40.68, -21.09, Right
1761456813234, 7.71, 42.10, -35.22, Right
1761456813278, 2.93, 43.66, -49.18, Right
1761456813323, 3.12, 43.19, -49.00, Right
1761456813367, -1.56, 44.76, -63.19, Right
1761456813411, -1.38, 44.73, -63.39, Right
1761456813493, -9.29, 38.41, -43.76, Right
1761456813539, -17.01, 32.00, -24.17, Right
1761456813588, -24.87, 25.60, -4.63, Right
1761456813634, -32.44, 19.05, 14.67, Right
1761456813720, -37.65, 20.46, 0.67, Right
1761456813783, -37.79, 20.31, 0.57, Right
1761456813825, -33.01, 18.75, 14.63, Right
1761456813873, -33.33, 19.36, 14.34, Right
1761456813920, -28.60, 17.94, 28.48, Right
1761456813964, -28.75, 18.10, 28.72, Right
1761456814011, -20.84, 24.34, 9.11, Right
1761456814085, -13.01, 30.80, -10.49, Right
1761456814129, -10.22, 38.65, -44.27, Right
1761456814176, -7.55, 46.74, -77.71, Right
1761456814222, -7.61, 47.03, -77.50, Right
1761456814273, -7.59, 46.93, -77.36, Right
1761456814323, -7.46, 46.53, -77.25, Right
1761456814392, -7.38, 46.43, -77.26, Right
1761456814439, -7.26, 46.49, -77.40, Right
1761456814484, -7.24, 46.63, -77.64, Right
1761456814529, -7.19, 46.77, -77.69, Right
1761456814576, -14.42, 43.15, -92.72, Right
1761456814621, -16.73, 35.84, -58.68, Right
1761456814694, -7.26, 27.20, -38.13, Right
1761456814740, -10.18, 18.22, -5.35, Right
1761456814789, -13.23, 9.39, 27.62, Down
1761456814881, -18.83, 7.58, 12.05, Down
1761456814926, -23.50, 8.66, -2.17, Down
1761456814984, -24.11, 8.29, -1.53, Down
1761456815028, -29.43, 9.25, -15.34, Down
1761456815077, -34.70, 10.41, -29.38, Right
1761456815123, -28.06, 13.55, -13.68, Right
1761456815172, -21.23, 19.19, -32.92, Right
1761456815222, -26.15, 25.76, -38.69, Right
1761456815290, -18.74, 32.56, -56.86, Right
1761456815335, -11.08, 39.35, -75.07, Right
1761456815384, -5.93, 40.91, -58.92, Right
1761456815430, -1.91, 38.81, -43.70, Right
1761456815474, -6.37, 39.33, -58.53, Right
1761456815521, -2.10, 37.08, -43.52, Right
1761456815589, 2.23, 34.81, -28.47, Right
1761456815634, 1.95, 34.29, -28.20, Right
1761456815681, 1.53, 33.55, -27.79, Right
1761456815727, 1.15, 32.89, -27.41, Right
1761456815774, 0.97, 32.31, -27.13, Right
1761456815823, 0.63, 31.72, -26.86, Right
1761456815893, 0.39, 31.58, -26.79, Right
1761456815939, 0.15, 32.14, -26.97, Right
1761456815992, 4.15, 31.53, -11.89, Right
1761456816042, 0.02, 32.92, -27.26, Right
1761456816089, 0.32, 33.57, -27.56, Right
1761456816138, 0.76, 34.13, -27.81, Right
1761456816189, 1.18, 35.02, -28.28, Right
1761456816240, 1.77, 35.94, -28.90, Right
1761456816292, 2.27, 36.85, -29.46, Right
1761456816339, 2.97, 38.22, -30.33, Right
1761456816389, 3.64, 39.14, -31.08, Right
1761456816438, 4.67, 39.52, -31.54, Right
1761456816488, 4.91, 39.54, -31.61, Right
1761456816538, 9.32, 38.97, -16.63, Right
1761456816585, 9.08, 38.53, -16.41, Right
1761456816692, 8.87, 37.58, -16.00, Right
1761456816739, 8.72, 36.33, -15.38, Right
1761456816788, 8.42, 35.11, -14.76, Right
1761456816836, 7.85, 34.08, -14.12, Right
1761456816881, 7.01, 32.55, -13.21, Right
1761456816927, 6.03, 30.98, -12.24, Right
1761456816980, 5.04, 29.44, -11.37, Right
1761456817026, 4.84, 28.26, -10.89, Right
1761456817075, 4.67, 27.14, -10.43, Right
1761456817123, 4.73, 26.76, -10.41, Right
1761456817173, 4.61, 26.94, -10.57, Right
1761456817222, 4.82, 27.23, -11.13, Right
1761456817288, 5.74, 27.83, -12.21, Right
1761456817333, 6.88, 28.43, -13.24, Right
1761456817379, 8.19, 28.98, -14.31, Right
1761456817422, 10.17, 30.97, -16.38, Right
1761456817472, 12.05, 33.10, -18.54, Right
1761456817592, 5.70, 28.72, -16.82, Right
1761456817637, 3.07, 31.71, 2.05, Right
1761456817684, -5.04, 30.60, -13.79, Right
1761456817729, -0.02, 27.91, -12.31, Right
1761456817775, -4.92, 26.88, -27.80, Right
1761456817821, -9.99, 27.99, -8.15, Right
1761456817938, -12.48, 24.75, -5.79, Right
1761456818037, -15.53, 22.93, 13.24, Right
1761456818085, -19.40, 20.14, 33.43, Right
1761456818131, -21.96, 17.75, 36.13, Right
1761456829574, -19.55, 21.96, 35.90, Right
1761456829618, -21.08, 19.30, 18.57, Right
1761456829665, -17.38, 20.78, 36.12, Right
1761456829709, -27.20, 24.18, 36.75, Right
1761456829752, -27.49, 26.15, 54.68, Right
1761456829796, -27.03, 24.93, 37.18, Right
1761456829840, -29.16, 28.41, 36.88, Right
1761456829883, -30.74, 30.81, 19.93, Right
1761456829930, -32.07, 32.88, 2.84, Right
1761456829974, -35.16, 34.81, 3.35, Right
1761456830018, -35.23, 36.70, 2.93, Right
1761456830065, -35.13, 38.17, 2.52, Right
1761456830109, -34.71, 38.98, 2.10, Right
1761456830153, -33.70, 39.47, 1.20, Right
1761456830196, -32.68, 38.60, 0.29, Right
1761456830243, -33.04, 38.85, 0.28, Right
1761456830286, -33.35, 37.53, 0.10, Right
1761456830330, -33.75, 36.47, -0.00, Right
1761456830374, -34.17, 32.12, -0.69, Right
1761456830417, -34.14, 27.59, -1.48, Right
1761456830464, -34.20, 23.17, -2.15, Right
1761456841881, -33.15, 20.04, -2.01, Right
1761456841924, -31.98, 12.18, -20.01, Right
1761456841969, -31.31, 9.36, -19.81, Down
1761456842012, -30.52, 9.61, -19.43, Down
1761456842056, -29.82, 9.69, -19.13, Down
1761456842098, -28.42, 10.13, -18.73, Right
1761456842163, -27.06, 10.34, -18.49, Right
1761456842207, -25.61, 14.16, -17.58, Right
1761456842248, -23.46, 16.77, 0.91, Right
1761456842294, -21.34, 20.36, 1.81, Right
1761456842338, -20.21, 21.91, 1.81, Right
1761456842382, -28.81, 26.02, 20.94, Right
1761456842467, -28.04, 27.04, 21.38, Right
1761456842511, -27.79, 26.19, 21.52, Right
1761456842556, -27.69, 25.52, 21.77, Right
1761456842599, -26.60, 25.18, 22.19, Right
1761456842644, -25.42, 24.11, 22.73, Right
1761456842690, -24.34, 22.49, 23.41, Right
1761456842803, -25.38, 22.16, 6.82, Right
1761456842847, -26.41, 21.40, 7.32, Right
1761456842895, -27.61, 21.84, 8.06, Right
1761456842941, -18.10, 23.48, 7.95, Right
1761456842984, -17.52, 23.14, 8.32, Right
1761456843062, -17.31, 22.82, 9.21, Right
1761456843105, -16.80, 21.72, 10.02, Right
1761456843150, -17.97, 21.32, 10.58, Right
1761456843193, -19.27, 20.97, 11.16, Right
1761456843237, -20.29, 22.56, 11.15, Right
1761456843331, -19.72, 25.04, 10.60, Right
1761456843378, -18.88, 26.93, 10.43, Right
1761456843421, -17.90, 28.18, 10.07, Right
1761456843465, -17.05, 28.45, 26.91, Right
1761456843510, -17.25, 31.09, 26.39, Right
1761456843603, -16.82, 33.19, 25.94, Right
1761456843646, -16.74, 35.65, 25.50, Right
1761456843693, -16.52, 37.81, 25.25, Right
1761456843736, -16.72, 40.01, 24.98, Right
1761456843780, -17.02, 40.43, 25.08, Right
1761456843860, -17.32, 39.09, 25.60, Right
1761456843903, -17.65, 37.66, 26.08, Right
1761456843945, -18.03, 36.24, 26.53, Right
1761456843991, -19.62, 37.23, 9.67, Right
1761456844037, -20.47, 35.32, 10.30, Right
1761456844130, -20.78, 33.50, 10.19, Right
1761456844175, -20.98, 31.82, 10.02, Right
1761456844219, -21.14, 30.07, 9.87, Right
1761456844262, -20.62, 28.33, 9.65, Right
1761456844313, -20.25, 26.56, 9.43, Right
1761456844403, -20.18, 25.64, 9.13, Right
1761456844446, -20.29, 24.59, 8.85, Right
1761456844493, -20.32, 23.66, 8.58, Right
1761456844536, -20.64, 22.36, 8.28, Right
1761456844581, -20.76, 21.54, 7.95, Right
1761456844660, -21.41, 20.62, 7.92, Right
1761456844704, -22.01, 19.61, 7.91, Right
1761456844746, -22.65, 18.67, 7.88, Right
1761456844794, -23.51, 18.10, 7.89, Right
1761456844838, -24.26, 17.62, 7.81, Right
1761456844932, -24.88, 18.47, 7.55, Right
1761456844975, -25.32, 19.47, 7.25, Right
1761456845017, -25.88, 20.39, 7.00, Right
1761456845062, -25.67, 23.82, 6.93, Right
1761456845106, -25.34, 27.21, 6.78, Right
1761456845203, -24.80, 31.65, 7.00, Right
1761456845246, -24.38, 36.11, 7.33, Right
1761456845294, -23.80, 40.59, 7.58, Right
1761456845337, -23.03, 44.84, 7.85, Right
1761456845382, -22.25, 49.14, 8.22, Right
1761456845459, -22.38, 51.31, 9.20, Right
1761456845502, -22.38, 53.42, 10.14, Right
1761456845546, -22.44, 55.64, 11.13, Right
1761456845589, -22.98, 55.73, 11.96, Right
1761456845632, -23.60, 55.20, 12.78, Right
1761456845733, -24.03, 53.92, 13.17, Right
1761456845777, -24.13, 52.57, 13.38, Right
1761456845819, -24.41, 51.21, 13.68, Right
1761456845863, -24.96, 50.10, 13.92, Right
1761456845909, -25.56, 48.84, 14.18, Right
1761456846003, -25.40, 48.23, 13.91, Right
1761456846050, -25.47, 47.70, 13.71, Right
1761456846094, -25.42, 47.00, 13.41, Right
1761456846137, -25.18, 46.50, 13.14, Right
1761456846180, -24.92, 46.56, 12.93, Right
1761456846259, -24.44, 47.05, 12.77, Right
1761456846303, -24.07, 47.50, 12.71, Right
1761456846347, -23.59, 47.93, 12.60, Right
1761456846393, -23.04, 48.31, 12.49, Right
1761456846437, -22.82, 49.55, 12.61, Right
1761456846531, -22.26, 50.87, 12.57, Right
1761456846587, -21.41, 52.11, 12.46, Right
1761456846636, -20.87, 53.34, 12.52, Right
1761456846682, -19.82, 54.16, 12.12, Right
1761456846727, -18.88, 55.15, 11.71, Right
1761456846804, -18.58, 55.69, 11.40, Right
1761456846847, -18.20, 56.33, 10.97, Right
1761456846893, -17.92, 56.85, 10.59, Right
1761456846937, -18.29, 57.41, 10.37, Right
1761456846980, -17.85, 57.09, 9.72, Right
1761456847060, -17.63, 56.36, 9.14, Right
1761456847104, -17.80, 55.65, 8.75, Right
1761456847147, -17.58, 55.07, 8.16, Right
1761456847193, -18.04, 54.75, 8.03, Right
1761456847236, -18.62, 53.60, 8.21, Right
1761456847332, -19.09, 51.60, 8.21, Right
1761456847377, -19.95, 49.78, 8.34, Right
1761456847421, -20.70, 48.00, 8.49, Right
1761456847463, -21.00, 45.90, 8.54, Right
1761456847508, -21.76, 43.97, 8.77, Right
1761456847603, -22.78, 41.89, 9.06, Right
1761456847646, -23.62, 39.81, 9.25, Right
1761456847694, -24.56, 37.52, 9.49, Right
1761456847737, -26.03, 35.58, 9.81, Right
1761456847781, -27.43, 34.39, 9.84, Right
1761456847860, -27.22, 33.61, 9.63, Right
1761456847903, -26.76, 32.55, 9.39, Right
1761456847947, -26.37, 31.47, 9.13, Right
1761456847993, -25.71, 30.63, 8.79, Right
1761456848045, -25.88, 30.26, 8.64, Right
1761456848131, -27.14, 30.19, 8.72, Right
1761456848176, -28.24, 30.24, 8.81, Right
1761456848222, -29.38, 30.46, 8.92, Right
1761456848264, -29.42, 30.04, 8.57, Right
1761456848310, -29.44, 29.66, 8.31, Right
1761456848403, -31.22, 30.25, 8.25, Right
1761456848446, -32.94, 31.07, 8.22, Right
1761456848493, -34.63, 31.79, 8.14, Right
1761456848537, -36.49, 32.62, 7.99, Right
1761456848581, -37.46, 32.80, 7.69, Right
1761456848660, -37.29, 33.54, 7.31, Right
1761456848704, -37.27, 34.11, 6.91, Right
1761456848747, -37.14, 34.64, 6.48, Right
1761456848792, -37.70, 35.42, 6.44, Right
1761456848836, -38.16, 36.27, 6.44, Right
1761456848931, -38.23, 36.74, 6.62, Right
1761456848974, -38.31, 37.21, 6.70, Right
1761456849018, -38.40, 37.76, 6.84, Right
1761456849062, -39.15, 38.66, 7.45, Right
1761456849109, -40.07, 39.39, 7.92, Right
1761456849203, -41.24, 39.78, 8.48, Right
1761456849245, -42.26, 40.10, 8.94, Right
1761456849288, -43.38, 40.55, 9.47, Right
1761456849331, -44.31, 40.98, 9.96, Right
1761456849462, -43.53, 35.06, 8.77, Right
1761456849504, -42.79, 29.16, 7.53, Right
1761456849546, -42.12, 23.16, 6.32, Right
1761456849592, -41.47, 17.26, 5.14, Right
1761456849636, -40.25, 10.50, 3.46, Right
1761456849730, -38.74, 4.42, 2.00, Down
1761456849774, -36.85, -1.64, 0.39, Down
1761456849817, -35.08, -7.61, -1.11, Down
1761456849861, -33.69, -14.13, -2.85, Left
1761456849910, -32.36, -20.64, -4.57, Left
1761456850002, -32.69, -20.24, -4.59, Left
1761456850048, -33.15, -20.43, -4.73, Left
1761456850093, -33.61, -20.63, -4.86, Left
1761456850137, -34.23, -20.98, -4.93, Left
1761456850182, -34.57, -20.76, -4.84, Left
1761456850260, -35.23, -21.16, -4.71, Left
1761456850302, -36.03, -21.81, -4.67, Left
1761456850348, -36.88, -22.55, -4.65, Left
1761456850394, -37.33, -22.84, -4.45, Left
1761456850437, -37.58, -22.75, -4.12, Left
1761456850532, -37.93, -23.19, -3.84, Left
1761456850579, -38.15, -23.44, -3.51, Left
1761456850627, -38.46, -23.67, -3.19, Left
1761456850672, -38.95, -24.10, -3.06, Left
1761456850714, -39.61, -24.79, -3.07, Left
1761456850805, -39.99, -25.06, -2.98, Left
1761456850848, -40.16, -25.48, -2.87, Left
1761456850893, -40.40, -25.82, -2.80, Left
1761456850938, -40.83, -26.69, -2.87, Left
1761456850983, -41.52, -27.95, -3.06, Left
1761456851059, -42.45, -29.83, -3.62, Left
1761456851103, -43.54, -31.43, -4.07, Left
1761456851148, -44.44, -33.10, -4.51, Left
1761456851192, -42.12, -32.72, -21.46, Left
1761456851238, -42.59, -34.37, -21.78, Left
1761456851332, -42.84, -35.93, -22.18, Left
1761456851376, -43.29, -37.32, -22.59, Left
1761456851420, -43.60, -38.53, -22.88, Left
1761456851463, -43.11, -38.77, -22.64, Left
1761456851510, -42.76, -38.92, -22.41, Left
1761456851587, -41.74, -38.86, -21.91, Left
1761456851629, -40.68, -38.68, -21.46, Left
1761456851675, -39.66, -38.41, -20.92, Left
1761456851720, -41.52, -39.83, -3.76, Left
1761456851763, -40.12, -38.70, -3.12, Left
1761456851859, -39.30, -37.94, -2.74, Left
1761456851903, -38.39, -37.62, -2.16, Left
1761456851946, -37.57, -37.30, -1.69, Left
1761456851992, -37.04, -36.96, -1.49, Left
1761456852037, -36.35, -36.55, -1.16, Left
1761456852132, -35.75, -35.31, -0.71, Left
1761456852176, -35.36, -33.96, -0.32, Left
1761456852219, -35.05, -32.64, 0.02, Left
1761456852264, -34.86, -31.62, 0.38, Left
1761456852309, -35.26, -30.67, 0.74, Left
1761456852386, -34.96, -29.54, 1.21, Left
1761456852429, -34.77, -27.77, 1.54, Left
1761456852475, -34.50, -26.10, 1.91, Left
1761456852518, -34.51, -24.90, 2.14, Left
1761456852560, -34.39, -23.70, 2.32, Left
1761456852665, -34.44, -22.53, 2.29, Left
1761456852710, -34.34, -21.83, 2.30, Left
1761456852754, -34.22, -21.25, 2.27, Left
1761456852797, -33.97, -19.99, 2.21, Left
1761456852840, -33.63, -19.21, 2.13, Left
1761456852931, -33.47, -18.35, 2.21, Left
1761456852973, -33.24, -17.66, 2.26, Left
1761456853019, -33.15, -17.27, 2.30, Left
1761456853064, -32.81, -15.89, 2.43, Left
1761456853109, -32.57, -14.47, 2.50, Left
1761456853187, -32.45, -12.06, 2.73, Left
1761456853231, -32.14, -9.28, 2.93, Down
1761456853276, -31.86, -6.39, 3.16, Down
1761456853319, -31.56, -3.88, 3.41, Down
1761456853363, -31.32, -0.73, 3.61, Down
1761456853460, -31.38, 2.27, 3.72, Down
1761456853503, -31.37, 5.22, 3.87, Down
1761456853546, -31.26, 8.49, 4.05, Down
1761456853594, -31.37, 10.69, 4.09, Right
1761456853643, -31.37, 12.50, 4.14, Right
1761456853731, -31.50, 13.35, 3.91, Right
1761456853778, -31.57, 13.89, 3.71, Right
1761456853826, -31.70, 14.62, 3.55, Right
1761456853872, -32.22, 15.17, 3.41, Right
1761456853918, -32.45, 15.47, 3.27, Right
1761456853993, -33.06, 15.35, 3.00, Right
1761456854039, -33.75, 15.40, 2.73, Right
1761456854082, -34.35, 15.19, 2.47, Right
1761456854127, -35.01, 14.90, 2.22, Right
1761456854178, -35.69, 14.77, 1.90, Right
1761456854259, -36.66, 12.96, 19.71, Right
1761456854305, -37.61, 10.95, 37.51, Right
1761456854347, -38.55, 8.87, 55.25, Down
1761456854392, -39.14, 7.07, 37.11, Down
1761456854434, -39.94, 5.04, 19.01, Down
1761456854533, -40.40, 3.19, 1.01, Down
1761456854580, -40.65, 0.96, -17.06, Down
1761456854626, -40.95, -1.10, -35.14, Down
1761456854672, -41.29, -3.20, -53.18, Down
1761456854715, -41.63, -5.24, -71.19, Down
1761456854787, -41.51, -6.20, -107.13, Down
1761456854834, -41.50, -6.57, -142.99, Down
1761456854880, -41.43, -7.03, -178.86, Down
1761456854929, -41.32, -7.83, -178.85, Down
1761456854978, -40.87, -8.94, -178.91, Down
1761456855059, -40.12, -10.32, -178.97, Left
1761456855104, -39.66, -11.15, -178.98, Left
1761456855147, -39.19, -11.98, -178.99, Left
1761456855193, -38.37, -13.07, -160.91, Left
1761456855237, -37.76, -14.07, -142.81, Left
1761456855331, -37.04, -14.96, -124.79, Left
1761456855374, -36.47, -16.11, -106.83, Left
1761456855417, -35.82, -17.42, -88.86, Left
1761456855459, -35.06, -18.53, -70.86, Left
1761456855507, -34.80, -19.66, -52.83, Left
1761456855588, -34.46, -19.85, -34.78, Left
1761456855633, -34.08, -20.25, -16.77, Left
1761456855676, -33.81, -20.60, 1.20, Left
1761456855720, -33.82, -20.47, 1.08, Left
1761456855765, -33.67, -20.42, 1.10, Left
1761456855861, -33.76, -20.48, 1.24, Left
1761456855905, -33.74, -20.64, 1.41, Left
1761456855949, -33.71, -20.42, 1.60, Left
1761456855992, -34.00, -20.41, 1.76, Left
1761456856038, -34.22, -20.12, 1.87, Left
1761456856131, -34.54, -20.11, -16.03, Left
1761456856176, -34.85, -19.86, -33.91, Left
1761456856221, -34.97, -19.65, -33.61, Left
1761456856265, -35.72, -18.93, -51.46, Left
1761456856308, -36.32, -18.37, -69.38, Left
1761456856387, -36.96, -17.82, -87.18, Left
1761456856432, -37.36, -17.48, -104.99, Left
1761456856475, -37.77, -17.27, -122.78, Left
1761456856518, -38.03, -16.83, -140.58, Left
1761456856561, -38.12, -17.04, -140.19, Left
1761456856660, -38.71, -17.05, -140.04, Left
1761456856703, -38.75, -17.68, -121.63, Left
1761456856746, -38.94, -18.25, -121.37, Left
1761456856790, -38.51, -19.43, -103.04, Left
1761456856835, -38.19, -20.65, -84.67, Left
1761456856930, -37.83, -21.39, -66.57, Left
1761456856974, -38.13, -21.34, -66.60, Left
1761456857017, -38.07, -21.98, -48.50, Left
1761456857060, -37.82, -22.91, -30.47, Left
1761456857107, -37.46, -23.36, -30.54, Left
1761456857187, -36.78, -24.66, -12.30, Left
1761456857230, -36.42, -25.68, -12.30, Left
1761456857274, -36.12, -26.79, -12.35, Left
1761456857317, -35.75, -27.81, -12.32, Left
1761456857360, -35.56, -28.91, -12.56, Left
1761456857458, -35.32, -30.06, -12.53, Left
1761456857501, -34.57, -31.70, 5.67, Left
1761456857543, -34.22, -32.81, 5.68, Left
1761456857603, -34.07, -33.70, 5.78, Left
1761456857651, -33.93, -34.53, 5.95, Left
1761456857731, -34.94, -34.09, -12.47, Left
1761456857774, -35.13, -33.97, -12.24, Left
1761456857819, -36.28, -33.34, -30.62, Left
1761456857864, -36.50, -33.53, -30.41, Left
1761456857908, -36.70, -33.48, -30.06, Left
1761456857986, -36.55, -33.42, -29.60, Left
1761456858031, -36.70, -33.29, -29.20, Left
1761456858077, -38.14, -32.51, -47.56, Left
1761456858124, -39.64, -31.63, -65.93, Left
1761456858167, -41.25, -30.13, -84.30, Left
1761456858259, -39.76, -30.29, -65.26, Left
1761456858302, -39.41, -29.77, -64.94, Left
1761456858346, -38.00, -29.84, -45.94, Left
1761456858389, -37.33, -29.06, -45.59, Left
1761456858432, -36.97, -28.18, -45.22, Left
1761456858533, -36.84, -28.05, -45.11, Left
1761456858577, -37.96, -26.82, -63.59, Left
1761456858620, -37.70, -26.18, -63.30, Left
1761456858665, -35.85, -26.45, -44.36, Left
1761456858709, -33.98, -27.19, -25.50, Left
1761456858788, -33.95, -27.00, -25.65, Left
1761456858833, -35.20, -25.93, -44.39, Left
1761456858876, -36.35, -24.76, -63.11, Left
1761456858924, -36.52, -24.71, -63.23, Left
1761456858969, -36.22, -24.85, -63.42, Left
1761456859060, -36.14, -24.47, -63.75, Left
1761456859103, -35.77, -23.85, -63.96, Left
1761456859146, -34.33, -24.62, -45.70, Left
1761456859192, -35.29, -23.49, -64.62, Left
1761456859241, -36.46, -22.07, -83.53, Left
1761456859331, -36.63, -22.56, -84.01, Left
1761456859375, -35.44, -24.07, -65.81, Left
1761456859421, -34.31, -25.63, -47.60, Left
1761456859463, -34.31, -26.09, -47.99, Left
1761456859507, -35.23, -25.06, -66.65, Left
1761456859587, -35.43, -25.36, -66.86, Left
1761456859631, -34.99, -25.70, -66.90, Left
1761456859678, -35.80, -24.54, -85.42, Left
1761456859724, -35.65, -24.68, -85.40, Left
1761456859767, -34.37, -25.98, -66.98, Left
1761456859860, -34.34, -25.88, -67.10, Left
1761456859908, -34.40, -25.63, -67.28, Left
1761456859954, -34.48, -25.34, -67.47, Left
1761456859997, -34.47, -24.94, -67.69, Left
1761456860046, -33.90, -25.84, -49.53, Left
1761456860133, -33.77, -25.71, -49.58, Left
1761456860175, -33.05, -26.88, -31.30, Left
1761456860219, -32.33, -28.26, -13.01, Left
1761456860262, -31.53, -29.63, 5.39, Left
1761456860307, -31.72, -30.03, 5.37, Left
1761456860387, -31.78, -30.08, 5.55, Left
1761456860431, -31.69, -30.33, 5.81, Left
1761456860474, -31.62, -30.60, 6.04, Left
1761456860518, -31.70, -30.95, 6.32, Left
1761456860560, -31.40, -31.38, 6.66, Left
1761456860658, -31.47, -31.62, 6.76, Left
1761456860702, -31.62, -31.95, 6.87, Left
1761456860745, -31.61, -32.20, 6.98, Left
1761456860790, -31.74, -32.05, 7.02, Left
1761456860834, -31.71, -31.97, 7.11, Left
1761456860930, -31.71, -31.82, 7.17, Left
1761456860974, -31.68, -31.73, 7.20, Left
1761456861020, -31.62, -31.64, 7.21, Left
1761456861063, -31.75, -31.45, 7.13, Left
1761456861107, -31.92, -31.22, 7.05, Left
1761456861188, -31.99, -30.98, 7.01, Left
1761456861232, -32.05, -30.72, 6.97, Left
1761456861275, -32.10, -30.40, 6.98, Left
1761456861321, -32.25, -30.26, 6.90, Left
1761456861365, -32.44, -30.13, 6.81, Left
1761456861459, -32.61, -29.99, 6.76, Left
1761456861502, -32.74, -29.79, 6.71, Left
1761456861546, -32.83, -29.57, 6.71, Left
1761456861590, -32.69, -29.57, 6.76, Left
1761456861633, -32.78, -29.60, 6.71, Left
1761456861730, -32.66, -29.40, 6.79, Left
1761456861772, -32.46, -29.11, 6.84, Left
1761456861818, -32.23, -28.85, 6.91, Left
1761456861861, -32.03, -29.02, 6.98, Left
1761456861905, -31.92, -29.19, 7.01, Left
1761456861989, -31.83, -29.35, 7.04, Left
1761456862035, -31.67, -29.67, 7.06, Left
1761456862078, -31.60, -29.97, 7.07, Left
1761456862122, -31.63, -29.95, 7.12, Left
1761456862166, -31.34, -30.15, 7.22, Left
1761456862260, -31.75, -29.66, -10.99, Left
1761456862304, -32.13, -29.13, -29.12, Left
1761456862346, -32.69, -28.57, -47.35, Left
1761456862389, -32.71, -28.44, -47.32, Left
1761456862432, -32.73, -28.28, -47.32, Left
1761456862515, -32.74, -28.15, -47.35, Left
1761456862558, -32.86, -27.88, -47.35, Left
1761456862605, -33.30, -27.11, -65.55, Left
1761456862650, -33.69, -26.56, -83.75, Left
1761456862695, -33.72, -26.41, -83.68, Left
1761456862787, -33.09, -27.02, -65.47, Left
1761456862829, -32.94, -27.19, -65.48, Left
1761456862873, -32.73, -27.37, -65.50, Left
1761456862918, -32.52, -27.58, -65.59, Left
1761456862961, -32.52, -27.96, -65.70, Left
1761456863060, -32.33, -28.45, -65.84, Left
1761456863102, -32.31, -28.87, -66.06, Left
1761456863145, -31.87, -29.72, -48.09, Left
1761456863189, -31.61, -30.99, -30.43, Left
1761456863233, -31.71, -31.59, -30.99, Left
1761456863315, -32.06, -32.52, -31.53, Left
1761456863357, -32.03, -33.98, -13.93, Left
1761456863406, -31.99, -35.46, 3.71, Left
1761456863450, -32.40, -36.02, 3.20, Left
1761456863494, -32.50, -36.30, 2.75, Left
1761456863587, -32.65, -36.11, 2.44, Left
1761456863639, -32.71, -36.06, 2.14, Left
1761456863687, -32.93, -36.07, 1.82, Left
1761456863735, -32.67, -35.67, 1.90, Left
1761456863780, -32.67, -35.41, 1.92, Left
1761456863861, -32.45, -35.21, 2.07, Left
1761456863905, -32.32, -35.13, 2.21, Left
1761456863948, -32.07, -35.07, 2.41, Left
1761456863991, -31.78, -34.80, 2.66, Left
1761456864041, -31.60, -34.70, 2.88, Left
1761456864115, -31.47, -34.98, 2.99, Left
1761456864160, -31.37, -35.22, 3.15, Left
1761456864206, -31.20, -35.50, 3.33, Left
1761456864250, -31.32, -35.77, 3.41, Left
1761456864294, -31.22, -35.55, 3.54, Left
1761456864387, -31.27, -35.32, 3.60, Left
1761456864430, -31.26, -35.14, 3.69, Left
1761456864473, -31.33, -34.94, 3.71, Left
1761456864517, -31.48, -34.98, 3.68, Left
1761456864560, -31.50, -34.98, 3.71, Left
1761456864659, -31.76, -34.86, 3.54, Left
1761456864703, -31.94, -34.69, 3.38, Left
1761456864747, -32.11, -34.48, 3.22, Left
1761456864790, -32.35, -34.36, 3.06, Left
1761456864835, -32.57, -34.88, 2.94, Left
1761456864915, -32.81, -35.13, 2.76, Left
1761456864960, -32.93, -35.32, 2.60, Left
1761456865008, -33.09, -35.52, 2.46, Left
1761456865054, -33.21, -35.69, 2.31, Left
1761456865100, -33.40, -35.87, 2.19, Left
1761456865187, -33.22, -36.20, 2.33, Left
1761456865232, -33.06, -36.55, 2.45, Left
1761456865276, -32.84, -36.94, 2.59, Left
1761456865325, -32.58, -36.99, 2.67, Left
1761456865373, -32.46, -36.88, 2.74, Left
1761456865459, -32.05, -36.61, 2.91, Left
1761456865508, -31.78, -36.35, 3.06, Left
1761456865559, -31.50, -36.10, 3.20, Left
1761456865605, -31.32, -34.87, -14.73, Left
1761456865649, -31.11, -34.56, -14.63, Left
1761456865715, -31.26, -34.05, -14.76, Left
1761456865758, -31.28, -33.58, -14.82, Left
1761456865805, -31.38, -33.11, -14.90, Left
1761456865851, -31.41, -32.79, -14.92, Left
1761456865894, -31.74, -32.41, -15.02, Left
1761456865988, -31.95, -31.47, -33.06, Left
1761456866031, -32.08, -30.25, -51.12, Left
1761456866075, -32.25, -29.08, -69.16, Left
1761456866123, -32.42, -29.70, -51.12, Left
1761456866167, -32.46, -28.60, -69.17, Left
1761456866259, -32.42, -28.45, -69.01, Left
1761456866305, -32.36, -27.45, -86.95, Left
1761456866349, -32.28, -26.55, -104.90, Left
1761456866392, -32.30, -26.37, -104.71, Left
1761456866439, -31.98, -26.14, -104.54, Left
1761456866517, -31.99, -27.25, -86.46, Left
1761456866560, -31.87, -28.43, -68.33, Left
1761456866604, -31.84, -29.65, -50.24, Left
1761456866648, -31.68, -30.02, -50.14, Left
1761456866692, -31.59, -31.51, -32.04, Left
1761456866787, -31.48, -32.24, -31.96, Left
1761456866831, -31.46, -33.77, -13.81, Left
1761456866875, -31.41, -35.24, 4.36, Left
1761456866920, -31.37, -35.83, 4.35, Left
1761456866963, -31.38, -36.27, 4.41, Left
1761456867059, -31.45, -36.18, 4.41, Left
1761456867103, -31.64, -36.14, 4.37, Left
1761456867147, -31.77, -35.98, 4.32, Left
1761456867190, -31.75, -35.81, 4.23, Left
1761456867232, -31.94, -35.33, 4.13, Left
1761456867315, -31.83, -34.63, 3.98, Left
1761456867359, -31.94, -33.87, 3.81, Left
1761456867404, -32.04, -33.10, 3.64, Left
1761456867447, -32.03, -32.48, 3.53, Left
1761456867491, -31.69, -31.96, 3.43, Left
1761456867591, -31.88, -31.71, 3.23, Left
1761456867634, -31.84, -31.43, 3.12, Left
1761456867676, -31.74, -31.24, 3.02, Left
1761456867722, -32.03, -31.13, 2.85, Left
1761456867767, -32.25, -31.08, 2.67, Left
1761456867858, -32.26, -30.01, -15.33, Left
1761456867902, -32.40, -30.23, -15.44, Left
1761456867947, -32.60, -30.47, -15.56, Left
1761456867991, -32.85, -30.83, -15.71, Left
1761456868040, -33.53, -31.34, -15.92, Left
1761456868115, -33.32, -31.49, -15.87, Left
1761456868161, -33.43, -31.75, -15.87, Left
1761456868216, -33.50, -31.98, -15.89, Left
1761456868260, -33.39, -32.14, -15.78, Left
1761456868305, -33.08, -32.18, -15.68, Left
1761456868387, -33.49, -33.17, 2.23, Left
1761456868433, -33.46, -33.15, 2.22, Left
1761456868475, -33.39, -33.12, 2.23, Left
1761456868521, -33.37, -32.89, 2.30, Left
1761456868566, -33.24, -32.74, 2.40, Left
1761456868659, -33.23, -32.62, 2.49, Left
1761456868705, -33.15, -32.39, 2.50, Left
1761456868748, -33.11, -32.12, 2.53, Left
1761456868791, -32.83, -32.05, 2.64, Left
1761456868838, -33.04, -32.17, 2.71, Left
1761456868915, -32.89, -32.53, 2.75, Left
1761456868959, -32.80, -32.65, 2.83, Left
1761456869003, -32.76, -32.79, 2.89, Left
1761456869050, -32.64, -33.10, 2.90, Left
1761456869095, -32.18, -31.46, -15.00, Left
1761456869189, -31.88, -29.93, -33.05, Left
1761456869232, -31.93, -30.19, -33.16, Left
1761456869278, -32.14, -30.36, -33.31, Left
1761456869323, -32.12, -28.67, -51.40, Left
1761456869371, -32.18, -28.71, -51.54, Left
1761456869458, -32.31, -28.73, -51.70, Left
1761456869504, -32.47, -28.92, -51.88, Left
1761456869548, -32.63, -29.07, -52.05, Left
1761456869593, -32.67, -29.26, -52.31, Left
1761456869637, -33.20, -31.33, -34.68, Left
1761456869716, -33.46, -33.28, -16.99, Left
1761456869759, -33.36, -33.46, -17.12, Left
1761456869803, -33.25, -33.76, -17.27, Left
1761456869847, -33.53, -35.64, 0.43, Left
1761456869890, -33.25, -35.82, 0.26, Left
1761456869987, -32.84, -35.97, 0.22, Left
1761456870030, -32.69, -36.13, 0.03, Left
1761456870074, -32.59, -36.18, -0.14, Left
1761456870122, -32.47, -36.50, -0.28, Left
1761456870164, -32.29, -36.66, -0.44, Left
1761456870259, -32.07, -37.27, -0.48, Left
1761456870303, -31.81, -37.90, -0.55, Left
1761456870350, -31.49, -38.40, -0.59, Left
1761456870394, -31.10, -39.16, -0.49, Left
1761456870440, -30.88, -39.60, -0.38, Left
1761456870515, -30.89, -40.02, -0.43, Left
1761456870557, -30.54, -40.37, -0.28, Left
1761456870603, -30.18, -40.86, -0.16, Left
1761456870647, -30.06, -41.08, -0.03, Left
1761456870690, -29.74, -41.23, 0.15, Left
1761456870788, -29.93, -41.24, 0.05, Left
1761456870832, -30.07, -41.32, 0.02, Left
1761456870875, -30.14, -41.42, 0.02, Left
1761456870919, -30.20, -41.38, -0.24, Left
1761456870962, -30.33, -41.40, -0.58, Left
1761456871060, -28.97, -42.29, -18.15, Left
1761456871103, -27.86, -43.08, -35.82, Left
1761456871145, -26.76, -43.83, -53.50, Left
1761456871188, -26.41, -45.26, -35.48, Left
1761456871231, -26.11, -46.87, -53.40, Left
1761456871315, -25.86, -48.30, -35.22, Left
1761456871358, -25.55, -49.67, -17.13, Left
1761456871403, -25.22, -51.11, 0.94, Left
1761456871446, -25.01, -52.61, 19.15, Left
1761456871490, -24.51, -54.18, 1.56, Left
1761456871587, -25.37, -54.08, 37.14, Left
1761456871631, -25.81, -53.93, 36.91, Left
1761456871674, -26.25, -53.85, 36.68, Left
1761456871722, -27.76, -52.89, 18.02, Left
1761456871765, -29.38, -51.86, 35.26, Left
1761456871859, -30.28, -50.64, 16.77, Left
1761456871902, -31.29, -49.42, -1.70, Left
1761456871945, -32.37, -48.28, -20.22, Left
1761456871988, -32.38, -45.33, -20.24, Left
1761456872032, -32.68, -42.35, 15.59, Left
1761456872115, -33.57, -41.67, -2.79, Left
1761456872158, -34.84, -41.10, 14.67, Left
1761456872202, -36.08, -40.65, 32.08, Left
1761456872245, -35.49, -40.26, 32.29, Left
1761456872288, -34.76, -39.94, 32.61, Left
1761456872330, -34.56, -39.77, 32.72, Left
1761456872373, -33.32, -38.01, 15.33, Left
1761456872421, -32.89, -37.75, 15.55, Left
1761456872464, -33.52, -39.28, -2.74, Left
1761456872516, -34.13, -40.81, -21.05, Left
1761456872560, -34.22, -40.97, -21.06, Left
1761456872604, -34.20, -41.07, -21.04, Left
1761456872649, -34.14, -40.99, -20.97, Left
1761456872694, -33.73, -40.55, -20.78, Left
1761456872738, -33.60, -40.31, -20.73, Left
1761456872784, -33.40, -40.08, -20.67, Left
1761456872827, -34.31, -41.18, -3.25, Left
1761456872871, -34.47, -40.71, -3.44, Left
1761456872918, -34.40, -39.88, -3.63, Left
1761456872969, -34.37, -39.03, -3.84, Left
1761456873017, -34.31, -38.17, -3.99, Left
1761456873062, -34.21, -37.40, -4.13, Left
1761456873188, -34.15, -36.53, -4.27, Left
1761456873230, -34.28, -36.12, -4.51, Left
1761456873316, -34.43, -35.63, -4.75, Left
1761456873358, -34.36, -35.00, -4.89, Left
1761456873402, -34.32, -34.66, -4.93, Left
1761456873445, -34.19, -34.30, -4.91, Left
1761456873587, -34.21, -34.38, -4.81, Left
1761456873632, -34.22, -34.44, -4.66, Left
1761456873715, -34.11, -34.53, -4.47, Left
1761456873760, -34.16, -34.55, -4.24, Left
1761456873803, -34.15, -34.61, -4.00, Left
1761456873850, -34.23, -34.69, -3.80, Left
1761456873892, -34.15, -34.58, -3.61, Left
1761456873937, -34.38, -34.42, -3.49, Left
1761456873981, -34.50, -34.29, -3.31, Left
1761456874025, -34.67, -34.10, -3.11, Left
1761456874073, -34.88, -33.70, -2.95, Left
1761456874119, -35.13, -33.26, -2.79, Left
1761456874163, -35.43, -32.77, -2.69, Left
1761456874207, -35.65, -32.36, -2.66, Left
1761456874254, -35.94, -31.89, -2.63, Left
1761456874386, -36.16, -31.55, -2.61, Left
1761456874430, -36.32, -31.08, -2.47, Left
1761456874516, -36.38, -31.08, -2.40, Left
1761456874559, -36.47, -31.03, -2.35, Left
1761456874603, -36.47, -31.05, -2.33, Left
1761456874646, -36.46, -30.97, -2.34, Left
1761456874787, -36.43, -30.97, -2.32, Left
1761456874830, -36.34, -31.03, -2.26, Left
1761456874916, -36.29, -31.08, -2.22, Left
1761456874962, -36.14, -31.11, -2.16, Left
1761456875006, -36.08, -31.04, -2.11, Left
1761456875050, -36.03, -30.92, -2.13, Left
1761456875187, -35.88, -30.65, -2.06, Left
1761456875232, -35.37, -29.00, 16.17, Left
1761456875315, -35.23, -28.69, 16.24, Left
1761456875358, -34.64, -27.36, 34.47, Left
1761456875403, -33.91, -26.08, 52.68, Left
1761456875448, -33.23, -24.65, 70.88, Left
1761456875587, -32.49, -23.20, 89.13, Left
1761456875630, -31.88, -21.76, 107.31, Left
1761456875716, -31.27, -20.22, 125.51, Left
1761456875758, -30.66, -19.06, 143.73, Left
1761456875803, -30.12, -17.79, 161.89, Left
1761456875846, -29.99, -17.82, 161.92, Left
1761456875989, -29.50, -16.62, 180.08, Left
1761456876035, -30.17, -17.92, 161.89, Left
1761456876116, -30.31, -17.64, 161.84, Left
1761456876160, -30.53, -17.35, 161.75, Left
1761456876203, -30.72, -17.12, 161.69, Left
1761456876247, -31.32, -18.46, 143.48, Left
1761456876387, -31.27, -18.78, 143.50, Left
1761456876432, -31.30, -18.67, 143.45, Left
1761456876515, -31.44, -18.51, 143.42, Left
1761456876558, -31.43, -18.62, 143.41, Left
1761456876605, -31.45, -18.69, 143.42, Left
1761456876654, -30.74, -17.52, 125.67, Left
1761456876787, -30.72, -17.76, 125.66, Left
1761456876834, -31.24, -19.46, 107.50, Left
1761456876916, -31.10, -19.79, 107.54, Left
1761456876961, -31.06, -19.89, 107.56, Left
1761456877005, -31.68, -21.22, 89.35, Left
1761456877052, -31.77, -21.32, 89.37, Left
1761456877188, -31.80, -21.30, 89.37, Left
1761456877230, -31.85, -21.12, 89.35, Left
1761456877315, -31.92, -21.05, 89.24, Left
1761456877359, -32.07, -20.72, 125.11, Left
1761456877405, -32.09, -20.55, 125.06, Left
1761456877453, -31.59, -18.79, 142.95, Left
1761456877587, -32.39, -18.96, 124.33, Left
1761456877630, -32.65, -18.30, 123.85, Left
1761456877716, -32.93, -17.04, 123.39, Left
1761456877760, -33.07, -16.47, 122.88, Left
1761456877805, -33.18, -16.07, 122.36, Left
1761456877849, -33.90, -16.73, 103.76, Left
1761456877986, -34.41, -17.14, 85.37, Left
1761456878030, -34.96, -17.82, 66.91, Left
1761456878116, -35.18, -17.32, 66.58, Left
1761456878160, -35.37, -17.01, 66.48, Left
1761456878204, -34.95, -16.05, 84.66, Left
1761456878250, -34.37, -14.92, 102.92, Left
1761456878389, -34.26, -15.51, 103.10, Left
1761456878441, -34.14, -15.83, 103.30, Left
1761456878515, -34.04, -16.14, 103.55, Left
1761456878559, -33.44, -15.31, 121.84, Left
1761456878605, -33.00, -14.57, 140.01, Left
1761456878652, -32.47, -13.80, 158.25, Left
1761456878787, -32.83, -15.47, 140.22, Left
1761456878830, -32.74, -15.83, 140.31, Left
1761456878916, -32.61, -16.01, 140.40, Left
1761456878959, -32.56, -16.00, 140.48, Left
1761456879002, -31.99, -14.75, 158.63, Left
1761456879047, -32.55, -15.86, 140.52, Left
1761456879187, -32.56, -15.90, 140.44, Left
1761456879230, -33.09, -17.06, 122.27, Left
1761456879317, -33.64, -18.05, 104.07, Left
1761456879367, -34.23, -19.07, 85.85, Left
1761456879415, -34.27, -18.84, 85.76, Left
1761456879461, -34.68, -19.76, 67.44, Left
1761456879589, -34.57, -19.84, 67.14, Left
1761456879634, -34.67, -19.45, 66.81, Left
1761456879715, -34.61, -19.01, 66.47, Left
1761456879761, -34.02, -17.16, 84.27, Left
1761456879807, -33.92, -16.41, 83.98, Left
1761456879855, -33.67, -15.60, 83.75, Left
1761456879988, -33.48, -15.19, 83.59, Left
1761456880032, -33.27, -14.74, 83.43, Left
1761456880116, -33.13, -14.41, 83.31, Left
1761456880159, -33.01, -14.01, 83.32, Left
1761456880203, -33.47, -14.65, 65.33, Left
1761456880250, -33.60, -16.00, 47.36, Left
1761456880386, -34.00, -17.42, 29.39, Left
1761456880430, -34.38, -18.79, 11.39, Left
1761456880514, -34.72, -19.73, -6.56, Left
1761456880559, -34.64, -19.70, -6.47, Left
1761456880602, -34.52, -19.56, -6.43, Left
1761456880644, -34.01, -18.52, 11.72, Left
1761456880787, -33.99, -18.72, 11.67, Left
1761456880831, -34.02, -18.85, 11.68, Left
1761456880916, -34.09, -18.82, 11.63, Left
1761456880963, -34.08, -17.10, 29.67, Left
1761456881008, -33.94, -15.34, 47.71, Left
1761456881054, -34.23, -15.42, 47.76, Left
1761456881188, -33.99, -14.97, 65.78, Left
1761456881231, -34.30, -15.65, 65.60, Left
1761456881318, -34.67, -16.99, 65.07, Left
1761456881361, -35.52, -19.15, 46.42, Left
1761456881404, -35.79, -20.03, 45.91, Left
1761456881450, -36.18, -21.67, 45.09, Left
1761456881587, -36.21, -23.43, 44.25, Left
1761456881630, -36.67, -26.59, 25.20, Left
1761456881715, -37.23, -29.90, 6.10, Left
1761456881759, -37.53, -31.57, 4.92, Left
1761456881803, -38.43, -34.17, -14.24, Left
1761456881846, -39.42, -35.82, -15.27, Left
1761456881988, -39.81, -36.78, -15.66, Left
1761456882032, -40.14, -37.88, -16.10, Left
1761456882115, -40.24, -38.82, -16.07, Left
1761456882158, -40.30, -39.32, -15.83, Left
1761456882201, -40.59, -39.86, -15.51, Left
1761456882245, -40.74, -40.28, -14.78, Left
1761456882387, -40.88, -39.86, -13.60, Left
1761456882430, -40.79, -37.84, 5.77, Left
1761456882515, -41.44, -36.67, 7.39, Left
1761456882559, -41.51, -35.41, 9.04, Left
1761456882603, -42.16, -33.87, 10.42, Left
1761456882648, -42.34, -32.09, 12.22, Left
1761456882787, -42.20, -30.38, 13.67, Left
1761456882831, -41.97, -28.59, 15.26, Left
1761456882915, -41.66, -26.73, 16.95, Left
1761456882960, -41.32, -25.12, 18.46, Left
1761456883004, -40.88, -24.32, 19.53, Left
1761456883054, -40.47, -25.40, 2.61, Left
1761456883188, -39.43, -25.94, 3.52, Left
1761456883232, -38.42, -26.00, 4.48, Left
1761456883276, -37.29, -26.15, 5.47, Left
1761456883320, -36.10, -26.87, 6.19, Left
1761456883366, -35.51, -27.38, 6.85, Left
1761456883411, -35.05, -28.00, 7.40, Left
1761456883454, -34.55, -28.69, 7.79, Left
1761456883504, -33.95, -29.13, 8.12, Left
1761456883548, -33.43, -29.66, 8.53, Left
1761456883594, -33.14, -29.14, 8.63, Left
1761456883715, -33.34, -28.25, -9.66, Left
1761456883757, -33.03, -28.15, -9.73, Left
1761456883845, -32.76, -28.07, -9.86, Left
1761456883889, -32.92, -27.81, -10.07, Left
1761456883936, -32.99, -27.82, -10.35, Left
1761456883984, -33.62, -27.18, -28.85, Left
1761456884116, -33.86, -26.70, -28.98, Left
1761456884160, -34.09, -26.24, -29.12, Left
1761456884243, -34.48, -26.15, -29.40, Left
1761456884287, -34.70, -26.81, -29.46, Left
1761456884335, -34.77, -27.15, -29.53, Left
1761456884379, -35.49, -26.96, -48.06, Left
1761456884515, -35.58, -27.68, -48.23, Left
1761456884559, -35.76, -28.26, -48.42, Left
1761456884643, -35.95, -29.09, -48.69, Left
1761456884687, -35.74, -30.57, -30.73, Left
1761456884734, -36.10, -31.94, -31.14, Left
1761456884779, -36.61, -33.57, -31.93, Left
1761456884915, -37.21, -34.66, -32.87, Left
1761456884960, -37.93, -35.52, -33.79, Left
1761456885044, -37.93, -36.49, -16.50, Left
1761456885090, -37.66, -36.76, 19.00, Left
1761456885135, -38.31, -37.04, 18.11, Left
1761456885179, -38.52, -37.23, 17.39, Left
1761456885316, -38.88, -37.12, 16.89, Left
1761456885360, -38.74, -36.98, 16.55, Left
1761456885443, -38.70, -36.92, 16.09, Left
1761456885489, -38.48, -36.64, 15.98, Left
1761456885535, -38.00, -36.34, 16.16, Left
1761456885577, -37.42, -36.25, 16.32, Left
1761456885715, -37.28, -36.27, 16.63, Left
1761456885758, -37.18, -36.99, -1.04, Left
1761456885843, -36.95, -37.04, -0.53, Left
1761456885887, -37.32, -36.91, -0.26, Left
1761456885937, -37.59, -36.81, -0.12, Left
1761456885982, -37.93, -36.74, -18.02, Left
1761456886115, -38.64, -35.46, -17.24, Left
1761456886160, -39.41, -33.91, -16.48, Left
1761456886245, -41.19, -31.74, -34.00, Left
1761456886291, -42.79, -29.78, -51.65, Left
1761456886339, -44.25, -27.92, -69.33, Left
1761456886384, -45.61, -25.93, -86.86, Left
1761456886517, -46.59, -24.32, -104.53, Left
1761456886562, -47.15, -22.98, -122.15, Left
1761456886643, -47.68, -21.56, -139.78, Left
1761456886686, -48.35, -20.32, -139.48, Left
1761456886733, -48.41, -20.18, -157.74, Left
1761456886778, -48.78, -19.86, -175.93, Left
1761456886916, -48.29, -20.40, -175.84, Left
1761456886959, -47.85, -20.66, -175.69, Left
1761456887043, -46.46, -21.23, -157.15, Left
1761456887086, -46.00, -21.87, -157.10, Left
1761456887132, -45.13, -21.90, -138.69, Left
1761456887176, -44.92, -22.04, -138.65, Left
1761456887315, -44.63, -22.34, -138.49, Left
1761456887358, -43.76, -22.23, -119.93, Left
1761456887442, -43.76, -21.88, -119.80, Left
1761456887486, -43.47, -22.12, -119.67, Left
1761456887536, -43.03, -22.10, -119.55, Left
1761456887584, -42.68, -22.16, -119.45, Left
1761456887715, -43.03, -22.21, -137.76, Left
1761456887759, -42.08, -22.62, -119.40, Left
1761456887844, -41.59, -22.98, -119.37, Left
1761456887886, -40.74, -23.20, -100.95, Left
1761456887934, -39.93, -23.47, -82.63, Left
1761456887979, -39.85, -23.86, -82.77, Left
1761456888116, -39.56, -23.78, -82.83, Left
1761456888159, -38.45, -24.15, -64.58, Left
1761456888244, -38.00, -24.02, -64.61, Left
1761456888288, -37.62, -24.04, -64.59, Left
1761456888335, -37.47, -23.80, -64.55, Left
1761456888383, -37.86, -23.29, -82.90, Left
1761456888514, -37.93, -23.22, -82.99, Left
1761456888558, -37.95, -22.90, -83.10, Left
1761456888643, -38.54, -22.03, -101.44, Left
1761456888687, -39.03, -21.34, -119.71, Left
1761456888731, -38.96, -21.34, -119.66, Left
1761456888774, -39.88, -20.46, -138.00, Left
1761456888916, -39.36, -20.87, -119.85, Left
1761456888959, -39.45, -20.77, -119.99, Left
1761456889043, -39.33, -20.74, -120.03, Left
1761456889089, -38.67, -20.97, -101.73, Left
1761456889134, -38.54, -20.95, -101.75, Left
1761456889179, -39.29, -20.37, -120.07, Left
1761456889316, -39.55, -20.25, -120.15, Left
1761456889361, -39.84, -20.00, -120.22, Left
1761456889443, -40.11, -19.62, -120.32, Left
1761456889486, -40.20, -19.36, -120.36, Left
1761456889533, -40.32, -18.76, -120.41, Left
1761456889577, -39.71, -18.97, -102.12, Left
1761456889715, -39.47, -19.20, -83.92, Left
1761456889760, -40.34, -18.65, -102.27, Left
1761456889843, -40.55, -18.39, -102.35, Left
1761456889885, -39.89, -18.86, -84.14, Left
1761456889929, -39.18, -19.35, -65.93, Left
1761456889973, -38.23, -20.23, -47.75, Left
1761456890114, -37.40, -20.94, -29.61, Left
1761456890158, -36.70, -21.57, -11.47, Left
1761456890243, -36.60, -22.00, -11.46, Left
1761456890287, -37.11, -21.64, -29.70, Left
1761456890333, -37.45, -21.15, -48.01, Left
1761456890388, -37.42, -20.87, -48.13, Left
1761456890517, -37.36, -21.09, -48.20, Left
1761456890563, -37.96, -20.60, -66.53, Left
1761456890643, -37.91, -20.41, -66.60, Left
1761456890687, -38.05, -19.87, -66.67, Left
1761456890731, -38.85, -19.22, -84.91, Left
1761456890777, -38.82, -19.38, -84.90, Left
1761456890914, -39.00, -19.71, -84.93, Left
1761456890958, -38.66, -20.28, -66.77, Left
1761456891044, -38.90, -19.94, -66.74, Left
1761456891087, -39.03, -19.97, -66.69, Left
1761456891133, -39.76, -19.07, -84.89, Left
1761456891177, -39.58, -18.91, -84.77, Left
1761456891316, -40.14, -18.38, -102.97, Left
1761456891361, -40.80, -17.77, -121.11, Left
1761456891444, -40.73, -17.32, -120.96, Left
1761456891487, -41.35, -16.43, -139.05, Left
1761456891540, -41.91, -15.04, -157.19, Left
1761456891587, -42.46, -14.03, -175.33, Left
1761456891716, -42.57, -13.81, -175.32, Left
1761456891762, -42.56, -13.55, -175.24, Left
1761456891845, -42.73, -12.99, -175.23, Left
1761456891891, -43.17, -12.47, -175.28, Left
1761456891935, -43.69, -11.91, -175.28, Left
1761456891985, -43.95, -11.59, -175.27, Left
1761456892115, -44.05, -12.08, -175.38, Left
1761456892159, -44.14, -12.31, -175.48, Left
1761456892243, -44.01, -12.86, -175.49, Left
1761456892288, -43.90, -13.14, -175.51, Left
1761456892334, -43.64, -13.59, -175.50, Left
1761456892377, -43.37, -13.96, -175.37, Left
1761456892515, -42.94, -15.10, -175.18, Left
1761456892560, -42.46, -16.17, -175.00, Left
1761456892643, -41.27, -17.22, -156.55, Left
1761456892687, -40.36, -18.16, -138.12, Left
1761456892732, -39.58, -18.65, -119.64, Left
1761456892775, -38.71, -19.57, -101.11, Left
1761456892916, -38.49, -20.11, -100.86, Left
1761456892959, -38.27, -20.68, -100.62, Left
1761456893043, -37.95, -21.39, -100.33, Left
1761456893089, -37.60, -22.07, -100.17, Left
1761456893133, -37.26, -22.40, -100.02, Left
1761456893178, -36.61, -22.91, -81.77, Left
1761456893316, -36.42, -23.15, -81.66, Left
1761456893360, -36.13, -23.25, -81.55, Left
1761456893444, -35.79, -23.56, -81.46, Left
1761456893488, -35.67, -23.47, -81.41, Left
1761456893532, -35.14, -23.68, -63.16, Left
1761456893574, -34.61, -23.56, -44.90, Left
1761456893715, -34.15, -23.04, -26.73, Left
1761456893759, -34.00, -22.77, -26.72, Left
1761456893843, -33.55, -21.96, -8.48, Left
1761456893888, -34.00, -21.11, -26.51, Left
1761456893931, -34.54, -20.61, -44.67, Left
1761456893976, -34.40, -20.15, -44.68, Left
1761456894116, -34.25, -19.51, -44.70, Left
1761456894160, -34.11, -18.71, -44.76, Left
1761456894204, -33.97, -17.75, -44.81, Left
1761456894249, -33.73, -17.23, -44.91, Left
1761456894293, -33.57, -16.86, -44.95, Left
1761456894371, -32.76, -15.28, -26.94, Left
1761456894414, -32.10, -14.28, -27.13, Left
1761456894458, -30.85, -12.96, -9.13, Left
1761456894501, -29.51, -11.39, 8.83, Left
1761456894547, -28.98, -9.75, 8.63, Down
1761456894643, -29.91, -5.28, 8.54, Down
1761456894686, -30.40, -1.64, 8.30, Down
1761456894732, -30.97, 2.43, 8.27, Down
1761456894775, -31.41, 7.30, 8.29, Down
1761456894819, -31.77, 12.00, 8.26, Right
1761456894899, -32.77, 16.44, 8.62, Right
1761456894941, -34.05, 20.78, 8.85, Right
1761456894983, -35.40, 24.89, 9.06, Right
1761456895031, -36.76, 28.74, 9.30, Right
1761456895075, -37.70, 32.58, 8.98, Right
1761456895212, -33.49, 35.60, 24.06, Right
1761456895255, -30.03, 39.39, 39.69, Right
1761456895309, -26.88, 42.97, 55.30, Right
1761456895447, -25.37, 42.98, 53.68, Right
1761456895491, -26.90, 37.19, 51.88, Right
1761456895534, -27.91, 30.64, 50.15, Right
1761456895579, -34.60, 23.82, 43.17, Right
1761456895627, -27.76, 25.75, 55.69, Right
1761456895699, -22.10, 28.46, 67.55, Right
1761456895743, -20.32, 29.01, 66.12, Right
1761456895787, -25.16, 21.35, 49.36, Right
1761456895833, -26.48, 19.14, 32.00, Right
1761456895880, -22.88, 19.47, 27.83, Right
1761456895972, -31.35, 13.13, 22.03, Right
1761456896016, -29.02, 20.05, 21.98, Right
1761456896060, -20.72, 28.96, 34.43, Right
1761456896104, -6.47, 38.72, 52.19, Right
1761456896147, -5.88, 39.66, 50.70, Right
1761456896244, -4.36, 39.47, 50.12, Right
1761456896288, -4.78, 39.37, 49.95, Right
1761456896332, -3.23, 39.74, 67.85, Right
1761456896374, -4.19, 40.11, 67.64, Right
1761456896417, -4.12, 39.84, 67.62, Right
1761456896499, 4.41, 46.47, 72.48, Right
1761456896543, 10.15, 48.07, 86.04, Right
1761456896585, 9.61, 47.66, 86.76, Right
1761456896630, 8.64, 46.88, 87.77, Right
1761456896674, 3.02, 43.68, 74.04, Right
1761456896771, -2.36, 40.53, 60.52, Right
1761456896815, -2.30, 39.30, 60.33, Right
1761456896858, -1.49, 44.10, 42.08, Right
1761456896901, -1.35, 43.41, 42.60, Right
1761456896948, -2.61, 42.73, 44.34, Right
1761456897043, -2.61, 42.31, 45.25, Right
1761456897086, -7.65, 39.33, 31.88, Right
1761456897131, -12.63, 36.32, 18.42, Right
1761456897173, -17.36, 33.76, 4.78, Right
1761456897217, -17.29, 34.14, 5.86, Right
1761456897299, -17.06, 34.54, 6.51, Right
1761456897343, -16.99, 35.40, 7.42, Right
1761456897385, -16.95, 36.21, 8.30, Right
1761456897430, -16.69, 36.91, 8.61, Right
1761456897473, -20.74, 34.04, -5.80, Right
1761456897571, -21.26, 33.09, -5.02, Right
1761456897614, -21.72, 32.13, -4.29, Right
1761456897657, -22.12, 31.11, -3.46, Right
1761456897701, -22.97, 30.02, -2.15, Right
1761456897747, -23.94, 28.39, -1.12, Right
1761456897843, -25.17, 26.40, 0.14, Right
1761456897886, -26.51, 23.91, 1.22, Right
1761456897930, -27.77, 21.52, 2.26, Right
1761456897974, -27.54, 18.28, 2.89, Right
1761456898018, -27.46, 15.97, 3.57, Right
1761456898100, -27.28, 12.88, 4.31, Right
1761456898145, -26.90, 9.30, 4.93, Down
1761456898188, -26.42, 5.82, 5.48, Down
1761456898230, -25.50, 2.14, 5.49, Down
1761456898274, -26.17, -3.84, 5.19, Down
1761456898527, -25.02, 1.58, 20.15, Down
1761456898644, -19.92, -7.07, 22.01, Down
1761456898686, -20.18, -1.63, 37.77, Down
1761456898729, -22.27, 4.15, 53.91, Down
1761456898772, -23.23, 11.36, 69.56, Right
1761456898815, -24.37, 19.83, 84.96, Right
1761456898900, -25.03, 28.32, 100.43, Right
1761456898945, -25.86, 36.84, 115.85, Right
1761456898987, -28.15, 41.84, 114.17, Right
1761456899032, -28.98, 49.06, 112.93, Right
1761456899075, -31.15, 44.59, 96.04, Right
1761456899213, -33.44, 56.83, 109.47, Right
1761456899256, -30.66, 54.65, 108.90, Right
1761456899300, -27.69, 52.73, 108.45, Right
1761456899349, -28.25, 45.30, 89.90, Right
1761456899443, -28.71, 41.53, 73.63, Right
1761456899486, -29.54, 38.31, 57.36, Right
1761456899529, -30.38, 35.08, 41.21, Right
1761456899572, -30.29, 35.91, 42.69, Right
1761456899616, -29.57, 36.80, 44.29, Right
1761456899700, -29.09, 34.71, 63.37, Right
1761456899746, -27.42, 36.07, 62.52, Right
1761456899791, -25.39, 37.58, 61.51, Right
1761456899833, -23.15, 39.14, 60.41, Right
1761456899881, -30.39, 39.14, 58.57, Right
1761456899971, -29.59, 39.07, 57.54, Right
1761456900016, -29.36, 38.54, 56.24, Right
1761456900063, -29.94, 38.02, 54.90, Right
1761456900107, -30.14, 36.32, 52.52, Right
1761456900150, -27.07, 35.76, 66.56, Right
1761456900287, -27.53, 35.58, 48.21, Right
1761456900331, -32.70, 28.76, 32.39, Right
1761456900374, -38.64, 19.00, 16.64, Right
1761456900417, -44.44, 9.98, 1.25, Down
1761456900500, -37.71, 6.04, 5.04, Down
1761456900544, -39.11, -1.53, 5.43, Down
1761456900588, -40.11, -8.47, 6.32, Down
1761456900631, -40.23, -15.48, 7.19, Left
1761456900676, -39.85, -22.07, 8.65, Left
1761456900772, -42.38, -27.93, -5.69, Left
1761456900816, -41.70, -30.14, -4.98, Left
1761456900864, -40.97, -31.45, -4.14, Left
1761456900907, -39.39, -29.43, -2.82, Left
1761456900954, -37.91, -27.71, -1.69, Left
1761456901045, -36.88, -24.77, -0.40, Left
1761456901089, -35.64, -21.39, 1.04, Left
1761456901137, -34.56, -18.08, 2.42, Left
1761456901186, -33.59, -14.60, 3.91, Left
1761456901233, -32.89, -10.57, 5.39, Left
1761456901300, -32.54, -7.85, 6.17, Down
1761456901343, -32.21, -5.15, 6.99, Down
1761456901387, -31.92, -2.56, 7.89, Down
1761456901431, -31.71, -0.38, 8.45, Down
1761456901474, -31.37, 1.80, 8.98, Down
1761456901571, -31.37, 4.11, 9.35, Down
1761456901616, -31.35, 5.93, 9.70, Down
1761456901658, -29.95, 9.17, -8.53, Down
1761456901702, -29.89, 11.18, -8.41, Right
1761456901746, -29.95, 12.68, -8.34, Right
1761456901843, -30.07, 13.02, -8.69, Right
1761456901886, -28.55, 14.91, -27.67, Right
1761456901929, -28.33, 15.26, -28.11, Right
1761456901973, -28.07, 15.09, -28.62, Right
1761456902020, -28.29, 14.85, -29.22, Right
1761456902100, -27.78, 15.06, -48.06, Right
1761456902147, -27.85, 14.44, -48.69, Right
1761456902190, -28.70, 13.14, -48.90, Right
1761456902232, -28.64, 12.12, -49.40, Right
1761456902275, -29.15, 9.56, -50.09, Down
1761456902372, -30.84, 4.93, -50.76, Down
1761456902415, -33.98, -1.21, -32.86, Down
1761456902459, -35.75, -5.85, -33.48, Down
1761456902503, -37.42, -10.21, -34.00, Left
1761456902547, -39.01, -14.91, -34.57, Left
1761456902644, -40.58, -19.53, -16.72, Left
1761456902686, -41.81, -23.42, -17.26, Left
1761456902732, -43.55, -28.12, 0.40, Left
1761456902775, -44.21, -30.87, 0.13, Left
1761456902820, -44.43, -31.92, 0.01, Left
1761456902898, -42.68, -28.82, -0.03, Left
1761456902940, -40.67, -25.69, -0.04, Left
1761456902983, -38.66, -22.64, -0.09, Left
1761456903027, -36.78, -19.38, -0.16, Left
1761456903071, -34.71, -16.05, -0.23, Left
1761456903171, -33.29, -14.11, -0.55, Left
1761456903215, -31.71, -11.77, -0.70, Left
1761456903261, -30.07, -9.29, -0.84, Down
1761456903306, -29.38, -8.28, -1.52, Down
1761456903352, -28.33, -7.24, -2.11, Down
1761456903444, -28.73, -7.53, -2.64, Down
1761456903487, -29.55, -7.58, -3.06, Down
1761456903532, -30.39, -7.56, -3.45, Down
1761456903577, -30.81, -7.60, -3.84, Down
1761456903619, -31.40, -7.52, -4.19, Down
1761456903699, -31.35, -7.16, -4.32, Down
1761456903745, -31.24, -6.75, -4.37, Down
1761456903789, -31.12, -6.41, -4.48, Down
1761456903833, -30.66, -5.75, -4.30, Down
1761456903879, -30.58, -6.07, -4.26, Down
1761456903971, -30.46, -6.84, -4.11, Down
1761456904013, -30.02, -7.53, -4.03, Down
1761456904059, -29.68, -8.51, -3.94, Down
1761456904101, -29.82, -9.37, -3.83, Down
1761456904146, -29.75, -10.08, -3.68, Left
1761456904243, -30.31, -11.47, -3.75, Left
1761456904286, -30.96, -13.16, -3.96, Left
1761456904332, -31.75, -14.82, -4.11, Left
1761456904375, -32.58, -16.82, -4.28, Left
1761456904419, -33.17, -17.52, -4.32, Left
1761456904499, -33.37, -18.71, -4.38, Left
1761456904547, -33.81, -20.10, -4.45, Left
1761456904592, -34.16, -21.20, -4.53, Left
1761456904638, -34.45, -22.37, -4.64, Left
1761456904681, -34.52, -22.57, 13.51, Left
1761456904772, -34.38, -21.44, 31.83, Left
1761456904814, -34.17, -20.37, 50.16, Left
1761456904860, -33.96, -19.23, 68.47, Left
1761456904904, -34.29, -19.87, 68.48, Left
1761456904947, -34.68, -21.16, 68.46, Left
1761456905043, -34.50, -19.63, 86.75, Left
1761456905086, -34.38, -18.39, 105.04, Left
1761456905129, -34.32, -17.27, 123.29, Left
1761456905173, -34.27, -16.16, 141.60, Left
1761456905217, -34.68, -16.00, 141.61, Left
1761456905298, -35.62, -17.88, 123.53, Left
1761456905344, -36.36, -19.77, 105.45, Left
1761456905388, -37.08, -21.73, 87.45, Left
1761456905431, -37.00, -21.57, 87.82, Left
1761456905477, -37.04, -21.13, 88.09, Left
1761456905571, -37.69, -23.30, 70.02, Left
1761456905614, -38.47, -25.25, 51.98, Left
1761456905661, -39.16, -27.21, 33.95, Left
1761456905746, -38.96, -22.77, 16.92, Left
1761456905827, -38.57, -18.41, -0.14, Left
1761456905872, -37.56, -12.56, 0.88, Left
1761456905916, -36.67, -6.57, 1.89, Down
1761456905965, -35.94, -0.44, 2.86, Down
1761456906012, -35.05, 5.91, 3.62, Down
1761456906099, -33.92, 12.77, 4.38, Right
1761456906142, -32.81, 20.00, 5.23, Right
1761456906184, -31.49, 27.06, 6.02, Right
1761456906233, -30.28, 34.30, 6.85, Right
1761456906279, -30.00, 35.46, 6.71, Right
1761456906370, -29.61, 36.30, 6.60, Right
1761456906414, -29.15, 37.50, 6.49, Right
1761456906460, -28.61, 38.41, 6.35, Right
1761456906503, -27.98, 39.34, 6.11, Right
1761456906546, -27.55, 40.27, 6.01, Right
1761456906627, -27.42, 41.20, 5.91, Right
1761456906669, -27.46, 42.50, 5.87, Right
1761456906717, -27.56, 43.79, 5.82, Right
1761456906764, -27.56, 45.08, 5.75, Right
1761456906811, -26.22, 44.11, 22.10, Right
1761456906940, -25.84, 34.29, 21.44, Right
1761456906982, -24.80, 24.49, 21.14, Right
1761456907028, -23.85, 14.91, 20.87, Right
1761456907071, -22.93, 5.64, 20.54, Down
1761456907173, -20.27, -1.21, 3.58, Down
1761456907216, -17.38, -8.77, -13.30, Down
1761456907264, -14.41, -16.33, -30.24, Left
1761456907309, -13.82, -26.10, -30.90, Left
1761456907354, -13.39, -36.15, -31.60, Left
1761456907428, -14.09, -43.42, -48.71, Left
1761456907472, -14.28, -41.86, -48.86, Left
1761456907516, -15.10, -40.45, -49.32, Left
1761456907559, -15.94, -38.98, -49.82, Left
1761456907602, -16.25, -36.76, -49.99, Left
1761456907699, -18.64, -34.83, -32.62, Left
1761456907743, -20.84, -34.80, -15.60, Left
1761456907787, -23.11, -36.38, 1.21, Left
1761456907830, -22.47, -32.11, 1.73, Left
1761456907878, -22.83, -30.63, 2.20, Left
1761456908014, -23.04, -20.55, 18.87, Left
1761456908058, -22.49, -10.44, 35.20, Left
1761456908102, -21.12, -0.19, 50.82, Down
1761456908146, -21.72, 5.63, 67.77, Down
1761456908227, -24.55, 3.57, 83.35, Down
1761456908313, -25.89, 6.17, 100.07, Down
1761456908356, -27.51, 10.47, 117.22, Right
1761456908399, -28.81, 13.34, 134.57, Right
1761456908498, -28.83, 19.87, 150.60, Right
1761456908547, -27.84, 29.42, 166.81, Right
1761456908596, -27.02, 29.54, 166.61, Right
1761456908641, -26.96, 29.78, 166.95, Right
1761456908685, -28.99, 25.27, 168.83, Right
1761456908771, -21.14, 30.26, 138.38, Right
1761456908816, -19.80, 36.93, 140.61, Right
1761456908861, -19.67, 36.74, 105.12, Right
1761456908906, -20.03, 30.37, 104.18, Right
1761456908951, -20.27, 26.22, 103.40, Right
1761456909028, -25.33, 27.34, 84.41, Right
1761456909071, -25.26, 27.35, 83.87, Right
1761456909115, -22.62, 28.56, 65.62, Right
1761456909160, -25.84, 16.58, 64.52, Right
1761456909742, -26.87, 19.98, 64.40, Right
1761456909827, -30.40, 20.57, 71.58, Right
1761456909871, -29.69, 20.53, 70.26, Right
1761456909913, -30.90, 26.06, 87.63, Right
1761456909962, -31.84, 38.08, 70.72, Right
1761456910006, -30.85, 43.85, 70.33, Right
1761456910102, -27.80, 31.76, 89.05, Right
1761456910145, -29.06, 31.50, 89.59, Right
1761456910190, -33.59, 25.19, 108.34, Right
1761456910234, -29.77, 38.34, 89.73, Right
1761456910276, -25.90, 40.81, 68.73, Right
1761456910372, -32.24, 28.02, 90.65, Right
1761456910416, -34.93, 21.23, 89.45, Right
1761456910504, -35.07, 14.83, 88.47, Right
1761456910548, -31.38, 13.65, 104.48, Right
1761456910626, -30.78, 15.75, 104.86, Right
1761456910671, -28.79, 26.73, 104.80, Right
1761456910715, -27.64, 23.95, 105.15, Right
1761456910759, -28.24, 17.04, 104.65, Right
1761456910803, -26.63, 17.02, 103.63, Right
1761456910899, -27.06, 15.20, 104.76, Right
1761456910942, -24.22, 26.47, 87.88, Right
1761456910986, -20.95, 37.05, 71.09, Right
1761456911029, -18.94, 41.18, 71.71, Right
1761456911077, -20.64, 40.10, 55.06, Right
1761456911171, -20.28, 40.06, 55.30, Right
1761456911214, -20.16, 36.52, 56.40, Right
1761456911260, -19.88, 35.96, 56.69, Right
1761456911304, -17.06, 44.65, 57.30, Right
1761456911347, -18.68, 40.08, 78.48, Right
1761456911426, -19.89, 39.60, 80.71, Right
1761456911469, -19.54, 38.96, 81.70, Right
1761456911514, -19.10, 38.56, 82.59, Right
1761456911559, -18.08, 38.47, 82.84, Right
1761456911602, -16.84, 38.55, 83.13, Right
1761456911699, -16.70, 41.14, 65.25, Right
1761456911742, -16.72, 43.65, 47.37, Right
1761456911786, -16.80, 46.22, 29.54, Right
1761456911829, -17.40, 48.70, 11.94, Right
1761456911871, -18.08, 51.20, -5.72, Right
1761456911972, -17.25, 49.25, 11.45, Right
1761456912014, -16.38, 47.44, 28.66, Right
1761456912059, -15.68, 45.65, 45.97, Right
1761456912103, -15.07, 43.86, 63.37, Right
1761456912146, -14.57, 41.93, 80.77, Right
1761456912226, -14.07, 40.10, 98.37, Right
1761456912271, -13.42, 38.22, 115.95, Right
1761456912314, -14.21, 33.53, 134.44, Right
1761456912360, -13.27, 31.60, 151.93, Right
1761456912405, -11.21, 26.38, 170.31, Right
1761456912499, -12.04, 29.05, 153.11, Right
1761456912542, -12.77, 31.57, 135.83, Right
1761456912586, -13.74, 34.03, 118.69, Right
1761456912629, -12.52, 35.52, 118.12, Right
1761456912677, -22.01, 32.54, 101.85, Right
1761456912772, -17.41, 35.84, 92.50, Right
1761456912815, -18.91, 39.88, 76.63, Right
1761456912858, -20.28, 34.79, 41.77, Right
1761456912900, -18.20, 36.69, 41.22, Right
1761456912944, -17.33, 41.94, 40.11, Right
1761456913027, -26.29, 36.29, 43.77, Right
1761456913071, -35.41, 30.65, 49.67, Right
1761456913115, -44.31, 25.09, 55.23, Right
1761456913171, -43.52, 25.96, 55.40, Right
1761456913221, -35.35, 33.15, 56.12, Right
1761456913299, -49.71, 26.86, 51.41, Right
1761456913342, -51.03, 13.51, 33.98, Right
1761456913386, -58.00, 18.43, 52.81, Right
1761456913430, -58.34, 18.79, 52.88, Right
1761456913477, -70.20, 13.71, 40.57, Right
1761456913571, -70.10, 13.77, 38.51, Right
1761456913616, -69.95, 13.91, 34.36, Right
1761456913661, -69.80, 14.05, 30.34, Right
1761456913706, -71.40, 15.62, 12.96, Right
1761456913750, -69.40, 15.47, 10.10, Right
1761456915430, -58.41, 20.90, 24.12, Right
1761456915474, -56.51, 24.77, 24.13, Right
1761456915518, -56.42, 24.78, 23.11, Right
1761456915563, -56.82, 26.68, 4.00, Right
1761456915973, -46.46, 31.29, 15.09, Right
1761456916017, -35.88, 36.34, 28.89, Right
1761456916060, -29.21, 28.99, 42.59, Right
1761456916104, -17.84, 36.08, 37.05, Right
1761456916230, -27.83, 29.17, 38.79, Right
1761456916273, -31.50, 15.41, 22.47, Right
1761456916318, -42.34, 10.04, 6.12, Right
1761456916361, -51.18, 12.51, 23.43, Right
1761456916407, -42.12, 20.02, 22.47, Right
1761456916500, -44.46, 20.33, 25.28, Right
1761456916543, -54.63, 15.83, 10.82, Right
1761456916587, -65.33, 10.69, 0.33, Right
1761456916631, -64.65, 11.16, -31.48, Right
1761456916675, -76.00, 4.08, -25.81, Down
1761456916755, -76.11, 4.02, -23.63, Down
1761456916799, -82.64, 10.73, -4.70, Right
1761456916842, -82.67, 10.72, -4.16, Right
1761456916887, -82.70, 10.72, -3.76, Right
1761456916931, -85.12, -3.38, -20.78, Down
1761456917028, -93.88, -10.99, -18.54, Left
1761456917071, -93.92, -11.01, -17.97, Left
1761456917115, -93.88, -11.00, -18.57, Left
1761456917158, -101.31, -4.23, 2.43, Down
1761456917203, -89.77, 1.26, 17.19, Down
1761456917299, -89.67, 1.30, 15.37, Down
1761456917343, -89.68, 1.28, 15.55, Down
1761456917388, -89.68, 1.27, 15.55, Down
1761456917432, -89.68, 1.25, 15.49, Down
1761456917476, -96.34, 7.82, 34.06, Down
1761456917555, -96.25, 7.84, 32.68, Down
1761456917600, -96.22, 7.83, 32.21, Down
1761456917644, -88.67, 1.71, 11.73, Down
1761456917687, -77.22, 7.36, 23.93, Down
1761456917731, -77.16, 7.37, 24.03, Down
1761456917828, -77.14, 7.34, 23.94, Down
1761456917871, -77.21, 7.22, 27.33, Down
1761456917914, -69.85, 1.10, 9.38, Down
1761456917961, -69.77, 1.10, 8.20, Down
1761456918009, -62.20, -4.54, -9.92, Down
1761456918100, -62.18, -4.54, -10.25, Down
1761456918143, -62.15, -4.54, -10.83, Down
1761456918187, -63.91, 6.21, -11.06, Down
1761456918230, -64.15, 5.58, -10.98, Down
1761456918276, -67.40, 6.96, -26.44, Down
1761456918355, -58.76, 13.71, -27.17, Right
1761456918399, -50.27, 20.54, -31.44, Right
1761456918442, -49.39, 33.37, -13.99, Right
1761456918486, -41.15, 40.11, -13.52, Right
1761456918528, -39.92, 52.15, 3.68, Right
1761456918628, -39.95, 52.15, 3.21, Right
1761456918673, -40.01, 52.11, 3.51, Right
1761456918716, -35.00, 51.81, 37.57, Right
1761456924112, -39.20, 47.94, 21.84, Right
1761456924228, -40.39, 42.40, 21.91, Right
1761456924270, -41.82, 36.35, 22.22, Right
1761456924314, -43.00, 30.72, 22.49, Right
1761456924357, -43.99, 24.74, 22.57, Right
1761456924400, -45.02, 20.98, 22.89, Right
1761456924500, -46.59, 17.57, 23.05, Right
1761456924543, -39.54, 19.17, 23.15, Right
1761456924591, -32.67, 21.53, 22.87, Right
1761456924636, -35.76, 19.60, 6.00, Right
1761456924678, -35.58, 20.93, 5.73, Right
1761456924755, -35.52, 21.95, 5.26, Right
1761456924799, -35.66, 23.25, 4.87, Right
1761456924842, -35.76, 23.95, 4.39, Right
1761456924890, -35.94, 25.00, 4.01, Right
1761456924933, -36.33, 24.61, 3.74, Right
1761456925027, -36.43, 24.35, 3.39, Right
1761456925070, -36.14, 24.88, 3.19, Right
1761456925115, -35.95, 24.63, 2.87, Right
1761456925158, -36.18, 24.40, 2.38, Right
1761456925201, -36.02, 23.36, 1.71, Right
1761456925299, -35.63, 22.18, 1.11, Right
1761456925344, -35.36, 19.42, 0.26, Right
1761456925388, -35.23, 16.11, -0.65, Right
1761456925432, -34.73, 14.23, -1.33, Right
1761456925475, -34.12, 11.47, -2.28, Right
1761456925555, -33.77, 7.61, -2.97, Down
1761456925599, -33.73, 4.35, -3.51, Down
1761456925648, -33.30, 1.03, -4.12, Down
1761456925695, -33.19, -2.31, -4.48, Down
1761456925739, -32.99, -4.54, -4.78, Down
1761456925827, -33.73, -7.20, -5.63, Down
1761456925873, -34.61, -4.77, -5.51, Down
1761456925918, -35.53, -0.90, -5.12, Down
1761456925961, -36.16, -0.92, -5.86, Down
1761456926005, -36.82, -0.75, -6.59, Down
1761456926099, -37.76, -0.80, -7.39, Down
1761456926141, -38.65, 1.62, -7.67, Down
1761456926188, -39.88, 5.33, -7.56, Down
1761456926245, -41.29, 9.38, -7.27, Down
1761456926312, -42.93, 13.47, -6.35, Right
1761456926364, -43.21, 15.81, -5.20, Right
1761456926520, -43.09, 14.75, -4.44, Right
1761456926575, -42.75, 14.01, -3.65, Right
1761456926630, -43.10, 15.58, -2.03, Right
1761456926688, -43.68, 14.51, -0.74, Right
1761456926735, -43.79, 14.62, 0.67, Right
1761456926782, -43.29, 14.16, 1.54, Right
1761456926908, -42.44, 12.16, 1.95, Right
1761456926953, -41.52, 11.00, 2.36, Right
1761456927000, -40.31, 9.44, 2.23, Down
1761456927045, -39.86, 9.89, 2.37, Down
1761456927094, -39.41, 10.46, 2.24, Right
1761456927171, -39.09, 9.11, 1.73, Down
1761456927218, -38.60, 8.89, 1.36, Down
1761456927268, -37.79, 11.17, 1.30, Right
1761456927313, -37.20, 12.47, 0.96, Right
1761456927360, -37.25, 12.36, 0.72, Right
1761456927437, -37.32, 12.88, 0.59, Right
1761456927485, -37.32, 11.94, 0.26, Right
1761456927531, -37.33, 11.04, -0.11, Right
1761456927578, -37.32, 10.04, -0.37, Right
1761456927624, -37.37, 9.19, -0.63, Down
1761456927688, -37.48, 9.00, -0.76, Down
1761456927735, -37.68, 7.83, -0.99, Down
1761456927782, -37.91, 6.65, -1.21, Down
1761456927829, -38.08, 6.04, -1.21, Down
1761456927876, -38.09, 4.81, -1.32, Down
1761456927969, -38.20, 3.66, -1.38, Down
1761456928018, -38.28, 2.75, -1.44, Down
1761456928064, -38.27, 1.61, -1.49, Down
1761456928112, -38.32, 0.66, -1.55, Down
1761456928159, -38.36, -0.30, -1.60, Down
1761456928237, -38.41, -0.98, -1.65, Down
1761456928284, -38.46, -1.68, -1.68, Down
1761456928331, -38.35, -2.33, -1.68, Down
1761456928378, -38.28, -2.71, -1.68, Down
1761456928424, -38.30, -2.80, -1.63, Down
1761456928487, -38.38, -3.59, -1.77, Down
1761456928533, -38.34, -4.07, -1.77, Down
1761456928579, -38.42, -4.38, -1.79, Down
1761456928627, -38.50, -4.43, -1.83, Down
1761456928674, -38.47, -4.19, -1.83, Down
1761456928768, -38.41, -4.23, -1.84, Down
1761456928814, -38.23, -4.11, -1.82, Down
1761456928860, -38.20, -4.04, -1.83, Down
1761456928907, -38.02, -3.55, -1.82, Down
1761456928952, -37.91, -2.57, -1.74, Down
1761456929030, -37.63, -0.19, -1.30, Down
1761456929077, -37.36, 2.49, -0.86, Down
1761456929125, -37.03, 5.16, -0.38, Down
1761456929172, -37.22, 7.68, 0.19, Down
1761456929217, -37.34, 10.26, 0.78, Right
1761456929297, -37.82, 13.42, 1.63, Right
1761456929344, -38.25, 16.60, 2.43, Right
1761456929390, -38.74, 19.88, 3.26, Right
1761456929437, -39.81, 21.99, 4.17, Right
1761456929483, -40.66, 23.70, 4.96, Right
1761456929564, -41.96, 23.43, 5.45, Right
1761456929611, -43.26, 22.84, 5.85, Right
1761456929658, -44.51, 22.22, 6.25, Right
1761456929703, -45.96, 21.23, 6.45, Right
1761456929751, -48.08, 20.27, 6.62, Right
1761456929829, -49.49, 18.84, 6.51, Right
1761456929878, -51.40, 17.23, 6.34, Right
1761456929922, -53.53, 15.65, 6.12, Right
1761456929969, -53.90, 14.78, 5.86, Right
1761456930015, -54.77, 13.70, 5.62, Right
1761456930092, -54.87, 13.60, 5.40, Right
1761456930139, -55.25, 13.33, 5.17, Right
1761456930185, -55.72, 13.10, 4.93, Right
1761456930231, -55.50, 13.32, 4.79, Right
1761456930277, -54.76, 13.40, 4.61, Right
1761456930355, -54.72, 13.57, 4.56, Right
1761456930404, -54.36, 13.76, 4.58, Right
1761456930450, -53.71, 13.81, 4.61, Right
1761456930498, -54.05, 14.19, 4.61, Right
1761456930545, -54.03, 14.46, 4.63, Right
1761456930640, -54.35, 14.58, 4.67, Right
1761456930685, -54.27, 14.64, 4.68, Right
1761456930733, -53.99, 14.80, 4.76, Right
1761456930779, -53.38, 14.95, 4.93, Right
1761456930824, -52.85, 14.66, 5.07, Right
1761456930887, -50.94, 14.29, 5.34, Right
1761456930934, -49.39, 14.01, 5.48, Right
1761456930979, -48.19, 13.76, 5.79, Right
1761456931027, -47.19, 13.46, 6.07, Right
1761456931073, -44.69, 12.72, 6.19, Right
1761456931167, -41.99, 11.57, 6.38, Right
1761456931214, -39.63, 10.36, 6.61, Right
1761456931262, -37.40, 8.95, 6.73, Down
1761456931309, -35.67, 7.84, 6.89, Down
1761456931356, -33.77, 6.80, 7.06, Down
1761456931434, -33.41, 6.26, 6.88, Down
1761456931481, -32.52, 5.75, 6.75, Down
1761456931527, -31.55, 5.26, 6.46, Down
1761456931573, -30.73, 4.61, 6.15, Down
1761456931622, -31.57, 4.53, 6.04, Down
1761456931687, -32.85, 4.95, 5.72, Down
1761456931731, -34.10, 5.43, 5.35, Down
1761456931777, -35.20, 5.96, 5.02, Down
1761456931827, -36.09, 6.14, 4.53, Down
1761456931871, -38.30, 7.21, 4.12, Down
1761456931965, -40.20, 8.32, 4.02, Down
1761456932012, -42.34, 9.30, 3.99, Down
1761456932060, -44.31, 10.26, 4.01, Right
1761456932106, -46.26, 11.65, 4.15, Right
1761456932152, -47.77, 12.89, 4.13, Right
1761456932230, -49.17, 14.01, 4.19, Right
1761456932278, -50.34, 15.33, 4.35, Right
1761456932326, -51.57, 16.69, 4.50, Right
1761456932370, -53.09, 18.14, 4.61, Right
1761456932417, -53.63, 18.92, 4.69, Right
1761456932495, -53.80, 18.88, 4.56, Right
1761456932542, -53.72, 18.94, 4.46, Right
1761456932589, -53.50, 18.96, 4.30, Right
1761456932636, -53.67, 18.87, 4.16, Right
1761456932683, -54.18, 18.81, 4.11, Right
1761456932760, -54.61, 18.86, 4.06, Right
1761456932807, -55.17, 18.70, 3.99, Right
1761456932855, -55.88, 18.49, 3.92, Right
1761456932902, -56.12, 18.30, 3.92, Right
1761456932947, -56.19, 17.95, 3.86, Right
1761456933042, -56.43, 17.94, 3.88, Right
1761456933087, -56.65, 17.93, 3.93, Right
1761456933133, -57.12, 17.89, 3.93, Right
1761456933181, -57.12, 17.78, 3.96, Right
1761456933227, -57.14, 17.78, 4.00, Right
1761456933290, -57.01, 17.84, 4.05, Right
1761456933335, -57.17, 17.82, 4.09, Right
1761456933382, -57.16, 17.89, 4.14, Right
1761456933430, -57.41, 17.97, 4.17, Right
1761456933477, -57.68, 18.13, 4.25, Right
1761456933570, -57.39, 18.39, 4.29, Right
1761456933616, -57.21, 18.66, 4.31, Right
1761456933664, -56.92, 18.86, 4.33, Right
1761456933710, -56.67, 18.97, 4.32, Right
1761456933757, -56.48, 18.91, 4.29, Right
1761456933836, -56.21, 18.79, 4.27, Right
1761456933882, -55.73, 18.92, 4.25, Right
1761456933928, -55.49, 19.06, 4.30, Right
1761456933981, -55.29, 19.12, 4.27, Right
1761456934043, -54.78, 19.19, 4.25, Right
1761456934091, -54.83, 19.18, 4.30, Right
==================================================
End Time: 2025-10-26T01:35:34.091306
