Head Tracking Session: phase1_cycle1_1761464834209
Start Time: 2025-10-26T03:47:14.214095
==================================================
Timestamp (ms), Pitch, Yaw, Roll, Direction
1761464837460, 0.00, 0.00, 0.00, Forward
1761464837508, 0.07, 3.22, 0.45, Forward
1761464837554, -0.83, 4.43, 0.58, Forward
1761464837605, -1.21, 6.34, 0.56, Forward
1761464837686, -1.35, 8.59, 0.53, Forward
1761464837737, -1.49, 10.19, 0.49, Right
1761464837787, -1.23, 11.15, 0.41, Right
1761464837872, -0.83, 12.09, 0.26, Right
1761464837920, -0.59, 12.67, 0.12, Right
1761464837971, -0.36, 13.16, 0.01, Right
1761464838020, -0.17, 14.94, -0.13, Right
1761464838067, 0.06, 16.04, -0.36, Right
1761464838118, 0.64, 17.02, -0.61, Right
1761464838181, 1.18, 17.51, -0.82, Right
1761464838229, 1.68, 17.53, -1.02, Right
1761464838274, 2.27, 17.48, -1.22, Right
1761464838322, 2.56, 17.48, -1.39, Right
1761464838371, 2.70, 17.36, -1.51, Right
1761464838421, 2.89, 17.37, -1.62, Right
1761464838488, 3.21, 17.30, -1.82, Right
1761464838534, 3.39, 17.39, -2.01, Right
1761464838580, 3.62, 17.23, -2.16, Right
1761464838671, 3.58, 17.56, -2.33, Right
1761464838720, 3.52, 17.95, -2.46, Right
1761464838771, 3.46, 18.25, -2.61, Right
1761464838820, 3.33, 18.62, -2.83, Right
1761464838872, 3.22, 19.26, -3.04, Right
1761464838922, 3.10, 19.74, -3.26, Right
1761464838976, 2.98, 19.93, -3.48, Right
1761464839022, 2.82, 19.99, -3.61, Right
1761464839073, 2.79, 19.84, -3.71, Right
1761464839125, 2.68, 20.45, -3.87, Right
1761464839176, 2.62, 20.74, -3.95, Right
1761464839225, 2.55, 21.09, -3.95, Right
1761464839286, 2.69, 20.85, -3.91, Right
1761464839336, 2.76, 20.85, -3.86, Right
1761464839389, 2.90, 20.43, -3.81, Right
1761464839471, 3.44, 19.91, -3.74, Right
1761464839520, 3.96, 19.68, -3.64, Right
1761464839570, 4.35, 19.56, -3.49, Right
1761464839620, 4.59, 19.51, -3.33, Right
1761464839674, 4.82, 18.95, -3.12, Right
1761464839725, 5.22, 18.25, -2.97, Right
1761464839777, 5.61, 17.49, -2.92, Right
1761464839826, 5.76, 17.31, -2.88, Right
1761464839876, 5.95, 16.80, -2.75, Right
1761464839924, 6.19, 16.58, -2.66, Right
1761464839973, 5.95, 16.57, -2.54, Right
1761464840023, 5.72, 16.54, -2.42, Right
1761464840087, 5.47, 16.65, -2.35, Right
1761464840136, 5.37, 16.70, -2.30, Right
1761464840187, 5.27, 16.78, -2.31, Right
1761464840271, 5.11, 16.87, -2.30, Right
1761464840321, 5.04, 16.85, -2.31, Right
1761464840372, 4.94, 16.91, -2.31, Right
1761464840424, 4.85, 17.02, -2.32, Right
1761464840470, 4.68, 17.06, -2.31, Right
1761464840519, 4.48, 17.00, -2.28, Right
1761464840575, 4.47, 16.75, -2.29, Right
1761464840625, 4.51, 16.43, -2.27, Right
1761464840678, 4.52, 16.22, -2.27, Right
1761464840727, 4.41, 16.00, -2.22, Right
1761464840774, 4.30, 15.75, -2.12, Right
1761464840821, 4.21, 15.44, -2.04, Right
1761464840887, 4.21, 15.16, -2.00, Right
1761464840937, 4.25, 14.76, -1.96, Right
1761464840991, 4.37, 14.31, -1.94, Right
1761464841077, 4.52, 13.92, -1.94, Right
1761464841124, 4.43, 13.67, -1.87, Right
1761464841176, 4.30, 13.46, -1.80, Right
1761464841224, 4.06, 13.35, -1.72, Right
1761464841280, 3.98, 13.33, -1.68, Right
1761464841325, 3.83, 13.17, -1.62, Right
1761464841380, 3.57, 13.37, -1.58, Right
1761464841427, 3.32, 13.40, -1.53, Right
1761464841474, 3.06, 13.59, -1.47, Right
1761464841520, 2.70, 13.77, -1.38, Right
1761464841568, 2.46, 13.92, -1.30, Right
1761464841619, 2.30, 13.93, -1.29, Right
1761464841688, 2.17, 14.11, -1.31, Right
1761464841735, 2.18, 14.04, -1.33, Right
1761464841787, 2.09, 13.92, -1.31, Right
1761464841877, 1.94, 14.15, -1.37, Right
1761464841924, 1.94, 13.97, -1.41, Right
1761464841974, 1.83, 14.01, -1.43, Right
1761464842026, 1.94, 13.86, -1.58, Right
1761464842074, 2.05, 13.91, -1.75, Right
1761464842122, 2.10, 13.84, -1.84, Right
1761464842182, 1.78, 14.25, -1.86, Right
1761464842232, 1.52, 14.37, -1.82, Right
1761464842285, 1.25, 14.43, -1.76, Right
1761464842378, 0.98, 14.50, -1.69, Right
1761464842422, 0.82, 14.33, -1.61, Right
1761464842472, 0.57, 14.26, -1.51, Right
1761464842518, 0.42, 14.08, -1.41, Right
1761464842568, 0.07, 14.02, -1.22, Right
1761464842612, -0.25, 13.74, -0.99, Right
1761464842672, -0.61, 13.71, -0.86, Right
1761464842718, -0.59, 13.41, -0.81, Right
1761464842769, -0.61, 13.11, -0.78, Right
1761464842816, -0.68, 12.93, -0.77, Right
1761464842864, -0.71, 12.77, -0.76, Right
1761464842909, -0.66, 12.63, -0.79, Right
1761464842976, -0.62, 12.77, -0.83, Right
1761464843020, -0.56, 12.76, -0.89, Right
1761464843067, -0.54, 12.86, -0.94, Right
1761464843115, -0.19, 12.61, -1.03, Right
1761464843162, 0.13, 12.39, -1.09, Right
1761464843204, 0.30, 12.18, -1.11, Right
1761464843313, 0.31, 12.25, -1.16, Right
1761464843359, 0.33, 12.13, -1.16, Right
1761464843403, 0.39, 11.99, -1.17, Right
1761464843450, 0.35, 11.96, -1.15, Right
1761464843500, 0.30, 11.72, -1.12, Right
1761464843571, 0.26, 11.56, -1.08, Right
1761464843618, 0.18, 11.21, -1.01, Right
1761464843669, -0.21, 11.30, -0.91, Right
1761464843718, -0.55, 11.41, -0.84, Right
1761464843767, -0.74, 11.42, -0.78, Right
1761464843843, -0.83, 11.30, -0.70, Right
1761464843887, -0.89, 11.36, -0.68, Right
1761464843935, -0.95, 11.41, -0.66, Right
1761464843983, -1.01, 11.50, -0.67, Right
1761464844033, -1.09, 11.45, -0.61, Right
1761464844113, -1.11, 11.44, -0.61, Right
1761464844160, -1.15, 11.56, -0.61, Right
1761464844207, -1.17, 11.61, -0.62, Right
1761464844253, -1.18, 11.64, -0.61, Right
1761464844297, -1.23, 11.74, -0.65, Right
1761464844370, -1.26, 11.65, -0.62, Right
1761464844415, -1.29, 11.53, -0.58, Right
1761464844466, -1.32, 11.41, -0.53, Right
1761464844515, -1.31, 11.21, -0.47, Right
1761464844566, -1.29, 11.24, -0.48, Right
1761464844638, -1.17, 11.26, -0.51, Right
1761464844685, -1.07, 11.21, -0.47, Right
1761464844732, -0.99, 11.29, -0.46, Right
1761464844779, -0.91, 11.33, -0.42, Right
1761464844825, -0.78, 11.39, -0.39, Right
1761464844912, -0.75, 11.60, -0.43, Right
1761464844958, -0.72, 11.82, -0.48, Right
1761464845002, -0.68, 12.04, -0.51, Right
1761464845048, -0.65, 12.11, -0.53, Right
1761464845095, -0.61, 12.07, -0.52, Right
1761464845175, -0.75, 12.09, -0.45, Right
1761464845218, -0.83, 12.13, -0.44, Right
1761464845269, -0.93, 12.06, -0.39, Right
1761464845315, -1.03, 12.03, -0.40, Right
1761464845362, -1.24, 11.95, -0.36, Right
1761464845439, -1.26, 11.80, -0.33, Right
1761464845485, -1.34, 11.65, -0.27, Right
1761464845537, -1.35, 11.59, -0.25, Right
1761464845582, -1.35, 11.57, -0.21, Right
1761464845630, -1.35, 11.46, -0.17, Right
1761464845712, -1.14, 11.51, -0.16, Right
1761464845757, -0.99, 11.49, -0.14, Right
1761464845802, -0.79, 11.50, -0.14, Right
1761464845849, -0.63, 11.46, -0.09, Right
1761464845899, -0.45, 11.47, -0.04, Right
1761464845969, -0.34, 11.53, 0.01, Right
1761464846017, -0.27, 11.47, 0.07, Right
1761464846067, -0.29, 11.49, 0.13, Right
1761464846116, -0.29, 11.48, 0.16, Right
1761464846167, -0.14, 11.72, 0.12, Right
1761464846239, -0.52, 12.49, -0.01, Right
1761464846284, -0.75, 13.58, -0.19, Right
1761464846329, -1.09, 14.64, -0.36, Right
1761464846374, -1.13, 15.94, -0.66, Right
1761464846418, -1.17, 17.25, -1.01, Right
1761464846513, -1.09, 18.58, -1.53, Right
1761464846562, -1.00, 20.15, -2.05, Right
1761464846610, -0.95, 21.52, -2.53, Right
1761464846656, -0.91, 23.08, -3.07, Right
1761464846701, -0.96, 24.49, -3.56, Right
1761464846769, -0.64, 25.29, -3.80, Right
1761464846815, -1.53, 27.16, -21.10, Right
1761464846864, -1.18, 27.78, -21.34, Right
1761464846911, -1.07, 28.10, -21.47, Right
1761464846956, -3.05, 29.21, -38.46, Right
1761464847039, -4.12, 28.67, -38.39, Right
1761464847084, -5.02, 28.22, -38.41, Right
1761464847132, -5.87, 27.77, -38.42, Right
1761464847189, -6.89, 26.18, -38.08, Right
1761464847244, -7.80, 24.00, -37.73, Right
1761464847328, -9.05, 19.82, -37.20, Right
1761464847374, -9.05, 14.57, -19.51, Right
1761464847430, -10.27, 10.47, -18.93, Right
1761464847474, -11.40, 6.21, -18.22, Down
1761464847519, -10.35, 0.64, -0.59, Down
1761464847569, -10.52, -3.65, 0.19, Down
1761464847617, -10.78, -8.43, 1.02, Down
1761464847663, -10.96, -12.98, 1.82, Left
1761464847709, -10.94, -16.21, 2.30, Left
1761464847752, -10.96, -19.21, 2.79, Left
1761464847839, -10.75, -20.56, 2.99, Left
1761464847888, -10.64, -22.01, 3.09, Left
1761464847935, -10.44, -23.36, 3.26, Left
1761464847986, -10.49, -24.24, 3.22, Left
1761464848036, -10.60, -24.72, 3.18, Left
1761464848123, -10.59, -25.00, 3.11, Left
1761464848169, -10.55, -24.97, 3.03, Left
1761464848217, -10.58, -25.10, 2.96, Left
1761464848268, -10.73, -25.50, 2.90, Left
1761464848320, -10.90, -25.31, 2.77, Left
1761464848372, -11.00, -25.03, 2.62, Left
1761464848419, -11.09, -24.85, 2.50, Left
1761464848468, -11.16, -24.59, 2.30, Left
1761464848517, -11.12, -24.57, 2.17, Left
1761464848563, -10.89, -24.58, 2.03, Left
1761464848640, -10.80, -24.59, 1.92, Left
1761464848686, -10.69, -24.53, 1.83, Left
1761464848731, -10.58, -24.46, 1.74, Left
1761464848777, -10.22, -24.63, 1.62, Left
1761464848825, -9.78, -24.98, 1.54, Left
1761464848913, -11.11, -26.42, 18.63, Left
1761464848957, -10.87, -26.87, 18.57, Left
1761464849002, -10.91, -26.85, 18.58, Left
1761464849047, -10.58, -26.78, 18.67, Left
1761464849094, -10.11, -26.60, 18.76, Left
1761464849170, -8.91, -26.91, 18.52, Left
1761464849217, -7.72, -27.19, 18.21, Left
1761464849265, -6.56, -27.43, 17.91, Left
1761464849317, -5.56, -27.48, 17.63, Left
1761464849366, -5.41, -22.61, 17.52, Left
1761464849442, -2.90, -15.94, 0.01, Left
1761464849486, -4.79, -16.09, 17.73, Left
1761464849535, -6.55, -17.24, 35.26, Left
1761464849580, -5.42, -12.35, 35.39, Left
1761464849632, -4.91, -7.67, 35.63, Forward
1761464849714, -5.66, -1.83, 36.75, Forward
1761464849759, -6.80, 0.01, 37.91, Forward
1761464849804, -9.08, 6.12, 22.20, Forward
1761464849851, -10.66, 12.40, 23.78, Right
1761464849900, -12.82, 13.88, 8.25, Right
1761464849968, -15.15, 14.65, -7.48, Right
1761464850014, -14.79, 21.14, -41.36, Right
1761464850062, -14.45, 28.00, -75.04, Right
1761464850108, -17.38, 28.75, -91.36, Right
1761464850152, -19.63, 29.80, -108.07, Right
1761464850197, -21.14, 30.43, -125.27, Right
1761464850249, -20.67, 34.37, -125.72, Right
1761464850298, -19.01, 33.94, -109.30, Right
1761464850344, -18.16, 33.31, -110.12, Right
1761464850389, -16.05, 32.28, -94.13, Right
1761464850513, -15.35, 31.51, -95.05, Right
1761464850563, -14.46, 30.79, -95.95, Right
1761464850615, -13.45, 30.12, -96.88, Right
1761464850662, -11.50, 29.47, -80.44, Right
1761464850710, -9.82, 28.68, -63.86, Right
1761464850770, -8.30, 27.88, -47.28, Right
1761464850818, -8.31, 27.56, -47.41, Right
1761464850872, -8.33, 27.23, -47.52, Right
1761464850918, -8.00, 26.82, -48.05, Right
1761464851040, -7.53, 26.62, -48.51, Right
1761464851086, -6.26, 26.19, -31.43, Right
1761464851166, -5.65, 25.98, -14.20, Right
1761464851212, -5.00, 25.91, 2.99, Right
1761464851257, -5.25, 25.83, 2.82, Right
1761464851304, -6.35, 26.67, -14.54, Right
1761464851439, -5.74, 25.51, -14.32, Right
1761464851485, -4.37, 22.20, -12.61, Right
1761464851567, -5.57, 17.73, -30.29, Right
1761464851616, -7.24, 12.62, -47.77, Right
1761464851664, -6.33, 9.55, -46.27, Forward
1761464851711, -5.51, 7.90, -45.86, Forward
1761464851843, -1.48, 11.89, -46.17, Right
1761464851887, 0.36, 10.30, -45.90, Right
1761464851968, 1.48, 8.51, -45.52, Forward
1761464852014, 1.95, 5.79, -45.49, Forward
1761464852062, 2.76, 3.61, -44.22, Forward
1761464852107, 2.74, 3.62, -45.62, Forward
1761464852242, 3.73, 5.48, -27.45, Forward
1761464852288, 4.94, 8.17, -9.16, Forward
1761464852369, 3.43, 9.05, -9.77, Forward
1761464852416, 2.23, 8.99, -9.45, Forward
1761464852465, -1.44, 3.23, -8.58, Forward
1761464852511, -2.83, 2.91, -8.22, Forward
1761464852639, -3.44, 2.92, -8.07, Forward
1761464852686, -2.76, 2.83, 9.79, Forward
1761464852769, -3.72, 5.02, 8.54, Forward
1761464852817, -4.68, 7.10, 8.41, Forward
1761464852863, -4.16, 8.66, 8.09, Forward
1761464852909, -3.21, 9.22, 7.97, Forward
1761464853040, -1.67, 8.34, 8.31, Forward
1761464853085, -0.18, 7.07, 8.66, Forward
1761464853167, 1.13, 5.70, 10.30, Forward
1761464853215, 2.33, 4.34, 12.42, Forward
1761464853265, 3.44, 2.82, 12.72, Forward
1761464853311, 4.04, 2.86, 12.67, Forward
1761464853440, 5.02, 0.65, 13.48, Forward
1761464853484, 5.06, 0.05, 13.60, Forward
1761464853569, 2.74, -0.61, -3.45, Forward
1761464853617, 0.11, -0.09, -20.69, Forward
1761464853667, -2.92, -0.19, -38.73, Forward
1761464853715, -2.94, -0.17, -37.89, Forward
1761464853970, -4.78, -0.63, -39.55, Forward
1761464854016, -6.78, -0.64, -41.81, Forward
1761464854068, -8.72, -0.41, -42.19, Forward
1761464854117, -9.02, 1.06, -41.73, Forward
1761464854238, -10.75, 5.89, -59.92, Down
1761464854285, -11.62, 9.47, -77.17, Down
1761464854371, -9.37, 13.97, -77.41, Right
1761464854417, -6.73, 18.57, -77.83, Right
1761464854463, -6.94, 18.13, -59.38, Right
1761464854511, -9.24, 19.76, -77.70, Right
1761464854640, -9.61, 19.23, -74.68, Right
1761464854684, -9.89, 21.19, -91.18, Right
1761464854769, -12.06, 17.03, -109.42, Right
1761464854815, -11.02, 21.06, -92.29, Right
1761464854865, -9.35, 23.12, -93.01, Right
1761464854912, -7.83, 25.09, -93.92, Right
1761464855041, -7.02, 26.14, -58.94, Right
1761464855091, -6.24, 26.84, -24.16, Right
1761464855168, -3.29, 34.43, -43.26, Right
1761464855216, -1.36, 39.84, -44.48, Right
1761464855264, 0.50, 47.99, -65.75, Right
1761464855314, 3.24, 51.21, -50.45, Right
1761464855440, 7.02, 61.70, -14.58, Right
1761464855484, 9.28, 47.64, -29.12, Right
1761464855568, 7.70, 46.49, -28.28, Right
1761464855613, 7.28, 43.90, -10.42, Right
1761464855663, 5.80, 42.61, -45.25, Right
1761464855712, 4.60, 39.65, -62.05, Right
1761464855841, 4.37, 36.21, -43.17, Right
1761464855883, 4.20, 33.05, -24.29, Right
1761464855967, 3.21, 30.32, -22.49, Right
1761464856013, 1.28, 29.48, -37.66, Right
1761464856062, 0.11, 27.18, -71.59, Right
1761464856106, -2.71, 38.48, -73.95, Right
1761464856240, -1.91, 37.50, -73.46, Right
1761464856283, -1.43, 36.91, -72.51, Right
1761464856369, 0.62, 35.00, -54.92, Right
1761464856415, 2.00, 34.93, -54.98, Right
1761464856464, 2.99, 35.14, -55.33, Right
1761464856513, 3.47, 36.29, -73.43, Right
1761464856641, 4.70, 37.08, -74.64, Right
1761464856684, 6.03, 37.99, -75.93, Right
1761464856768, 7.47, 39.23, -77.41, Right
1761464856813, 8.16, 40.52, -96.03, Right
1761464856864, 9.08, 41.19, -96.96, Right
1761464856915, 9.29, 43.02, -115.66, Right
1761464857040, 8.69, 45.38, -133.74, Right
1761464857085, 7.84, 47.45, -151.90, Right
1761464857166, 7.29, 49.82, -170.31, Right
1761464857213, 7.06, 51.11, -170.79, Right
1761464857262, 6.94, 51.99, -171.22, Right
1761464857312, 6.94, 53.05, -171.73, Right
1761464857441, 3.31, 45.19, -171.41, Right
1761464857484, 4.06, 44.71, -154.47, Right
1761464857567, 3.56, 45.23, -154.44, Right
1761464857611, 2.79, 45.50, -153.98, Right
1761464857659, 2.57, 44.96, -153.98, Right
1761464857703, 2.50, 44.41, -153.64, Right
1761464857843, 1.53, 43.35, -152.80, Right
1761464857891, 0.60, 42.17, -152.01, Right
1761464857968, 0.27, 40.38, -133.74, Right
1761464858015, -0.35, 38.20, -115.27, Right
1761464858062, 2.56, 44.56, -97.43, Right
1761464858111, 0.30, 44.39, -113.39, Right
1761464858241, 0.17, 42.20, -112.67, Right
1761464858292, 1.32, 39.66, -94.71, Right
1761464858375, 0.97, 37.26, -94.04, Right
1761464858424, 0.56, 35.08, -93.62, Right
1761464858473, 0.62, 33.44, -93.38, Right
1761464858517, 0.76, 31.18, -93.33, Right
1761464858640, 1.38, 29.95, -93.31, Right
1761464858687, 2.13, 29.25, -93.33, Right
1761464858769, 2.90, 28.29, -93.54, Right
1761464858813, 4.11, 26.91, -76.44, Right
1761464858865, 4.69, 26.33, -59.24, Right
1761464858914, 4.50, 26.00, -59.44, Right
1761464859042, 5.56, 25.80, -42.25, Right
1761464859087, 6.53, 25.83, -25.12, Right
1761464859165, 7.43, 25.92, -8.04, Right
1761464859216, 8.34, 26.39, 9.05, Right
1761464859263, 8.38, 26.59, 8.76, Right
1761464859310, 8.23, 26.48, 8.44, Right
1761464859441, 8.05, 26.98, 8.15, Right
1761464859489, 7.90, 27.16, 7.80, Right
1761464859570, 6.57, 28.71, -9.74, Right
1761464859621, 5.95, 29.43, -10.03, Right
1761464859668, 4.52, 31.15, -27.46, Right
1761464859719, 3.10, 32.66, -44.89, Right
1761464859841, 5.32, 22.01, -40.79, Right
1761464859885, 4.14, 23.83, -58.11, Right
1761464859976, 2.49, 25.74, -75.36, Right
1761464860028, -0.05, 22.79, -76.03, Right
1761464860083, -1.49, 24.50, -93.09, Right
1761464860143, -2.97, 26.08, -109.99, Right
1761464860244, -3.88, 26.56, -109.65, Right
1761464860296, -5.37, 28.01, -126.61, Right
1761464860367, -6.46, 28.49, -126.28, Right
1761464860418, -7.37, 28.84, -125.98, Right
1761464860464, -11.83, 41.20, -147.26, Right
1761464860515, -12.89, 41.19, -147.06, Right
1761464860643, -13.83, 41.27, -146.99, Right
1761464860689, -13.69, 46.32, -163.37, Right
1761464860775, -14.71, 46.60, -163.34, Right
1761464860824, -15.66, 47.02, -163.44, Right
1761464860870, -16.04, 47.33, -163.65, Right
1761464860916, -16.76, 47.62, -163.81, Right
1761464861041, -17.09, 47.81, -164.10, Right
1761464861086, -17.49, 47.99, -164.31, Right
1761464861132, -17.95, 48.16, -164.49, Right
1761464861181, -18.18, 48.45, -164.67, Right
1761464861229, -18.27, 48.52, -164.88, Right
1761464861280, -18.39, 48.50, -165.10, Right
1761464861325, -17.10, 47.35, -148.44, Right
1761464861369, -15.73, 46.13, -131.81, Right
1761464861416, -15.71, 46.16, -131.94, Right
1761464861461, -14.16, 44.46, -115.12, Right
1761464861567, -12.56, 42.95, -98.33, Right
1761464861617, -10.75, 41.52, -81.63, Right
1761464861700, -10.08, 41.45, -81.97, Right
1761464861747, -9.36, 41.14, -82.35, Right
1761464861794, -8.67, 40.87, -82.56, Right
1761464861841, -7.91, 40.62, -82.95, Right
1761464861967, -8.70, 41.37, -100.07, Right
1761464862013, -9.35, 42.22, -117.26, Right
1761464862099, -8.77, 41.79, -117.69, Right
1761464862147, -9.64, 43.18, -135.02, Right
1761464862199, -10.54, 44.43, -152.21, Right
1761464862245, -11.42, 45.83, -169.36, Right
1761464862367, -11.03, 45.90, -169.55, Right
1761464862414, -11.04, 46.18, -169.59, Right
1761464862499, -10.84, 46.61, -169.76, Right
1761464862546, -10.68, 47.06, -169.87, Right
1761464862597, -10.21, 47.56, -169.98, Right
1761464862643, -9.94, 47.92, -170.08, Right
1761464862768, -9.62, 48.43, -170.07, Right
1761464862814, -9.25, 48.70, -170.17, Right
1761464862896, -8.83, 48.97, -170.38, Right
1761464862943, -8.57, 49.20, -170.56, Right
1761464862989, -8.28, 49.32, -170.74, Right
1761464863033, -7.87, 49.46, -170.95, Right
1761464863166, -7.80, 49.48, -171.07, Right
1761464863214, -7.73, 49.36, -171.26, Right
1761464863300, -7.73, 49.50, -171.21, Right
1761464863347, -7.60, 49.68, -171.24, Right
1761464863392, -7.49, 49.87, -171.29, Right
1761464863441, -7.99, 43.89, -151.48, Right
1761464863568, -7.98, 44.26, -151.06, Right
1761464863622, -7.92, 44.37, -150.70, Right
1761464863699, -6.38, 41.92, -133.45, Right
1761464863747, -5.77, 40.65, -133.40, Right
1761464863797, -5.13, 39.45, -133.39, Right
1761464863846, -3.65, 36.42, -116.28, Right
1761464863966, -3.50, 34.51, -116.62, Right
1761464864012, -3.48, 32.48, -116.76, Right
1761464864098, -2.48, 29.31, -99.70, Right
1761464864144, -1.00, 32.80, -102.51, Right
1761464864189, -0.00, 29.77, -85.80, Right
1761464864232, -0.57, 27.80, -86.18, Right
1761464864370, -1.53, 27.35, -86.18, Right
1761464864419, -2.64, 26.86, -86.20, Right
1761464864503, -3.64, 26.36, -86.35, Right
1761464864554, -5.48, 27.66, -103.44, Right
1761464864601, -5.91, 27.62, -103.38, Right
1761464864648, -5.26, 26.69, -86.15, Right
1761464864771, -5.80, 26.98, -86.20, Right
1761464864821, -6.20, 26.91, -86.16, Right
1761464864908, -6.61, 26.96, -86.22, Right
1761464864954, -5.55, 26.28, -69.18, Right
1761464864999, -5.67, 26.69, -69.29, Right
1761464865047, -4.62, 25.86, -52.23, Right
1761464865168, -3.60, 24.87, -35.03, Right
1761464865223, -2.47, 24.10, -17.90, Right
1761464865302, -1.25, 23.29, -0.77, Right
1761464865347, -1.07, 23.54, -0.88, Right
1761464865397, -0.60, 23.61, -0.94, Right
1761464865445, -0.31, 23.69, -1.01, Right
1761464865565, -0.03, 23.86, -1.07, Right
1761464865613, 0.19, 23.85, -1.07, Right
1761464865700, 0.49, 23.87, -1.17, Right
1761464865747, 0.87, 23.94, -1.30, Right
1761464865795, 1.32, 24.11, -1.44, Right
1761464865843, 2.24, 23.89, -1.57, Right
1761464865968, 2.91, 22.99, -1.39, Right
1761464866018, 3.49, 21.98, -1.15, Right
1761464866098, 3.96, 20.78, -0.73, Right
1761464866149, 4.49, 19.84, -0.30, Right
1761464866201, 4.99, 18.92, 0.13, Right
1761464866244, 5.81, 17.99, 0.74, Right
1761464866370, 6.13, 16.66, 1.46, Right
1761464866419, 6.49, 15.33, 2.23, Right
1761464866498, 5.78, 14.88, -14.56, Right
1761464866549, 4.26, 14.33, -31.30, Right
1761464866597, 2.98, 14.70, -48.36, Right
1761464866644, 2.72, 14.92, -47.82, Right
1761464866768, 2.61, 16.05, -47.59, Right
1761464866814, 2.62, 16.98, -47.40, Right
1761464866899, 2.26, 18.19, -47.22, Right
1761464866955, 1.85, 19.40, -47.31, Right
1761464867000, 1.85, 20.89, -47.46, Right
1761464867044, 1.68, 22.70, -47.71, Right
1761464867167, 2.64, 24.04, -30.53, Right
1761464867212, 3.79, 25.79, -13.37, Right
1761464867298, 4.74, 27.28, 3.70, Right
1761464867347, 4.77, 28.98, 3.17, Right
1761464867392, 4.65, 29.92, 2.85, Right
1761464867439, 4.19, 30.94, 2.47, Right
1761464867567, 3.94, 31.82, 2.26, Right
1761464867614, 3.74, 32.53, 1.97, Right
1761464867702, 2.44, 34.73, -15.20, Right
1761464867751, 1.14, 36.64, -32.39, Right
1761464867800, -0.32, 38.15, -49.35, Right
1761464867847, -0.64, 38.48, -49.32, Right
1761464867966, -1.94, 39.75, -66.20, Right
1761464868015, -3.34, 41.09, -83.11, Right
1761464868101, -4.67, 42.31, -100.20, Right
1761464868148, -4.69, 42.29, -100.11, Right
1761464868197, -5.76, 43.17, -117.10, Right
1761464868244, -6.91, 43.97, -134.00, Right
1761464868368, -5.86, 42.15, -116.98, Right
1761464868422, -4.58, 40.34, -99.87, Right
1761464868500, -3.47, 38.27, -82.86, Right
1761464868545, -3.11, 37.38, -82.85, Right
1761464868593, -1.91, 35.45, -65.89, Right
1761464868642, -0.35, 33.11, -49.03, Right
1761464868767, 0.51, 30.14, -32.25, Right
1761464868816, 0.45, 28.27, -32.60, Right
1761464868897, 1.45, 24.71, -16.03, Right
1761464868944, 2.17, 21.37, 0.64, Right
1761464868993, 1.78, 19.20, 0.27, Right
1761464869042, 1.64, 17.91, -0.06, Right
1761464869170, 2.04, 17.27, -0.31, Right
1761464869217, 1.93, 16.51, -0.49, Right
1761464869305, 2.20, 16.14, -0.80, Right
1761464869350, 2.16, 16.26, -0.97, Right
1761464869397, 2.78, 17.18, -0.90, Right
1761464869442, 3.20, 18.28, -0.95, Right
1761464869568, 3.93, 20.31, -1.05, Right
1761464869621, 4.66, 22.43, -1.12, Right
1761464869698, 5.57, 24.60, -1.15, Right
1761464869749, 5.97, 25.98, -1.17, Right
1761464869794, 4.90, 28.24, -18.32, Right
1761464869843, 5.06, 29.58, -18.55, Right
1761464869967, 4.84, 30.75, -18.61, Right
1761464870021, 3.65, 33.12, -35.65, Right
1761464870097, 3.70, 34.23, -35.94, Right
1761464870145, 3.83, 35.15, -36.00, Right
1761464870193, 3.52, 35.76, -36.03, Right
1761464870242, 3.57, 36.33, -36.24, Right
1761464870367, 3.32, 36.74, -36.32, Right
1761464870413, 3.15, 37.07, -36.44, Right
1761464870496, 3.96, 35.75, -19.33, Right
1761464870544, 3.79, 35.32, -19.21, Right
1761464870595, 3.79, 34.82, -19.08, Right
1761464870644, 4.57, 32.60, -1.89, Right
1761464870766, 4.03, 31.42, -1.46, Right
1761464870812, 3.30, 30.19, -1.14, Right
1761464870899, 2.72, 28.89, -0.83, Right
1761464870946, 2.06, 27.54, -0.45, Right
1761464870995, 1.42, 26.50, -0.22, Right
1761464871044, 0.91, 25.19, -0.11, Right
1761464871168, 0.53, 23.88, -0.21, Right
1761464871217, 0.22, 22.84, -0.35, Right
1761464871300, -0.07, 21.37, -0.52, Right
1761464871346, -0.16, 20.30, -0.77, Right
1761464871393, -0.09, 19.46, -1.06, Right
1761464871443, 0.47, 17.96, -1.47, Right
1761464871569, -0.20, 16.57, 16.35, Right
1761464871617, 0.32, 14.56, 16.04, Right
1761464871697, -0.21, 13.60, 33.88, Right
1761464871743, 0.31, 11.76, 33.56, Right
1761464871791, 0.86, 10.21, 33.33, Right
1761464871840, 1.22, 9.10, 33.05, Forward
1761464871965, 1.46, 8.21, 32.64, Forward
1761464872017, 1.99, 7.32, 32.19, Forward
1761464872066, 2.28, 6.75, 31.77, Forward
1761464872110, 2.08, 6.93, 31.21, Forward
1761464872158, 3.23, 7.31, 12.47, Forward
1761464872229, 3.01, 8.10, 11.83, Forward
1761464872280, 4.05, 7.85, -7.05, Forward
1761464872325, 3.95, 8.80, -7.65, Forward
1761464872373, 3.87, 9.84, -8.30, Forward
1761464872417, 3.59, 10.27, -8.98, Right
1761464872498, 3.41, 10.78, -9.60, Right
1761464872545, 3.01, 11.35, -10.17, Right
1761464872593, 2.80, 11.67, -10.76, Right
1761464872641, 2.89, 12.19, -11.23, Right
1761464872687, 2.96, 12.55, -11.65, Right
1761464872754, 2.95, 12.95, -12.15, Right
1761464872798, 2.89, 13.39, -12.54, Right
1761464872844, 2.78, 13.70, -12.90, Right
1761464872895, 2.58, 14.00, -13.27, Right
1761464872943, 2.94, 14.43, -13.73, Right
1761464873023, 3.14, 15.41, -14.30, Right
1761464873071, 3.38, 16.34, -14.96, Right
1761464873117, 3.56, 17.12, -15.56, Right
1761464873172, 3.92, 17.52, -16.15, Right
1761464873218, 4.21, 18.03, -16.83, Right
1761464873298, 4.71, 18.49, -17.36, Right
1761464873345, 5.07, 18.88, -17.89, Right
1761464873392, 5.56, 19.24, -18.51, Right
1761464873443, 6.19, 19.76, -19.05, Right
1761464873491, 6.40, 20.08, -19.37, Right
1761464873555, 6.83, 20.16, -19.40, Right
1761464873606, 7.23, 20.26, -19.42, Right
1761464873655, 7.65, 20.37, -19.48, Right
1761464873698, 7.81, 20.63, -19.40, Right
1761464873749, 7.79, 20.87, -19.11, Right
1761464873829, 7.56, 21.48, -18.42, Right
1761464873879, 7.38, 21.91, -17.77, Right
1761464873927, 7.17, 22.32, -17.15, Right
1761464873980, 6.69, 22.52, -16.37, Right
1761464874032, 6.43, 22.68, -15.57, Right
1761464874112, 4.91, 24.27, 3.99, Right
1761464874172, 4.50, 24.09, 4.82, Right
1761464874218, 3.97, 24.02, 5.62, Right
1761464874279, 3.55, 23.91, 6.52, Right
1761464874325, 3.29, 23.48, 7.25, Right
1761464874373, 3.03, 22.99, 7.61, Right
1761464874496, 2.63, 22.54, 8.11, Right
1761464874543, 2.21, 22.28, 8.68, Right
1761464874589, 1.94, 22.07, 9.00, Right
1761464874634, 1.68, 21.65, 9.36, Right
1761464874678, 2.52, 19.54, -9.14, Right
1761464874752, 2.23, 18.83, -8.82, Right
1761464874795, 2.05, 17.89, -8.46, Right
1761464874842, 1.62, 17.08, -8.14, Right
1761464874887, 1.36, 16.38, -7.87, Right
1761464874935, 1.13, 15.25, -7.53, Right
1761464875026, 1.19, 14.29, -7.49, Right
1761464875079, 1.26, 13.41, -7.41, Right
1761464875124, 1.37, 12.54, -7.35, Right
1761464875175, 1.29, 11.67, -7.34, Right
1761464875221, 1.39, 10.64, -7.28, Right
1761464875298, 1.43, 9.42, -7.35, Forward
1761464875343, 1.50, 8.55, -7.40, Forward
1761464875391, 1.77, 7.47, -7.48, Forward
1761464875443, 1.67, 6.02, -7.54, Forward
1761464875497, 1.79, 5.09, -7.74, Forward
1761464875555, 1.74, 4.01, -7.67, Forward
1761464875603, 1.78, 2.74, -7.61, Forward
1761464875649, 1.73, 1.46, -7.55, Forward
1761464875703, 1.72, 0.50, -7.48, Forward
1761464875748, 1.61, 0.51, -7.53, Forward
1761464875826, 1.69, 1.31, -7.58, Forward
1761464875873, 1.79, 2.02, -7.73, Forward
1761464875921, 1.87, 2.90, -7.90, Forward
1761464875965, 2.05, 4.56, -7.97, Forward
1761464876010, 2.24, 6.12, -8.05, Forward
1761464876096, 2.28, 7.90, -8.27, Forward
1761464876141, 2.29, 9.67, -8.50, Forward
1761464876191, 2.37, 11.40, -8.68, Right
1761464876239, 1.44, 14.98, 9.70, Right
1761464876284, 1.50, 16.50, 9.52, Right
1761464876356, 1.32, 17.78, 9.36, Right
1761464876401, 1.19, 18.94, 9.27, Right
1761464876446, 0.91, 20.22, 9.20, Right
1761464876492, -0.24, 22.49, 27.77, Right
1761464876544, -1.52, 24.83, 46.46, Right
1761464876635, -1.36, 25.56, 46.30, Right
1761464876680, -1.30, 26.30, 46.12, Right
1761464876727, -1.19, 27.11, 45.89, Right
1761464876776, 0.00, 26.03, 27.04, Right
1761464876826, 0.17, 26.25, 26.82, Right
1761464876901, 0.36, 26.62, 26.62, Right
1761464876946, 0.46, 26.99, 26.38, Right
1761464876992, 0.70, 27.25, 26.17, Right
1761464877039, 1.90, 26.07, 7.28, Right
1761464877087, 3.21, 24.79, -11.72, Right
1761464877151, 3.39, 25.06, -11.93, Right
1761464877195, 3.63, 25.31, -12.14, Right
1761464877241, 3.89, 25.65, -12.32, Right
1761464877288, 4.02, 26.03, -12.45, Right
1761464877333, 4.28, 26.33, -12.63, Right
1761464877425, 4.43, 26.52, -12.77, Right
1761464877474, 4.68, 26.77, -12.98, Right
1761464877518, 4.96, 26.89, -13.19, Right
1761464877562, 5.44, 26.96, -13.60, Right
1761464877611, 6.14, 26.97, -14.08, Right
1761464877694, 6.21, 27.09, -14.31, Right
1761464877740, 6.17, 27.14, -14.56, Right
1761464877786, 6.13, 27.05, -14.79, Right
1761464877829, 6.01, 27.08, -15.03, Right
1761464877874, 5.97, 27.09, -15.23, Right
1761464877954, 5.90, 27.11, -15.27, Right
1761464877999, 5.88, 27.09, -15.26, Right
1761464878046, 5.73, 27.11, -15.28, Right
1761464878106, 5.45, 27.19, -15.12, Right
1761464878156, 4.97, 27.23, -14.76, Right
1761464878238, 5.03, 26.74, -14.40, Right
1761464878283, 5.14, 26.43, -13.99, Right
1761464878340, 5.29, 26.14, -13.66, Right
1761464878387, 5.29, 25.81, -13.09, Right
1761464878435, 5.19, 25.65, -12.53, Right
1761464878496, 5.03, 25.10, -11.96, Right
1761464878545, 4.63, 24.70, -11.41, Right
1761464878590, 3.41, 25.50, 7.88, Right
1761464878640, 2.96, 25.11, 8.60, Right
1761464878685, 2.42, 24.85, 9.24, Right
1761464878757, 1.89, 24.56, 9.82, Right
1761464878806, 0.40, 25.25, 28.96, Right
1761464878853, -1.01, 26.08, 48.12, Right
1761464878900, -2.07, 26.47, 66.91, Right
1761464878945, -2.53, 25.82, 67.29, Right
1761464879024, -2.52, 25.21, 67.52, Right
1761464879074, -2.35, 24.33, 67.78, Right
1761464879123, -1.32, 22.39, 49.31, Right
1761464879173, -1.15, 21.57, 49.49, Right
1761464879224, -1.90, 21.74, 68.06, Right
1761464879295, -1.88, 20.94, 68.07, Right
1761464879340, -0.96, 19.10, 49.50, Right
1761464879390, -0.07, 17.13, 30.95, Right
1761464879436, 0.74, 15.65, 12.52, Right
1761464879477, 1.02, 14.91, 12.55, Right
1761464879556, 1.04, 14.21, 12.58, Right
1761464879601, 0.86, 13.77, 12.66, Right
1761464879649, 0.68, 13.16, 12.73, Right
1761464879692, 0.51, 12.63, 12.69, Right
1761464879743, 1.10, 11.00, -5.66, Right
1761464879828, 0.23, 11.65, 12.72, Right
1761464879875, -0.60, 12.18, 31.07, Right
1761464879923, -1.56, 12.76, 49.43, Right
1761464879970, -1.54, 12.05, 49.50, Right
1761464880015, -2.54, 12.81, 67.84, Right
1761464880095, -3.50, 14.20, 86.23, Right
1761464880144, -3.43, 14.47, 86.15, Right
1761464880190, -3.20, 14.65, 86.01, Right
1761464880241, -3.14, 15.41, 85.73, Right
1761464880289, -2.86, 16.25, 85.41, Right
1761464880352, -1.77, 15.98, 66.74, Right
1761464880398, -0.68, 15.91, 48.11, Right
1761464880445, 0.41, 15.74, 29.45, Right
1761464880488, -0.46, 18.10, 47.74, Right
1761464880536, 0.57, 17.89, 29.11, Right
1761464880627, 1.55, 17.34, 10.36, Right
1761464880675, 1.70, 17.79, 10.06, Right
1761464880724, 1.60, 18.49, 9.81, Right
1761464880774, 1.88, 18.56, 9.65, Right
1761464880822, 2.00, 18.66, 9.41, Right
1761464880895, 2.07, 18.87, 9.38, Right
1761464880943, 2.23, 18.87, 9.26, Right
1761464880990, 2.41, 18.97, 9.19, Right
1761464881037, 3.31, 17.83, -9.28, Right
1761464881084, 3.23, 17.80, -9.14, Right
1761464881162, 3.44, 17.61, -8.85, Right
1761464881210, 3.32, 17.50, -8.51, Right
1761464881256, 3.35, 17.20, -8.15, Right
1761464881305, 3.21, 17.04, -7.61, Right
1761464881352, 3.03, 16.82, -7.08, Right
1761464881428, 2.75, 16.51, -6.58, Right
1761464881475, 2.28, 16.26, -6.04, Right
1761464881524, 1.70, 16.05, -5.49, Right
1761464881573, 1.47, 15.47, -5.04, Right
1761464881619, 1.00, 14.87, -4.56, Right
1761464881697, 0.45, 14.21, -4.18, Right
1761464881741, 0.10, 13.45, -3.82, Right
1761464881790, -0.29, 12.78, -3.46, Right
1761464881840, -0.71, 11.85, -3.26, Right
1761464881889, -1.24, 10.98, -2.99, Right
1761464881954, -1.37, 10.03, -2.96, Right
1761464882000, -1.49, 9.08, -2.87, Forward
1761464882043, -1.46, 8.15, -2.85, Forward
1761464882089, -2.38, 8.42, 15.37, Forward
1761464882140, -2.44, 8.27, 14.95, Forward
1761464882226, -2.58, 7.99, 14.56, Forward
1761464882272, -2.63, 7.79, 14.17, Forward
1761464882322, -2.71, 7.52, 13.78, Forward
1761464882370, -2.65, 7.56, 13.47, Forward
1761464882414, -2.35, 7.53, 13.10, Forward
1761464882497, -2.23, 7.13, 12.94, Forward
1761464882543, -2.05, 6.87, 12.73, Forward
1761464882591, -2.00, 6.64, 12.55, Forward
1761464882638, -1.10, 5.49, -5.91, Forward
1761464882684, -0.88, 4.83, -5.73, Forward
1761464882755, -0.62, 4.95, -5.63, Forward
1761464882805, -0.44, 5.09, -5.55, Forward
1761464882852, -0.21, 5.32, -5.49, Forward
1761464882901, -0.20, 5.65, -5.39, Forward
1761464882945, -0.13, 5.86, -5.26, Forward
1761464883025, -0.27, 6.77, -5.10, Forward
1761464883073, -0.24, 7.79, -4.98, Forward
1761464883123, -0.09, 8.61, -4.81, Forward
1761464883170, 0.06, 9.71, -4.67, Forward
1761464883217, 0.26, 10.81, -4.57, Right
1761464883282, 0.47, 11.76, -4.47, Right
1761464883326, 0.67, 12.62, -4.35, Right
1761464883372, 0.85, 13.50, -4.23, Right
1761464883423, 1.16, 14.11, -4.18, Right
1761464883473, 1.53, 14.79, -4.15, Right
1761464883552, 1.92, 15.35, -4.20, Right
1761464883597, 2.16, 15.80, -4.23, Right
1761464883641, 2.35, 16.37, -4.29, Right
1761464883688, 2.42, 16.65, -4.17, Right
1761464883732, 2.61, 17.01, -4.07, Right
1761464883826, 2.30, 16.95, -3.79, Right
1761464883879, 2.10, 17.04, -3.58, Right
1761464883925, 1.96, 16.97, -3.32, Right
1761464883972, 1.59, 16.63, -2.98, Right
1761464884024, 1.11, 16.20, -2.63, Right
1761464884079, 0.64, 15.41, -2.27, Right
1761464884125, 0.22, 14.48, -1.86, Right
1761464884174, -0.23, 13.50, -1.49, Right
1761464884223, -0.52, 12.58, -1.29, Right
1761464884274, -0.98, 11.69, -1.09, Right
1761464884353, -1.11, 10.66, -0.99, Right
1761464884400, -1.27, 9.66, -0.90, Forward
1761464884443, -1.52, 8.77, -0.81, Forward
1761464884488, -1.61, 8.41, -0.83, Forward
1761464884536, -1.67, 8.19, -0.87, Forward
1761464884624, -1.58, 8.28, -0.94, Forward
1761464884673, -1.50, 8.19, -0.99, Forward
1761464884723, -1.41, 8.27, -1.05, Forward
1761464884773, -1.36, 8.21, -1.11, Forward
1761464884818, -1.35, 8.33, -1.16, Forward
1761464884881, -1.21, 8.71, -1.29, Forward
1761464884924, -1.29, 8.83, -1.37, Forward
1761464884971, -1.30, 8.97, -1.45, Forward
1761464885018, -1.11, 8.76, -1.54, Forward
1761464885063, -1.16, 8.40, -1.57, Forward
1761464885153, -1.73, 8.31, -1.59, Forward
1761464885202, -2.07, 8.55, -1.70, Forward
1761464885246, -2.55, 8.59, -1.81, Forward
1761464885292, -3.13, 8.86, -1.93, Forward
1761464885339, -3.47, 9.34, -2.02, Forward
1761464885427, -3.81, 9.88, -2.16, Forward
1761464885474, -3.94, 10.61, -2.29, Right
1761464885525, -4.16, 11.29, -2.42, Right
1761464885571, -4.44, 12.23, -2.50, Right
1761464885619, -4.48, 13.40, -2.69, Right
1761464885681, -4.11, 14.45, -2.92, Right
1761464885727, -3.91, 15.57, -3.17, Right
1761464885775, -3.60, 16.75, -3.34, Right
1761464885821, -3.14, 17.65, -3.49, Right
1761464885868, -2.50, 18.24, -3.87, Right
1761464885953, -1.15, 19.29, -4.16, Right
1761464886000, -0.13, 20.06, -4.38, Right
1761464886047, 0.90, 20.74, -4.65, Right
1761464886093, 0.67, 24.07, -21.64, Right
1761464886139, 0.39, 27.28, -38.75, Right
1761464886226, 1.40, 31.10, -20.62, Right
1761464886272, 2.24, 34.88, -2.39, Right
1761464886322, 3.29, 38.73, 15.71, Right
1761464886371, 1.74, 36.99, 18.25, Right
1761464886421, 3.09, 36.00, 1.37, Right
1761464886482, 3.20, 39.99, 19.62, Right
1761464886527, 3.27, 44.11, 38.00, Right
1761464886575, 6.79, 45.01, 22.81, Right
1761464886628, 4.00, 35.78, 58.06, Right
1761464886677, 1.59, 31.99, 58.51, Right
1761464886754, 2.95, 32.89, 56.56, Right
1761464886800, 4.45, 33.45, 54.47, Right
1761464886846, 5.74, 33.09, 52.37, Right
1761464886894, 5.63, 28.02, 66.95, Right
1761464886941, 6.48, 33.12, 99.82, Right
1761464887072, 9.04, 18.65, 87.00, Right
1761464887121, -0.40, 19.18, 61.17, Right
1761464887168, -4.80, 14.83, 78.87, Right
1761464887212, 1.95, 11.00, 63.38, Right
1761464887281, 8.47, 1.88, 84.34, Forward
1761464887370, 4.91, 2.26, 52.39, Forward
1761464887418, 0.62, -1.13, 21.04, Forward
1761464887462, -2.48, -2.37, -11.96, Forward
1761464887552, -0.70, 4.61, -29.12, Forward
1761464887597, -3.13, 0.59, -44.90, Forward
1761464887643, -6.79, 10.56, -50.16, Right
1761464887687, 1.99, 4.83, -42.58, Forward
1761464887738, 2.31, 7.46, -44.99, Forward
1761464887824, -0.97, 16.81, -47.86, Right
1761464887871, -4.33, 25.78, -52.18, Right
1761464887921, -2.74, 20.04, -36.41, Right
1761464887970, -0.27, 18.18, -21.11, Right
1761464888022, 0.99, 14.82, -4.02, Right
1761464888084, 1.32, 13.58, -3.85, Right
1761464888130, 1.65, 12.33, -3.68, Right
1761464888176, 1.94, 10.98, -3.46, Right
1761464888224, 2.06, 10.43, -3.27, Right
1761464888272, 2.09, 10.09, -3.06, Right
1761464888353, 1.84, 9.92, -2.77, Forward
1761464888400, 1.58, 9.72, -2.44, Forward
1761464888444, 1.27, 9.29, -2.11, Forward
1761464888490, 0.83, 9.12, -1.82, Forward
1761464888538, 0.41, 8.78, -1.54, Forward
1761464888626, -0.05, 8.57, -1.26, Forward
1761464888672, -0.52, 8.45, -1.01, Forward
1761464888722, -0.94, 8.47, -0.78, Forward
1761464888771, -1.36, 8.31, -0.54, Forward
1761464888820, -1.54, 8.06, -0.34, Forward
1761464888883, -1.70, 7.62, -0.21, Forward
1761464888927, -1.95, 7.53, -0.12, Forward
1761464888973, -2.11, 7.43, -0.02, Forward
1761464889020, -2.36, 7.20, 0.09, Forward
1761464889066, -2.50, 7.04, 0.27, Forward
1761464889153, -2.54, 7.16, 0.29, Forward
1761464889199, -2.55, 7.36, 0.32, Forward
1761464889242, -2.56, 7.48, 0.35, Forward
1761464889287, -2.62, 7.84, 0.37, Forward
1761464889338, -2.79, 8.02, 0.46, Forward
1761464889424, -2.74, 8.22, 0.50, Forward
1761464889474, -2.67, 8.42, 0.54, Forward
1761464889523, -2.59, 8.62, 0.58, Forward
1761464889570, -2.57, 8.75, 0.62, Forward
1761464889617, -2.64, 9.29, 0.57, Forward
1761464889683, -2.76, 9.45, 0.61, Forward
1761464889728, -2.80, 9.33, 0.70, Forward
1761464889773, -2.91, 9.30, 0.76, Forward
1761464889822, -2.88, 9.14, 0.82, Forward
1761464889872, -2.83, 8.98, 0.84, Forward
1761464889954, -2.77, 9.03, 0.84, Forward
1761464890003, -2.70, 8.92, 0.86, Forward
1761464890050, -2.64, 8.72, 0.88, Forward
1761464890094, -2.39, 8.55, 0.90, Forward
1761464890140, -2.06, 7.83, 0.96, Forward
1761464890225, -1.54, 7.17, 1.12, Forward
1761464890271, -1.15, 6.82, 1.24, Forward
1761464890319, -0.70, 6.33, 1.38, Forward
1761464890367, -0.16, 5.91, 1.44, Forward
1761464890419, 0.22, 5.39, 1.57, Forward
1761464890490, 0.78, 4.74, 1.28, Forward
1761464890544, 1.26, 4.52, 0.90, Forward
1761464890591, 1.79, 4.41, 0.53, Forward
1761464890641, 2.11, 4.30, -0.06, Forward
1761464890691, 2.43, 4.71, -0.77, Forward
1761464890758, 2.49, 5.15, -1.62, Forward
1761464890805, 2.53, 5.69, -2.52, Forward
1761464890855, 2.59, 6.15, -3.43, Forward
1761464890907, 2.32, 6.41, -3.98, Forward
1761464890958, 2.28, 6.24, -4.47, Forward
1761464891029, 1.89, 5.88, -4.30, Forward
1761464891074, 1.63, 4.96, -4.00, Forward
1761464891124, 1.28, 4.12, -3.72, Forward
1761464891171, 1.13, 2.94, -3.05, Forward
1761464891224, 0.96, 1.63, -2.30, Forward
1761464891284, 0.85, -0.62, -1.20, Forward
1761464891331, 0.77, -2.95, -0.04, Forward
1761464891379, 0.64, -5.16, 1.13, Forward
1761464891426, 0.72, -7.15, 2.01, Forward
1761464891469, 0.53, -8.89, 2.83, Forward
1761464891550, 0.42, -10.79, 3.44, Left
1761464891596, 0.21, -12.55, 4.01, Left
1761464891642, 0.05, -14.40, 4.59, Left
1761464891688, -0.19, -15.76, 4.93, Left
1761464891735, -0.43, -17.02, 5.22, Left
1761464891823, -0.80, -17.65, 5.27, Left
1761464891869, -1.09, -18.36, 5.28, Left
1761464891916, -1.44, -19.04, 5.29, Left
1761464891962, -1.82, -19.72, 5.28, Left
1761464892007, -1.98, -20.19, 5.23, Left
1761464892084, -2.11, -20.31, 5.15, Left
1761464892127, -2.21, -20.07, 5.01, Left
1761464892172, -2.32, -19.83, 4.87, Left
1761464892217, -2.47, -19.71, 4.82, Left
1761464892262, -2.57, -19.94, 4.80, Left
1761464892353, -2.56, -19.87, 4.74, Left
1761464892399, -2.56, -19.82, 4.73, Left
1761464892448, -2.51, -19.80, 4.73, Left
1761464892493, -2.34, -19.77, 4.70, Left
1761464892537, -2.24, -19.72, 4.66, Left
1761464892623, -2.11, -19.72, 4.63, Left
1761464892667, -1.96, -20.15, 4.69, Left
1761464892712, -1.80, -20.58, 4.75, Left
1761464892758, -1.62, -20.88, 4.78, Left
1761464892803, -1.54, -20.87, 4.75, Left
1761464892889, -1.55, -20.93, 4.73, Left
1761464892933, -1.49, -20.99, 4.71, Left
1761464892979, -1.42, -21.04, 4.68, Left
1761464893023, -1.44, -21.11, 4.71, Left
1761464893066, -1.37, -20.75, 4.67, Left
1761464893150, -1.23, -20.66, 4.65, Left
1761464893198, -1.39, -20.48, 4.54, Left
1761464893248, -1.51, -20.42, 4.48, Left
1761464893291, -1.59, -20.21, 4.06, Left
1761464893334, -1.77, -20.09, 3.68, Left
1761464893422, -1.95, -19.35, 2.86, Left
1761464893467, -2.35, -18.89, 2.04, Left
1761464893512, -2.73, -18.49, 1.22, Left
1761464893557, -3.36, -17.90, -0.27, Left
1761464893602, -4.07, -17.37, -1.65, Left
1761464893679, -5.25, -14.53, -4.06, Left
1761464893724, -5.91, -11.66, -6.30, Left
1761464893769, -6.67, -8.53, -8.61, Forward
1761464893815, -7.55, -5.83, -10.51, Forward
1761464893862, -8.96, -3.13, -12.63, Forward
1761464893950, -10.28, -0.98, -14.26, Down
1761464893993, -11.43, 1.53, -15.85, Down
1761464894036, -12.56, 4.09, -17.45, Down
1761464894082, -13.44, 6.47, -18.37, Down
1761464894127, -14.35, 8.66, -19.29, Down
1761464894206, -14.91, 9.24, -18.93, Down
1761464894249, -15.61, 9.85, -18.78, Down
1761464894292, -16.20, 10.33, -18.57, Right
1761464894336, -16.75, 10.86, -18.36, Right
1761464894380, -16.73, 11.42, -17.84, Right
1761464894479, -16.69, 11.80, -17.23, Right
1761464894521, -16.58, 12.06, -16.67, Right
1761464894565, -16.48, 12.42, -16.14, Right
1761464894609, -16.53, 12.73, -15.51, Right
1761464894652, -16.43, 12.89, -14.93, Right
1761464894750, -16.38, 12.47, -14.54, Right
1761464894798, -16.39, 12.27, -14.12, Right
1761464894842, -16.44, 12.05, -13.73, Right
1761464894885, -16.53, 11.78, -13.25, Right
1761464894932, -16.52, 11.49, -12.87, Right
1761464895007, -16.52, 11.35, -12.60, Right
1761464895052, -16.60, 11.30, -12.35, Right
1761464895099, -16.71, 11.15, -12.06, Right
1761464895144, -16.67, 11.05, -11.87, Right
1761464895187, -16.79, 10.82, -11.74, Right
1761464895279, -16.89, 10.84, -11.74, Right
1761464895328, -17.06, 10.62, -11.74, Right
1761464895371, -17.23, 10.45, -11.78, Right
1761464895416, -17.34, 10.56, -11.89, Right
1761464895461, -17.42, 10.55, -11.97, Right
1761464895550, -17.43, 10.75, -12.06, Right
1761464895599, -17.46, 10.84, -12.15, Right
1761464895642, -17.52, 10.98, -12.23, Right
1761464895685, -17.56, 10.72, -12.04, Right
1761464895731, -17.35, 10.63, -11.82, Right
1761464895806, -17.02, 8.27, -10.90, Down
1761464895849, -16.81, 6.04, -9.95, Down
1761464895893, -16.59, 3.76, -8.96, Down
1761464895937, -16.40, 1.40, -8.00, Down
1761464895980, -15.28, -1.51, -6.13, Down
1761464896080, -14.03, -4.97, -3.86, Down
1761464896127, -12.98, -8.35, -1.62, Down
1761464896172, -11.93, -11.73, 0.61, Left
1761464896217, -10.46, -14.65, 2.78, Left
1761464896267, -9.32, -17.87, 4.95, Left
1761464896353, -7.92, -18.20, 6.45, Left
1761464896402, -6.51, -19.05, 8.00, Left
1761464896449, -5.14, -19.86, 9.53, Left
1761464896494, -3.50, -20.20, 11.02, Left
1761464896538, -2.97, -19.85, 11.61, Left
1761464896609, -2.52, -18.96, 11.74, Left
1761464896655, -1.92, -18.12, 11.86, Left
1761464896702, -1.28, -17.37, 12.00, Left
1761464896751, -1.09, -16.54, 11.93, Left
1761464896802, -0.78, -15.95, 11.92, Left
1761464896878, -0.74, -15.66, 11.80, Left
1761464896923, -0.66, -15.22, 11.63, Left
1761464896967, -0.55, -14.63, 11.47, Left
1761464897014, -0.65, -14.23, 11.20, Left
1761464897060, -0.63, -14.00, 10.91, Left
1761464897151, -0.55, -13.70, 10.50, Left
1761464897198, -0.36, -13.52, 10.16, Left
1761464897243, -0.17, -13.27, 9.82, Left
1761464897286, -0.16, -13.67, 9.50, Left
1761464897332, -0.11, -13.60, 9.14, Left
1761464897407, -0.17, -14.24, 8.95, Left
1761464897450, -0.22, -14.61, 8.70, Left
1761464897495, -0.25, -15.09, 8.45, Left
1761464897540, -0.33, -15.97, 8.37, Left
1761464897586, -0.38, -16.78, 8.27, Left
1761464897679, -0.58, -17.88, 8.33, Left
1761464897724, -0.94, -18.82, 8.32, Left
1761464897770, -1.29, -19.84, 8.31, Left
1761464897818, -1.42, -20.47, 8.31, Left
1761464897864, -1.56, -21.08, 8.33, Left
1761464897950, -1.64, -21.17, 8.29, Left
1761464897998, -1.66, -21.24, 8.26, Left
1761464898043, -1.72, -21.50, 8.28, Left
1761464898087, -1.79, -21.81, 8.26, Left
1761464898131, -1.88, -22.04, 8.26, Left
1761464898207, -2.00, -22.10, 8.22, Left
1761464898248, -1.95, -22.21, 8.23, Left
1761464898293, -1.97, -22.23, 8.22, Left
1761464898337, -1.96, -22.19, 8.19, Left
1761464898381, -1.91, -22.45, 8.20, Left
1761464898479, -1.67, -22.75, 8.24, Left
1761464898524, -1.46, -23.04, 8.30, Left
1761464898567, -1.16, -23.11, 8.32, Left
1761464898615, -0.97, -22.82, 8.33, Left
1761464898660, -0.70, -22.55, 8.34, Left
1761464898751, -0.69, -22.52, 8.34, Left
1761464898797, -0.80, -22.64, 8.36, Left
1761464898843, -0.84, -22.60, 8.36, Left
1761464898886, -0.92, -22.52, 8.32, Left
1761464898930, -1.06, -22.25, 8.27, Left
1761464899006, -1.41, -21.99, 8.20, Left
1761464899052, -1.73, -21.82, 8.12, Left
1761464899100, -2.14, -21.76, 8.09, Left
1761464899148, -2.39, -21.92, 8.06, Left
1761464899193, -2.73, -22.07, 8.05, Left
1761464899280, -2.79, -22.04, 8.02, Left
1761464899325, -2.79, -21.81, 7.95, Left
1761464899369, -2.80, -21.80, 7.93, Left
1761464899412, -2.47, -19.39, 7.56, Left
1761464899457, -2.12, -17.03, 7.17, Left
1761464899550, -1.98, -11.89, 6.88, Left
1761464899599, -1.90, -6.90, 6.55, Forward
1761464899642, -1.84, -1.89, 6.23, Forward
1761464899684, -2.48, 5.74, -11.08, Forward
1761464899732, -3.29, 13.61, -28.56, Right
1761464899807, -6.64, 22.80, -43.77, Right
1761464899852, -9.76, 20.36, -26.47, Right
1761464899900, -12.99, 18.18, -9.10, Right
1761464899948, -16.40, 13.63, 8.69, Right
1761464899996, -17.88, 20.28, -7.79, Right
1761464900079, -20.51, 19.46, -24.23, Right
1761464900124, -22.97, 19.42, -39.67, Right
1761464900168, -30.99, 21.55, -51.26, Right
1761464900212, -31.89, 23.27, -50.54, Right
1761464900256, -40.48, 21.90, -41.53, Right
1761464900351, -39.91, 17.28, -43.41, Right
1761464900396, -40.21, 17.34, -44.01, Right
1761464900777, -36.24, 28.43, -44.18, Right
1761464900880, -36.21, 27.99, -45.81, Right
1761464900922, -38.58, 16.55, -12.11, Right
1761464901009, -39.33, 19.49, -11.08, Right
1761464901053, -38.74, 17.28, -12.60, Right
1761464901150, -29.89, 15.26, -1.31, Right
1761464901196, -29.48, 11.96, -2.29, Right
1761464901239, -19.98, 10.68, 5.64, Right
1761464901282, -16.87, 9.51, 22.23, Down
1761464901330, -13.11, 15.55, 4.98, Right
1761464901407, -13.59, 8.73, -12.41, Down
1761464901450, -10.29, 14.02, -28.44, Right
1761464901497, -6.50, 18.82, -45.51, Right
1761464901540, -2.93, 13.96, -30.06, Right
1761464901584, -0.95, 12.73, -12.78, Right
1761464901679, -1.62, 8.78, -12.15, Forward
1761464901724, -0.29, 3.43, 5.58, Forward
1761464901769, -0.20, -1.16, 6.28, Forward
1761464901814, -0.45, -4.02, 6.95, Forward
1761464901859, -0.66, -7.02, 7.69, Forward
1761464901951, -0.93, -8.77, 8.10, Forward
1761464901997, -1.12, -11.08, 8.55, Left
1761464902041, -1.32, -13.05, 8.96, Left
1761464902087, -1.74, -15.27, 9.36, Left
1761464902132, -1.99, -16.41, 9.54, Left
1761464902207, -2.23, -17.22, 9.66, Left
1761464902252, -2.45, -17.81, 9.72, Left
1761464902298, -2.66, -18.30, 9.74, Left
1761464902344, -2.80, -18.78, 9.80, Left
1761464902387, -2.94, -19.12, 9.84, Left
1761464902479, -2.94, -18.88, 9.78, Left
1761464902525, -3.00, -18.65, 9.79, Left
1761464902571, -3.04, -18.34, 9.79, Left
1761464902615, -2.94, -18.27, 9.82, Left
1761464902660, -2.91, -18.25, 9.85, Left
1761464902752, -2.96, -18.23, 9.83, Left
1761464902799, -2.91, -17.86, 9.80, Left
1761464902844, -2.87, -17.53, 9.76, Left
1761464902886, -2.94, -17.37, 9.70, Left
1761464902951, -2.99, -17.43, 9.67, Left
1761464903013, -3.08, -17.62, 9.69, Left
1761464903065, -3.22, -17.96, 9.67, Left
1761464903118, -3.37, -18.38, 9.67, Left
1761464903168, -3.52, -18.45, 9.63, Left
1761464903214, -3.61, -18.50, 9.58, Left
1761464903282, -3.55, -17.98, 9.48, Left
1761464903328, -3.59, -17.77, 9.34, Left
1761464903371, -3.60, -17.52, 9.24, Left
1761464903416, -3.40, -17.04, 9.15, Left
1761464903466, -3.27, -16.65, 9.07, Left
1761464903553, -3.03, -16.26, 9.01, Left
1761464903600, -3.00, -15.76, 8.93, Left
1761464903649, -2.96, -15.26, 8.85, Left
1761464903694, -2.70, -14.77, 8.81, Left
1761464903739, -2.54, -14.58, 8.79, Left
1761464903806, -2.43, -14.82, 8.86, Left
1761464903850, -2.32, -14.74, 8.91, Left
1761464903896, -2.20, -14.68, 8.94, Left
1761464903939, -2.20, -14.67, 8.97, Left
1761464903983, -2.23, -14.84, 9.00, Left
1761464904079, -2.31, -14.94, 8.99, Left
1761464904123, -2.21, -15.02, 9.01, Left
1761464904170, -2.12, -15.11, 9.02, Left
1761464904215, -2.03, -14.95, 9.03, Left
1761464904259, -1.86, -14.66, 9.00, Left
1761464904353, -1.73, -14.55, 9.05, Left
1761464904396, -1.72, -14.61, 9.12, Left
1761464904442, -1.70, -14.67, 9.20, Left
1761464904490, -1.71, -14.80, 9.28, Left
1761464904537, -1.75, -14.85, 9.32, Left
1761464904607, -1.90, -15.13, 9.40, Left
1761464904651, -2.02, -15.50, 9.52, Left
1761464904696, -2.13, -15.78, 9.62, Left
1761464904741, -2.37, -16.31, 9.71, Left
1761464904786, -2.65, -16.81, 9.79, Left
1761464904880, -2.71, -17.02, 9.80, Left
1761464904926, -2.71, -17.21, 9.79, Left
1761464904971, -2.70, -17.42, 9.79, Left
1761464905014, -2.75, -17.92, 9.86, Left
1761464905058, -2.80, -18.39, 9.98, Left
1761464905135, -2.79, -18.72, 10.05, Left
1761464905180, -2.86, -18.95, 10.06, Left
1761464905224, -2.93, -19.21, 10.07, Left
1761464905269, -3.00, -19.44, 10.08, Left
1761464905315, -3.11, -19.65, 10.09, Left
1761464905407, -3.44, -20.13, 10.13, Left
1761464905451, -3.77, -20.62, 10.18, Left
1761464905497, -4.12, -21.08, 10.23, Left
1761464905541, -4.43, -21.25, 10.19, Left
1761464905585, -4.67, -21.43, 10.11, Left
1761464905679, -4.85, -21.82, 10.08, Left
1761464905726, -4.98, -22.11, 10.04, Left
1761464905771, -5.13, -22.49, 10.03, Left
1761464905817, -5.25, -22.93, 10.01, Left
1761464905862, -5.26, -23.24, 10.01, Left
1761464905935, -4.90, -23.23, 10.04, Left
1761464905978, -4.52, -23.32, 10.13, Left
1761464906024, -4.13, -23.37, 10.18, Left
1761464906069, -3.70, -23.38, 10.27, Left
1761464906112, -3.44, -23.26, 10.31, Left
1761464906207, -3.29, -23.10, 10.31, Left
1761464906251, -3.13, -22.96, 10.33, Left
1761464906296, -2.94, -22.75, 10.32, Left
1761464906339, -2.86, -22.57, 10.28, Left
1761464906382, -2.81, -22.16, 10.22, Left
1761464906478, -2.69, -20.37, 9.85, Left
1761464906527, -2.67, -18.65, 9.49, Left
1761464906573, -2.61, -17.03, 9.11, Left
1761464906618, -2.62, -14.17, 8.46, Left
1761464906672, -2.44, -11.38, 7.86, Left
1761464906751, -2.34, -8.28, 7.23, Forward
1761464906807, -2.18, -4.74, 6.53, Forward
1761464906859, -2.01, -1.37, 5.84, Forward
1761464906922, -1.83, 2.15, 5.10, Forward
1761464906981, -1.59, 5.44, 4.39, Forward
1761464907025, -1.87, 6.90, 3.94, Forward
1761464907135, -2.07, 8.72, 3.41, Forward
1761464907185, -2.34, 10.79, 2.88, Right
1761464907230, -2.45, 11.66, 2.59, Right
1761464907278, -2.61, 12.60, 2.30, Right
1761464907324, -2.64, 13.22, 2.06, Right
1761464907420, -2.70, 13.45, 1.91, Right
1761464907467, -2.80, 13.71, 1.75, Right
1761464907515, -2.86, 14.02, 1.67, Right
1761464907561, -2.97, 12.38, 1.87, Right
1761464907609, -3.01, 11.10, 2.03, Right
1761464907687, -3.09, 8.94, 2.35, Forward
1761464907734, -3.27, 6.14, 2.78, Forward
1761464907782, -3.51, 3.44, 3.20, Forward
1761464907826, -3.68, 0.61, 3.68, Forward
1761464907874, -3.88, -2.42, 4.22, Forward
1761464907936, -4.14, -5.45, 4.74, Forward
1761464907983, -4.42, -8.46, 5.27, Forward
1761464908030, -4.70, -11.50, 5.81, Left
1761464908078, -4.96, -12.68, 6.05, Left
1761464908124, -5.17, -13.79, 6.24, Left
1761464908218, -5.34, -14.19, 6.29, Left
1761464908266, -5.33, -14.19, 6.30, Left
1761464908313, -5.33, -14.05, 6.31, Left
1761464908359, -5.34, -12.83, 6.08, Left
1761464908407, -5.33, -11.22, 5.82, Left
1761464908483, -5.24, -9.06, 5.45, Forward
1761464908532, -5.11, -6.89, 5.10, Forward
1761464908578, -4.99, -4.83, 4.76, Forward
1761464908638, -4.93, -2.46, 4.42, Forward
1761464908682, -4.90, -0.36, 4.15, Forward
1761464908747, -4.95, 1.86, 3.91, Forward
1761464908794, -5.01, 4.23, 3.58, Forward
1761464908842, -5.08, 6.34, 3.31, Forward
1761464908889, -5.22, 7.69, 3.18, Forward
1761464908936, -5.35, 8.92, 3.06, Forward
1761464909013, -5.45, 9.41, 3.04, Forward
1761464909060, -5.58, 9.91, 3.02, Forward
1761464909107, -5.69, 10.54, 3.00, Right
1761464909153, -5.80, 10.73, 2.99, Right
1761464909199, -5.84, 11.01, 2.96, Right
1761464909293, -5.84, 11.01, 3.01, Right
1761464909339, -5.86, 10.97, 3.08, Right
1761464909386, -5.88, 11.00, 3.14, Right
1761464909433, -5.84, 10.47, 3.24, Right
1761464909479, -5.85, 10.37, 3.32, Right
1761464909541, -5.88, 10.21, 3.42, Right
1761464909588, -5.92, 10.16, 3.49, Right
1761464909636, -5.95, 10.00, 3.59, Forward
1761464909683, -5.85, 9.96, 3.64, Forward
1761464909731, -5.91, 9.82, 3.77, Forward
1761464909809, -5.88, 9.96, 3.76, Forward
1761464909857, -5.84, 10.04, 3.77, Right
1761464909904, -5.79, 10.04, 3.78, Right
1761464909954, -5.76, 10.42, 3.74, Right
1761464909998, -5.68, 10.36, 3.73, Right
1761464910090, -5.56, 10.07, 3.74, Right
1761464910137, -5.42, 9.77, 3.76, Forward
1761464910187, -5.28, 9.60, 3.75, Forward
1761464910230, -5.17, 8.93, 3.93, Forward
1761464910279, -4.98, 8.22, 4.03, Forward
1761464910341, -4.61, 6.21, 4.39, Forward
1761464910388, -4.58, 3.81, 4.82, Forward
1761464910436, -4.46, 1.41, 5.23, Forward
1761464910484, -4.11, -0.47, 5.49, Forward
1761464910531, -4.02, -3.02, 5.87, Forward
1761464910625, -3.96, -5.27, 6.16, Forward
1761464910672, -3.99, -7.91, 6.51, Forward
1761464910718, -3.95, -10.52, 6.86, Left
1761464910765, -4.09, -11.98, 7.01, Left
1761464910813, -4.25, -13.56, 7.15, Left
1761464910890, -4.58, -12.28, 6.85, Left
1761464910938, -4.59, -10.36, 6.46, Left
1761464910983, -4.68, -8.44, 6.08, Forward
1761464911029, -5.07, -6.98, 5.81, Forward
1761464911075, -5.10, -4.65, 5.37, Forward
1761464911138, -5.26, -2.04, 4.89, Forward
1761464911185, -5.37, 0.92, 4.35, Forward
1761464911231, -5.50, 3.95, 3.78, Forward
1761464911295, -5.55, 6.23, 3.28, Forward
1761464911342, -5.66, 8.73, 2.84, Forward
1761464911417, -5.78, 9.73, 2.57, Forward
1761464911465, -6.01, 10.49, 2.39, Right
1761464911513, -6.23, 11.24, 2.20, Right
1761464911560, -6.36, 11.85, 1.99, Right
1761464911606, -6.64, 12.61, 1.84, Right
1761464911685, -6.88, 12.95, 1.75, Right
1761464911731, -7.09, 13.35, 1.67, Right
1761464911778, -7.32, 13.59, 1.63, Right
1761464911824, -7.51, 13.88, 1.57, Right
1761464911872, -7.64, 14.15, 1.48, Right
1761464911934, -7.76, 14.14, 1.46, Right
1761464911982, -7.84, 14.32, 1.38, Right
1761464912028, -7.92, 14.50, 1.31, Right
1761464912076, -8.02, 14.72, 1.30, Right
1761464912123, -7.97, 14.36, 1.32, Right
1761464912215, -7.95, 14.52, 1.33, Right
1761464912262, -7.95, 14.56, 1.36, Right
1761464912307, -7.96, 14.66, 1.36, Right
1761464912355, -7.95, 14.83, 1.39, Right
1761464912403, -7.94, 14.77, 1.44, Right
1761464912482, -7.96, 15.02, 1.47, Right
1761464912543, -7.95, 14.81, 1.51, Right
1761464912589, -7.91, 14.81, 1.55, Right
1761464912636, -7.91, 14.72, 1.60, Right
1761464912684, -8.03, 14.87, 1.63, Right
1761464912745, -8.01, 14.78, 1.67, Right
1761464912793, -7.99, 14.65, 1.71, Right
1761464912841, -7.98, 14.45, 1.76, Right
1761464912886, -7.93, 14.24, 1.77, Right
1761464912933, -7.88, 14.24, 1.79, Right
1761464913025, -7.84, 14.14, 1.81, Right
1761464913071, -7.82, 14.24, 1.80, Right
1761464913117, -7.76, 14.32, 1.77, Right
1761464913163, -7.71, 14.23, 1.78, Right
1761464913211, -7.62, 14.18, 1.78, Right
1761464913289, -7.58, 14.29, 1.75, Right
1761464913336, -7.59, 14.39, 1.72, Right
1761464913381, -7.54, 14.51, 1.69, Right
1761464913429, -7.58, 14.46, 1.70, Right
1761464913475, -7.58, 14.44, 1.70, Right
1761464913536, -7.57, 14.30, 1.72, Right
1761464913582, -7.55, 14.36, 1.75, Right
1761464913628, -7.60, 14.23, 1.81, Right
1761464913676, -7.61, 14.36, 1.82, Right
1761464913723, -7.70, 14.46, 1.82, Right
1761464913848, -7.74, 14.16, 1.88, Right
1761464913895, -7.78, 14.00, 1.94, Right
1761464913941, -7.87, 14.00, 1.98, Right
1761464913986, -7.94, 14.05, 2.00, Right
1761464914034, -8.06, 14.11, 2.02, Right
1761464914080, -8.15, 14.17, 2.01, Right
1761464914142, -8.22, 14.19, 1.98, Right
1761464914187, -8.30, 14.18, 1.97, Right
1761464914282, -8.33, 13.91, 2.00, Right
1761464914353, -8.22, 13.74, 2.02, Right
1761464914407, -8.19, 13.98, 1.97, Right
1761464914492, -8.12, 14.17, 1.94, Right
1761464914548, -8.05, 14.17, 1.93, Right
1761464914609, -7.97, 14.31, 1.90, Right
1761464914655, -7.92, 14.33, 1.88, Right
1761464914702, -7.86, 14.27, 1.89, Right
1761464914748, -7.90, 14.18, 1.94, Right
1761464914889, -7.82, 14.01, 1.96, Right
1761464914953, -7.82, 14.15, 1.95, Right
1761464914999, -7.84, 14.17, 1.96, Right
1761464915045, -7.91, 13.97, 2.04, Right
1761464915092, -7.93, 13.75, 2.09, Right
1761464915141, -8.06, 13.71, 2.11, Right
1761464915186, -8.15, 13.58, 2.14, Right
1761464915234, -8.24, 13.57, 2.16, Right
1761464915281, -8.32, 13.58, 2.15, Right
1761464915328, -8.16, 13.61, 2.14, Right
1761464915420, -8.07, 13.05, 2.31, Right
1761464915467, -8.06, 12.25, 2.44, Right
1761464915513, -8.03, 11.50, 2.59, Right
1761464915561, -7.92, 9.94, 2.82, Forward
1761464915607, -7.96, 8.22, 3.14, Forward
1761464915683, -7.71, 6.04, 3.54, Forward
1761464915729, -7.54, 3.93, 3.96, Forward
1761464915776, -7.44, 1.85, 4.38, Forward
1761464915822, -7.18, -0.68, 4.88, Forward
1761464915871, -7.17, -3.36, 5.38, Forward
1761464915949, -7.12, -5.43, 5.74, Forward
1761464915995, -7.06, -7.58, 6.13, Forward
1761464916041, -7.08, -9.75, 6.52, Forward
1761464916086, -7.11, -10.90, 6.70, Left
1761464916210, -6.97, -11.52, 6.79, Left
1761464916256, -7.02, -12.08, 6.86, Left
1761464916349, -7.07, -12.34, 6.82, Left
1761464916404, -7.02, -12.67, 6.77, Left
1761464916465, -7.13, -12.63, 6.68, Left
1761464916541, -7.07, -12.00, 6.51, Left
1761464916645, -7.29, -11.32, 6.28, Left
1761464916701, -7.41, -10.26, 5.99, Left
1761464916760, -7.53, -9.57, 5.76, Forward
1761464916864, -7.70, -9.34, 5.66, Forward
1761464916910, -7.91, -9.56, 5.59, Forward
1761464916957, -8.13, -9.48, 5.47, Forward
1761464917018, -8.18, -9.98, 5.48, Forward
1761464917062, -8.32, -10.18, 5.49, Left
1761464917140, -8.47, -10.53, 5.55, Left
1761464917186, -8.68, -11.31, 5.71, Left
1761464917232, -8.68, -12.16, 5.93, Left
1761464917279, -8.61, -11.97, 6.08, Left
1761464917418, -8.60, -10.46, 6.09, Left
1761464917465, -8.47, -8.50, 6.04, Forward
1761464917544, -8.45, -6.58, 5.95, Forward
1761464917591, -8.38, -4.42, 5.83, Forward
1761464917638, -8.38, -2.09, 5.68, Forward
1761464917685, -8.36, -0.29, 5.55, Forward
1761464917810, -8.51, 0.82, 5.41, Forward
1761464917857, -8.62, 1.43, 5.26, Forward
1761464917950, -8.67, 2.08, 5.10, Forward
1761464917996, -8.89, 1.59, 5.02, Forward
1761464918045, -9.07, 0.10, 5.05, Forward
1761464918089, -9.31, -1.83, 5.11, Forward
1761464918215, -9.34, -3.65, 5.25, Forward
1761464918264, -9.38, -5.72, 5.45, Forward
1761464918341, -9.55, -6.49, 5.56, Forward
1761464918389, -9.58, -7.76, 5.76, Forward
1761464918437, -9.43, -8.12, 5.88, Forward
1761464918485, -9.30, -7.71, 5.92, Forward
1761464918607, -9.38, -6.86, 5.88, Forward
1761464918654, -9.33, -5.64, 5.79, Forward
1761464918748, -9.29, -5.16, 5.76, Forward
1761464918795, -9.33, -4.47, 5.66, Forward
1761464918842, -9.51, -3.78, 5.50, Forward
1761464918888, -9.57, -3.73, 5.35, Forward
1761464919012, -9.53, -5.02, 5.33, Forward
1761464919059, -9.59, -5.52, 5.25, Forward
1761464919135, -9.60, -6.29, 5.19, Forward
1761464919184, -9.75, -7.39, 5.16, Forward
1761464919229, -9.78, -8.88, 5.22, Forward
1761464919280, -9.62, -10.59, 5.42, Left
1761464919417, -9.47, -11.47, 5.48, Left
1761464919464, -9.19, -12.32, 5.62, Left
1761464919542, -8.99, -12.76, 5.68, Left
1761464919589, -8.83, -12.57, 5.73, Left
1761464919637, -8.74, -12.17, 5.71, Left
1761464919683, -8.61, -11.21, 5.55, Left
1761464919808, -8.72, -10.33, 5.42, Left
1761464919854, -8.73, -9.21, 5.28, Forward
1761464919949, -8.65, -8.66, 5.22, Forward
1761464919995, -8.85, -8.22, 5.07, Forward
1761464920043, -9.02, -7.93, 4.98, Forward
1761464920088, -9.04, -8.06, 4.98, Forward
1761464920212, -9.04, -7.69, 5.06, Forward
1761464920259, -9.10, -7.26, 5.17, Forward
1761464920335, -8.99, -5.36, 5.10, Forward
1761464920382, -8.89, -4.02, 5.16, Forward
1761464920429, -8.61, -2.35, 5.17, Forward
1761464920477, -8.43, -1.33, 5.22, Forward
1761464920617, -8.34, 0.75, 5.10, Forward
1761464920665, -8.07, 2.96, 4.94, Forward
1761464920742, -7.89, 5.04, 4.80, Forward
1761464920789, -7.84, 7.66, 4.55, Forward
1761464920837, -7.74, 9.08, 4.33, Forward
1761464920885, -7.66, 10.72, 3.98, Right
1761464921010, -7.76, 10.51, 3.85, Right
1761464921057, -7.89, 10.43, 3.70, Right
1761464921135, -8.14, 9.06, 3.65, Forward
1761464921181, -8.22, 8.13, 3.60, Forward
1761464921227, -8.31, 6.73, 3.64, Forward
1761464921290, -8.40, 4.12, 3.84, Forward
1761464921414, -8.42, 1.96, 4.03, Forward
1761464921461, -8.58, -0.22, 4.19, Forward
1761464921539, -8.75, -2.03, 4.32, Forward
1761464921585, -8.88, -4.18, 4.54, Forward
1761464921631, -8.96, -6.12, 4.73, Forward
1761464921678, -8.89, -8.12, 4.97, Forward
1761464921819, -8.86, -8.03, 5.11, Forward
1761464921863, -8.85, -8.31, 5.34, Forward
1761464921941, -8.82, -7.22, 5.48, Forward
1761464921988, -8.88, -4.81, 5.49, Forward
1761464922034, -8.85, -2.88, 5.49, Forward
1761464922082, -8.86, -0.77, 5.48, Forward
1761464922222, -8.82, 0.45, 5.45, Forward
1761464922269, -8.92, 1.39, 5.44, Forward
1761464922345, -9.00, 1.29, 5.48, Forward
1761464922392, -9.26, 1.21, 5.49, Forward
1761464922439, -9.34, 0.36, 5.47, Forward
1761464922485, -9.32, -0.50, 5.46, Forward
1761464922612, -9.34, -2.55, 5.49, Forward
1761464922657, -9.36, -4.99, 5.55, Forward
1761464922749, -9.46, -7.31, 5.62, Forward
1761464922796, -9.54, -9.88, 5.74, Forward
1761464922844, -9.71, -11.56, 5.90, Left
1761464922890, -9.66, -12.94, 6.03, Left
1761464923014, -9.54, -12.88, 6.02, Left
1761464923061, -9.42, -12.89, 6.00, Left
1761464923140, -9.22, -12.04, 5.89, Left
1761464923187, -9.16, -11.37, 5.74, Left
1761464923232, -9.06, -10.90, 5.64, Left
1761464923280, -9.08, -9.41, 5.45, Forward
1761464923419, -9.04, -7.59, 5.19, Forward
1761464923466, -9.00, -6.09, 4.96, Forward
1761464923542, -8.85, -4.22, 4.61, Forward
1761464923591, -8.87, -2.62, 4.29, Forward
1761464923653, -9.04, -1.31, 4.08, Forward
1761464923699, -9.01, 0.11, 3.80, Forward
1761464923806, -9.04, -0.11, 3.71, Forward
1761464923853, -9.18, 0.33, 3.57, Forward
1761464923946, -9.26, 0.28, 3.46, Forward
1761464923993, -9.25, -0.67, 3.40, Forward
1761464924041, -9.27, -1.79, 3.39, Forward
1761464924087, -9.16, -2.78, 3.39, Forward
1761464924212, -9.08, -4.26, 3.47, Forward
1761464924258, -9.01, -5.27, 3.50, Forward
1761464924337, -8.80, -6.19, 3.47, Forward
1761464924384, -8.75, -7.50, 3.58, Forward
1761464924429, -8.71, -8.02, 3.60, Forward
1761464924476, -8.56, -8.13, 3.54, Forward
1761464924617, -8.55, -6.67, 3.31, Forward
1761464924665, -8.52, -5.27, 3.10, Forward
1761464924744, -8.48, -3.62, 2.86, Forward
1761464924805, -8.50, -1.69, 2.55, Forward
1761464924852, -8.54, 0.30, 2.27, Forward
1761464924901, -8.44, 2.07, 1.95, Forward
1761464925007, -8.43, 4.10, 1.63, Forward
1761464925054, -8.46, 6.35, 1.28, Forward
1761464925147, -8.37, 8.12, 0.95, Forward
1761464925194, -8.41, 9.56, 0.71, Forward
1761464925240, -8.37, 10.06, 0.61, Right
1761464925287, -8.30, 10.25, 0.55, Right
1761464925411, -8.18, 10.27, 0.54, Right
1761464925472, -8.01, 10.20, 0.53, Right
1761464925551, -7.86, 9.99, 0.56, Forward
1761464925598, -7.76, 9.95, 0.66, Forward
1761464925644, -7.69, 9.57, 0.79, Forward
1761464925693, -7.57, 9.48, 0.92, Forward
1761464925818, -7.65, 9.99, 1.04, Forward
1761464925865, -7.55, 10.30, 1.12, Right
1761464925943, -7.40, 10.21, 1.25, Right
1761464926006, -7.28, 10.45, 1.32, Right
1761464926052, -7.24, 10.50, 1.40, Right
1761464926098, -7.31, 10.81, 1.47, Right
1761464926209, -7.32, 11.10, 1.48, Right
1761464926255, -7.28, 11.45, 1.45, Right
1761464926349, -7.25, 11.69, 1.44, Right
1761464926396, -7.12, 11.57, 1.41, Right
1761464926443, -6.96, 11.48, 1.34, Right
1761464926491, -6.84, 11.58, 1.27, Right
1761464926615, -6.91, 11.60, 1.27, Right
1761464926662, -6.99, 11.45, 1.27, Right
1761464926710, -6.97, 11.49, 1.25, Right
1761464926772, -6.83, 11.11, 1.36, Right
1761464926819, -6.79, 10.65, 1.49, Right
1761464926866, -6.74, 9.24, 1.72, Forward
1761464926992, -6.79, 7.51, 2.03, Forward
1761464927040, -6.83, 5.84, 2.31, Forward
1761464927087, -6.82, 4.10, 2.61, Forward
1761464927135, -6.80, 2.19, 2.91, Forward
1761464927181, -6.70, 0.50, 3.14, Forward
1761464927227, -6.73, -1.39, 3.37, Forward
1761464927275, -6.66, -2.30, 3.48, Forward
1761464927321, -6.79, -3.88, 3.54, Forward
1761464927367, -6.88, -5.23, 3.61, Forward
1761464927413, -7.04, -5.47, 3.56, Forward
1761464927539, -7.14, -5.04, 3.46, Forward
1761464927585, -7.35, -4.79, 3.41, Forward
1761464927663, -7.59, -3.70, 3.33, Forward
1761464927710, -7.77, -2.52, 3.22, Forward
1761464927757, -8.03, -1.09, 3.11, Forward
1761464927805, -8.08, 0.98, 2.99, Forward
1761464927946, -8.28, 1.76, 3.06, Forward
1761464927992, -8.32, 3.35, 3.02, Forward
1761464928070, -8.47, 4.43, 2.99, Forward
1761464928116, -8.66, 4.96, 3.00, Forward
1761464928163, -8.87, 5.24, 2.96, Forward
1761464928210, -8.95, 4.53, 3.04, Forward
1761464928335, -9.02, 3.13, 3.08, Forward
1761464928381, -9.25, 1.59, 3.19, Forward
1761464928474, -9.31, 0.07, 3.33, Forward
1761464928522, -9.41, -1.68, 3.47, Forward
1761464928568, -9.54, -3.21, 3.57, Forward
1761464928615, -9.62, -4.37, 3.68, Forward
1761464928740, -9.58, -4.78, 3.79, Forward
1761464928786, -9.48, -4.92, 3.90, Forward
1761464928863, -9.39, -4.07, 3.99, Forward
1761464928911, -9.42, -2.27, 4.01, Forward
1761464928957, -9.42, -1.01, 4.12, Forward
1761464929003, -9.32, 1.17, 4.06, Forward
1761464929145, -9.29, 3.28, 3.91, Forward
1761464929192, -9.20, 5.35, 3.76, Forward
1761464929269, -9.14, 7.36, 3.58, Forward
1761464929318, -9.11, 9.13, 3.39, Forward
1761464929363, -9.09, 10.65, 3.22, Right
1761464929410, -9.06, 12.23, 3.03, Right
1761464929535, -9.06, 12.98, 2.84, Right
1761464929581, -8.99, 13.80, 2.60, Right
1761464929681, -8.91, 14.90, 2.30, Right
1761464929727, -8.79, 15.03, 2.12, Right
1761464929783, -8.69, 15.21, 1.97, Right
1761464929827, -8.35, 14.60, 1.86, Right
1761464929937, -7.83, 13.94, 1.83, Right
1761464929982, -7.49, 12.18, 1.98, Right
1761464930063, -7.13, 9.52, 2.30, Forward
1761464930110, -6.90, 6.51, 2.64, Forward
1761464930157, -6.58, 3.25, 3.03, Forward
1761464930204, -6.24, 0.24, 3.43, Forward
1761464930334, -5.88, -3.24, 3.94, Forward
1761464930377, -5.72, -6.69, 4.49, Forward
1761464930462, -5.42, -10.47, 5.10, Left
1761464930507, -5.55, -13.33, 5.63, Left
1761464930551, -5.83, -16.08, 6.06, Left
1761464930599, -5.91, -18.16, 6.45, Left
1761464930734, -6.05, -19.18, 6.65, Left
1761464930776, -6.04, -20.03, 6.84, Left
1761464930863, -6.16, -20.77, 7.07, Left
1761464930907, -6.39, -21.47, 7.25, Left
1761464930952, -6.65, -21.68, 7.33, Left
1761464930995, -6.82, -21.67, 7.40, Left
1761464931136, -7.06, -21.54, 7.47, Left
1761464931182, -7.19, -21.41, 7.54, Left
1761464931262, -7.34, -21.43, 7.63, Left
1761464931304, -7.42, -21.06, 7.63, Left
1761464931351, -7.47, -20.94, 7.66, Left
1761464931395, -7.58, -20.64, 7.64, Left
1761464931535, -7.55, -20.61, 7.58, Left
1761464931578, -7.51, -20.60, 7.54, Left
1761464931662, -7.42, -20.66, 7.54, Left
1761464931706, -7.28, -20.82, 7.52, Left
1761464931750, -7.21, -20.92, 7.48, Left
1761464931793, -7.14, -21.12, 7.48, Left
1761464931935, -6.97, -21.25, 7.47, Left
1761464931978, -6.92, -21.38, 7.43, Left
1761464932063, -6.94, -21.56, 7.40, Left
1761464932108, -6.95, -21.70, 7.39, Left
1761464932155, -6.96, -21.64, 7.39, Left
1761464932200, -6.96, -21.54, 7.43, Left
1761464932336, -7.08, -21.41, 7.42, Left
1761464932381, -7.22, -21.26, 7.41, Left
1761464932463, -7.26, -20.93, 7.38, Left
1761464932507, -7.35, -20.80, 7.38, Left
1761464932551, -7.47, -20.54, 7.38, Left
1761464932595, -7.69, -20.32, 7.36, Left
1761464932736, -7.76, -19.93, 7.33, Left
1761464932780, -7.84, -19.74, 7.32, Left
1761464932862, -7.87, -19.55, 7.28, Left
1761464932906, -7.88, -19.46, 7.23, Left
1761464932950, -7.83, -19.32, 7.19, Left
1761464932995, -7.76, -19.42, 7.20, Left
1761464933135, -7.82, -19.61, 7.16, Left
1761464933179, -7.90, -19.55, 7.11, Left
1761464933262, -7.83, -19.61, 7.09, Left
1761464933306, -7.75, -19.72, 7.11, Left
1761464933352, -7.73, -19.89, 7.12, Left
1761464933396, -7.69, -19.88, 7.13, Left
1761464933535, -7.73, -20.01, 7.19, Left
1761464933579, -7.77, -20.08, 7.26, Left
1761464933663, -7.65, -19.91, 7.26, Left
1761464933707, -7.57, -19.53, 7.23, Left
1761464933753, -7.44, -19.20, 7.25, Left
1761464933796, -7.19, -19.10, 7.33, Left
1761464933936, -7.21, -18.91, 7.35, Left
1761464933981, -7.11, -18.73, 7.38, Left
1761464934063, -7.05, -18.44, 7.38, Left
1761464934110, -6.99, -18.22, 7.38, Left
1761464934154, -6.90, -17.92, 7.35, Left
1761464934198, -6.79, -17.78, 7.31, Left
1761464934334, -6.91, -17.63, 7.27, Left
1761464934377, -6.99, -17.52, 7.26, Left
1761464934463, -7.01, -17.52, 7.22, Left
1761464934509, -7.14, -17.36, 7.14, Left
1761464934555, -7.13, -17.22, 7.07, Left
1761464934601, -7.16, -17.15, 6.98, Left
1761464934735, -7.18, -17.07, 6.94, Left
1761464934778, -7.23, -17.02, 6.89, Left
1761464934863, -7.20, -16.95, 6.81, Left
1761464934906, -7.26, -16.69, 6.72, Left
1761464934951, -7.18, -16.69, 6.70, Left
1761464934996, -7.15, -16.69, 6.66, Left
1761464935138, -7.28, -16.62, 6.64, Left
1761464935184, -7.32, -16.35, 6.58, Left
1761464935263, -7.40, -16.19, 6.56, Left
1761464935308, -7.48, -15.92, 6.54, Left
1761464935355, -7.53, -15.69, 6.47, Left
1761464935403, -7.58, -15.61, 6.45, Left
1761464935540, -7.75, -15.55, 6.46, Left
1761464935589, -7.81, -15.61, 6.46, Left
1761464935669, -7.94, -15.54, 6.44, Left
1761464935715, -8.04, -15.42, 6.43, Left
1761464935760, -8.06, -15.31, 6.42, Left
1761464935811, -8.12, -15.50, 6.45, Left
1761464935936, -8.18, -15.65, 6.46, Left
1761464935982, -8.22, -15.76, 6.43, Left
1761464936062, -8.22, -16.04, 6.47, Left
1761464936106, -8.20, -16.11, 6.46, Left
1761464936153, -8.14, -16.22, 6.47, Left
1761464936198, -8.10, -16.00, 6.37, Left
1761464936334, -7.99, -15.90, 6.36, Left
1761464936381, -7.83, -15.75, 6.34, Left
1761464936463, -7.70, -15.65, 6.31, Left
1761464936508, -7.62, -15.44, 6.26, Left
1761464936555, -7.59, -15.03, 6.20, Left
1761464936598, -7.52, -14.96, 6.19, Left
1761464936735, -7.43, -14.48, 6.08, Left
1761464936778, -7.32, -14.24, 6.03, Left
1761464936863, -7.29, -13.88, 5.96, Left
1761464936909, -7.27, -13.80, 6.01, Left
1761464936954, -7.32, -13.74, 6.01, Left
1761464937001, -7.40, -13.80, 5.98, Left
1761464937135, -7.53, -13.12, 5.82, Left
1761464937179, -7.61, -12.40, 5.66, Left
1761464937262, -7.65, -12.06, 5.52, Left
1761464937305, -7.76, -11.56, 5.37, Left
1761464937350, -7.92, -11.27, 5.27, Left
1761464937394, -7.97, -10.87, 5.07, Left
1761464937534, -7.92, -10.96, 4.95, Left
1761464937578, -7.93, -11.22, 4.86, Left
1761464937623, -7.94, -11.48, 4.78, Left
1761464937669, -7.81, -11.74, 4.68, Left
1761464937715, -7.75, -12.46, 4.72, Left
1761464937791, -7.67, -13.27, 4.75, Left
1761464937841, -7.55, -13.76, 4.78, Left
1761464937890, -7.40, -14.13, 4.81, Left
1761464937934, -7.26, -14.70, 4.84, Left
1761464937977, -7.19, -15.17, 4.95, Left
1761464938063, -7.17, -14.90, 4.91, Left
1761464938110, -7.12, -14.80, 4.85, Left
1761464938175, -7.05, -14.38, 4.77, Left
1761464938228, -7.04, -13.97, 4.69, Left
1761464938277, -6.91, -13.74, 4.64, Left
1761464938322, -6.78, -13.23, 4.60, Left
1761464938478, -6.71, -11.61, 4.40, Left
1761464938526, -6.70, -9.94, 4.20, Forward
1761464938573, -6.65, -8.25, 4.00, Forward
1761464938618, -6.67, -6.19, 3.77, Forward
1761464938665, -6.70, -4.41, 3.57, Forward
1761464938726, -6.70, -1.62, 3.34, Forward
1761464938773, -6.70, 0.64, 3.14, Forward
1761464938820, -6.76, 3.04, 2.92, Forward
1761464938868, -6.84, 5.44, 2.71, Forward
1761464938913, -6.97, 7.90, 2.49, Forward
1761464938991, -7.14, 9.64, 2.40, Forward
1761464939039, -7.24, 11.24, 2.32, Right
1761464939085, -7.44, 12.92, 2.25, Right
1761464939133, -7.60, 15.82, 2.64, Right
1761464939180, -7.94, 18.24, 3.18, Right
1761464939325, -10.63, 22.46, -11.92, Right
1761464939385, -12.92, 27.30, -27.17, Right
1761464939430, -14.30, 29.50, -42.64, Right
1761464939476, -16.75, 35.14, -57.61, Right
1761464939524, -18.75, 29.02, -39.44, Right
1761464939571, -24.29, 32.23, -52.90, Right
1761464939618, -30.75, 32.66, -61.67, Right
1761464939664, -33.46, 34.03, -77.16, Right
1761464939712, -35.37, 26.21, -59.47, Right
1761464939806, -34.99, 26.33, -60.07, Right
1761464939852, -31.84, 24.16, -45.20, Right
1761464939899, -28.88, 21.50, -30.00, Right
1761464939946, -27.25, 19.12, -14.74, Right
1761464939994, -24.60, 13.26, 0.09, Right
1761464940073, -22.34, 17.47, -17.85, Right
1761464940120, -16.55, 11.98, -4.21, Right
1761464940183, -9.86, 9.30, 4.76, Forward
1761464940230, -6.86, 7.26, 20.30, Forward
1761464940276, -4.74, 12.58, 2.25, Right
1761464940323, -4.74, 11.01, 2.31, Right
1761464940370, -5.08, 9.23, 2.51, Forward
1761464940418, -5.65, 7.39, 2.56, Forward
1761464940465, -5.82, 8.08, 2.77, Forward
1761464940512, -5.92, 8.64, 2.90, Forward
1761464940606, -6.09, 10.88, 2.62, Right
1761464940654, -6.16, 12.71, 2.44, Right
1761464940700, -6.16, 14.69, 2.19, Right
1761464940748, -6.23, 15.02, 2.09, Right
1761464940795, -6.20, 15.66, 1.95, Right
1761464940875, -6.13, 15.46, 1.86, Right
1761464940924, -6.23, 15.47, 1.82, Right
1761464940970, -6.31, 15.37, 1.75, Right
1761464941017, -6.10, 14.39, 1.84, Right
1761464941062, -5.95, 13.80, 1.87, Right
1761464941123, -5.75, 10.65, 2.30, Right
1761464941168, -5.65, 7.78, 2.69, Forward
1761464941211, -5.66, 4.80, 3.13, Forward
1761464941256, -5.62, 1.90, 3.54, Forward
1761464941300, -5.54, -1.32, 4.08, Forward
1761464941390, -5.50, -3.94, 4.59, Forward
1761464941436, -5.45, -7.17, 5.13, Forward
1761464941481, -5.33, -10.01, 5.65, Left
1761464941524, -5.63, -12.39, 6.00, Left
1761464941570, -5.84, -15.09, 6.43, Left
1761464941663, -6.00, -15.43, 6.48, Left
1761464941709, -6.10, -15.85, 6.54, Left
1761464941762, -6.16, -16.23, 6.61, Left
1761464941807, -6.23, -16.83, 6.70, Left
1761464941854, -6.34, -16.92, 6.65, Left
1761464941924, -6.41, -17.59, 6.64, Left
1761464941973, -6.42, -17.83, 6.57, Left
1761464942023, -6.50, -18.16, 6.51, Left
1761464942070, -6.39, -18.52, 6.51, Left
1761464942115, -6.33, -18.58, 6.47, Left
1761464942192, -6.27, -18.86, 6.46, Left
1761464942240, -6.31, -19.02, 6.41, Left
1761464942286, -6.33, -19.23, 6.36, Left
1761464942331, -6.31, -19.35, 6.30, Left
1761464942375, -6.34, -19.76, 6.29, Left
1761464942463, -6.39, -20.17, 6.27, Left
1761464942508, -6.41, -20.48, 6.22, Left
1761464942552, -6.42, -21.01, 6.25, Left
1761464942598, -6.47, -21.02, 6.18, Left
1761464942644, -6.49, -21.29, 6.13, Left
1761464942720, -6.57, -21.28, 6.10, Left
1761464942764, -6.57, -21.24, 6.09, Left
1761464942809, -6.55, -21.23, 6.10, Left
1761464942854, -6.56, -21.06, 6.10, Left
1761464942898, -6.34, -20.69, 6.02, Left
1761464942992, -6.04, -20.30, 6.03, Left
1761464943039, -5.85, -20.11, 6.11, Left
1761464943087, -5.65, -19.91, 6.13, Left
1761464943135, -5.57, -19.93, 6.22, Left
1761464943179, -5.52, -19.96, 6.28, Left
1761464943264, -5.48, -19.93, 6.30, Left
1761464943308, -5.37, -19.90, 6.32, Left
1761464943352, -5.27, -19.83, 6.33, Left
1761464943399, -5.25, -19.94, 6.32, Left
1761464943444, -5.45, -20.14, 6.35, Left
1761464943519, -5.73, -20.26, 6.31, Left
1761464943565, -5.89, -20.35, 6.24, Left
1761464943610, -6.08, -20.31, 6.17, Left
1761464943653, -6.16, -20.31, 6.11, Left
1761464943698, -6.20, -20.24, 6.01, Left
1761464943792, -6.15, -20.35, 5.94, Left
1761464943838, -6.21, -20.50, 5.89, Left
1761464943884, -6.30, -20.64, 5.85, Left
1761464943927, -6.22, -20.62, 5.83, Left
1761464943971, -6.21, -20.77, 5.82, Left
1761464944062, -6.14, -21.04, 5.80, Left
1761464944107, -6.08, -20.97, 5.77, Left
1761464944151, -6.02, -20.90, 5.75, Left
1761464944195, -5.91, -21.23, 5.74, Left
1761464944238, -5.90, -21.57, 5.77, Left
1761464944318, -5.90, -22.01, 5.77, Left
1761464944363, -5.96, -22.34, 5.73, Left
1761464944406, -5.95, -22.71, 5.69, Left
1761464944452, -6.04, -23.05, 5.63, Left
1761464944499, -5.98, -23.11, 5.59, Left
1761464944603, -5.78, -22.82, 5.51, Left
1761464944649, -5.55, -22.81, 5.47, Left
1761464944692, -5.39, -22.88, 5.43, Left
1761464944735, -5.35, -22.80, 5.42, Left
1761464944780, -5.22, -22.87, 5.42, Left
1761464944862, -5.13, -22.60, 5.44, Left
1761464944905, -4.95, -22.38, 5.49, Left
1761464944952, -4.84, -22.14, 5.53, Left
1761464944994, -4.65, -21.96, 5.57, Left
1761464945036, -4.57, -22.09, 5.64, Left
1761464945119, -4.70, -22.33, 5.74, Left
1761464945162, -4.90, -22.40, 5.77, Left
1761464945205, -5.04, -22.38, 5.80, Left
1761464945251, -5.13, -22.19, 5.80, Left
1761464945295, -5.28, -22.04, 5.78, Left
1761464945390, -5.39, -22.18, 5.78, Left
1761464945434, -5.44, -22.28, 5.76, Left
1761464945479, -5.48, -22.37, 5.74, Left
1761464945521, -5.59, -22.42, 5.72, Left
1761464945566, -5.70, -22.30, 5.68, Left
1761464945663, -5.72, -22.22, 5.64, Left
1761464945706, -5.75, -22.23, 5.63, Left
1761464945753, -5.72, -22.37, 5.65, Left
1761464945799, -5.63, -22.34, 5.67, Left
1761464945845, -5.52, -22.35, 5.74, Left
1761464945919, -5.42, -22.31, 5.79, Left
1761464945966, -5.28, -22.32, 5.83, Left
1761464946009, -5.13, -22.34, 5.88, Left
1761464946053, -4.96, -22.35, 5.91, Left
1761464946099, -4.99, -22.37, 5.96, Left
1761464946194, -5.03, -22.27, 6.01, Left
1761464946239, -5.03, -22.26, 6.06, Left
1761464946285, -5.08, -22.13, 6.07, Left
1761464946331, -5.27, -21.94, 6.03, Left
1761464946376, -5.43, -21.59, 5.95, Left
1761464946463, -5.56, -21.31, 5.90, Left
1761464946508, -5.75, -21.06, 5.86, Left
1761464946553, -5.89, -20.81, 5.84, Left
1761464946601, -6.10, -20.63, 5.85, Left
1761464946647, -6.11, -20.36, 5.83, Left
1761464946721, -6.00, -20.38, 5.80, Left
1761464946768, -5.84, -20.51, 5.82, Left
1761464946813, -5.62, -20.64, 5.85, Left
1761464946857, -5.30, -20.92, 5.92, Left
1761464946903, -5.13, -21.44, 6.04, Left
1761464946991, -5.18, -21.56, 6.07, Left
1761464947037, -5.25, -21.70, 6.11, Left
1761464947083, -5.38, -21.85, 6.14, Left
1761464947129, -5.37, -21.79, 6.10, Left
1761464947173, -5.35, -21.87, 6.09, Left
1761464947263, -5.55, -21.79, 6.12, Left
1761464947307, -5.78, -21.51, 6.07, Left
1761464947351, -6.13, -21.29, 6.02, Left
1761464947396, -6.46, -20.93, 5.96, Left
1761464947440, -6.64, -20.42, 5.88, Left
1761464947520, -6.64, -20.36, 5.86, Left
1761464947564, -6.62, -20.35, 5.84, Left
1761464947607, -6.57, -20.36, 5.81, Left
1761464947650, -6.60, -20.50, 5.82, Left
1761464947695, -6.46, -20.07, 5.70, Left
1761464947792, -6.24, -20.00, 5.68, Left
1761464947835, -6.04, -20.03, 5.71, Left
1761464947882, -5.76, -19.99, 5.75, Left
1761464947927, -5.52, -19.90, 5.77, Left
1761464947971, -5.39, -19.89, 5.73, Left
1761464948062, -5.29, -19.80, 5.74, Left
1761464948107, -5.21, -19.62, 5.75, Left
1761464948153, -5.14, -19.43, 5.78, Left
1761464948196, -5.11, -19.35, 5.79, Left
1761464948240, -5.25, -19.76, 5.87, Left
1761464948319, -5.34, -19.81, 5.84, Left
1761464948365, -5.53, -19.62, 5.80, Left
1761464948408, -5.68, -19.71, 5.78, Left
1761464948455, -5.82, -19.92, 5.78, Left
1761464948505, -5.88, -19.83, 5.76, Left
1761464948592, -5.78, -20.03, 5.76, Left
1761464948637, -5.61, -20.37, 5.77, Left
1761464948681, -5.46, -20.71, 5.76, Left
1761464948724, -5.34, -20.67, 5.78, Left
1761464948772, -5.30, -20.72, 5.85, Left
1761464948847, -5.36, -20.62, 5.87, Left
1761464948891, -5.28, -20.64, 5.90, Left
1761464948938, -5.29, -20.48, 5.92, Left
1761464948987, -5.28, -20.42, 5.94, Left
1761464949031, -5.34, -20.47, 5.96, Left
1761464949120, -5.51, -20.45, 5.96, Left
1761464949164, -5.75, -20.28, 5.94, Left
1761464949208, -5.99, -20.15, 5.91, Left
1761464949251, -6.13, -20.24, 5.89, Left
1761464949296, -6.20, -20.24, 5.88, Left
1761464949391, -6.20, -20.43, 5.90, Left
1761464949435, -6.27, -20.81, 5.92, Left
1761464949480, -6.32, -21.11, 5.92, Left
1761464949523, -6.34, -21.37, 5.93, Left
1761464949568, -6.31, -21.66, 5.98, Left
1761464949646, -6.24, -21.69, 5.99, Left
1761464949690, -6.16, -21.79, 6.02, Left
1761464949736, -6.09, -21.85, 6.05, Left
1761464949782, -6.07, -21.96, 6.07, Left
1761464949827, -6.05, -21.93, 6.03, Left
1761464949920, -6.05, -21.82, 6.00, Left
1761464949971, -6.00, -21.67, 5.98, Left
1761464950019, -5.92, -21.58, 5.95, Left
1761464950065, -5.81, -21.37, 5.91, Left
1761464950110, -5.64, -20.99, 5.89, Left
1761464950190, -5.63, -20.65, 5.84, Left
1761464950233, -5.46, -20.29, 5.79, Left
1761464950277, -5.27, -19.91, 5.74, Left
1761464950320, -5.07, -19.84, 5.76, Left
1761464950368, -4.86, -19.87, 5.78, Left
1761464950447, -4.75, -19.74, 5.76, Left
1761464950490, -4.59, -19.52, 5.74, Left
1761464950536, -4.46, -19.22, 5.73, Left
1761464950579, -4.38, -19.06, 5.73, Left
1761464950623, -4.43, -19.29, 5.70, Left
1761464950719, -4.40, -19.34, 5.69, Left
1761464950764, -4.51, -19.36, 5.68, Left
1761464950809, -4.56, -19.17, 5.63, Left
1761464950852, -4.76, -18.87, 5.54, Left
1761464950894, -4.93, -18.60, 5.49, Left
1761464950990, -4.96, -18.61, 5.47, Left
1761464951036, -5.09, -18.87, 5.48, Left
1761464951085, -5.21, -19.13, 5.50, Left
1761464951130, -5.23, -19.16, 5.44, Left
1761464951176, -5.05, -18.81, 5.42, Left
1761464951249, -4.92, -18.87, 5.45, Left
1761464951292, -4.86, -19.02, 5.50, Left
1761464951336, -4.79, -19.33, 5.58, Left
1761464951383, -4.65, -19.46, 5.64, Left
1761464951430, -4.50, -19.56, 5.69, Left
1761464951519, -4.59, -19.48, 5.69, Left
1761464951566, -4.64, -19.34, 5.70, Left
1761464951611, -4.68, -19.19, 5.71, Left
1761464951654, -4.86, -19.44, 5.80, Left
1761464951702, -5.09, -19.81, 5.88, Left
1761464951790, -5.30, -19.91, 5.92, Left
1761464951834, -5.45, -19.91, 5.94, Left
1761464951878, -5.68, -19.94, 5.96, Left
1761464951921, -5.76, -19.81, 5.96, Left
1761464951968, -5.83, -19.77, 5.96, Left
1761464952046, -5.59, -19.68, 5.94, Left
1761464952091, -5.41, -19.67, 5.92, Left
1761464952134, -5.15, -19.68, 5.90, Left
1761464952179, -4.96, -19.69, 5.90, Left
1761464952220, -4.74, -19.68, 5.89, Left
1761464952319, -4.56, -19.54, 5.79, Left
1761464952362, -4.50, -19.42, 5.69, Left
1761464952407, -4.42, -19.32, 5.58, Left
1761464952450, -4.27, -19.23, 5.41, Left
1761464952498, -4.20, -19.40, 5.37, Left
1761464952591, -4.22, -19.56, 5.30, Left
1761464952637, -4.25, -19.69, 5.23, Left
1761464952684, -4.34, -19.55, 5.12, Left
1761464952729, -4.45, -19.47, 4.92, Left
1761464952773, -4.53, -19.43, 4.75, Left
1761464952847, -4.62, -19.21, 4.60, Left
1761464952892, -4.54, -19.20, 4.49, Left
1761464952934, -4.44, -19.13, 4.39, Left
1761464952979, -4.51, -18.92, 4.33, Left
1761464953022, -4.49, -18.40, 4.18, Left
1761464953118, -4.32, -18.14, 4.14, Left
1761464953166, -4.29, -17.94, 4.10, Left
1761464953210, -4.25, -17.98, 4.07, Left
1761464953254, -4.28, -17.74, 4.08, Left
1761464953301, -4.33, -17.49, 4.10, Left
1761464953391, -4.32, -17.58, 4.18, Left
1761464953436, -4.34, -17.43, 4.23, Left
1761464953482, -4.41, -17.34, 4.26, Left
1761464953526, -4.46, -17.38, 4.33, Left
1761464953570, -4.54, -17.51, 4.42, Left
1761464953646, -4.79, -17.62, 4.45, Left
1761464953690, -4.86, -17.46, 4.46, Left
1761464953736, -4.95, -17.11, 4.45, Left
1761464953783, -4.90, -16.87, 4.45, Left
1761464953828, -4.74, -16.31, 4.37, Left
1761464953919, -4.67, -16.24, 4.40, Left
1761464953967, -4.62, -16.23, 4.42, Left
1761464954012, -4.60, -16.18, 4.44, Left
1761464954057, -4.51, -16.35, 4.49, Left
1761464954101, -4.47, -16.52, 4.53, Left
1761464954192, -4.38, -16.09, 4.47, Left
1761464954239, -4.18, -16.05, 4.49, Left
1761464954283, -3.94, -15.81, 4.46, Left
1761464954328, -3.76, -15.55, 4.45, Left
1761464954371, -3.78, -15.62, 4.53, Left
1761464954447, -3.75, -15.40, 4.54, Left
1761464954490, -3.75, -15.01, 4.52, Left
1761464954534, -3.71, -14.69, 4.52, Left
1761464954578, -3.78, -14.56, 4.53, Left
1761464954621, -3.70, -14.61, 4.55, Left
1761464954719, -3.76, -14.98, 4.65, Left
1761464954765, -3.89, -14.95, 4.64, Left
1761464954809, -4.06, -15.29, 4.71, Left
1761464954853, -4.12, -15.24, 4.74, Left
1761464954895, -4.20, -15.54, 4.82, Left
1761464954991, -4.17, -15.27, 4.80, Left
1761464955036, -4.16, -15.60, 4.88, Left
1761464955083, -4.12, -16.02, 4.97, Left
1761464955129, -4.20, -16.03, 5.05, Left
1761464955178, -4.42, -15.92, 5.14, Left
1761464955247, -4.52, -16.08, 5.29, Left
1761464955291, -4.76, -16.39, 5.47, Left
1761464955337, -4.98, -16.70, 5.65, Left
1761464955388, -5.25, -17.47, 5.85, Left
1761464955438, -5.39, -17.79, 6.03, Left
1761464955519, -5.62, -18.67, 6.25, Left
1761464955564, -5.80, -19.02, 6.43, Left
1761464955607, -6.05, -19.29, 6.58, Left
1761464955652, -6.04, -19.93, 6.71, Left
1761464955699, -5.94, -20.51, 6.83, Left
1761464955790, -5.79, -21.27, 6.89, Left
1761464955835, -5.58, -21.89, 6.98, Left
1761464955878, -5.31, -22.55, 7.07, Left
1761464955925, -4.92, -22.86, 7.01, Left
1761464955969, -4.50, -23.28, 6.95, Left
1761464956046, -4.07, -23.31, 6.85, Left
1761464956093, -3.64, -23.44, 6.72, Left
1761464956138, -3.15, -23.49, 6.57, Left
1761464956184, -2.82, -23.47, 6.43, Left
1761464956228, -2.55, -23.46, 6.31, Left
1761464956319, -2.44, -23.06, 6.20, Left
1761464956366, -2.38, -22.68, 6.08, Left
1761464956410, -2.34, -22.15, 5.95, Left
1761464956454, -2.57, -21.83, 5.89, Left
1761464956501, -2.95, -21.45, 5.81, Left
1761464956591, -3.35, -20.97, 5.68, Left
1761464956635, -3.78, -20.63, 5.59, Left
1761464956683, -4.23, -20.42, 5.54, Left
1761464956727, -4.66, -19.93, 5.42, Left
1761464956774, -5.07, -19.44, 5.26, Left
1761464956852, -5.41, -19.14, 5.12, Left
1761464956901, -5.63, -18.95, 4.97, Left
1761464956946, -5.92, -18.84, 4.82, Left
1761464956990, -6.07, -18.76, 4.72, Left
1761464957035, -6.08, -18.42, 4.61, Left
1761464957119, -6.09, -18.70, 4.62, Left
1761464957167, -6.07, -18.80, 4.60, Left
1761464957213, -6.03, -18.76, 4.57, Left
1761464957256, -5.96, -18.86, 4.58, Left
1761464957299, -5.86, -18.97, 4.62, Left
1761464957392, -5.82, -19.16, 4.62, Left
1761464957434, -5.76, -19.11, 4.61, Left
1761464957482, -5.72, -19.10, 4.60, Left
1761464957527, -5.66, -18.98, 4.63, Left
1761464957569, -5.66, -19.26, 4.72, Left
1761464957646, -5.71, -19.26, 4.82, Left
1761464957690, -5.71, -19.43, 4.94, Left
1761464957745, -5.72, -19.58, 5.04, Left
1761464957791, -5.77, -19.72, 5.13, Left
1761464957835, -5.87, -19.84, 5.25, Left
1761464957920, -5.84, -19.69, 5.38, Left
1761464957967, -5.86, -19.70, 5.52, Left
1761464958010, -5.85, -19.70, 5.66, Left
1761464958055, -5.87, -19.97, 5.79, Left
1761464958098, -5.94, -20.12, 5.88, Left
1761464958190, -5.81, -19.81, 5.81, Left
1761464958234, -5.74, -19.54, 5.77, Left
1761464958279, -5.68, -19.32, 5.75, Left
1761464958323, -5.59, -19.29, 5.78, Left
1761464958367, -5.49, -19.08, 5.75, Left
1761464958447, -5.50, -19.00, 5.74, Left
1761464958491, -5.61, -18.93, 5.71, Left
1761464958534, -5.73, -18.86, 5.68, Left
1761464958583, -5.82, -18.63, 5.64, Left
1761464958628, -5.78, -18.38, 5.64, Left
1761464958718, -5.95, -18.55, 5.68, Left
1761464958766, -6.09, -18.58, 5.71, Left
1761464958810, -6.23, -18.59, 5.72, Left
1761464958853, -6.43, -18.64, 5.69, Left
1761464958898, -6.55, -18.71, 5.68, Left
1761464958991, -6.61, -18.66, 5.65, Left
1761464959034, -6.58, -18.74, 5.65, Left
1761464959080, -6.61, -18.95, 5.66, Left
1761464959125, -6.58, -18.74, 5.65, Left
1761464959171, -6.66, -18.86, 5.63, Left
1761464959246, -6.72, -19.05, 5.63, Left
1761464959290, -6.76, -19.05, 5.60, Left
1761464959335, -6.80, -19.17, 5.61, Left
1761464959382, -6.80, -18.96, 5.60, Left
1761464959431, -6.80, -18.84, 5.60, Left
1761464959520, -6.83, -19.01, 5.62, Left
1761464959568, -6.83, -19.13, 5.63, Left
1761464959615, -6.78, -19.05, 5.62, Left
1761464959659, -6.81, -19.56, 5.63, Left
1761464959703, -6.87, -19.89, 5.62, Left
1761464959774, -6.87, -20.14, 5.62, Left
1761464959818, -6.89, -20.55, 5.64, Left
1761464959866, -6.89, -20.84, 5.61, Left
1761464959913, -6.92, -21.22, 5.62, Left
1761464959956, -6.98, -21.62, 5.56, Left
1761464960047, -6.96, -21.96, 5.50, Left
1761464960092, -7.00, -22.05, 5.41, Left
1761464960135, -7.04, -22.21, 5.34, Left
1761464960182, -6.98, -22.27, 5.27, Left
1761464960226, -6.92, -22.38, 5.21, Left
1761464960318, -6.65, -22.19, 5.05, Left
1761464960365, -6.47, -22.07, 4.92, Left
1761464960410, -6.41, -22.00, 4.76, Left
1761464960454, -6.26, -22.03, 4.66, Left
1761464960503, -6.12, -22.05, 4.64, Left
1761464960575, -6.10, -21.98, 4.57, Left
1761464960617, -6.05, -22.13, 4.55, Left
1761464960666, -5.99, -22.28, 4.53, Left
1761464960708, -6.00, -22.26, 4.50, Left
1761464960753, -5.98, -22.02, 4.40, Left
1761464960847, -6.13, -22.15, 4.44, Left
1761464960890, -6.20, -22.16, 4.45, Left
1761464960935, -6.13, -22.16, 4.46, Left
1761464960977, -6.18, -22.02, 4.40, Left
1761464961020, -6.18, -22.05, 4.32, Left
1761464961119, -6.23, -21.87, 4.28, Left
1761464961166, -6.24, -21.69, 4.23, Left
1761464961211, -6.22, -21.54, 4.17, Left
1761464961255, -6.15, -21.46, 4.13, Left
1761464961298, -6.11, -21.66, 4.16, Left
1761464961375, -6.03, -21.61, 4.13, Left
1761464961419, -5.90, -21.54, 4.11, Left
1761464961465, -5.78, -21.44, 4.10, Left
1761464961509, -5.59, -21.44, 4.12, Left
1761464961551, -5.57, -21.36, 4.16, Left
1761464961647, -5.47, -21.54, 4.20, Left
1761464961690, -5.41, -21.63, 4.24, Left
1761464961735, -5.37, -21.70, 4.27, Left
1761464961784, -5.38, -21.70, 4.29, Left
1761464961834, -5.44, -21.59, 4.25, Left
1761464961919, -5.55, -21.55, 4.28, Left
1761464961964, -5.65, -21.66, 4.32, Left
1761464962008, -5.77, -21.83, 4.39, Left
1761464962052, -5.88, -21.76, 4.42, Left
1761464962099, -5.92, -21.56, 4.38, Left
1761464962175, -5.97, -21.40, 4.39, Left
1761464962219, -6.02, -21.34, 4.40, Left
1761464962265, -5.99, -21.18, 4.40, Left
1761464962311, -5.99, -21.14, 4.42, Left
1761464962354, -5.81, -21.04, 4.51, Left
1761464962448, -5.65, -20.93, 4.56, Left
1761464962492, -5.64, -20.78, 4.58, Left
1761464962539, -5.60, -20.57, 4.58, Left
1761464962583, -5.56, -20.66, 4.64, Left
1761464962630, -5.47, -20.80, 4.71, Left
1761464962720, -5.40, -20.74, 4.73, Left
1761464962768, -5.33, -20.68, 4.75, Left
1761464962818, -5.32, -20.62, 4.76, Left
1761464962865, -5.28, -20.69, 4.76, Left
1761464962909, -5.38, -20.79, 4.71, Left
1761464962976, -5.40, -20.76, 4.69, Left
1761464963021, -5.35, -20.54, 4.67, Left
1761464963064, -5.32, -20.32, 4.64, Left
1761464963111, -5.31, -19.96, 4.60, Left
1761464963154, -5.34, -19.72, 4.57, Left
1761464963247, -5.28, -19.82, 4.64, Left
1761464963292, -5.29, -19.74, 4.67, Left
1761464963335, -5.29, -19.83, 4.72, Left
1761464963381, -5.37, -19.57, 4.72, Left
1761464963425, -5.40, -19.25, 4.70, Left
1761464963519, -5.38, -19.14, 4.69, Left
1761464963563, -5.37, -19.47, 4.71, Left
1761464963608, -5.35, -19.69, 4.70, Left
1761464963650, -5.44, -19.74, 4.71, Left
1761464963696, -5.43, -19.75, 4.73, Left
1761464963774, -5.55, -19.38, 4.62, Left
1761464963816, -5.56, -19.25, 4.58, Left
1761464963864, -5.61, -19.04, 4.53, Left
1761464963908, -5.60, -19.05, 4.56, Left
1761464963950, -5.66, -19.06, 4.60, Left
1761464964047, -5.76, -19.03, 4.64, Left
1761464964091, -5.85, -18.77, 4.67, Left
1761464964133, -5.95, -18.61, 4.72, Left
1761464964193, -5.92, -18.73, 4.79, Left
1761464964239, -5.95, -18.83, 4.84, Left
1761464964324, -5.96, -19.00, 4.89, Left
1761464964375, -6.07, -18.96, 4.90, Left
1761464964421, -6.12, -18.80, 4.89, Left
1761464964468, -6.13, -18.66, 4.91, Left
1761464964516, -6.07, -18.51, 4.92, Left
1761464964577, -6.10, -18.55, 4.90, Left
1761464964623, -6.12, -18.48, 4.86, Left
1761464964667, -6.15, -18.48, 4.85, Left
1761464964716, -6.20, -18.35, 4.79, Left
1761464964759, -6.15, -17.99, 4.71, Left
1761464964847, -6.14, -18.22, 4.75, Left
1761464964890, -6.05, -18.35, 4.79, Left
1761464964934, -6.00, -18.68, 4.84, Left
1761464964977, -5.99, -19.00, 4.86, Left
1761464965021, -6.01, -19.34, 4.88, Left
1761464965119, -5.96, -19.28, 4.87, Left
1761464965165, -5.95, -19.28, 4.86, Left
1761464965211, -5.93, -19.18, 4.83, Left
1761464965257, -5.70, -18.95, 4.77, Left
1761464965301, -5.83, -19.26, 4.78, Left
1761464965376, -5.74, -19.00, 4.75, Left
1761464965422, -5.69, -18.85, 4.71, Left
1761464965464, -5.67, -18.62, 4.67, Left
1761464965507, -5.63, -18.38, 4.63, Left
1761464965552, -5.61, -18.20, 4.62, Left
1761464965647, -5.64, -18.00, 4.59, Left
1761464965691, -5.56, -17.92, 4.61, Left
1761464965735, -5.57, -17.79, 4.62, Left
1761464965783, -5.88, -18.07, 4.69, Left
1761464965830, -5.92, -18.08, 4.70, Left
1761464965920, -6.03, -18.12, 4.67, Left
1761464965968, -6.09, -18.18, 4.64, Left
1761464966016, -6.17, -18.22, 4.61, Left
1761464966062, -6.14, -18.28, 4.62, Left
1761464966106, -6.11, -18.27, 4.60, Left
1761464966177, -6.08, -18.35, 4.56, Left
1761464966221, -6.13, -18.50, 4.53, Left
1761464966268, -6.09, -18.74, 4.51, Left
1761464966317, -5.95, -18.72, 4.48, Left
1761464966366, -5.82, -18.63, 4.50, Left
1761464966448, -5.76, -18.55, 4.53, Left
1761464966493, -5.70, -18.57, 4.57, Left
1761464966539, -5.62, -18.64, 4.63, Left
1761464966581, -5.78, -18.59, 4.63, Left
1761464966626, -5.82, -18.54, 4.66, Left
1761464966720, -5.88, -18.62, 4.72, Left
1761464966767, -5.96, -18.47, 4.75, Left
1761464966816, -6.04, -18.32, 4.78, Left
1761464966862, -6.07, -18.30, 4.81, Left
1761464966905, -6.12, -18.32, 4.83, Left
1761464966974, -6.03, -18.37, 4.82, Left
1761464967019, -6.00, -18.43, 4.82, Left
1761464967063, -5.96, -18.44, 4.79, Left
1761464967109, -5.81, -18.55, 4.77, Left
1761464967155, -5.75, -18.60, 4.76, Left
1761464967247, -5.63, -18.65, 4.78, Left
1761464967291, -5.61, -19.03, 4.86, Left
1761464967337, -5.60, -19.41, 4.93, Left
1761464967382, -5.62, -19.53, 4.96, Left
1761464967427, -5.62, -19.61, 5.00, Left
1761464967521, -5.66, -19.78, 5.06, Left
1761464967565, -5.64, -19.72, 5.07, Left
1761464967614, -5.64, -19.59, 5.10, Left
1761464967657, -5.55, -19.65, 5.16, Left
1761464967700, -5.53, -19.74, 5.18, Left
1761464967775, -5.56, -19.86, 5.21, Left
1761464967819, -5.49, -19.76, 5.21, Left
1761464967863, -5.41, -19.64, 5.20, Left
1761464967906, -5.36, -19.66, 5.23, Left
1761464967950, -5.27, -19.70, 5.24, Left
1761464968049, -5.34, -19.80, 5.25, Left
1761464968095, -5.36, -19.86, 5.27, Left
1761464968140, -5.35, -20.06, 5.32, Left
1761464968184, -5.45, -19.90, 5.32, Left
1761464968231, -5.44, -19.99, 5.35, Left
1761464968319, -5.39, -19.71, 5.31, Left
1761464968364, -5.28, -19.52, 5.25, Left
1761464968407, -5.14, -19.41, 5.22, Left
1761464968452, -4.98, -19.39, 5.23, Left
1761464968500, -4.98, -19.45, 5.24, Left
1761464968576, -4.84, -19.30, 5.25, Left
1761464968619, -4.86, -19.32, 5.27, Left
1761464968664, -4.86, -19.30, 5.26, Left
1761464968710, -4.80, -19.41, 5.28, Left
1761464968753, -4.88, -19.36, 5.24, Left
1761464968847, -4.90, -19.69, 5.30, Left
1761464968893, -4.94, -19.91, 5.36, Left
1761464968939, -5.02, -20.07, 5.38, Left
1761464968982, -5.09, -20.12, 5.39, Left
1761464969028, -5.05, -20.17, 5.41, Left
1761464969118, -5.02, -20.22, 5.46, Left
1761464969162, -4.99, -20.30, 5.50, Left
1761464969207, -4.96, -20.36, 5.55, Left
1761464969249, -4.98, -20.30, 5.55, Left
1761464969293, -4.84, -20.23, 5.59, Left
1761464969374, -4.79, -20.05, 5.53, Left
1761464969419, -4.68, -19.88, 5.48, Left
1761464969463, -4.53, -19.70, 5.46, Left
1761464969507, -4.47, -19.52, 5.40, Left
1761464969550, -4.37, -19.32, 5.35, Left
1761464969646, -4.30, -19.29, 5.32, Left
1761464969690, -4.16, -19.26, 5.30, Left
1761464969735, -4.03, -19.22, 5.27, Left
1761464969779, -3.99, -19.23, 5.25, Left
1761464969824, -4.03, -19.44, 5.25, Left
1761464969918, -4.01, -19.45, 5.31, Left
1761464969962, -4.07, -19.47, 5.37, Left
1761464970007, -4.16, -19.49, 5.40, Left
1761464970050, -4.23, -19.57, 5.46, Left
1761464970095, -4.29, -19.62, 5.51, Left
1761464970175, -4.40, -19.45, 5.48, Left
1761464970218, -4.50, -19.27, 5.45, Left
1761464970261, -4.61, -19.11, 5.43, Left
1761464970306, -4.63, -19.04, 5.44, Left
1761464970348, -4.71, -19.12, 5.47, Left
1761464970447, -4.72, -19.34, 5.48, Left
1761464970492, -4.78, -19.49, 5.50, Left
1761464970534, -4.88, -19.76, 5.53, Left
1761464970579, -4.90, -19.69, 5.48, Left
1761464970624, -4.94, -19.44, 5.38, Left
1761464970702, -4.89, -19.59, 5.37, Left
1761464970748, -4.84, -19.75, 5.36, Left
1761464970792, -4.79, -19.89, 5.33, Left
1761464970835, -4.74, -20.05, 5.32, Left
1761464970878, -4.67, -19.79, 5.29, Left
1761464970975, -4.79, -19.79, 5.28, Left
1761464971020, -4.89, -19.82, 5.23, Left
1761464971063, -4.95, -19.71, 5.19, Left
1761464971109, -5.03, -19.85, 5.17, Left
1761464971155, -5.13, -20.25, 5.20, Left
1761464971247, -5.29, -20.34, 5.18, Left
1761464971291, -5.47, -20.55, 5.16, Left
1761464971334, -5.64, -20.61, 5.11, Left
1761464971381, -5.89, -20.60, 5.04, Left
1761464971426, -6.10, -20.65, 4.96, Left
1761464971503, -6.20, -20.67, 4.87, Left
1761464971546, -6.28, -20.61, 4.82, Left
1761464971590, -6.39, -20.65, 4.75, Left
1761464971633, -6.47, -20.74, 4.73, Left
1761464971679, -6.39, -20.55, 4.66, Left
1761464971775, -6.34, -20.70, 4.65, Left
1761464971819, -6.27, -20.73, 4.63, Left
1761464971862, -6.23, -20.85, 4.62, Left
1761464971905, -6.22, -20.85, 4.59, Left
1761464971949, -6.22, -20.83, 4.56, Left
1761464972046, -6.21, -20.80, 4.57, Left
1761464972092, -6.21, -20.91, 4.57, Left
1761464972135, -6.17, -20.91, 4.56, Left
1761464972178, -6.12, -20.73, 4.52, Left
1761464972222, -6.29, -20.74, 4.53, Left
1761464972303, -6.39, -20.39, 4.50, Left
1761464972347, -6.50, -20.02, 4.46, Left
1761464972391, -6.58, -19.74, 4.45, Left
1761464972436, -6.56, -19.70, 4.47, Left
1761464972480, -6.45, -19.61, 4.48, Left
1761464972575, -6.45, -19.61, 4.51, Left
1761464972620, -6.40, -19.47, 4.53, Left
1761464972663, -6.38, -19.34, 4.53, Left
1761464972708, -6.41, -19.34, 4.55, Left
1761464972753, -6.42, -19.56, 4.58, Left
1761464972848, -6.39, -19.48, 4.57, Left
1761464972893, -6.35, -19.42, 4.56, Left
1761464972938, -6.33, -19.30, 4.54, Left
1761464972983, -6.38, -19.27, 4.54, Left
1761464973027, -6.48, -19.39, 4.56, Left
1761464973102, -6.45, -19.06, 4.51, Left
1761464973147, -6.45, -18.89, 4.50, Left
1761464973191, -6.44, -18.72, 4.48, Left
1761464973236, -6.41, -18.59, 4.48, Left
1761464973280, -6.39, -18.40, 4.48, Left
1761464973386, -6.38, -18.50, 4.57, Left
1761464973432, -6.34, -18.43, 4.63, Left
1761464973480, -6.36, -18.54, 4.71, Left
1761464973525, -6.22, -18.40, 4.73, Left
1761464973570, -6.10, -18.19, 4.76, Left
1761464973650, -5.96, -18.34, 4.77, Left
1761464973695, -5.84, -18.57, 4.80, Left
1761464973742, -5.71, -18.80, 4.84, Left
1761464973791, -5.67, -18.99, 4.86, Left
1761464973837, -5.58, -18.87, 4.86, Left
1761464973915, -5.56, -18.64, 4.75, Left
1761464973962, -5.58, -18.65, 4.71, Left
1761464974009, -5.55, -18.50, 4.66, Left
1761464974055, -5.56, -18.50, 4.60, Left
1761464974102, -5.57, -18.52, 4.56, Left
1761464974180, -5.67, -18.44, 4.57, Left
1761464974228, -5.73, -18.28, 4.54, Left
1761464974274, -5.79, -18.11, 4.50, Left
1761464974321, -5.81, -17.99, 4.49, Left
1761464974367, -5.82, -18.01, 4.50, Left
1761464974461, -5.90, -17.84, 4.54, Left
1761464974508, -5.94, -17.62, 4.52, Left
1761464974554, -5.97, -17.40, 4.51, Left
1761464974602, -6.09, -17.26, 4.57, Left
1761464974649, -6.14, -17.02, 4.59, Left
1761464974709, -6.12, -16.94, 4.57, Left
1761464974756, -6.11, -16.99, 4.58, Left
1761464974804, -6.10, -17.04, 4.60, Left
1761464974851, -6.06, -17.09, 4.60, Left
1761464974897, -6.08, -17.09, 4.59, Left
1761464974989, -6.03, -17.41, 4.61, Left
1761464975042, -5.98, -17.53, 4.60, Left
1761464975098, -5.96, -17.61, 4.60, Left
1761464975195, -5.93, -17.28, 4.53, Left
1761464975254, -5.84, -17.22, 4.54, Left
1761464975302, -5.86, -17.29, 4.63, Left
1761464975387, -5.93, -17.26, 4.72, Left
1761464975432, -6.09, -17.19, 4.80, Left
1761464975483, -6.25, -17.08, 4.89, Left
1761464975535, -6.31, -17.08, 5.02, Left
1761464975590, -6.33, -17.06, 5.15, Left
1761464975647, -6.39, -17.24, 5.32, Left
1761464975696, -6.48, -17.57, 5.49, Left
1761464975740, -6.49, -18.20, 5.71, Left
1761464975786, -6.66, -18.64, 5.86, Left
1761464975828, -6.79, -18.76, 5.97, Left
1761464975903, -6.91, -18.78, 6.04, Left
1761464975950, -6.91, -18.98, 6.16, Left
1761464975995, -6.84, -19.20, 6.29, Left
1761464976041, -6.86, -19.39, 6.37, Left
1761464976085, -6.80, -19.48, 6.34, Left
1761464976177, -6.74, -19.59, 6.36, Left
1761464976222, -6.71, -19.67, 6.37, Left
1761464976267, -6.73, -19.67, 6.37, Left
1761464976312, -6.70, -19.45, 6.32, Left
1761464976357, -6.69, -19.51, 6.29, Left
1761464976451, -6.62, -19.61, 6.27, Left
1761464976498, -6.59, -19.57, 6.20, Left
1761464976548, -6.62, -19.54, 6.13, Left
1761464976596, -6.57, -19.45, 6.04, Left
1761464976642, -6.70, -19.36, 6.02, Left
1761464976702, -6.80, -19.24, 5.93, Left
1761464976747, -6.79, -18.90, 5.86, Left
1761464976799, -6.75, -18.66, 5.80, Left
1761464976849, -6.72, -18.65, 5.77, Left
1761464976898, -6.70, -18.46, 5.69, Left
1761464976975, -6.60, -18.13, 5.61, Left
1761464977020, -6.51, -17.96, 5.55, Left
1761464977066, -6.43, -17.80, 5.49, Left
1761464977115, -6.36, -17.48, 5.41, Left
1761464977163, -6.21, -17.27, 5.36, Left
1761464977248, -5.99, -17.18, 5.36, Left
1761464977297, -5.91, -17.33, 5.34, Left
1761464977341, -5.84, -17.48, 5.33, Left
1761464977383, -5.86, -17.40, 5.29, Left
1761464977429, -5.84, -17.25, 5.28, Left
1761464977502, -5.84, -17.38, 5.31, Left
1761464977546, -5.83, -17.26, 5.28, Left
1761464977596, -5.81, -17.16, 5.23, Left
1761464977640, -5.86, -17.24, 5.24, Left
1761464977683, -5.90, -17.41, 5.28, Left
1761464977775, -5.89, -17.31, 5.17, Left
1761464977817, -5.86, -16.99, 5.07, Left
1761464977861, -5.77, -16.71, 4.95, Left
1761464977906, -5.54, -16.55, 4.92, Left
1761464977949, -5.32, -16.38, 4.87, Left
1761464978047, -5.33, -16.43, 4.88, Left
1761464978091, -5.29, -16.42, 4.89, Left
1761464978134, -5.28, -16.58, 4.95, Left
1761464978180, -5.33, -16.68, 4.95, Left
1761464978223, -5.40, -16.61, 4.92, Left
1761464978303, -5.47, -16.68, 5.00, Left
1761464978348, -5.49, -16.93, 5.08, Left
1761464978397, -5.57, -17.16, 5.17, Left
1761464978448, -5.70, -17.48, 5.22, Left
1761464978497, -5.85, -17.76, 5.26, Left
1761464978575, -5.84, -17.80, 5.28, Left
1761464978618, -5.87, -17.99, 5.33, Left
1761464978663, -5.88, -17.98, 5.35, Left
1761464978707, -5.95, -18.08, 5.35, Left
1761464978750, -5.98, -18.31, 5.37, Left
1761464978847, -6.12, -18.46, 5.40, Left
1761464978894, -6.26, -18.68, 5.43, Left
1761464978940, -6.39, -18.73, 5.43, Left
1761464978989, -6.43, -18.66, 5.42, Left
1761464979035, -6.48, -18.73, 5.46, Left
1761464979111, -6.50, -18.91, 5.45, Left
1761464979157, -6.50, -18.90, 5.39, Left
1761464979200, -6.47, -18.86, 5.35, Left
1761464979245, -6.32, -18.82, 5.37, Left
1761464979292, -6.12, -18.74, 5.34, Left
1761464979377, -5.99, -18.69, 5.30, Left
1761464979425, -5.77, -18.69, 5.29, Left
1761464979470, -5.58, -18.82, 5.29, Left
1761464979515, -5.51, -19.11, 5.34, Left
1761464979561, -5.45, -19.22, 5.31, Left
1761464979646, -5.38, -18.97, 5.26, Left
1761464979693, -5.40, -19.02, 5.26, Left
1761464979738, -5.43, -18.95, 5.25, Left
1761464979783, -5.50, -18.89, 5.24, Left
1761464979827, -5.63, -18.81, 5.28, Left
1761464979902, -5.78, -18.94, 5.34, Left
1761464979945, -5.94, -18.94, 5.38, Left
1761464979994, -6.16, -18.98, 5.41, Left
1761464980040, -6.31, -18.88, 5.39, Left
1761464980085, -6.47, -18.95, 5.39, Left
1761464980175, -6.62, -18.88, 5.38, Left
1761464980218, -6.73, -18.69, 5.35, Left
1761464980262, -6.86, -18.61, 5.35, Left
1761464980308, -6.84, -18.75, 5.30, Left
1761464980352, -6.81, -18.94, 5.23, Left
1761464980447, -6.63, -18.79, 5.18, Left
1761464980495, -6.50, -18.60, 5.15, Left
1761464980538, -6.31, -18.30, 5.09, Left
1761464980581, -6.16, -18.38, 5.08, Left
1761464980628, -6.04, -18.35, 5.09, Left
1761464980702, -6.07, -18.67, 5.16, Left
1761464980745, -6.06, -18.98, 5.20, Left
1761464980790, -6.06, -19.34, 5.23, Left
1761464980833, -6.17, -19.49, 5.31, Left
1761464980876, -6.23, -19.22, 5.32, Left
1761464980921, -6.37, -19.33, 5.32, Left
1761464980964, -6.51, -19.43, 5.30, Left
1761464981011, -6.70, -19.50, 5.31, Left
1761464981055, -6.88, -19.32, 5.31, Left
1761464981103, -6.93, -19.21, 5.30, Left
1761464981147, -6.88, -19.12, 5.27, Left
1761464981193, -6.83, -19.05, 5.25, Left
1761464981238, -6.78, -18.95, 5.21, Left
1761464981281, -6.67, -18.75, 5.20, Left
1761464981327, -6.64, -18.93, 5.23, Left
1761464981373, -6.60, -18.90, 5.24, Left
1761464981417, -6.58, -18.73, 5.22, Left
1761464981461, -6.54, -18.97, 5.25, Left
1761464981504, -6.26, -18.97, 5.18, Left
1761464981631, -6.27, -19.12, 5.16, Left
1761464981676, -6.25, -18.98, 5.15, Left
1761464981720, -6.22, -18.85, 5.13, Left
1761464981776, -6.22, -18.71, 5.11, Left
1761464981821, -6.23, -18.79, 5.09, Left
1761464981902, -6.24, -18.85, 5.09, Left
1761464981946, -6.22, -18.89, 5.10, Left
1761464981993, -6.18, -19.06, 5.14, Left
1761464982040, -5.98, -18.92, 5.07, Left
1761464982176, -6.06, -19.21, 5.12, Left
1761464982220, -5.99, -19.26, 5.18, Left
1761464982302, -5.65, -19.30, 5.15, Left
1761464982345, -5.49, -19.31, 5.13, Left
1761464982394, -5.27, -19.34, 5.13, Left
1761464982439, -4.98, -18.75, 4.93, Left
1761464982575, -4.47, -15.24, 4.22, Left
1761464982622, -3.91, -11.73, 3.42, Left
1761464982706, -3.04, -7.84, 2.49, Forward
1761464982753, -2.11, -3.95, 1.56, Forward
1761464982796, -0.89, 0.16, 0.58, Forward
1761464982848, 0.35, 4.47, -0.60, Forward
1761464982975, 0.98, 8.45, -1.71, Forward
1761464983018, -0.91, 7.86, 15.50, Forward
1761464983102, -0.14, 11.36, 14.08, Right
1761464983145, 0.49, 14.45, 12.88, Right
1761464983193, 0.85, 14.68, 12.19, Right
1761464983237, 1.08, 13.72, 11.39, Right
1761464983376, 1.29, 11.59, 10.31, Right
1761464983421, 1.19, 9.55, 9.27, Forward
1761464983504, 1.37, 6.93, 8.58, Forward
1761464983548, 1.65, 3.75, 8.15, Forward
1761464983592, 2.26, 0.67, 7.72, Forward
1761464983637, 5.03, 4.12, -10.49, Forward
1761464983774, 4.96, 3.94, -9.13, Forward
1761464983819, 4.95, 3.18, -7.69, Forward
1761464983902, 4.81, 2.90, -5.67, Forward
1761464983946, 4.52, 3.91, -3.49, Forward
1761464983993, 4.04, 5.90, -0.93, Forward
1761464984036, 3.36, 8.37, 1.85, Forward
1761464984175, 2.45, 11.79, 4.56, Right
1761464984218, 1.28, 15.41, 7.29, Right
1761464984302, -0.43, 19.82, 10.19, Right
1761464984344, -1.60, 22.21, 12.49, Right
1761464984390, -2.64, 24.18, 13.87, Right
1761464984433, -4.10, 27.96, -2.39, Right
1761464984575, -4.76, 31.84, -20.01, Right
1761464984623, -4.52, 35.87, -38.14, Right
1761464984703, 0.89, 39.47, -45.51, Right
1761464984747, -2.31, 32.71, -28.66, Right
1761464984792, -6.04, 24.89, -12.28, Right
1761464984835, -9.24, 17.23, 4.05, Right
1761464984975, -7.42, 21.12, 19.57, Right
1761464985022, -10.00, 24.31, 3.31, Right
1761464985273, -6.91, 27.75, 17.69, Right
1761464985358, -3.43, 29.89, 49.62, Right
1761464985505, -4.90, 30.60, 50.10, Right
1761464985548, -7.20, 30.96, 51.05, Right
1761464985592, -14.49, 28.04, 40.39, Right
1761464985635, -11.34, 34.62, 22.32, Right
1761464985781, -7.78, 41.66, 4.39, Right
1761464985828, -4.55, 48.36, -13.56, Right
1761464985904, -6.09, 42.00, -30.70, Right
1761464985951, -3.10, 36.09, -16.03, Right
1761464985997, -5.71, 30.06, -32.07, Right
1761464986046, -8.42, 23.70, -48.03, Right
1761464986185, -6.79, 18.16, -31.84, Right
1761464986233, -5.04, 12.80, -15.63, Right
1761464986310, -3.47, 10.88, 1.50, Right
1761464986357, -3.48, 9.21, 1.59, Forward
1761464986403, -3.61, 7.78, 1.74, Forward
1761464986449, -3.77, 6.72, 1.87, Forward
1761464986576, -3.71, 6.00, 1.90, Forward
1761464986621, -3.88, 5.65, 1.97, Forward
1761464986715, -4.25, 4.52, 2.10, Forward
1761464986762, -4.53, 3.59, 2.17, Forward
1761464986808, -4.87, 2.63, 2.26, Forward
1761464986855, -5.12, 1.00, 2.46, Forward
1761464986979, -5.44, -0.81, 2.69, Forward
1761464987026, -5.76, -2.63, 2.96, Forward
1761464987120, -6.00, -4.74, 3.29, Forward
1761464987169, -6.27, -6.99, 3.61, Forward
1761464987215, -6.51, -8.85, 3.86, Forward
1761464987263, -6.69, -10.49, 4.06, Left
1761464987388, -6.55, -10.38, 4.04, Left
1761464987435, -6.66, -10.29, 4.03, Left
1761464987513, -6.57, -9.13, 3.97, Forward
1761464987561, -6.56, -7.49, 3.83, Forward
1761464987607, -6.55, -5.61, 3.63, Forward
1761464987655, -6.48, -3.74, 3.36, Forward
1761464987778, -6.70, -2.34, 3.16, Forward
1761464987826, -6.83, -0.82, 2.92, Forward
1761464987904, -6.99, 0.07, 2.76, Forward
1761464987952, -7.10, 0.36, 2.69, Forward
1761464987998, -7.38, -0.51, 2.80, Forward
1761464988047, -7.30, -1.24, 2.88, Forward
1761464988185, -7.30, -2.94, 2.94, Forward
1761464988232, -7.37, -4.69, 3.06, Forward
1761464988309, -7.42, -6.65, 3.22, Forward
1761464988355, -7.48, -8.62, 3.46, Forward
1761464988402, -7.37, -9.81, 3.54, Forward
1761464988449, -7.28, -11.06, 3.65, Left
1761464988574, -7.22, -11.82, 3.71, Left
1761464988623, -7.13, -12.15, 3.74, Left
1761464988716, -7.12, -12.35, 3.86, Left
1761464988762, -7.20, -12.41, 3.99, Left
1761464988810, -7.42, -12.63, 4.18, Left
1761464988856, -7.44, -11.90, 4.60, Left
1761464988981, -7.58, -10.62, 4.88, Left
1761464989027, -7.75, -9.49, 5.19, Forward
1761464989121, -7.99, -8.75, 5.50, Forward
1761464989168, -8.16, -8.22, 5.84, Forward
1761464989215, -8.30, -7.50, 6.15, Forward
1761464989261, -8.44, -6.26, 6.28, Forward
1761464989387, -8.59, -5.64, 6.27, Forward
1761464989434, -8.84, -5.18, 6.26, Forward
1761464989512, -8.99, -4.60, 6.32, Forward
1761464989559, -9.32, -5.16, 6.14, Forward
1761464989606, -9.57, -5.98, 6.06, Forward
1761464989652, -9.70, -6.85, 6.02, Forward
1761464989778, -9.88, -7.22, 5.95, Forward
1761464989825, -10.18, -7.15, 5.84, Down
1761464989917, -10.42, -7.34, 5.80, Down
1761464989965, -10.68, -8.23, 5.93, Down
1761464990012, -10.86, -8.61, 6.09, Down
1761464990059, -10.88, -8.90, 6.26, Down
1761464990182, -10.96, -9.37, 6.42, Down
1761464990229, -11.07, -9.58, 6.52, Down
1761464990306, -11.05, -9.79, 6.60, Down
1761464990352, -11.13, -9.75, 6.62, Down
1761464990400, -11.10, -9.85, 6.68, Down
1761464990445, -11.09, -10.23, 6.71, Left
1761464990586, -11.32, -10.19, 6.60, Left
1761464990633, -11.48, -10.06, 6.52, Left
1761464990711, -11.52, -10.26, 6.54, Left
1761464990759, -11.72, -10.42, 6.54, Left
1761464990805, -11.92, -10.48, 6.52, Left
1761464990852, -11.91, -10.71, 6.55, Left
1761464990976, -12.04, -10.89, 6.62, Left
1761464991039, -12.14, -11.09, 6.72, Left
1761464991117, -12.24, -11.26, 6.75, Left
1761464991166, -12.16, -11.45, 6.80, Left
1761464991211, -11.95, -11.66, 6.88, Left
1761464991260, -11.82, -11.76, 6.93, Left
1761464991383, -11.81, -11.87, 6.89, Left
1761464991430, -11.68, -11.97, 6.84, Left
1761464991521, -11.47, -12.18, 6.83, Left
1761464991568, -11.43, -12.12, 6.76, Left
1761464991616, -11.36, -12.32, 6.66, Left
1761464991661, -11.33, -12.46, 6.50, Left
1761464991785, -11.24, -12.52, 6.36, Left
1761464991832, -11.25, -12.42, 6.25, Left
1761464991878, -11.20, -12.41, 6.17, Left
1761464991926, -10.73, -11.43, 5.56, Left
1761464991972, -10.54, -10.04, 4.96, Left
1761464992020, -10.34, -8.63, 4.35, Down
1761464992067, -9.93, -6.21, 3.45, Forward
1761464992115, -9.53, -3.90, 2.61, Forward
1761464992161, -9.15, -1.53, 1.78, Forward
1761464992208, -8.69, 1.12, 0.82, Forward
1761464992317, -8.23, 3.93, -0.08, Forward
1761464992364, -7.87, 6.59, -1.00, Forward
1761464992439, -7.55, 9.16, -1.85, Forward
1761464992487, -7.70, 10.60, -2.13, Right
1761464992534, -7.46, 11.69, -2.40, Right
1761464992580, -7.18, 12.92, -2.75, Right
1761464992706, -7.47, 13.67, -2.55, Right
1761464992752, -7.99, 14.59, -2.29, Right
1761464992831, -8.02, 16.07, -2.14, Right
1761464992878, -8.09, 17.29, -1.87, Right
1761464992925, -8.30, 18.15, -1.57, Right
1761464992971, -8.00, 19.05, -1.26, Right
1761464993113, -7.33, 19.85, -1.13, Right
1761464993158, -6.63, 20.54, -0.99, Right
1761464993237, -5.94, 20.84, -0.66, Right
1761464993283, -5.49, 20.67, -0.18, Right
1761464993330, -4.73, 20.08, 0.02, Right
1761464993376, -3.88, 19.06, 0.16, Right
1761464993515, -3.55, 16.36, 0.59, Right
1761464993563, -3.25, 13.51, 1.06, Right
1761464993641, -2.83, 10.55, 1.49, Right
1761464993690, -2.85, 7.29, 1.96, Forward
1761464993739, -3.15, 4.48, 2.48, Forward
1761464993788, -3.38, 1.34, 3.04, Forward
1761464993910, -3.77, -1.41, 3.46, Forward
1761464993956, -3.97, -3.64, 3.78, Forward
1761464994034, -4.32, -6.14, 4.08, Forward
1761464994082, -4.30, -8.29, 4.38, Forward
1761464994127, -4.32, -9.26, 4.49, Forward
1761464994175, -4.24, -9.80, 4.49, Forward
1761464994314, -4.29, -9.73, 4.44, Forward
1761464994382, -4.37, -9.51, 4.37, Forward
1761464994444, -4.37, -8.88, 4.14, Forward
1761464994506, -4.51, -7.61, 3.83, Forward
1761464994557, -4.56, -6.34, 3.53, Forward
1761464994612, -4.66, -4.35, 3.11, Forward
1761464994706, -4.54, -1.88, 2.65, Forward
1761464994753, -4.67, 0.52, 2.12, Forward
1761464994845, -4.78, 2.97, 1.62, Forward
1761464994892, -4.96, 5.01, 1.22, Forward
1761464994939, -5.07, 6.55, 0.86, Forward
1761464994985, -5.02, 7.87, 0.57, Forward
1761464995112, -5.30, 8.16, 0.59, Forward
1761464995159, -5.51, 8.25, 0.65, Forward
1761464995236, -5.67, 7.92, 0.72, Forward
1761464995283, -5.82, 6.85, 0.87, Forward
1761464995330, -6.05, 5.50, 1.08, Forward
1761464995380, -6.28, 4.30, 1.37, Forward
1761464995518, -6.43, 2.54, 1.70, Forward
1761464995564, -6.56, 0.82, 2.06, Forward
1761464995643, -6.69, -0.94, 2.41, Forward
1761464995690, -6.85, -2.58, 2.71, Forward
1761464995736, -6.77, -3.64, 2.87, Forward
1761464995782, -6.79, -5.11, 3.07, Forward
1761464995908, -6.99, -5.42, 3.17, Forward
1761464995954, -7.16, -6.02, 3.30, Forward
1761464996032, -7.34, -6.48, 3.45, Forward
1761464996079, -7.50, -7.09, 3.56, Forward
1761464996126, -7.69, -7.16, 3.59, Forward
1761464996173, -7.79, -7.21, 3.57, Forward
1761464996313, -7.81, -6.96, 3.54, Forward
1761464996362, -7.99, -6.59, 3.47, Forward
1761464996440, -8.13, -6.72, 3.52, Forward
1761464996486, -8.17, -6.34, 3.47, Forward
1761464996532, -8.08, -6.42, 3.48, Forward
1761464996579, -7.91, -6.93, 3.60, Forward
1761464996703, -7.70, -7.44, 3.68, Forward
1761464996750, -7.52, -7.82, 3.75, Forward
1761464996845, -7.40, -8.16, 3.81, Forward
1761464996892, -7.36, -8.38, 3.93, Forward
1761464996954, -7.33, -8.81, 4.03, Forward
1761464996999, -7.26, -9.15, 4.18, Forward
1761464997108, -7.29, -9.16, 4.24, Forward
1761464997156, -7.25, -9.30, 4.34, Forward
1761464997235, -7.09, -8.73, 4.34, Forward
1761464997282, -7.14, -8.06, 4.33, Forward
1761464997330, -7.23, -7.01, 4.28, Forward
1761464997376, -7.15, -5.70, 4.08, Forward
1761464997516, -7.16, -4.00, 3.78, Forward
1761464997563, -7.14, -2.97, 3.57, Forward
1761464997643, -7.17, -1.38, 3.30, Forward
1761464997689, -7.14, 0.32, 2.92, Forward
1761464997737, -7.07, 1.83, 2.57, Forward
1761464997784, -6.96, 3.12, 2.17, Forward
1761464997908, -6.97, 3.69, 1.86, Forward
1761464997954, -6.84, 4.33, 1.50, Forward
1761464998031, -6.77, 3.90, 1.31, Forward
1761464998077, -6.78, 3.06, 1.28, Forward
1761464998124, -6.64, 1.78, 1.36, Forward
1761464998172, -6.64, 1.04, 1.38, Forward
1761464998310, -6.65, -0.31, 1.52, Forward
1761464998357, -6.59, -1.76, 1.69, Forward
1761464998435, -6.62, -3.21, 1.95, Forward
1761464998482, -6.75, -4.83, 2.29, Forward
1761464998530, -6.89, -6.44, 2.66, Forward
1761464998576, -7.11, -7.26, 2.93, Forward
1761464998715, -7.24, -7.77, 3.21, Forward
1761464998762, -7.43, -8.00, 3.48, Forward
1761464998840, -7.39, -8.01, 3.77, Forward
1761464998888, -7.34, -8.03, 4.04, Forward
1761464998935, -7.27, -7.88, 4.26, Forward
1761464998982, -7.36, -7.61, 4.47, Forward
1761464999106, -7.35, -7.23, 4.51, Forward
1761464999153, -7.37, -6.76, 4.56, Forward
1761464999231, -7.36, -6.38, 4.58, Forward
1761464999276, -7.29, -6.36, 4.63, Forward
1761464999322, -7.22, -6.09, 4.56, Forward
1761464999368, -7.24, -6.20, 4.53, Forward
1761464999510, -7.48, -6.11, 4.45, Forward
1761464999555, -7.69, -6.17, 4.35, Forward
1761464999633, -8.00, -5.74, 4.25, Forward
1761464999679, -8.24, -5.28, 4.15, Forward
1761464999725, -8.47, -4.94, 4.13, Forward
1761464999772, -8.55, -3.60, 3.93, Forward
1761464999912, -8.55, -2.64, 3.71, Forward
1761464999960, -8.54, -1.72, 3.53, Forward
1761465000037, -8.51, -0.66, 3.25, Forward
1761465000083, -8.25, 0.40, 2.97, Forward
1761465000133, -8.00, 1.30, 2.68, Forward
1761465000188, -7.94, 2.11, 2.40, Forward
1761465000309, -7.86, 1.68, 2.22, Forward
1761465000366, -7.76, 1.43, 2.03, Forward
1761465000441, -7.41, 0.42, 2.02, Forward
1761465000489, -7.22, -1.28, 2.14, Forward
1761465000535, -7.09, -2.60, 2.30, Forward
1761465000582, -7.04, -4.04, 2.52, Forward
1761465000707, -7.28, -5.47, 2.87, Forward
1761465000753, -7.60, -6.50, 3.18, Forward
1761465000830, -8.00, -8.08, 3.56, Forward
1761465000878, -8.16, -9.17, 3.93, Forward
1761465000924, -8.27, -9.65, 4.24, Forward
1761465000970, -8.32, -9.54, 4.42, Forward
1761465001110, -8.66, -8.73, 4.45, Forward
1761465001157, -9.02, -7.98, 4.47, Forward
1761465001233, -9.40, -6.25, 4.38, Forward
1761465001280, -9.66, -4.86, 4.23, Forward
1761465001327, -9.68, -3.55, 4.08, Forward
1761465001373, -9.80, -2.86, 4.10, Forward
1761465001512, -9.84, -2.65, 4.17, Forward
1761465001558, -9.82, -2.49, 4.26, Forward
1761465001637, -9.83, -2.62, 4.37, Forward
1761465001683, -9.93, -3.57, 4.62, Forward
1761465001731, -9.99, -4.39, 4.86, Forward
1761465001777, -10.01, -5.30, 5.07, Down
1761465001917, -10.12, -5.64, 5.20, Down
1761465001963, -10.19, -6.20, 5.42, Down
1761465002041, -10.37, -6.04, 5.52, Down
1761465002088, -10.43, -5.36, 5.46, Down
1761465002135, -10.53, -4.12, 5.33, Down
1761465002180, -10.68, -2.32, 5.05, Down
1761465002303, -10.86, -0.79, 4.67, Down
1761465002350, -11.04, 0.66, 4.35, Down
1761465002444, -11.12, 1.65, 3.97, Down
1761465002490, -11.29, 2.66, 3.62, Down
1761465002536, -11.37, 2.21, 3.46, Down
1761465002582, -11.41, 1.92, 3.23, Down
1761465002709, -11.38, 1.05, 3.11, Down
1761465002756, -11.33, 0.17, 2.97, Down
1761465002802, -11.28, -0.60, 2.85, Down
1761465002849, -11.20, -2.41, 2.88, Down
1761465002898, -11.13, -3.56, 2.92, Down
1761465002959, -10.80, -4.93, 3.02, Down
1761465003006, -10.64, -5.65, 3.13, Down
1761465003052, -10.41, -6.25, 3.23, Down
1761465003098, -10.15, -7.20, 3.36, Down
1761465003144, -10.02, -7.50, 3.43, Down
1761465003239, -9.77, -8.05, 3.52, Forward
1761465003286, -9.55, -8.72, 3.66, Forward
1761465003331, -9.35, -9.24, 3.79, Forward
1761465003378, -9.34, -9.14, 3.93, Forward
1761465003426, -9.22, -9.10, 4.07, Forward
1761465003488, -9.43, -8.71, 4.17, Forward
1761465003536, -9.59, -8.60, 4.29, Forward
1761465003582, -9.67, -8.49, 4.43, Forward
1761465003630, -9.77, -8.03, 4.53, Forward
1761465003677, -9.77, -7.85, 4.69, Forward
1761465003770, -9.82, -7.78, 4.94, Forward
1761465003816, -9.93, -7.64, 5.15, Forward
1761465003863, -10.01, -7.68, 5.40, Down
1761465003910, -9.96, -8.09, 5.58, Forward
1761465003958, -9.95, -8.48, 5.80, Forward
1761465004035, -9.72, -8.95, 5.95, Forward
1761465004082, -9.53, -9.45, 6.09, Forward
1761465004129, -9.39, -9.81, 6.20, Forward
1761465004176, -9.29, -10.02, 6.26, Left
1761465004224, -9.34, -10.37, 6.25, Left
1761465004301, -9.34, -10.37, 6.14, Left
1761465004347, -9.41, -10.78, 6.05, Left
1761465004394, -9.50, -10.86, 5.92, Left
1761465004441, -9.52, -10.74, 5.81, Left
1761465004488, -9.56, -10.80, 5.70, Left
1761465004567, -9.88, -10.51, 5.56, Left
1761465004614, -10.15, -10.08, 5.43, Left
1761465004661, -10.38, -9.79, 5.32, Down
1761465004708, -10.49, -9.50, 5.26, Down
1761465004754, -10.59, -9.08, 5.22, Down
1761465004831, -10.83, -8.85, 5.20, Down
1761465004878, -10.89, -8.27, 5.14, Down
1761465004924, -10.90, -7.89, 5.11, Down
1761465004973, -10.84, -7.79, 5.09, Down
1761465005018, -10.81, -7.43, 4.99, Down
1761465005096, -10.72, -7.35, 4.95, Down
1761465005142, -10.60, -7.34, 4.92, Down
1761465005189, -10.55, -7.33, 4.88, Down
1761465005234, -10.55, -7.59, 4.88, Down
1761465005282, -10.48, -7.77, 4.89, Down
1761465005373, -10.44, -7.95, 4.91, Down
1761465005435, -10.53, -8.34, 4.96, Down
1761465005481, -10.61, -8.68, 4.96, Down
1761465005532, -10.81, -8.69, 4.98, Down
1761465005576, -10.97, -8.78, 5.08, Down
1761465005638, -10.95, -8.88, 5.15, Down
1761465005684, -11.00, -8.99, 5.26, Down
1761465005732, -11.13, -9.12, 5.36, Down
1761465005780, -11.16, -9.10, 5.43, Down
1761465005827, -11.21, -9.09, 5.47, Down
1761465005889, -11.31, -8.92, 5.48, Down
1761465005935, -11.36, -8.65, 5.49, Down
1761465005981, -11.43, -8.44, 5.53, Down
1761465006028, -11.47, -8.44, 5.56, Down
1761465006074, -11.46, -8.62, 5.59, Down
1761465006169, -11.40, -8.82, 5.62, Down
1761465006215, -11.39, -9.03, 5.61, Down
1761465006262, -11.31, -9.34, 5.63, Down
1761465006309, -11.30, -9.67, 5.63, Down
1761465006356, -11.30, -9.99, 5.67, Down
1761465006436, -11.14, -10.25, 5.69, Left
1761465006482, -11.06, -10.47, 5.69, Left
1761465006528, -11.00, -10.70, 5.72, Left
1761465006574, -10.91, -10.88, 5.70, Left
1761465006623, -10.84, -10.91, 5.65, Left
1761465006698, -10.77, -10.80, 5.59, Left
1761465006746, -10.57, -10.79, 5.59, Left
1761465006792, -10.37, -10.65, 5.57, Left
1761465006840, -10.22, -9.63, 5.55, Down
1761465006887, -10.08, -8.93, 5.51, Down
1761465006964, -10.06, -7.53, 5.43, Down
1761465007012, -9.99, -6.14, 5.36, Forward
1761465007059, -9.87, -4.79, 5.26, Forward
1761465007105, -9.91, -3.57, 5.26, Forward
1761465007152, -10.03, -2.44, 5.26, Down
1761465007245, -10.23, -1.96, 5.29, Down
1761465007290, -10.54, -1.45, 5.33, Down
1761465007338, -10.82, -0.98, 5.34, Down
1761465007384, -11.02, -1.50, 5.39, Down
1761465007431, -11.25, -1.88, 5.40, Down
1761465007494, -11.22, -3.04, 5.46, Down
1761465007541, -11.22, -4.14, 5.50, Down
1761465007588, -11.26, -5.28, 5.58, Down
1761465007634, -11.10, -6.50, 5.62, Down
1761465007681, -10.96, -7.43, 5.61, Down
1761465007774, -10.83, -7.77, 5.59, Down
1761465007820, -10.64, -7.94, 5.50, Down
1761465007867, -10.52, -8.34, 5.47, Down
1761465007914, -10.50, -8.53, 5.38, Down
1761465007961, -10.47, -8.57, 5.30, Down
1761465008039, -10.59, -8.73, 5.22, Down
1761465008087, -10.68, -8.72, 5.11, Down
1761465008132, -10.76, -8.61, 4.99, Down
1761465008182, -10.97, -8.23, 4.85, Down
1761465008227, -11.13, -7.99, 4.78, Down
1761465008290, -11.23, -7.74, 4.68, Down
1761465008338, -11.34, -7.54, 4.63, Down
1761465008385, -11.44, -7.11, 4.53, Down
1761465008432, -11.48, -6.76, 4.48, Down
1761465008477, -11.52, -6.79, 4.48, Down
1761465008572, -11.49, -6.50, 4.46, Down
1761465008634, -11.45, -6.37, 4.47, Down
1761465008683, -11.42, -6.25, 4.46, Down
1761465008728, -11.30, -6.26, 4.47, Down
1761465008775, -11.18, -6.36, 4.43, Down
1761465008837, -11.08, -6.53, 4.47, Down
1761465008884, -10.95, -6.68, 4.49, Down
1761465008930, -10.85, -6.86, 4.48, Down
1761465008976, -10.71, -6.98, 4.49, Down
1761465009024, -10.60, -6.78, 4.48, Down
1761465009101, -10.57, -6.75, 4.48, Down
1761465009148, -10.50, -6.53, 4.46, Down
1761465009195, -10.44, -6.39, 4.45, Down
1761465009240, -10.46, -6.26, 4.43, Down
1761465009287, -10.48, -5.96, 4.43, Down
1761465009363, -10.57, -5.80, 4.43, Down
1761465009410, -10.69, -5.68, 4.45, Down
1761465009457, -10.79, -5.55, 4.48, Down
1761465009505, -10.87, -5.66, 4.53, Down
1761465009550, -10.89, -5.88, 4.58, Down
1761465009644, -10.88, -6.20, 4.64, Down
1761465009691, -10.85, -6.68, 4.74, Down
1761465009738, -10.80, -7.13, 4.80, Down
1761465009784, -10.73, -7.65, 4.86, Down
1761465009833, -10.74, -8.37, 4.91, Down
1761465009895, -10.62, -9.15, 4.96, Down
1761465009940, -10.41, -9.70, 4.98, Down
1761465009988, -10.22, -10.26, 5.00, Left
1761465010034, -10.02, -10.40, 4.93, Left
1761465010083, -9.89, -10.69, 4.88, Left
1761465010158, -9.85, -10.72, 4.82, Left
1761465010206, -9.76, -10.87, 4.78, Left
1761465010253, -9.69, -10.93, 4.76, Left
1761465010299, -9.78, -10.29, 4.64, Left
1761465010344, -9.82, -9.95, 4.60, Forward
1761465010437, -9.93, -9.73, 4.54, Forward
1761465010512, -10.10, -9.67, 4.47, Down
1761465010566, -10.26, -9.66, 4.42, Down
1761465010616, -10.38, -9.83, 4.48, Down
1761465010674, -10.46, -9.75, 4.50, Down
1761465010725, -10.57, -9.67, 4.49, Down
1761465010844, -10.75, -9.55, 4.41, Down
1761465010890, -10.90, -9.35, 4.32, Down
1761465010937, -10.85, -9.99, 4.39, Down
1761465010983, -10.78, -10.05, 4.43, Left
1761465011029, -10.83, -9.79, 4.46, Down
1761465011094, -10.85, -9.75, 4.54, Down
1761465011141, -10.89, -9.61, 4.62, Down
1761465011187, -11.01, -9.57, 4.65, Down
1761465011236, -11.13, -9.50, 4.67, Down
1761465011282, -11.04, -9.72, 4.73, Down
1761465011373, -10.89, -9.87, 4.80, Down
1761465011420, -10.80, -10.12, 4.89, Left
1761465011465, -10.70, -10.23, 4.96, Left
1761465011513, -10.64, -10.35, 4.93, Left
1761465011560, -10.47, -10.53, 4.91, Left
1761465011639, -10.38, -10.39, 4.84, Left
1761465011687, -10.31, -10.28, 4.74, Left
1761465011732, -10.24, -10.12, 4.65, Left
1761465011779, -10.13, -9.71, 4.58, Down
1761465011826, -10.17, -9.45, 4.58, Down
1761465011888, -10.34, -9.12, 4.56, Down
1761465011935, -10.53, -8.83, 4.55, Down
1761465011982, -10.71, -8.43, 4.52, Down
1761465012028, -10.88, -8.21, 4.54, Down
1761465012077, -10.97, -8.08, 4.55, Down
1761465012168, -11.08, -7.94, 4.54, Down
1761465012215, -11.07, -7.56, 4.52, Down
1761465012261, -11.17, -7.28, 4.52, Down
1761465012308, -11.07, -5.94, 4.53, Down
1761465012354, -11.06, -4.60, 4.54, Down
1761465012449, -10.88, -2.20, 4.70, Down
1761465012495, -10.65, 0.07, 4.84, Down
1761465012542, -10.41, 2.23, 5.00, Down
1761465012589, -10.13, 4.88, 5.08, Down
1761465012637, -9.93, 7.64, 5.21, Forward
1761465012700, -9.78, 10.36, 5.34, Right
1761465012747, -9.67, 12.86, 5.46, Right
1761465012793, -9.48, 15.46, 5.54, Right
1761465012840, -9.59, 16.76, 5.56, Right
1761465012888, -9.57, 18.31, 5.57, Right
1761465012965, -9.57, 18.69, 5.38, Right
1761465013012, -9.54, 19.00, 5.23, Right
1761465013059, -9.57, 19.45, 5.07, Right
1761465013104, -9.65, 19.31, 4.98, Right
1761465013151, -9.73, 19.20, 4.85, Right
1761465013242, -9.60, 18.80, 4.75, Right
1761465013289, -9.59, 18.34, 4.71, Right
1761465013338, -9.59, 17.81, 4.68, Right
1761465013382, -9.49, 17.50, 4.67, Right
1761465013430, -9.40, 17.08, 4.65, Right
1761465013494, -9.49, 16.61, 4.71, Right
1761465013539, -9.55, 16.36, 4.72, Right
1761465013587, -9.56, 16.11, 4.74, Right
1761465013634, -9.56, 15.86, 4.75, Right
1761465013681, -9.65, 15.78, 4.75, Right
1761465013758, -9.80, 15.89, 4.75, Right
1761465013806, -9.77, 15.94, 4.66, Right
1761465013868, -9.65, 16.05, 4.57, Right
1761465013913, -9.81, 15.88, 4.55, Right
1761465013961, -10.01, 15.89, 4.51, Right
1761465014025, -9.79, 15.69, 4.44, Right
1761465014070, -9.77, 15.43, 4.40, Right
1761465014133, -9.69, 15.05, 4.34, Right
1761465014180, -9.63, 14.96, 4.26, Right
1761465014226, -9.52, 14.61, 4.16, Right
1761465014288, -9.34, 14.48, 4.03, Right
1761465014335, -9.26, 14.44, 3.93, Right
1761465014382, -9.21, 14.26, 3.83, Right
1761465014428, -8.83, 13.92, 3.65, Right
1761465014475, -8.44, 13.51, 3.46, Right
1761465014569, -8.40, 12.97, 3.34, Right
1761465014617, -8.23, 12.36, 3.20, Right
1761465014665, -8.06, 11.95, 3.07, Right
1761465014712, -7.81, 10.12, 3.08, Right
1761465014766, -7.70, 8.65, 3.10, Forward
1761465014830, -7.58, 6.35, 3.21, Forward
1761465014880, -7.53, 3.98, 3.34, Forward
1761465014924, -7.49, 1.72, 3.47, Forward
1761465014969, -7.59, -0.61, 3.67, Forward
1761465015017, -7.52, -2.74, 3.88, Forward
1761465015089, -7.55, -4.85, 4.09, Forward
1761465015134, -7.52, -6.88, 4.30, Forward
1761465015178, -7.55, -9.19, 4.55, Forward
1761465015222, -7.65, -10.25, 4.65, Left
1761465015266, -7.54, -11.65, 4.77, Left
1761465015359, -7.51, -12.25, 4.80, Left
1761465015403, -7.48, -12.97, 4.85, Left
1761465015450, -7.49, -13.59, 4.88, Left
1761465015494, -7.49, -14.05, 4.88, Left
1761465015538, -7.55, -14.80, 4.88, Left
1761465015615, -7.48, -15.09, 4.85, Left
1761465015658, -7.51, -15.40, 4.80, Left
1761465015702, -7.53, -15.54, 4.71, Left
1761465015746, -7.55, -15.91, 4.70, Left
1761465015799, -7.58, -15.97, 4.62, Left
1761465015888, -7.58, -15.99, 4.58, Left
1761465015933, -7.56, -15.77, 4.49, Left
1761465015985, -7.52, -15.77, 4.44, Left
1761465016032, -7.46, -15.74, 4.38, Left
1761465016079, -7.45, -15.62, 4.33, Left
1761465016159, -7.43, -15.68, 4.28, Left
1761465016202, -7.37, -15.59, 4.26, Left
1761465016251, -7.31, -15.49, 4.23, Left
1761465016297, -7.24, -15.40, 4.10, Left
1761465016341, -7.23, -15.55, 4.01, Left
1761465016414, -6.97, -16.23, 3.96, Left
1761465016459, -6.80, -16.71, 3.89, Left
1761465016503, -6.66, -17.08, 3.78, Left
1761465016549, -6.50, -17.32, 3.67, Left
1761465016594, -6.16, -17.73, 3.59, Left
1761465016687, -5.99, -18.21, 3.52, Left
1761465016729, -5.71, -18.66, 3.42, Left
1761465016775, -5.52, -19.28, 3.36, Left
1761465016824, -5.16, -19.17, 3.23, Left
1761465016882, -4.89, -19.05, 3.13, Left
1761465016973, -4.97, -18.73, 3.08, Left
1761465017020, -4.97, -18.65, 3.08, Left
1761465017068, -4.94, -18.65, 3.10, Left
1761465017112, -4.95, -18.52, 3.21, Left
1761465017159, -5.16, -18.30, 3.32, Left
1761465017223, -5.26, -17.74, 3.43, Left
1761465017269, -5.40, -17.30, 3.54, Left
1761465017315, -5.47, -16.64, 3.63, Left
1761465017364, -5.70, -16.56, 3.87, Left
1761465017411, -5.89, -16.20, 4.10, Left
1761465017489, -6.11, -15.60, 4.26, Left
1761465017535, -6.29, -15.29, 4.44, Left
1761465017582, -6.46, -14.89, 4.60, Left
1761465017629, -6.56, -14.37, 4.65, Left
1761465017675, -6.62, -14.15, 4.72, Left
1761465017768, -6.86, -13.02, 4.65, Left
1761465017814, -7.19, -12.21, 4.62, Left
1761465017861, -7.42, -11.44, 4.58, Left
1761465017908, -7.71, -10.85, 4.63, Left
1761465017957, -8.06, -10.54, 4.63, Left
1761465018017, -8.08, -10.54, 4.73, Left
1761465018063, -8.23, -10.18, 4.79, Left
1761465018108, -8.29, -9.81, 4.85, Forward
1761465018157, -8.46, -9.69, 4.91, Forward
1761465018203, -8.65, -9.32, 4.93, Forward
1761465018297, -8.65, -10.07, 5.07, Left
1761465018342, -8.51, -10.51, 5.21, Left
1761465018389, -8.45, -10.99, 5.34, Left
1761465018435, -8.45, -11.14, 5.39, Left
1761465018482, -8.31, -11.29, 5.44, Left
1761465018561, -8.48, -11.57, 5.38, Left
1761465018607, -8.46, -11.97, 5.34, Left
1761465018655, -8.51, -12.36, 5.32, Left
1761465018702, -8.44, -12.18, 5.33, Left
1761465018751, -8.37, -12.42, 5.42, Left
1761465018828, -8.32, -12.54, 5.56, Left
1761465018874, -8.29, -12.67, 5.66, Left
1761465018921, -8.25, -12.75, 5.77, Left
1761465018968, -8.22, -12.52, 5.76, Left
1761465019015, -8.13, -12.39, 5.77, Left
1761465019093, -7.99, -12.09, 5.84, Left
1761465019140, -7.89, -11.76, 5.89, Left
1761465019187, -7.81, -11.40, 5.93, Left
1761465019234, -7.81, -11.55, 5.90, Left
1761465019281, -7.80, -11.17, 5.76, Left
1761465019359, -7.81, -10.74, 5.59, Left
1761465019405, -7.85, -10.83, 5.51, Left
1761465019453, -7.90, -10.83, 5.41, Left
1761465019499, -8.01, -10.85, 5.34, Left
1761465019545, -8.20, -10.61, 5.27, Left
1761465019622, -8.43, -10.25, 5.18, Left
1761465019670, -8.69, -9.66, 5.06, Forward
1761465019717, -8.91, -9.11, 4.94, Forward
1761465019764, -9.08, -9.16, 4.91, Forward
1761465019810, -9.26, -9.19, 4.91, Forward
1761465019887, -9.38, -9.40, 4.92, Forward
1761465019933, -9.54, -9.06, 4.85, Forward
1761465019981, -9.69, -8.80, 4.80, Forward
1761465020029, -9.75, -9.12, 4.81, Forward
1761465020075, -9.79, -9.49, 4.84, Forward
1761465020169, -9.71, -9.78, 4.88, Forward
1761465020217, -9.62, -10.19, 4.93, Left
1761465020262, -9.54, -10.58, 4.98, Left
1761465020309, -9.53, -10.58, 5.00, Left
1761465020356, -9.49, -10.56, 4.98, Left
1761465020433, -9.48, -10.35, 4.94, Left
1761465020477, -9.46, -10.24, 4.92, Left
1761465020526, -9.48, -10.13, 4.88, Left
1761465020571, -9.47, -9.81, 4.82, Forward
1761465020619, -9.43, -9.59, 4.75, Forward
1761465020697, -9.41, -9.55, 4.67, Forward
1761465020742, -9.44, -9.61, 4.59, Forward
1761465020788, -9.45, -9.69, 4.52, Forward
1761465020836, -9.56, -9.47, 4.46, Forward
1761465020880, -9.75, -9.06, 4.44, Forward
1761465020973, -9.85, -9.14, 4.40, Forward
1761465021021, -9.97, -9.11, 4.35, Forward
1761465021067, -10.05, -9.19, 4.35, Down
1761465021113, -9.95, -9.32, 4.32, Forward
1761465021159, -10.00, -9.20, 4.32, Down
1761465021224, -10.05, -8.94, 4.19, Down
1761465021269, -10.08, -8.70, 4.09, Down
1761465021315, -10.08, -8.60, 4.01, Down
1761465021363, -10.01, -8.65, 3.91, Down
1761465021411, -9.82, -8.26, 3.75, Forward
1761465021488, -9.74, -6.89, 3.56, Forward
1761465021534, -9.65, -5.81, 3.38, Forward
1761465021581, -9.54, -4.94, 3.19, Forward
1761465021628, -9.38, -3.78, 3.04, Forward
1761465021675, -9.25, -2.68, 2.85, Forward
1761465021769, -9.17, -1.90, 2.93, Forward
1761465021817, -9.13, -1.39, 3.02, Forward
1761465021863, -9.13, -0.74, 3.07, Forward
1761465021910, -8.94, -0.33, 3.13, Forward
1761465021956, -8.73, -0.79, 3.24, Forward
1761465022020, -8.49, -2.09, 3.47, Forward
1761465022066, -8.29, -3.18, 3.70, Forward
1761465022113, -8.11, -3.95, 3.86, Forward
1761465022160, -8.13, -5.02, 4.05, Forward
1761465022207, -8.07, -6.19, 4.30, Forward
1761465022301, -8.15, -7.04, 4.43, Forward
1761465022347, -8.28, -7.57, 4.55, Forward
1761465022394, -8.37, -8.22, 4.69, Forward
1761465022440, -8.63, -8.64, 4.86, Forward
1761465022487, -9.03, -9.00, 5.04, Forward
1761465022566, -9.60, -8.97, 5.13, Forward
1761465022613, -10.08, -9.02, 5.22, Down
1761465022660, -10.59, -9.07, 5.32, Down
1761465022705, -10.94, -8.96, 5.44, Down
1761465022752, -11.25, -8.79, 5.50, Down
1761465022829, -11.36, -8.75, 5.49, Down
1761465022876, -11.47, -8.66, 5.44, Down
1761465022922, -11.51, -8.46, 5.39, Down
1761465022969, -11.43, -8.22, 5.32, Down
1761465023015, -11.28, -8.00, 5.21, Down
1761465023093, -10.91, -8.01, 5.18, Down
1761465023140, -10.64, -7.95, 5.15, Down
1761465023188, -10.34, -7.88, 5.13, Down
1761465023235, -10.16, -7.99, 5.06, Down
1761465023282, -9.95, -8.23, 5.04, Forward
1761465023360, -9.88, -8.40, 5.05, Forward
1761465023407, -9.71, -8.64, 5.08, Forward
1761465023455, -9.64, -8.88, 5.10, Forward
1761465023502, -9.70, -8.88, 5.06, Forward
1761465023564, -9.77, -8.66, 5.01, Forward
1761465023626, -9.97, -8.49, 4.96, Forward
1761465023674, -10.10, -8.32, 4.91, Down
1761465023720, -10.25, -8.19, 4.88, Down
1761465023767, -10.32, -8.03, 4.85, Down
1761465023813, -10.40, -7.88, 4.80, Down
1761465023892, -10.41, -7.76, 4.78, Down
1761465023938, -10.38, -7.56, 4.76, Down
1761465023986, -10.41, -7.47, 4.74, Down
1761465024034, -10.38, -7.88, 4.82, Down
1761465024080, -10.33, -8.25, 4.93, Down
1761465024172, -10.33, -8.39, 4.96, Down
1761465024220, -10.30, -8.63, 5.02, Down
1761465024267, -10.27, -8.96, 5.09, Down
1761465024315, -10.44, -9.06, 5.18, Down
1761465024361, -10.52, -9.03, 5.26, Down
1761465024425, -10.55, -9.03, 5.33, Down
1761465024471, -10.68, -9.14, 5.39, Down
1761465024520, -10.72, -9.11, 5.45, Down
1761465024564, -10.74, -8.84, 5.48, Down
1761465024611, -10.75, -9.00, 5.55, Down
1761465024690, -10.67, -9.17, 5.64, Down
1761465024736, -10.62, -9.23, 5.72, Down
1761465024785, -10.57, -9.13, 5.75, Down
1761465024830, -10.43, -9.27, 5.82, Down
1761465024877, -10.44, -9.61, 5.91, Down
1761465024955, -10.51, -9.74, 6.00, Down
1761465025003, -10.53, -10.01, 6.14, Left
1761465025051, -10.57, -10.31, 6.26, Left
1761465025098, -10.60, -10.37, 6.39, Left
1761465025145, -10.64, -10.42, 6.48, Left
1761465025224, -10.65, -10.37, 6.55, Left
1761465025274, -10.71, -10.31, 6.58, Left
1761465025319, -10.71, -10.30, 6.64, Left
1761465025365, -10.69, -10.21, 6.65, Left
1761465025411, -10.61, -10.07, 6.63, Left
1761465025490, -10.51, -9.84, 6.59, Down
1761465025540, -10.49, -9.39, 6.51, Down
1761465025586, -10.46, -8.95, 6.44, Down
1761465025633, -10.39, -8.51, 6.32, Down
1761465025679, -10.33, -7.86, 6.18, Down
1761465025756, -10.25, -6.53, 6.03, Down
1761465025802, -10.10, -5.56, 5.95, Down
1761465025848, -10.04, -4.62, 5.87, Down
1761465025896, -10.01, -3.30, 5.71, Down
1761465025942, -9.94, -1.71, 5.59, Forward
1761465026021, -9.93, -0.67, 5.52, Forward
1761465026067, -9.84, 0.67, 5.44, Forward
1761465026114, -9.77, 1.92, 5.38, Forward
1761465026159, -9.79, 3.07, 5.29, Forward
1761465026206, -9.80, 4.19, 5.21, Forward
1761465026299, -9.93, 4.00, 5.24, Forward
1761465026345, -10.09, 4.25, 5.24, Down
1761465026393, -10.20, 4.49, 5.24, Down
1761465026439, -10.27, 3.69, 5.32, Down
1761465026486, -10.30, 2.60, 5.35, Down
1761465026549, -10.15, 1.21, 5.35, Down
1761465026596, -10.13, -0.41, 5.35, Down
1761465026642, -10.10, -1.99, 5.34, Down
1761465026689, -10.08, -3.61, 5.38, Down
1761465026736, -10.02, -5.15, 5.41, Down
1761465026815, -10.00, -6.33, 5.31, Forward
1761465026862, -9.96, -7.61, 5.17, Forward
1761465026912, -9.93, -9.04, 5.07, Forward
1761465026963, -9.92, -9.57, 4.89, Forward
1761465027012, -10.02, -10.10, 4.76, Left
1761465027089, -10.03, -10.40, 4.74, Left
1761465027133, -9.97, -10.87, 4.80, Left
1761465027186, -9.87, -11.48, 4.86, Left
1761465027235, -9.73, -11.91, 4.94, Left
1761465027282, -9.64, -12.44, 5.05, Left
1761465027344, -9.44, -12.79, 5.20, Left
1761465027390, -9.26, -13.16, 5.36, Left
1761465027434, -9.05, -13.34, 5.52, Left
1761465027479, -8.87, -13.88, 5.73, Left
1761465027523, -8.57, -14.27, 5.97, Left
1761465027614, -8.51, -14.51, 6.15, Left
1761465027658, -8.46, -14.77, 6.32, Left
1761465027702, -8.43, -14.85, 6.47, Left
1761465027747, -8.32, -15.36, 6.72, Left
1761465027792, -8.20, -15.59, 6.90, Left
1761465027886, -8.04, -16.21, 7.27, Left
1761465027933, -7.90, -16.76, 7.63, Left
1761465027978, -7.71, -17.18, 7.95, Left
1761465028024, -7.57, -17.45, 8.27, Left
1761465028072, -7.59, -17.90, 8.53, Left
1761465028144, -7.37, -18.22, 8.68, Left
1761465028188, -7.16, -18.64, 8.80, Left
1761465028236, -6.97, -19.18, 8.97, Left
1761465028289, -6.88, -19.44, 9.02, Left
1761465028333, -6.87, -19.96, 9.10, Left
1761465028416, -6.94, -19.88, 9.00, Left
1761465028460, -7.00, -20.00, 8.96, Left
1761465028506, -7.04, -19.94, 8.90, Left
1761465028551, -7.09, -20.13, 8.84, Left
1761465028594, -6.91, -20.21, 8.83, Left
1761465028688, -7.06, -20.18, 8.81, Left
1761465028734, -7.11, -19.94, 8.79, Left
1761465028781, -7.15, -19.55, 8.72, Left
1761465028826, -7.22, -19.48, 8.71, Left
1761465028873, -7.23, -19.32, 8.68, Left
1761465028942, -7.11, -19.08, 8.58, Left
1761465028986, -7.07, -18.83, 8.42, Left
1761465029031, -7.11, -18.87, 8.31, Left
1761465029075, -7.06, -18.75, 8.22, Left
1761465029123, -7.20, -18.94, 8.20, Left
1761465029215, -7.25, -19.00, 8.22, Left
1761465029262, -7.30, -19.18, 8.24, Left
1761465029307, -7.34, -19.24, 8.24, Left
1761465029355, -7.33, -18.92, 8.21, Left
1761465029401, -7.34, -18.79, 8.19, Left
1761465029487, -7.45, -18.87, 8.24, Left
1761465029533, -7.46, -18.67, 8.29, Left
1761465029577, -7.48, -18.47, 8.32, Left
1761465029621, -7.45, -18.17, 8.33, Left
1761465029666, -7.46, -17.80, 8.25, Left
1761465029742, -7.51, -17.36, 8.17, Left
1761465029785, -7.57, -16.84, 8.09, Left
1761465029834, -7.57, -16.59, 8.06, Left
1761465029884, -7.62, -16.47, 8.04, Left
1761465029932, -7.62, -16.33, 8.02, Left
1761465030016, -7.58, -16.32, 7.98, Left
1761465030061, -7.56, -16.49, 8.00, Left
1761465030104, -7.52, -16.56, 7.99, Left
1761465030151, -7.56, -16.97, 8.06, Left
1761465030197, -7.56, -17.14, 8.05, Left
1761465030286, -7.53, -17.50, 8.08, Left
1761465030331, -7.51, -17.83, 8.10, Left
1761465030376, -7.48, -17.98, 8.06, Left
1761465030419, -7.39, -18.08, 8.06, Left
1761465030464, -7.31, -18.12, 8.08, Left
1761465030543, -7.37, -18.19, 8.10, Left
1761465030588, -7.39, -18.07, 8.08, Left
1761465030634, -7.45, -18.07, 8.12, Left
1761465030688, -7.53, -17.84, 8.07, Left
1761465030732, -7.46, -17.69, 8.03, Left
1761465030818, -7.40, -17.59, 8.01, Left
1761465030864, -7.35, -17.72, 8.02, Left
1761465030910, -7.42, -17.78, 8.05, Left
1761465030953, -7.48, -17.78, 8.02, Left
1761465030998, -7.56, -18.03, 8.03, Left
1761465031087, -7.59, -18.13, 8.03, Left
1761465031135, -7.66, -18.39, 8.04, Left
1761465031180, -7.70, -18.63, 8.02, Left
1761465031225, -7.63, -18.73, 8.06, Left
1761465031268, -7.73, -18.81, 8.12, Left
1761465031342, -7.73, -18.69, 8.13, Left
1761465031385, -7.76, -18.50, 8.07, Left
1761465031430, -7.74, -18.39, 8.02, Left
1761465031473, -7.77, -18.40, 7.99, Left
1761465031517, -7.77, -18.03, 7.92, Left
1761465031613, -7.69, -17.94, 7.91, Left
1761465031658, -7.60, -17.84, 7.90, Left
1761465031701, -7.52, -17.74, 7.88, Left
1761465031747, -7.54, -17.68, 7.84, Left
1761465031791, -7.51, -17.77, 7.79, Left
1761465031886, -7.55, -17.85, 7.79, Left
1761465031932, -7.56, -17.85, 7.81, Left
1761465031977, -7.58, -17.82, 7.81, Left
1761465032024, -7.52, -17.44, 7.78, Left
1761465032067, -7.47, -17.39, 7.79, Left
1761465032144, -7.49, -17.21, 7.76, Left
1761465032187, -7.47, -16.82, 7.70, Left
1761465032233, -7.46, -16.70, 7.68, Left
1761465032285, -7.42, -16.67, 7.68, Left
1761465032333, -7.44, -16.41, 7.66, Left
1761465032415, -7.34, -15.89, 7.57, Left
1761465032459, -7.31, -15.58, 7.49, Left
1761465032504, -7.26, -15.23, 7.40, Left
1761465032548, -7.31, -15.66, 7.46, Left
1761465032594, -7.35, -15.89, 7.48, Left
1761465032687, -7.41, -15.93, 7.51, Left
1761465032731, -7.49, -16.03, 7.53, Left
1761465032775, -7.58, -16.08, 7.54, Left
1761465032819, -7.71, -15.97, 7.48, Left
1761465032865, -7.76, -16.06, 7.49, Left
1761465032942, -7.95, -16.76, 7.58, Left
1761465032987, -7.99, -17.12, 7.64, Left
1761465033031, -8.02, -17.57, 7.71, Left
1761465033077, -8.04, -17.54, 7.70, Left
1761465033121, -8.11, -17.53, 7.62, Left
1761465033215, -8.04, -17.70, 7.58, Left
1761465033257, -8.01, -18.09, 7.60, Left
1761465033302, -7.97, -18.06, 7.57, Left
1761465033351, -7.86, -18.13, 7.64, Left
1761465033402, -7.73, -18.12, 7.69, Left
1761465033487, -7.52, -17.93, 7.72, Left
1761465033532, -7.47, -17.87, 7.74, Left
1761465033577, -7.47, -17.84, 7.77, Left
1761465033620, -7.44, -17.88, 7.82, Left
1761465033666, -7.39, -17.84, 7.91, Left
1761465033742, -7.36, -17.51, 7.91, Left
1761465033787, -7.30, -17.27, 7.89, Left
1761465033830, -7.23, -17.24, 7.89, Left
1761465033876, -7.26, -17.30, 7.84, Left
1761465033919, -7.27, -17.27, 7.80, Left
1761465034015, -7.31, -17.35, 7.79, Left
1761465034061, -7.27, -17.35, 7.80, Left
1761465034103, -7.21, -17.29, 7.81, Left
1761465034149, -7.19, -17.16, 7.72, Left
1761465034197, -7.19, -16.99, 7.65, Left
1761465034287, -7.18, -16.66, 7.58, Left
1761465034331, -7.24, -16.24, 7.48, Left
1761465034376, -7.32, -15.94, 7.44, Left
1761465034420, -7.28, -15.78, 7.43, Left
1761465034464, -7.30, -15.78, 7.42, Left
1761465034543, -7.49, -15.70, 7.41, Left
1761465034587, -7.61, -15.49, 7.35, Left
1761465034634, -7.72, -15.46, 7.35, Left
1761465034683, -7.83, -15.67, 7.41, Left
1761465034733, -7.87, -15.76, 7.42, Left
1761465034814, -7.98, -16.14, 7.49, Left
1761465034859, -8.03, -16.63, 7.60, Left
1761465034902, -8.05, -16.86, 7.64, Left
1761465034949, -8.21, -17.10, 7.67, Left
1761465034992, -8.29, -17.12, 7.68, Left
1761465035087, -8.14, -16.79, 7.59, Left
1761465035133, -8.09, -16.87, 7.58, Left
1761465035180, -8.04, -16.79, 7.52, Left
1761465035224, -8.00, -16.66, 7.49, Left
1761465035267, -8.10, -16.63, 7.50, Left
1761465035343, -8.17, -16.56, 7.48, Left
1761465035387, -8.25, -16.48, 7.45, Left
1761465035430, -8.35, -16.54, 7.47, Left
1761465035475, -8.37, -16.45, 7.45, Left
1761465035519, -8.39, -16.47, 7.47, Left
1761465035616, -8.57, -16.88, 7.58, Left
1761465035664, -8.60, -16.78, 7.62, Left
1761465035707, -8.62, -16.66, 7.65, Left
1761465035751, -8.60, -16.52, 7.68, Left
1761465035799, -8.46, -16.47, 7.71, Left
1761465035871, -8.35, -16.48, 7.77, Left
1761465035916, -8.22, -16.12, 7.76, Left
1761465035962, -8.10, -15.79, 7.77, Left
1761465036006, -7.97, -15.43, 7.76, Left
1761465036055, -7.87, -15.39, 7.78, Left
1761465036146, -7.73, -15.12, 7.77, Left
1761465036193, -7.70, -15.15, 7.79, Left
1761465036238, -7.73, -15.20, 7.84, Left
1761465036298, -7.72, -15.22, 7.86, Left
1761465036349, -7.73, -15.19, 7.86, Left
1761465036420, -7.69, -15.43, 7.90, Left
1761465036469, -7.70, -15.81, 7.97, Left
1761465036520, -7.68, -16.16, 8.02, Left
1761465036568, -7.75, -16.43, 8.07, Left
1761465036618, -7.78, -16.28, 8.02, Left
1761465036675, -7.80, -16.60, 8.02, Left
1761465036724, -7.86, -17.11, 8.04, Left
1761465036772, -7.85, -17.77, 8.05, Left
1761465036821, -7.94, -18.24, 8.05, Left
1761465036865, -7.93, -18.51, 8.03, Left
1761465036944, -8.01, -18.64, 8.01, Left
1761465036990, -8.03, -18.59, 7.95, Left
1761465037034, -8.12, -18.62, 7.92, Left
1761465037078, -8.08, -18.65, 7.88, Left
1761465037120, -8.02, -18.71, 7.89, Left
1761465037216, -7.98, -18.53, 7.91, Left
1761465037264, -7.89, -18.00, 7.89, Left
1761465037307, -7.79, -17.54, 7.89, Left
1761465037353, -7.65, -16.94, 7.79, Left
1761465037397, -7.74, -16.87, 7.73, Left
1761465037471, -7.64, -16.47, 7.65, Left
1761465037514, -7.62, -16.29, 7.60, Left
1761465037564, -7.56, -16.00, 7.50, Left
1761465037608, -7.54, -15.84, 7.43, Left
1761465037654, -7.61, -15.97, 7.41, Left
1761465037744, -7.68, -16.09, 7.38, Left
1761465037788, -7.77, -16.34, 7.41, Left
1761465037832, -7.88, -16.41, 7.39, Left
1761465037881, -8.07, -16.39, 7.40, Left
1761465037929, -8.10, -16.12, 7.39, Left
1761465038014, -8.23, -16.22, 7.40, Left
1761465038064, -8.25, -16.28, 7.42, Left
1761465038108, -8.24, -16.33, 7.48, Left
1761465038152, -8.28, -16.66, 7.54, Left
1761465038198, -8.28, -16.55, 7.55, Left
1761465038270, -8.16, -16.34, 7.51, Left
1761465038315, -8.06, -16.22, 7.42, Left
1761465038364, -7.98, -16.13, 7.36, Left
1761465038410, -7.83, -16.40, 7.38, Left
1761465038453, -7.73, -16.59, 7.41, Left
1761465038543, -7.71, -16.68, 7.46, Left
1761465038587, -7.77, -16.74, 7.50, Left
1761465038633, -7.82, -16.90, 7.54, Left
1761465038682, -7.85, -17.00, 7.57, Left
1761465038730, -7.90, -17.21, 7.56, Left
1761465038816, -8.01, -17.38, 7.60, Left
1761465038864, -8.01, -17.53, 7.63, Left
1761465038910, -7.95, -17.40, 7.65, Left
1761465038958, -7.96, -17.37, 7.67, Left
1761465039003, -7.98, -17.51, 7.68, Left
1761465039071, -7.89, -17.58, 7.63, Left
1761465039115, -7.80, -17.69, 7.60, Left
1761465039161, -7.72, -17.53, 7.53, Left
1761465039207, -7.62, -17.17, 7.46, Left
1761465039252, -7.54, -16.86, 7.41, Left
1761465039343, -7.58, -16.71, 7.40, Left
1761465039390, -7.70, -16.34, 7.36, Left
1761465039433, -7.81, -16.27, 7.32, Left
1761465039477, -7.84, -16.06, 7.30, Left
1761465039522, -7.88, -15.74, 7.25, Left
1761465039616, -7.95, -15.76, 7.27, Left
1761465039664, -7.95, -15.78, 7.30, Left
1761465039723, -8.00, -15.92, 7.38, Left
1761465039768, -8.07, -16.09, 7.44, Left
1761465039816, -7.99, -16.20, 7.51, Left
1761465039879, -7.73, -16.30, 7.52, Left
1761465039924, -7.63, -16.59, 7.55, Left
1761465039972, -7.56, -16.98, 7.61, Left
1761465040018, -7.50, -17.36, 7.65, Left
1761465040064, -7.26, -17.70, 7.73, Left
1761465040142, -7.08, -17.78, 7.72, Left
1761465040189, -6.99, -17.86, 7.72, Left
1761465040236, -6.87, -18.02, 7.71, Left
1761465040283, -6.68, -16.68, 7.54, Left
1761465040331, -6.57, -15.54, 7.37, Left
1761465040424, -6.53, -13.84, 7.12, Left
1761465040471, -6.41, -12.45, 6.97, Left
1761465040517, -6.29, -10.89, 6.77, Left
1761465040565, -6.18, -8.86, 6.45, Forward
1761465040610, -6.24, -6.76, 6.11, Forward
1761465040674, -6.26, -4.59, 5.71, Forward
1761465040720, -6.23, -2.21, 5.22, Forward
1761465040769, -6.24, 0.13, 4.73, Forward
1761465040815, -6.29, 1.01, 4.40, Forward
1761465040863, -6.38, 2.08, 4.10, Forward
1761465040954, -6.70, 2.60, 3.90, Forward
1761465041002, -6.91, 3.10, 3.68, Forward
1761465041048, -7.10, 3.56, 3.49, Forward
1761465041097, -7.31, 3.91, 3.39, Forward
1761465041142, -7.50, 4.02, 3.26, Forward
1761465041221, -7.78, 3.61, 3.19, Forward
1761465041268, -8.05, 3.17, 3.16, Forward
1761465041315, -8.36, 2.71, 3.18, Forward
1761465041360, -8.55, 1.75, 3.21, Forward
1761465041407, -8.81, 0.49, 3.24, Forward
1761465041484, -8.79, -1.01, 3.31, Forward
1761465041532, -8.96, -2.31, 3.38, Forward
1761465041579, -9.06, -3.57, 3.44, Forward
1761465041626, -9.04, -5.24, 3.50, Forward
1761465041673, -9.09, -6.53, 3.59, Forward
1761465041752, -8.96, -7.40, 3.71, Forward
1761465041798, -9.06, -8.77, 3.89, Forward
1761465041860, -9.06, -9.86, 3.99, Forward
1761465041906, -8.96, -10.79, 4.24, Left
1761465041955, -8.89, -11.53, 4.47, Left
1761465042017, -8.99, -12.08, 4.72, Left
1761465042063, -9.03, -12.45, 4.94, Left
1761465042111, -9.16, -12.80, 5.13, Left
1761465042157, -9.23, -12.01, 5.34, Left
1761465042205, -9.29, -11.66, 5.60, Left
1761465042283, -9.40, -10.27, 5.59, Left
1761465042331, -9.30, -9.08, 5.63, Forward
1761465042377, -9.17, -7.72, 5.64, Forward
1761465042424, -9.31, -5.50, 5.27, Forward
1761465042471, -9.37, -3.35, 4.94, Forward
1761465042550, -9.32, -1.39, 4.56, Forward
1761465042596, -9.18, 0.36, 4.15, Forward
1761465042644, -9.10, 2.38, 3.75, Forward
1761465042690, -9.14, 3.52, 3.33, Forward
1761465042736, -9.14, 4.52, 2.92, Forward
1761465042829, -9.17, 4.85, 2.70, Forward
1761465042876, -9.22, 5.64, 2.43, Forward
1761465042924, -9.36, 6.09, 2.21, Forward
1761465042970, -9.39, 5.99, 2.18, Forward
1761465043017, -9.42, 6.21, 2.10, Forward
1761465043078, -9.51, 6.79, 1.99, Forward
1761465043124, -9.64, 7.52, 1.90, Forward
1761465043172, -9.69, 7.94, 1.83, Forward
1761465043219, -9.73, 8.28, 1.76, Forward
1761465043266, -9.85, 8.70, 1.69, Forward
1761465043345, -9.93, 8.45, 1.74, Forward
1761465043392, -10.00, 8.47, 1.73, Forward
1761465043438, -10.06, 8.49, 1.73, Down
1761465043487, -10.18, 7.55, 1.91, Down
1761465043533, -10.27, 6.44, 2.07, Down
1761465043625, -10.31, 4.84, 2.30, Down
1761465043672, -10.39, 3.27, 2.54, Down
1761465043719, -10.41, 1.71, 2.78, Down
1761465043766, -10.45, -0.31, 3.08, Down
1761465043812, -10.42, -2.11, 3.35, Down
1761465043874, -10.42, -3.67, 3.52, Down
1761465043920, -10.37, -5.52, 3.72, Down
1761465043968, -10.35, -7.41, 3.92, Down
1761465044015, -10.34, -8.35, 3.98, Down
1761465044062, -10.23, -8.93, 4.04, Down
1761465044156, -10.17, -9.29, 4.08, Down
1761465044204, -10.01, -9.50, 4.09, Down
1761465044250, -9.94, -9.77, 4.12, Forward
1761465044297, -9.79, -9.56, 4.12, Forward
1761465044344, -9.78, -9.39, 4.12, Forward
1761465044420, -9.62, -9.43, 4.17, Forward
1761465044467, -9.57, -9.08, 4.18, Forward
1761465044514, -9.51, -8.64, 4.19, Forward
1761465044561, -9.25, -8.50, 4.21, Forward
1761465044609, -9.03, -8.80, 4.27, Forward
1761465044673, -8.80, -7.02, 4.06, Forward
1761465044718, -8.63, -5.89, 3.96, Forward
1761465044764, -8.45, -4.58, 3.82, Forward
1761465044813, -8.36, -3.51, 3.69, Forward
1761465044857, -8.05, -1.88, 3.50, Forward
1761465044953, -7.85, 0.20, 3.25, Forward
1761465044998, -7.58, 1.98, 2.97, Forward
1761465045044, -7.28, 3.72, 2.70, Forward
1761465045091, -7.12, 5.32, 2.50, Forward
1761465045136, -7.05, 7.08, 2.26, Forward
1761465045215, -7.12, 6.60, 2.33, Forward
1761465045261, -7.14, 6.62, 2.32, Forward
1761465045308, -7.16, 6.29, 2.36, Forward
1761465045354, -7.14, 5.38, 2.48, Forward
1761465045400, -7.16, 4.19, 2.61, Forward
1761465045477, -7.23, 3.10, 2.81, Forward
1761465045525, -7.24, 1.90, 3.06, Forward
1761465045572, -7.29, 0.73, 3.30, Forward
1761465045619, -7.37, 0.08, 3.46, Forward
1761465045667, -7.37, -1.39, 3.71, Forward
1761465045743, -7.37, -2.79, 3.91, Forward
1761465045790, -7.33, -4.06, 4.07, Forward
1761465045836, -7.25, -5.20, 4.21, Forward
1761465045884, -7.33, -5.33, 4.18, Forward
1761465045930, -7.55, -5.83, 4.19, Forward
1761465046024, -7.65, -6.65, 4.17, Forward
1761465046071, -7.71, -7.49, 4.15, Forward
1761465046118, -7.79, -8.25, 4.13, Forward
1761465046163, -7.93, -8.82, 4.08, Forward
1761465046212, -8.10, -8.65, 3.94, Forward
1761465046275, -8.11, -8.08, 3.77, Forward
1761465046321, -8.21, -7.01, 3.57, Forward
1761465046369, -8.35, -5.93, 3.35, Forward
1761465046417, -8.32, -5.58, 3.27, Forward
1761465046462, -8.37, -3.81, 2.97, Forward
1761465046509, -8.67, -1.94, 2.75, Forward
1761465046556, -8.96, -0.50, 2.43, Forward
1761465046602, -9.27, 0.60, 2.10, Forward
1761465046650, -9.59, 1.22, 1.83, Forward
1761465046695, -10.22, 2.49, 1.36, Down
1761465046803, -10.82, 4.12, 0.56, Down
1761465046850, -11.46, 5.23, -0.19, Down
1761465046898, -12.03, 6.39, -0.92, Down
1761465046944, -12.68, 8.07, -1.86, Down
1761465046991, -13.16, 8.35, -2.57, Down
1761465047084, -13.58, 8.43, -3.21, Down
1761465047131, -14.08, 8.98, -3.75, Down
1761465047180, -14.51, 9.80, -4.26, Down
1761465047225, -14.92, 10.67, -4.80, Right
1761465047349, -15.07, 11.12, -5.15, Right
1761465047397, -15.23, 11.20, -5.21, Right
1761465047476, -15.65, 10.91, -5.39, Right
1761465047522, -16.04, 10.72, -5.60, Right
1761465047568, -16.44, 10.35, -5.65, Right
1761465047615, -16.73, 10.24, -5.64, Right
1761465047756, -16.96, 10.23, -5.76, Right
1761465047801, -17.33, 10.16, -5.87, Right
1761465047880, -17.50, 10.27, -6.24, Right
1761465047928, -17.57, 10.54, -6.66, Right
1761465047975, -17.58, 10.68, -7.05, Right
1761465048022, -17.63, 10.65, -7.35, Right
1761465048146, -17.65, 10.82, -7.58, Right
1761465048192, -20.24, 10.36, 10.84, Right
1761465048285, -20.25, 10.42, 10.55, Right
1761465048331, -20.35, 10.36, 10.20, Right
1761465048379, -20.48, 10.32, 9.88, Right
1761465048427, -20.50, 10.32, 9.52, Right
1761465048553, -20.97, 10.08, 9.47, Right
1761465048598, -21.47, 9.76, 9.42, Down
1761465048676, -21.84, 8.79, 9.68, Down
1761465048723, -22.15, 7.89, 9.90, Down
1761465048770, -22.16, 7.09, 10.16, Down
1761465048817, -22.06, 5.58, 10.04, Down
1761465048958, -21.86, 4.49, 10.65, Down
1761465049004, -21.58, 3.35, 11.27, Down
1761465049081, -21.37, 1.41, 11.96, Down
1761465049128, -21.08, -0.32, 12.66, Down
1761465049175, -20.58, -2.03, 13.31, Down
1761465049221, -20.10, -3.12, 13.97, Down
1761465049345, -19.40, -2.10, 14.47, Down
1761465049393, -18.90, -1.07, 14.98, Down
1761465049474, -18.16, 0.15, 15.45, Down
1761465049521, -15.06, 2.63, -2.29, Down
1761465049568, -14.59, 4.25, -2.07, Down
1761465049614, -14.29, 5.78, -2.09, Down
1761465049753, -13.87, 8.29, -2.24, Down
1761465049799, -13.48, 10.55, -2.38, Right
1761465049876, -13.11, 12.03, -2.39, Right
1761465049924, -12.81, 13.17, -2.38, Right
1761465049970, -12.87, 12.51, -2.48, Right
1761465050016, -12.73, 11.41, -2.57, Right
1761465050155, -12.78, 10.14, -2.61, Right
1761465050202, -12.83, 8.69, -2.67, Down
1761465050281, -13.02, 7.12, -2.68, Down
1761465050328, -13.09, 5.74, -2.48, Down
1761465050375, -13.21, 4.36, -2.27, Down
1761465050423, -13.31, 2.80, -1.89, Down
1761465050547, -13.40, 2.00, -1.54, Down
1761465050593, -13.42, 0.95, -1.23, Down
1761465050685, -13.20, 0.98, -0.87, Down
1761465050732, -13.08, 1.45, -0.54, Down
1761465050777, -12.94, 1.95, -0.22, Down
1761465050825, -12.81, 4.04, 0.18, Down
1761465050947, -12.59, 6.20, 0.54, Down
1761465050995, -12.40, 8.23, 0.92, Down
1761465051073, -12.33, 10.29, 1.32, Right
1761465051119, -12.35, 12.70, 1.59, Right
1761465051167, -12.29, 15.15, 1.70, Right
1761465051213, -12.02, 17.90, 1.91, Right
1761465051354, -11.60, 19.49, 2.05, Right
1761465051402, -11.24, 21.05, 2.21, Right
1761465051478, -10.97, 22.52, 2.31, Right
1761465051524, -10.81, 22.51, 2.34, Right
1761465051572, -10.60, 22.59, 2.33, Right
1761465051617, -10.45, 22.61, 2.37, Right
1761465051743, -10.24, 22.39, 2.46, Right
1761465051790, -9.94, 22.11, 2.52, Right
1761465051883, -9.74, 21.78, 2.61, Right
1761465051928, -9.80, 21.16, 2.61, Right
1761465051975, -10.20, 20.85, 2.58, Right
1761465052022, -10.60, 20.50, 2.60, Right
1761465052145, -10.95, 20.15, 2.70, Right
1761465052192, -11.18, 19.88, 2.78, Right
1761465052271, -11.41, 19.56, 2.86, Right
1761465052317, -11.56, 19.39, 2.89, Right
1761465052364, -11.75, 19.27, 2.91, Right
1761465052412, -11.80, 18.98, 2.86, Right
1761465052550, -11.79, 18.69, 2.85, Right
1761465052595, -11.74, 18.43, 2.87, Right
1761465052674, -11.63, 17.62, 2.94, Right
1761465052720, -11.46, 16.78, 2.98, Right
1761465052766, -11.42, 16.06, 3.01, Right
1761465052812, -11.06, 15.44, 3.02, Right
1761465052952, -10.82, 14.51, 3.13, Right
1761465052998, -10.56, 13.55, 3.19, Right
1761465053077, -10.31, 12.32, 3.26, Right
1761465053124, -10.21, 11.28, 3.44, Right
1761465053170, -10.20, 10.16, 3.59, Right
1761465053217, -10.13, 9.23, 3.69, Down
1761465053354, -10.12, 9.01, 3.79, Down
1761465053403, -10.16, 8.74, 3.87, Down
1761465053477, -10.20, 8.29, 3.99, Down
1761465053539, -10.53, 7.75, 4.15, Down
1761465053587, -10.76, 7.53, 4.25, Down
1761465053633, -11.09, 7.17, 4.43, Down
1761465053742, -11.31, 7.10, 4.59, Down
1761465053789, -11.55, 6.90, 4.73, Down
1761465053883, -11.72, 6.85, 4.89, Down
1761465053930, -11.97, 6.63, 5.09, Down
1761465053977, -12.28, 6.23, 5.29, Down
1761465054039, -12.47, 5.73, 5.47, Down
1761465054149, -12.31, 5.34, 5.63, Down
1761465054195, -12.18, 5.03, 5.76, Down
1761465054272, -11.92, 1.84, 6.68, Down
1761465054318, -11.70, -1.07, 7.47, Down
1761465054366, -11.60, -3.99, 8.26, Down
1761465054412, -10.97, -7.51, 9.60, Down
1761465054551, -10.24, -11.64, 11.31, Left
1761465054597, -9.54, -15.75, 13.01, Left
1761465054677, -10.78, -22.69, -4.55, Left
1761465054728, -12.07, -29.32, -22.01, Left
1761465054786, -13.62, -35.91, -39.52, Left
1761465054832, -15.12, -42.88, -56.75, Left
1761465054944, -16.62, -47.01, -74.54, Left
1761465054987, -17.95, -51.22, -92.26, Left
1761465055071, -18.86, -55.49, -109.74, Left
1761465055115, -20.31, -59.04, -127.78, Left
1761465055158, -21.93, -61.98, -146.27, Left
1761465055202, -21.91, -62.27, -145.40, Left
1761465055342, -20.00, -59.70, -125.35, Left
1761465055385, -18.07, -57.14, -105.40, Left
1761465055470, -16.07, -54.68, -85.38, Left
1761465055514, -14.11, -51.92, -65.61, Left
1761465055559, -12.30, -49.13, -46.10, Left
1761465055603, -10.51, -46.37, -26.54, Left
1761465055743, -9.19, -43.59, -7.35, Left
1761465055788, -7.70, -40.76, 11.88, Left
1761465055871, -7.78, -40.84, 11.74, Left
1761465055913, -7.71, -40.93, 11.68, Left
1761465055958, -7.65, -41.06, 11.67, Left
1761465056000, -7.67, -40.91, 11.63, Left
1761465056142, -7.58, -40.23, 11.20, Left
1761465056188, -7.55, -39.67, 10.76, Left
1761465056289, -7.36, -38.34, 10.17, Left
1761465056346, -7.16, -37.07, 9.55, Left
1761465056392, -6.93, -35.92, 8.98, Left
1761465056437, -6.50, -33.43, 7.74, Left
1761465056548, -4.46, -26.39, 25.32, Left
1761465056594, -4.17, -22.47, 23.51, Left
1761465056671, -3.64, -17.67, 21.34, Left
1761465056718, -3.32, -13.18, 19.19, Left
1761465056764, -3.11, -9.56, 17.37, Forward
1761465056812, -2.91, -5.09, 15.36, Forward
1761465056952, -3.11, -0.93, 13.50, Forward
1761465056999, -3.26, 3.10, 11.63, Forward
1761465057067, -3.32, 7.53, 9.76, Forward
1761465057125, -3.83, 10.63, 8.51, Right
1761465057175, -4.26, 11.73, 7.90, Right
1761465057239, -4.91, 13.70, 7.10, Right
1761465057357, -5.61, 14.23, 6.70, Right
1761465057405, -6.10, 14.60, 6.35, Right
1761465057453, -6.65, 15.40, 5.95, Right
1761465057499, -7.16, 14.84, 5.84, Right
1761465057545, -7.45, 13.85, 5.75, Right
1761465057593, -7.79, 13.02, 5.65, Right
1761465057637, -8.13, 10.70, 5.72, Right
1761465057684, -8.29, 8.47, 5.81, Forward
1761465057730, -8.50, 6.23, 5.89, Forward
1761465057777, -8.62, 3.87, 6.05, Forward
1761465057872, -8.92, 1.96, 6.22, Forward
1761465057918, -9.08, -0.14, 6.42, Forward
1761465058011, -9.33, -1.92, 6.59, Forward
1761465058059, -9.45, -3.48, 6.75, Forward
1761465058105, -9.53, -5.07, 6.93, Forward
1761465058153, -9.73, -6.26, 7.04, Forward
1761465058277, -10.05, -6.59, 7.05, Down
1761465058324, -10.38, -7.11, 7.11, Down
1761465058403, -10.72, -7.44, 7.15, Down
1761465058448, -10.86, -8.02, 7.24, Down
1761465058496, -10.94, -8.51, 7.31, Down
1761465058542, -11.13, -8.10, 7.27, Down
1761465058684, -11.40, -8.05, 7.36, Down
1761465058731, -11.79, -7.57, 7.36, Down
1761465058810, -12.20, -7.25, 7.47, Down
1761465058858, -12.60, -7.37, 7.59, Down
1761465058904, -12.85, -7.23, 7.73, Down
1761465058950, -13.09, -7.08, 7.82, Down
1761465059075, -13.34, -6.93, 7.89, Down
1761465059122, -13.66, -6.70, 7.98, Down
1761465059200, -14.00, -6.61, 7.99, Down
1761465059247, -14.24, -7.09, 8.08, Down
1761465059293, -14.31, -7.47, 8.08, Down
1761465059341, -14.45, -7.12, 7.96, Down
1761465059482, -14.49, -5.96, 7.85, Down
1761465059531, -14.46, -4.88, 7.76, Down
1761465059609, -14.30, -3.41, 7.78, Down
1761465059672, -14.22, -1.97, 7.81, Down
1761465059719, -14.09, -0.41, 7.87, Down
1761465059765, -13.88, 1.03, 7.86, Down
1761465059873, -13.71, 2.79, 7.88, Down
1761465059920, -13.51, 4.59, 7.87, Down
1761465060014, -13.37, 5.99, 7.85, Down
1761465060060, -13.14, 6.63, 7.96, Down
1761465060108, -13.06, 6.65, 7.98, Down
1761465060155, -12.91, 6.47, 7.96, Down
1761465060279, -12.89, 5.72, 7.76, Down
1761465060326, -12.84, 5.13, 7.53, Down
1761465060404, -12.62, 3.93, 7.36, Down
1761465060449, -12.59, 2.96, 7.20, Down
1761465060495, -12.51, 1.78, 7.09, Down
1761465060542, -12.55, 1.42, 6.96, Down
1761465060681, -12.56, 2.09, 6.79, Down
1761465060728, -12.39, 2.74, 6.60, Down
1761465060806, -12.25, 3.45, 6.34, Down
1761465060852, -12.07, 4.39, 6.15, Down
1761465060899, -11.91, 5.63, 5.98, Down
1761465060945, -11.76, 6.81, 5.85, Down
1761465061071, -11.85, 8.01, 5.75, Down
1761465061117, -11.87, 9.21, 5.63, Down
1761465061210, -11.79, 9.66, 5.57, Down
1761465061257, -11.75, 9.53, 5.56, Down
1761465061304, -11.70, 8.63, 5.62, Down
1761465061352, -11.68, 7.24, 5.77, Down
1761465061475, -11.63, 5.31, 5.98, Down
1761465061523, -11.62, 3.55, 6.17, Down
1761465061601, -11.76, 1.68, 6.33, Down
1761465061648, -11.84, -0.39, 6.53, Down
1761465061695, -11.86, -1.90, 6.61, Down
1761465061742, -11.87, -4.28, 6.69, Down
1761465061882, -12.10, -5.68, 6.77, Down
1761465061927, -12.33, -7.29, 6.85, Down
1761465062006, -12.52, -8.95, 6.92, Down
1761465062052, -12.95, -10.10, 6.89, Left
1761465062099, -13.35, -10.76, 6.87, Left
1761465062145, -13.60, -11.71, 6.70, Left
1761465062285, -13.87, -12.46, 6.43, Left
1761465062331, -14.13, -13.09, 6.11, Left
1761465062409, -14.30, -12.74, 5.85, Left
1761465062457, -14.58, -11.46, 5.60, Left
1761465062504, -14.74, -10.49, 5.29, Left
1761465062551, -14.62, -7.81, 5.13, Down
1761465062676, -14.39, -4.35, 4.96, Down
1761465062724, -14.17, -1.03, 4.80, Down
1761465062800, -13.66, 2.45, 4.49, Down
1761465062848, -13.46, 6.14, 4.37, Down
1761465062893, -13.11, 9.85, 4.38, Down
1761465062940, -12.61, 13.71, 4.32, Right
1761465063080, -12.12, 16.85, 4.29, Right
1761465063127, -11.43, 19.83, 4.23, Right
1761465063205, -12.29, 24.91, -12.49, Right
1761465063252, -13.66, 28.12, -29.40, Right
1761465063299, -14.35, 31.12, -46.48, Right
1761465063347, -9.74, 21.40, -42.57, Right
1761465063534, -10.91, 25.96, -59.37, Right
1761465063877, -6.23, 15.87, -56.39, Right
1761465063923, -1.35, 5.73, -52.34, Forward
1761465064015, 3.28, -4.55, -48.99, Forward
1761465064061, 7.55, -15.11, -46.48, Left
1761465064107, 11.80, -25.75, -43.91, Left
1761465064153, 6.63, -36.61, -13.44, Left
1761465064277, 9.71, -35.32, 21.10, Left
1761465064326, 11.92, -34.54, 55.72, Left
1761465064400, 10.47, -22.26, 49.94, Left
1761465064448, 12.82, -23.16, 84.53, Left
1761465064495, 6.20, -18.74, 99.09, Left
1761465064544, 3.90, -6.46, 93.62, Forward
1761465064682, 1.08, 4.86, 89.58, Forward
1761465064729, -1.77, 16.17, 86.48, Right
1761465064810, -5.08, 27.00, 83.51, Right
1761465064855, 2.42, 36.04, 69.31, Right
1761465064902, 2.05, 32.99, 51.08, Right
1761465064948, 1.68, 29.12, 33.03, Right
1761465065072, -0.30, 25.71, 34.58, Right
1761465065120, -0.56, 20.94, 16.64, Right
1761465065214, 2.42, 23.16, -0.64, Right
1761465065260, 0.93, 17.82, 0.97, Right
1761465065309, 0.01, 13.46, 1.92, Right
1761465065361, -0.56, 8.13, 2.85, Forward
1761465065482, -0.75, 3.38, 3.63, Forward
1761465065530, -0.83, -1.35, 4.37, Forward
1761465065609, -0.93, -4.91, 4.86, Forward
1761465065655, -1.00, -8.28, 5.44, Forward
1761465065700, -1.00, -10.50, 5.79, Left
1761465065746, -1.03, -11.03, 5.74, Left
1761465065886, -1.21, -8.07, 5.08, Forward
1761465065953, -1.53, -5.52, 4.49, Forward
1761465066015, -1.90, -2.55, 3.82, Forward
1761465066088, -2.28, 1.28, 3.09, Forward
1761465066139, -2.53, 5.05, 2.31, Forward
1761465066186, -2.75, 8.63, 1.62, Forward
1761465066285, -3.01, 11.08, 1.17, Right
1761465066340, -3.20, 14.27, 0.54, Right
1761465066402, -3.37, 17.15, -0.10, Right
1761465066446, -3.57, 18.27, -0.29, Right
1761465066493, -3.62, 18.26, -0.33, Right
1761465066541, -3.49, 18.70, -0.43, Right
1761465066681, -2.99, 18.11, -0.34, Right
1761465066726, -2.52, 17.38, -0.27, Right
1761465066800, -2.27, 17.08, -0.16, Right
1761465066845, -1.95, 16.70, -0.09, Right
1761465066891, -1.60, 16.03, 0.02, Right
1761465066935, -1.22, 14.06, 0.42, Right
1761465067074, -1.15, 11.64, 1.00, Right
1761465067119, -1.07, 9.68, 1.47, Forward
1761465067198, -0.96, 7.53, 1.98, Forward
1761465067243, -0.96, 4.64, 2.62, Forward
1761465067290, -1.19, 2.62, 3.12, Forward
1761465067335, -1.51, 0.85, 3.62, Forward
1761465067471, -1.73, -1.51, 4.17, Forward
1761465067518, -2.06, -3.85, 4.74, Forward
1761465067598, -2.41, -5.83, 5.28, Forward
1761465067642, -2.85, -6.66, 5.55, Forward
1761465067688, -2.99, -6.88, 5.68, Forward
1761465067734, -3.10, -7.52, 5.83, Forward
1761465067870, -3.32, -8.20, 5.94, Forward
1761465067914, -3.57, -8.50, 5.96, Forward
1761465067957, -3.87, -9.12, 6.04, Forward
1761465068006, -4.09, -9.54, 6.05, Forward
1761465068053, -4.37, -10.04, 6.05, Left
1761465068129, -4.48, -10.47, 6.04, Left
1761465068175, -4.66, -10.89, 6.05, Left
1761465068222, -4.89, -11.27, 6.02, Left
1761465068269, -5.13, -11.85, 6.02, Left
1761465068313, -5.31, -12.21, 6.01, Left
1761465068399, -5.44, -12.32, 6.02, Left
1761465068444, -5.51, -12.79, 6.13, Left
1761465068488, -5.64, -13.06, 6.21, Left
1761465068533, -5.70, -13.42, 6.30, Left
1761465068578, -5.69, -13.81, 6.41, Left
1761465068655, -5.72, -13.96, 6.46, Left
1761465068700, -5.79, -14.24, 6.50, Left
1761465068744, -5.78, -14.51, 6.56, Left
1761465068788, -5.76, -14.51, 6.59, Left
1761465068834, -5.83, -14.74, 6.65, Left
1761465068927, -5.79, -14.87, 6.64, Left
1761465068970, -5.77, -14.74, 6.58, Left
1761465069017, -5.74, -14.58, 6.50, Left
1761465069062, -5.66, -14.82, 6.53, Left
1761465069105, -5.59, -14.66, 6.50, Left
1761465069199, -5.71, -14.77, 6.52, Left
1761465069242, -5.69, -14.57, 6.48, Left
1761465069287, -5.67, -14.38, 6.43, Left
1761465069333, -5.73, -14.45, 6.43, Left
1761465069381, -5.75, -14.39, 6.41, Left
1761465069458, -5.83, -14.61, 6.47, Left
1761465069505, -5.83, -14.49, 6.48, Left
1761465069550, -5.75, -14.60, 6.52, Left
1761465069596, -5.86, -14.42, 6.48, Left
1761465069641, -6.02, -14.55, 6.50, Left
1761465069728, -6.01, -14.38, 6.48, Left
1761465069773, -6.02, -14.50, 6.51, Left
1761465069821, -6.02, -14.51, 6.52, Left
1761465069865, -5.97, -14.45, 6.52, Left
1761465069908, -5.89, -14.48, 6.56, Left
1761465069999, -5.80, -14.39, 6.53, Left
1761465070043, -5.82, -14.50, 6.59, Left
1761465070086, -5.86, -14.54, 6.64, Left
1761465070129, -5.77, -14.79, 6.68, Left
1761465070172, -5.50, -14.55, 6.66, Left
1761465070255, -5.29, -14.58, 6.66, Left
1761465070299, -5.09, -14.31, 6.60, Left
1761465070344, -4.90, -14.10, 6.58, Left
1761465070387, -4.62, -13.91, 6.55, Left
1761465070432, -4.44, -14.02, 6.52, Left
1761465070527, -4.32, -14.17, 6.57, Left
1761465070570, -4.11, -14.25, 6.57, Left
1761465070615, -3.96, -14.38, 6.54, Left
1761465070659, -3.84, -14.27, 6.55, Left
1761465070705, -3.81, -14.61, 6.57, Left
1761465070799, -3.82, -14.60, 6.61, Left
1761465070845, -3.80, -14.77, 6.68, Left
1761465070890, -3.78, -15.02, 6.73, Left
1761465070936, -3.85, -15.11, 6.73, Left
1761465070981, -3.79, -14.84, 6.68, Left
1761465071054, -3.69, -14.59, 6.66, Left
1761465071099, -3.61, -14.23, 6.62, Left
1761465071145, -3.53, -13.85, 6.59, Left
1761465071188, -3.48, -13.48, 6.54, Left
1761465071231, -3.40, -13.26, 6.52, Left
1761465071327, -3.41, -13.07, 6.50, Left
1761465071372, -3.46, -12.94, 6.46, Left
1761465071417, -3.51, -12.77, 6.41, Left
1761465071461, -3.51, -12.67, 6.43, Left
1761465071504, -3.59, -12.55, 6.44, Left
1761465071599, -3.73, -12.51, 6.38, Left
1761465071643, -3.81, -12.53, 6.35, Left
1761465071690, -3.88, -12.47, 6.30, Left
1761465071737, -3.99, -12.21, 6.24, Left
1761465071781, -4.15, -11.72, 6.11, Left
1761465071857, -4.10, -11.45, 6.07, Left
1761465071903, -4.05, -11.32, 6.08, Left
1761465071948, -4.01, -11.24, 6.12, Left
1761465071996, -4.06, -11.18, 6.13, Left
1761465072041, -4.06, -11.19, 6.23, Left
1761465072129, -4.09, -11.12, 6.35, Left
1761465072175, -4.25, -11.41, 6.49, Left
1761465072225, -4.43, -12.03, 6.69, Left
1761465072274, -4.54, -12.73, 6.84, Left
1761465072321, -4.72, -13.62, 7.05, Left
1761465072398, -4.96, -14.56, 7.19, Left
1761465072442, -5.15, -15.39, 7.31, Left
1761465072487, -5.35, -16.12, 7.38, Left
1761465072531, -5.47, -16.73, 7.47, Left
1761465072575, -5.70, -17.56, 7.52, Left
1761465072655, -5.58, -17.52, 7.42, Left
1761465072700, -5.44, -17.27, 7.31, Left
1761465072745, -5.32, -16.85, 7.20, Left
1761465072788, -5.21, -16.55, 7.15, Left
1761465072837, -5.07, -15.99, 7.02, Left
1761465072928, -4.83, -15.62, 6.94, Left
1761465072971, -4.59, -15.01, 6.83, Left
1761465073016, -4.30, -14.43, 6.76, Left
1761465073059, -4.15, -14.69, 6.76, Left
1761465073102, -4.07, -14.62, 6.74, Left
1761465073199, -4.24, -15.37, 6.85, Left
1761465073242, -4.38, -15.90, 6.93, Left
1761465073285, -4.50, -16.36, 6.99, Left
1761465073333, -4.62, -17.11, 7.08, Left
1761465073376, -4.67, -17.82, 7.23, Left
1761465073455, -4.86, -18.32, 7.31, Left
1761465073500, -5.12, -18.92, 7.42, Left
1761465073546, -5.40, -19.58, 7.54, Left
1761465073592, -5.56, -19.56, 7.59, Left
1761465073635, -5.26, -18.75, 7.55, Left
1761465073727, -5.05, -18.49, 7.59, Left
1761465073772, -4.76, -18.21, 7.66, Left
1761465073818, -4.48, -17.90, 7.71, Left
1761465073864, -4.22, -17.64, 7.79, Left
1761465073908, -3.99, -17.21, 7.83, Left
1761465074009, -3.88, -17.01, 7.88, Left
1761465074057, -3.73, -16.92, 7.97, Left
1761465074102, -3.59, -16.79, 8.03, Left
1761465074150, -3.40, -16.55, 8.04, Left
1761465074196, -3.58, -17.28, 8.17, Left
1761465074260, -3.62, -17.06, 8.20, Left
1761465074307, -3.84, -17.45, 8.26, Left
1761465074355, -3.97, -17.73, 8.30, Left
1761465074400, -4.07, -17.68, 8.28, Left
1761465074445, -4.19, -17.92, 8.28, Left
1761465074539, -4.21, -18.18, 8.25, Left
1761465074584, -4.33, -18.47, 8.18, Left
1761465074631, -4.42, -18.68, 8.10, Left
1761465074678, -4.64, -19.16, 8.06, Left
1761465074726, -4.73, -19.48, 8.00, Left
1761465074803, -4.88, -20.20, 7.86, Left
1761465074849, -4.91, -20.63, 7.71, Left
1761465074896, -5.03, -21.15, 7.58, Left
1761465074942, -4.99, -21.36, 7.52, Left
1761465074991, -5.07, -21.53, 7.41, Left
1761465075068, -5.19, -21.51, 7.39, Left
1761465075115, -5.22, -21.27, 7.36, Left
1761465075176, -5.26, -21.13, 7.34, Left
1761465075226, -5.30, -20.76, 7.29, Left
1761465075272, -5.40, -20.34, 7.22, Left
1761465075334, -5.48, -20.08, 7.21, Left
1761465075380, -5.59, -19.73, 7.21, Left
1761465075428, -5.69, -19.33, 7.20, Left
1761465075475, -5.92, -18.85, 7.00, Left
1761465075520, -5.96, -18.54, 6.92, Left
1761465075612, -5.86, -18.07, 6.77, Left
1761465075659, -5.77, -17.71, 6.61, Left
1761465075704, -5.71, -17.47, 6.48, Left
1761465075751, -5.52, -17.63, 6.41, Left
1761465075798, -5.44, -17.82, 6.32, Left
1761465075862, -5.31, -17.86, 6.29, Left
