Head Tracking Session: phase1_cycle1_1761480445174
Start Time: 2025-10-26T08:07:25.177479
==================================================
Timestamp (ms), Pitch, Yaw, Roll, Direction
1761480449282, 0.00, 0.00, 0.00, Forward
1761480449332, -1.44, -2.39, 0.69, Forward
1761480449380, -9.25, -8.38, 59.43, Forward
1761480449426, -7.64, -7.32, 44.85, Forward
1761480449472, -6.62, -6.59, 36.10, Forward
1761480449521, -5.86, -6.50, 30.40, Forward
1761480449567, -5.28, -6.17, 26.24, Forward
1761480449614, -4.94, -5.87, 23.09, Forward
1761480449675, -4.67, -5.71, 20.67, Forward
1761480449723, -4.49, -5.88, 18.80, Forward
1761480449770, -4.77, -6.56, 18.99, Forward
1761480449817, -4.79, -6.96, 19.07, Forward
1761480449863, -2.52, -5.41, 1.48, Forward
1761480449908, -2.53, -5.74, 1.56, Forward
1761480449955, -2.58, -5.99, 1.60, Forward
1761480450001, -2.61, -6.02, 1.57, Forward
1761480450049, -2.74, -6.36, 1.62, Forward
1761480450097, -2.77, -6.65, 1.71, Forward
1761480450145, -2.83, -6.81, 1.75, Forward
1761480450190, -2.83, -6.67, 1.73, Forward
1761480450236, -2.78, -6.84, 1.77, Forward
1761480450283, -2.81, -6.72, 1.72, Forward
1761480450332, -2.94, -6.84, 1.79, Forward
1761480450377, -3.00, -6.72, 1.76, Forward
1761480450423, -3.04, -6.71, 1.78, Forward
1761480450469, -3.14, -6.55, 1.76, Forward
1761480450518, -3.06, -6.13, 1.70, Forward
1761480450565, -3.03, -5.88, 1.63, Forward
1761480450610, -2.99, -5.97, 1.63, Forward
1761480450655, -3.02, -6.06, 1.62, Forward
1761480450704, -3.03, -5.84, 1.55, Forward
1761480450750, -2.93, -5.56, 1.50, Forward
1761480450797, -2.82, -5.55, 1.52, Forward
1761480450843, -2.82, -5.79, 1.55, Forward
1761480450888, -2.80, -6.01, 1.58, Forward
1761480450934, -2.68, -6.02, 1.61, Forward
1761480450982, -2.66, -6.16, 1.63, Forward
1761480451027, -2.62, -6.24, 1.63, Forward
1761480451072, -2.55, -5.83, 1.59, Forward
1761480451120, -2.46, -5.59, 1.58, Forward
1761480451165, -2.45, -5.47, 1.56, Forward
1761480451217, -2.45, -5.62, 1.60, Forward
1761480451274, -2.41, -5.44, 1.52, Forward
1761480451320, -2.23, -5.04, 1.43, Forward
1761480451367, -2.11, -4.84, 1.40, Forward
1761480451414, -2.11, -4.99, 1.40, Forward
1761480451461, -2.13, -5.02, 1.40, Forward
1761480451509, -2.17, -5.09, 1.42, Forward
1761480451553, -2.23, -5.40, 1.46, Forward
1761480451600, -2.28, -5.68, 1.48, Forward
1761480451648, -2.32, -5.99, 1.57, Forward
1761480451694, -2.30, -5.98, 1.58, Forward
1761480451740, -2.45, -6.53, 1.72, Forward
1761480451785, -2.64, -7.04, 1.84, Forward
1761480451833, -2.77, -7.39, 1.90, Forward
1761480451879, -2.80, -7.61, 1.92, Forward
1761480451927, -2.82, -8.07, 2.00, Forward
1761480451973, -2.88, -8.71, 2.07, Forward
1761480452019, -2.94, -9.26, 2.15, Forward
1761480452066, -2.99, -9.77, 2.25, Forward
1761480452113, -3.04, -10.08, 2.28, Left
1761480452159, -3.13, -10.59, 2.35, Left
1761480452204, -3.09, -10.84, 2.36, Left
1761480452249, -3.06, -11.09, 2.37, Left
1761480452296, -3.05, -11.29, 2.41, Left
1761480452344, -3.13, -11.62, 2.47, Left
1761480452389, -3.19, -11.82, 2.52, Left
1761480452435, -3.21, -11.77, 2.54, Left
1761480452483, -3.22, -11.81, 2.57, Left
1761480452529, -3.21, -11.76, 2.53, Left
1761480452576, -3.25, -11.91, 2.57, Left
1761480452625, -3.25, -11.94, 2.58, Left
1761480452669, -3.26, -11.93, 2.60, Left
1761480452718, -3.31, -12.01, 2.65, Left
1761480452766, -3.32, -11.86, 2.67, Left
1761480452813, -3.35, -11.78, 2.70, Left
1761480452861, -3.28, -11.72, 2.72, Left
1761480452908, -3.30, -11.67, 2.74, Left
1761480452950, -3.26, -11.82, 2.79, Left
1761480452998, -3.24, -11.93, 2.85, Left
1761480453048, -3.18, -11.95, 2.88, Left
1761480453092, -3.15, -12.09, 2.93, Left
1761480453138, -3.11, -12.19, 2.98, Left
1761480453188, -3.05, -12.16, 3.00, Left
1761480453233, -3.03, -12.39, 3.06, Left
1761480453279, -2.98, -12.59, 3.09, Left
1761480453327, -3.03, -12.79, 3.14, Left
1761480453375, -2.99, -13.00, 3.18, Left
1761480453419, -3.00, -12.97, 3.19, Left
1761480453467, -3.01, -12.93, 3.19, Left
1761480453515, -2.98, -13.05, 3.23, Left
1761480453562, -2.91, -12.98, 3.24, Left
1761480453609, -2.88, -13.09, 3.28, Left
1761480453655, -2.91, -13.19, 3.26, Left
1761480453711, -2.94, -13.35, 3.26, Left
1761480453766, -2.98, -13.49, 3.27, Left
1761480453812, -2.94, -13.57, 3.28, Left
1761480453858, -2.91, -13.55, 3.29, Left
1761480453904, -2.86, -13.62, 3.30, Left
1761480453951, -2.82, -13.68, 3.32, Left
1761480453998, -2.79, -13.62, 3.30, Left
1761480454047, -2.87, -13.74, 3.30, Left
1761480454091, -2.84, -13.66, 3.27, Left
1761480454137, -2.74, -13.56, 3.30, Left
1761480454184, -2.69, -13.43, 3.30, Left
1761480454232, -2.70, -13.52, 3.33, Left
1761480454281, -2.75, -13.54, 3.34, Left
1761480454324, -2.78, -13.63, 3.34, Left
1761480454372, -2.83, -13.59, 3.32, Left
1761480454420, -2.88, -13.76, 3.36, Left
1761480454466, -2.92, -13.81, 3.37, Left
1761480454515, -2.89, -13.86, 3.40, Left
1761480454560, -3.04, -13.98, 3.41, Left
1761480454605, -3.16, -14.17, 3.42, Left
1761480454652, -3.21, -14.30, 3.45, Left
1761480454698, -3.22, -14.12, 3.44, Left
1761480454746, -3.23, -13.94, 3.43, Left
1761480454792, -3.28, -13.88, 3.43, Left
1761480454841, -3.32, -14.04, 3.46, Left
1761480454887, -3.35, -13.91, 3.41, Left
1761480454933, -3.39, -13.99, 3.41, Left
1761480454983, -3.40, -13.92, 3.38, Left
1761480455027, -3.31, -13.77, 3.38, Left
1761480455074, -3.26, -13.64, 3.37, Left
1761480455121, -3.21, -13.51, 3.35, Left
1761480455169, -3.15, -13.50, 3.33, Left
1761480455216, -3.10, -13.60, 3.32, Left
1761480455264, -3.04, -13.60, 3.30, Left
1761480455310, -2.98, -13.49, 3.27, Left
1761480455356, -2.97, -13.63, 3.31, Left
1761480455403, -2.99, -13.68, 3.32, Left
1761480455449, -2.73, -13.24, 3.29, Left
1761480455494, -2.49, -12.72, 3.17, Left
1761480455540, -2.27, -12.48, 3.17, Left
1761480455587, -2.16, -12.39, 3.17, Left
1761480455634, -2.09, -12.41, 3.22, Left
1761480455682, -2.09, -12.57, 3.27, Left
1761480455728, -2.02, -12.58, 3.29, Left
1761480455774, -2.00, -12.67, 3.35, Left
1761480455820, -1.86, -12.38, 3.31, Left
1761480455868, -1.69, -12.02, 3.28, Left
1761480455917, -1.84, -12.31, 3.33, Left
1761480455963, -1.95, -12.69, 3.45, Left
1761480456011, -2.12, -12.84, 3.43, Left
1761480456055, -2.19, -12.83, 3.42, Left
1761480456102, -2.15, -12.66, 3.39, Left
1761480456151, -2.04, -12.33, 3.34, Left
1761480456197, -2.07, -12.19, 3.33, Left
1761480456244, -2.10, -12.07, 3.30, Left
1761480456290, -2.21, -12.16, 3.33, Left
1761480456337, -2.29, -12.15, 3.30, Left
1761480456383, -2.40, -12.29, 3.29, Left
1761480456431, -2.42, -12.20, 3.28, Left
1761480456478, -2.38, -12.07, 3.28, Left
1761480456524, -2.42, -12.08, 3.27, Left
1761480456569, -2.41, -12.09, 3.27, Left
1761480456618, -2.52, -12.20, 3.25, Left
1761480456664, -2.44, -12.12, 3.26, Left
1761480456714, -2.39, -12.10, 3.22, Left
1761480456758, -2.22, -11.77, 3.16, Left
1761480456805, -2.17, -11.88, 3.18, Left
1761480456851, -2.12, -11.76, 3.15, Left
1761480456900, -2.21, -11.88, 3.16, Left
1761480456947, -2.24, -12.13, 3.18, Left
1761480456991, -2.20, -12.19, 3.20, Left
1761480457037, -2.27, -12.32, 3.21, Left
1761480457083, -2.27, -12.34, 3.24, Left
1761480457131, -2.27, -12.37, 3.22, Left
1761480457178, -2.37, -12.27, 3.19, Left
1761480457223, -2.52, -12.54, 3.21, Left
1761480457268, -2.66, -12.63, 3.20, Left
1761480457317, -2.69, -12.72, 3.24, Left
1761480457364, -2.77, -12.98, 3.23, Left
1761480457414, -2.90, -13.12, 3.23, Left
1761480457458, -2.99, -13.29, 3.20, Left
1761480457508, -3.01, -13.33, 3.21, Left
1761480457552, -3.02, -13.49, 3.26, Left
1761480457600, -3.10, -13.67, 3.27, Left
1761480457647, -2.94, -13.60, 3.31, Left
1761480457693, -2.83, -13.55, 3.32, Left
1761480457740, -2.65, -13.20, 3.32, Left
1761480457786, -2.58, -13.05, 3.31, Left
1761480457833, -2.43, -12.55, 3.25, Left
1761480457881, -2.18, -12.00, 3.20, Left
1761480457928, -2.02, -11.53, 3.19, Left
1761480457972, -1.92, -11.11, 3.11, Left
1761480458021, -1.77, -10.58, 2.99, Left
1761480458067, -1.67, -10.22, 2.92, Left
1761480458115, -1.67, -10.06, 2.84, Left
1761480458160, -1.66, -9.91, 2.81, Forward
1761480458208, -1.68, -9.98, 2.78, Forward
1761480458253, -1.71, -9.75, 2.68, Forward
1761480458300, -1.76, -9.87, 2.72, Forward
1761480458348, -1.91, -10.01, 2.72, Left
1761480458394, -1.99, -10.06, 2.72, Left
1761480458441, -2.10, -10.11, 2.70, Left
1761480458487, -2.24, -10.33, 2.74, Left
1761480458534, -2.40, -10.51, 2.78, Left
1761480458579, -2.54, -10.84, 2.86, Left
1761480458628, -2.63, -10.90, 2.88, Left
1761480458674, -2.75, -11.15, 2.94, Left
1761480458719, -2.84, -11.39, 3.01, Left
1761480458766, -2.90, -11.59, 3.03, Left
1761480458814, -2.90, -11.67, 3.06, Left
1761480458862, -2.93, -11.77, 3.08, Left
1761480458913, -2.91, -11.70, 3.09, Left
1761480458969, -2.85, -11.60, 3.10, Left
1761480459018, -2.81, -11.59, 3.10, Left
1761480459065, -2.75, -11.46, 3.10, Left
1761480459113, -2.80, -11.57, 3.13, Left
1761480459158, -2.79, -11.45, 3.08, Left
1761480459206, -2.82, -11.33, 3.06, Left
1761480459253, -2.75, -11.04, 3.03, Left
1761480459301, -2.78, -10.95, 2.99, Left
1761480459348, -2.77, -10.85, 2.97, Left
1761480459397, -2.83, -11.01, 2.97, Left
1761480459442, -2.89, -11.12, 2.97, Left
1761480459488, -2.99, -11.26, 2.96, Left
1761480459535, -3.03, -11.27, 2.94, Left
1761480459582, -3.01, -11.25, 2.91, Left
1761480459628, -3.02, -11.21, 2.90, Left
1761480459673, -3.05, -11.46, 2.93, Left
1761480459722, -3.16, -11.76, 2.95, Left
1761480459769, -3.23, -11.99, 2.98, Left
1761480459816, -3.26, -12.20, 3.01, Left
1761480459865, -3.34, -12.42, 3.03, Left
1761480459909, -3.34, -12.32, 3.02, Left
1761480459955, -3.30, -12.21, 3.02, Left
1761480460001, -3.26, -11.89, 2.97, Left
1761480460048, -3.26, -11.59, 2.94, Left
1761480460094, -3.25, -11.38, 2.92, Left
1761480460144, -3.22, -11.27, 2.92, Left
1761480460187, -3.14, -11.07, 2.91, Left
1761480460234, -3.06, -10.89, 2.87, Left
1761480460281, -3.02, -10.71, 2.82, Left
1761480460328, -2.94, -10.53, 2.79, Left
1761480460375, -2.93, -10.61, 2.79, Left
1761480460421, -2.89, -10.58, 2.76, Left
1761480460467, -2.92, -10.87, 2.80, Left
1761480460515, -2.91, -11.08, 2.80, Left
1761480460561, -2.91, -11.27, 2.80, Left
1761480460607, -2.88, -11.20, 2.79, Left
1761480460651, -2.93, -11.32, 2.79, Left
1761480460701, -3.00, -11.42, 2.82, Left
1761480460750, -3.07, -11.52, 2.86, Left
1761480460798, -3.01, -11.34, 2.84, Left
1761480460845, -2.95, -11.28, 2.83, Left
1761480460890, -2.90, -11.22, 2.82, Left
1761480460937, -2.84, -11.02, 2.79, Left
1761480460984, -2.82, -10.77, 2.77, Left
1761480461029, -2.81, -10.68, 2.75, Left
1761480461079, -2.70, -10.39, 2.69, Left
1761480461122, -2.58, -10.13, 2.65, Left
1761480461168, -2.47, -9.85, 2.61, Forward
1761480461217, -2.41, -9.92, 2.64, Forward
1761480461262, -2.54, -10.34, 2.72, Left
1761480461314, -2.63, -10.44, 2.73, Left
1761480461370, -2.70, -10.40, 2.73, Left
1761480461419, -2.78, -10.47, 2.74, Left
1761480461464, -2.79, -10.75, 2.79, Left
1761480461512, -2.78, -10.76, 2.82, Left
1761480461557, -2.87, -11.11, 2.90, Left
1761480461604, -2.90, -11.33, 2.94, Left
1761480461650, -2.90, -11.34, 2.95, Left
1761480461698, -2.89, -11.23, 2.92, Left
1761480461747, -2.81, -10.86, 2.88, Left
1761480461792, -2.76, -10.74, 2.89, Left
1761480461841, -2.75, -10.60, 2.89, Left
1761480461885, -2.72, -10.52, 2.90, Left
1761480461931, -2.77, -10.53, 2.90, Left
1761480461978, -2.75, -10.47, 2.92, Left
1761480462024, -2.79, -10.48, 2.93, Left
1761480462075, -2.80, -10.28, 2.91, Left
1761480462132, -2.81, -10.29, 2.94, Left
1761480462179, -2.82, -10.29, 2.96, Left
1761480462224, -2.85, -10.49, 3.00, Left
1761480462269, -2.86, -10.49, 3.00, Left
1761480462316, -2.88, -10.86, 3.06, Left
1761480462363, -2.86, -10.97, 3.09, Left
1761480462407, -2.86, -11.05, 3.13, Left
1761480462454, -2.90, -11.19, 3.15, Left
1761480462501, -2.85, -11.06, 3.13, Left
1761480462549, -2.85, -11.24, 3.17, Left
1761480462596, -2.88, -11.43, 3.20, Left
1761480462641, -2.88, -11.53, 3.21, Left
1761480462687, -2.84, -11.62, 3.23, Left
1761480462734, -2.93, -11.92, 3.27, Left
1761480462781, -2.95, -11.90, 3.25, Left
1761480462827, -3.00, -12.22, 3.32, Left
1761480462876, -3.03, -12.35, 3.30, Left
1761480462922, -3.10, -12.56, 3.32, Left
1761480462969, -3.19, -12.87, 3.36, Left
1761480463018, -3.23, -12.89, 3.34, Left
1761480463064, -3.31, -13.11, 3.36, Left
1761480463111, -3.28, -12.96, 3.33, Left
1761480463159, -3.25, -12.81, 3.31, Left
1761480463202, -3.25, -12.81, 3.31, Left
1761480463250, -3.24, -12.74, 3.30, Left
1761480463296, -3.29, -12.64, 3.27, Left
1761480463343, -3.31, -12.52, 3.29, Left
1761480463388, -3.27, -12.33, 3.26, Left
1761480463437, -3.19, -12.12, 3.22, Left
1761480463484, -3.12, -12.08, 3.23, Left
1761480463531, -3.11, -12.02, 3.23, Left
1761480463577, -3.14, -12.16, 3.26, Left
1761480463624, -3.17, -12.30, 3.29, Left
1761480463672, -3.09, -12.20, 3.29, Left
1761480463718, -3.08, -12.09, 3.27, Left
1761480463766, -3.01, -12.07, 3.28, Left
1761480463816, -2.99, -12.09, 3.26, Left
1761480463861, -2.92, -12.06, 3.28, Left
1761480463906, -2.96, -12.09, 3.29, Left
1761480463954, -2.96, -12.09, 3.29, Left
1761480464001, -2.96, -12.08, 3.28, Left
1761480464050, -3.00, -12.12, 3.28, Left
1761480464097, -3.08, -12.29, 3.26, Left
1761480464142, -3.11, -12.19, 3.18, Left
1761480464188, -3.10, -12.27, 3.15, Left
1761480464238, -3.14, -12.17, 3.09, Left
1761480464283, -3.08, -11.86, 3.03, Left
1761480464332, -3.14, -11.96, 2.99, Left
1761480464378, -3.15, -11.96, 2.99, Left
1761480464425, -3.24, -12.03, 2.98, Left
1761480464471, -3.22, -11.94, 2.96, Left
1761480464518, -3.23, -11.85, 2.92, Left
1761480464565, -3.23, -11.74, 2.92, Left
1761480464613, -3.28, -11.89, 2.97, Left
1761480464658, -3.29, -11.89, 3.00, Left
1761480464704, -3.29, -11.97, 3.01, Left
1761480464751, -3.24, -11.79, 2.96, Left
1761480464798, -3.19, -11.55, 2.92, Left
1761480464846, -3.09, -11.32, 2.84, Left
1761480464890, -3.06, -11.34, 2.82, Left
1761480464937, -3.00, -11.19, 2.78, Left
1761480464984, -2.98, -10.96, 2.72, Left
1761480465032, -2.90, -10.30, 2.61, Left
1761480465077, -2.85, -9.71, 2.52, Forward
1761480465122, -2.84, -9.24, 2.46, Forward
1761480465169, -2.86, -9.01, 2.42, Forward
1761480465216, -2.92, -9.14, 2.47, Forward
1761480465263, -2.95, -8.96, 2.44, Forward
1761480465308, -3.07, -9.03, 2.46, Forward
1761480465355, -3.07, -8.76, 2.43, Forward
1761480465402, -3.12, -8.49, 2.39, Forward
1761480465448, -3.11, -8.64, 2.40, Forward
1761480465495, -3.13, -8.75, 2.38, Forward
1761480465541, -3.11, -8.78, 2.35, Forward
1761480465588, -3.13, -9.12, 2.35, Forward
1761480465634, -3.10, -9.51, 2.34, Forward
1761480465712, -3.16, -9.76, 2.28, Forward
1761480465762, -3.21, -10.16, 2.26, Left
1761480465807, -3.30, -10.38, 2.19, Left
1761480465855, -3.43, -10.89, 2.18, Left
1761480465902, -3.50, -11.43, 2.17, Left
1761480465949, -3.58, -11.75, 2.17, Left
1761480465996, -3.56, -12.33, 2.20, Left
1761480466044, -3.55, -12.67, 2.19, Left
1761480466091, -3.60, -12.90, 2.15, Left
1761480466136, -3.63, -12.85, 2.12, Left
1761480466184, -3.61, -12.86, 2.09, Left
1761480466232, -3.56, -12.94, 2.10, Left
1761480466279, -3.42, -13.09, 2.15, Left
1761480466323, -3.29, -12.88, 2.12, Left
1761480466372, -3.28, -12.65, 2.06, Left
1761480466417, -3.20, -12.23, 1.97, Left
1761480466466, -3.21, -11.97, 1.94, Left
1761480466509, -3.24, -11.87, 1.90, Left
1761480466556, -3.25, -11.71, 1.87, Left
1761480466602, -3.20, -11.29, 1.77, Left
1761480466650, -3.13, -11.15, 1.75, Left
1761480466697, -3.00, -10.83, 1.71, Left
1761480466745, -2.99, -10.56, 1.64, Left
1761480466791, -2.92, -10.41, 1.61, Left
1761480466836, -2.80, -10.38, 1.62, Left
1761480466883, -2.80, -10.51, 1.61, Left
1761480466933, -2.74, -10.28, 1.57, Left
1761480466980, -2.67, -10.18, 1.55, Left
1761480467025, -2.50, -9.86, 1.49, Forward
1761480467071, -4.41, -11.39, 18.96, Left
1761480467118, -4.41, -11.43, 18.97, Left
1761480467166, -4.49, -11.51, 18.99, Left
1761480467211, -4.53, -11.47, 19.00, Left
1761480467257, -4.65, -11.55, 19.03, Left
1761480467304, -4.71, -11.42, 19.04, Left
1761480467351, -4.63, -11.20, 19.07, Left
1761480467398, -4.62, -11.22, 19.14, Left
1761480467446, -4.66, -11.31, 19.22, Left
1761480467492, -4.73, -11.54, 19.33, Left
1761480467537, -2.86, -10.19, 1.98, Left
1761480467583, -2.91, -10.19, 2.03, Left
1761480467631, -2.94, -10.11, 2.05, Left
1761480467675, -2.91, -10.00, 2.08, Left
1761480467721, -2.83, -9.82, 2.08, Forward
1761480467768, -2.79, -9.86, 2.12, Forward
1761480467816, -2.84, -9.87, 2.16, Forward
1761480467860, -2.90, -9.97, 2.16, Forward
1761480467906, -2.87, -9.97, 2.19, Forward
1761480467953, -2.87, -10.00, 2.22, Forward
1761480467999, -2.78, -9.78, 2.20, Forward
1761480468047, -2.70, -9.61, 2.19, Forward
1761480468094, -2.63, -9.54, 2.20, Forward
1761480468139, -2.60, -9.57, 2.24, Forward
1761480468187, -2.53, -9.48, 2.26, Forward
1761480468233, -2.50, -9.36, 2.24, Forward
1761480468281, -2.41, -9.37, 2.23, Forward
1761480468325, -2.34, -9.14, 2.23, Forward
1761480468371, -2.25, -9.11, 2.22, Forward
1761480468418, -2.25, -9.13, 2.22, Forward
1761480468465, -2.29, -9.20, 2.23, Forward
1761480468514, -2.33, -9.24, 2.26, Forward
1761480468559, -2.37, -9.31, 2.27, Forward
1761480468603, -2.37, -9.32, 2.27, Forward
1761480468651, -2.39, -9.50, 2.27, Forward
1761480468700, -2.38, -9.57, 2.29, Forward
1761480468747, -2.38, -9.25, 2.24, Forward
1761480468792, -2.40, -9.49, 2.24, Forward
1761480468839, -2.42, -9.52, 2.23, Forward
1761480468886, -2.36, -9.54, 2.22, Forward
1761480468934, -2.30, -9.51, 2.19, Forward
1761480468983, -2.25, -9.48, 2.16, Forward
1761480469028, -2.17, -9.31, 2.11, Forward
1761480469076, -2.10, -8.94, 2.03, Forward
1761480469121, -2.13, -8.99, 2.05, Forward
1761480469169, -2.18, -9.15, 2.07, Forward
1761480469216, -2.28, -9.64, 2.16, Forward
1761480469262, -2.30, -9.80, 2.21, Forward
1761480469309, -2.29, -10.07, 2.29, Left
1761480469355, -2.32, -10.24, 2.33, Left
1761480469403, -2.31, -10.21, 2.33, Left
1761480469450, -2.30, -10.22, 2.38, Left
1761480469499, -2.27, -10.50, 2.48, Left
1761480469546, -2.23, -10.99, 2.57, Left
1761480469591, -2.15, -11.13, 2.61, Left
1761480469636, -2.10, -11.30, 2.66, Left
1761480469685, -1.99, -11.23, 2.65, Left
1761480469730, -1.95, -10.85, 2.57, Left
1761480469780, -1.93, -10.37, 2.46, Left
1761480469823, -1.85, -10.12, 2.40, Left
1761480469870, -1.80, -9.89, 2.37, Forward
1761480469917, -1.80, -10.09, 2.38, Left
1761480469965, -1.81, -9.90, 2.30, Forward
1761480470011, -1.82, -9.60, 2.25, Forward
1761480470057, -1.79, -9.18, 2.16, Forward
1761480470104, -1.76, -8.91, 2.08, Forward
1761480470152, -1.78, -9.09, 2.10, Forward
1761480470198, -1.80, -9.33, 2.12, Forward
1761480470246, -1.80, -9.52, 2.17, Forward
1761480470291, -1.84, -9.35, 2.15, Forward
1761480470338, -1.94, -9.76, 2.22, Forward
1761480470384, -1.92, -9.45, 2.16, Forward
1761480470430, -1.94, -9.36, 2.17, Forward
1761480470476, -1.97, -9.61, 2.24, Forward
1761480470521, -1.99, -9.72, 2.27, Forward
1761480470568, -1.97, -9.35, 2.23, Forward
1761480470616, -1.90, -8.74, 2.15, Forward
1761480470663, -1.81, -8.30, 2.13, Forward
1761480470708, -1.75, -8.11, 2.11, Forward
1761480470756, -1.75, -8.02, 2.15, Forward
1761480470802, -1.71, -7.73, 2.13, Forward
1761480470849, -1.70, -7.55, 2.12, Forward
1761480470897, -1.76, -7.42, 2.10, Forward
1761480470942, -1.71, -6.88, 2.01, Forward
1761480470989, -1.71, -6.61, 1.97, Forward
1761480471036, -1.73, -6.67, 1.99, Forward
1761480471084, -1.78, -6.71, 2.01, Forward
1761480471129, -1.86, -6.94, 2.05, Forward
1761480471176, -1.93, -7.00, 2.05, Forward
1761480471222, -1.87, -6.85, 1.97, Forward
1761480471269, -1.85, -6.77, 1.95, Forward
1761480471317, -1.83, -7.06, 2.01, Forward
1761480471364, -1.77, -7.30, 2.04, Forward
1761480471412, -1.75, -7.33, 2.03, Forward
1761480471457, -1.68, -7.34, 2.01, Forward
1761480471504, -1.63, -7.23, 1.96, Forward
1761480471551, -1.60, -7.12, 1.91, Forward
1761480471598, -1.53, -6.87, 1.82, Forward
1761480471644, -1.49, -6.78, 1.82, Forward
1761480471692, -1.48, -6.85, 1.83, Forward
1761480471738, -1.49, -7.06, 1.87, Forward
1761480471783, -1.48, -6.78, 1.78, Forward
1761480471832, -1.44, -6.39, 1.70, Forward
1761480471877, -1.47, -6.47, 1.74, Forward
1761480471923, -1.55, -6.45, 1.74, Forward
1761480471968, -1.62, -6.71, 1.81, Forward
1761480472018, -1.69, -7.01, 1.89, Forward
1761480472065, -1.76, -7.24, 1.93, Forward
1761480472112, -1.81, -7.26, 1.89, Forward
1761480472157, -1.88, -7.39, 1.91, Forward
1761480472204, -1.91, -7.18, 1.87, Forward
1761480472251, -1.92, -7.18, 1.89, Forward
1761480472299, -1.97, -7.29, 1.91, Forward
1761480472345, -4.20, -8.62, 19.42, Forward
1761480472392, -4.28, -8.62, 19.42, Forward
1761480472438, -4.35, -8.46, 19.38, Forward
1761480472483, -4.34, -8.26, 19.34, Forward
1761480472531, -4.41, -8.16, 19.33, Forward
1761480472578, -6.60, -9.60, 36.82, Forward
1761480472623, -8.80, -11.05, 54.31, Left
1761480472669, -8.84, -10.89, 54.29, Left
1761480472718, -8.92, -10.66, 54.22, Left
1761480472763, -11.13, -12.14, 71.72, Left
1761480472809, -8.99, -10.70, 54.17, Left
1761480472856, -8.95, -10.33, 54.10, Left
1761480472900, -8.90, -9.96, 54.03, Forward
1761480472949, -8.93, -9.62, 53.95, Forward
1761480472997, -8.91, -9.51, 53.90, Forward
1761480473042, -6.76, -7.98, 36.36, Forward
1761480473087, -4.60, -6.17, 18.81, Forward
1761480473135, -4.59, -6.36, 18.84, Forward
1761480473183, -4.60, -6.71, 18.91, Forward
1761480473229, -2.44, -5.25, 1.39, Forward
1761480473275, -2.39, -5.27, 1.38, Forward
1761480473320, -2.38, -5.46, 1.42, Forward
1761480473370, -2.44, -5.85, 1.50, Forward
1761480473418, -2.53, -6.03, 1.54, Forward
1761480473464, -2.57, -6.17, 1.60, Forward
1761480473511, -2.51, -6.20, 1.65, Forward
1761480473554, -2.48, -6.48, 1.71, Forward
1761480473602, -2.44, -6.35, 1.71, Forward
1761480473650, -2.42, -6.43, 1.73, Forward
1761480473714, -2.42, -6.47, 1.77, Forward
1761480473774, -2.52, -6.60, 1.79, Forward
1761480473820, -2.52, -6.56, 1.77, Forward
1761480473870, -2.50, -6.75, 1.80, Forward
1761480473914, -2.44, -7.05, 1.84, Forward
1761480473958, -2.44, -7.18, 1.86, Forward
1761480474004, -2.49, -7.21, 1.87, Forward
1761480474052, -2.55, -7.50, 1.90, Forward
1761480474099, -2.56, -7.41, 1.86, Forward
1761480474146, -2.61, -7.51, 1.86, Forward
1761480474191, -2.62, -7.41, 1.81, Forward
1761480474238, -2.58, -7.52, 1.83, Forward
1761480474286, -2.59, -7.73, 1.84, Forward
1761480474332, -2.64, -7.87, 1.86, Forward
1761480474381, -2.67, -8.08, 1.91, Forward
1761480474426, -2.67, -8.26, 1.92, Forward
1761480474472, -2.68, -8.42, 1.93, Forward
1761480474519, -2.67, -8.36, 1.91, Forward
1761480474569, -2.71, -8.60, 1.95, Forward
1761480474615, -2.68, -8.57, 1.93, Forward
1761480474660, -2.70, -8.83, 1.98, Forward
1761480474706, -2.69, -8.91, 2.00, Forward
1761480474753, -2.72, -9.16, 2.06, Forward
1761480474802, -2.66, -9.01, 2.04, Forward
1761480474849, -2.73, -9.06, 2.03, Forward
1761480474895, -2.70, -8.90, 1.99, Forward
1761480474941, -2.73, -9.01, 2.00, Forward
1761480474988, -2.71, -8.89, 1.96, Forward
1761480475034, -2.72, -8.95, 1.97, Forward
1761480475083, -2.71, -8.74, 1.93, Forward
1761480475131, -2.71, -8.69, 1.93, Forward
1761480475177, -2.70, -8.54, 1.90, Forward
1761480475224, -2.68, -8.37, 1.87, Forward
1761480475270, -2.70, -8.51, 1.88, Forward
1761480475319, -2.57, -8.05, 1.80, Forward
1761480475362, -2.55, -8.17, 1.79, Forward
1761480475411, -2.53, -7.99, 1.76, Forward
1761480475456, -2.54, -7.94, 1.77, Forward
1761480475503, -2.50, -7.70, 1.72, Forward
1761480475550, -2.58, -7.85, 1.73, Forward
1761480475597, -2.57, -7.71, 1.69, Forward
1761480475646, -2.67, -7.78, 1.71, Forward
1761480475690, -2.66, -7.71, 1.70, Forward
1761480475737, -2.63, -7.59, 1.67, Forward
1761480475785, -2.63, -7.70, 1.72, Forward
1761480475831, -2.66, -7.65, 1.75, Forward
1761480475878, -2.65, -7.53, 1.74, Forward
1761480475920, -2.63, -7.60, 1.75, Forward
1761480475968, -2.73, -7.77, 1.78, Forward
1761480476017, -2.71, -7.63, 1.75, Forward
1761480476063, -2.71, -7.85, 1.81, Forward
1761480476110, -2.62, -7.93, 1.82, Forward
1761480476156, -2.63, -8.16, 1.85, Forward
1761480476203, -2.64, -8.09, 1.85, Forward
1761480476250, -2.65, -8.09, 1.86, Forward
1761480476299, -2.63, -7.88, 1.84, Forward
1761480476346, -2.66, -8.03, 1.87, Forward
1761480476394, -2.69, -7.89, 1.86, Forward
1761480476437, -2.62, -7.78, 1.87, Forward
1761480476485, -2.57, -7.68, 1.91, Forward
1761480476534, -2.62, -7.57, 1.91, Forward
1761480476583, -2.58, -7.60, 1.94, Forward
1761480476627, -2.51, -7.49, 1.94, Forward
1761480476672, -2.46, -7.38, 1.95, Forward
1761480476718, -2.45, -7.57, 1.98, Forward
1761480476767, -2.38, -7.44, 1.96, Forward
1761480476816, -2.31, -7.43, 1.96, Forward
1761480476860, -2.28, -7.58, 2.01, Forward
1761480476905, -2.28, -7.77, 2.04, Forward
1761480476953, -2.24, -7.97, 2.07, Forward
1761480477002, -2.20, -8.02, 2.06, Forward
1761480477050, -2.24, -7.95, 2.04, Forward
1761480477094, -2.28, -8.04, 2.07, Forward
1761480477140, -2.33, -8.16, 2.08, Forward
1761480477186, -2.37, -8.14, 2.07, Forward
1761480477235, -2.47, -8.54, 2.12, Forward
1761480477280, -2.51, -8.52, 2.11, Forward
1761480477326, -2.55, -8.55, 2.10, Forward
1761480477375, -2.55, -8.60, 2.10, Forward
1761480477420, -2.55, -8.67, 2.13, Forward
1761480477468, -2.50, -8.50, 2.13, Forward
1761480477513, -2.47, -8.53, 2.16, Forward
1761480477558, -2.50, -8.65, 2.20, Forward
1761480477603, -2.47, -8.64, 2.23, Forward
1761480477651, -2.43, -8.55, 2.23, Forward
1761480477698, -2.41, -8.36, 2.22, Forward
1761480477742, -2.37, -8.34, 2.22, Forward
1761480477792, -2.34, -8.39, 2.25, Forward
1761480477837, -2.33, -8.45, 2.29, Forward
1761480477883, -2.34, -8.41, 2.29, Forward
1761480477930, -2.38, -8.84, 2.35, Forward
1761480477977, -2.38, -8.82, 2.34, Forward
1761480478023, -2.35, -8.70, 2.32, Forward
1761480478068, -2.34, -8.78, 2.30, Forward
1761480478114, -2.41, -8.93, 2.32, Forward
1761480478160, -2.48, -9.35, 2.38, Forward
1761480478206, -2.53, -9.63, 2.43, Forward
1761480478253, -2.59, -9.73, 2.42, Forward
1761480478300, -2.63, -9.72, 2.40, Forward
1761480478347, -2.67, -9.85, 2.41, Forward
1761480478392, -2.75, -9.79, 2.41, Forward
1761480478438, -2.78, -9.74, 2.40, Forward
1761480478486, -2.71, -9.29, 2.34, Forward
1761480478544, -2.67, -9.27, 2.35, Forward
1761480478594, -2.56, -9.37, 2.39, Forward
1761480478639, -2.44, -9.20, 2.39, Forward
1761480478685, -2.37, -8.96, 2.36, Forward
1761480478733, -2.26, -8.84, 2.36, Forward
1761480478776, -2.12, -8.69, 2.39, Forward
1761480478823, -2.06, -8.43, 2.35, Forward
1761480478871, -1.84, -7.88, 2.26, Forward
1761480478918, -1.69, -7.49, 2.19, Forward
1761480478966, -1.74, -8.11, 2.29, Forward
1761480479010, -1.82, -8.20, 2.30, Forward
1761480479057, -1.88, -8.17, 2.28, Forward
1761480479103, -1.93, -8.15, 2.28, Forward
1761480479149, -1.99, -8.31, 2.30, Forward
1761480479195, -2.01, -8.19, 2.25, Forward
1761480479238, -1.90, -7.75, 2.15, Forward
1761480479286, -1.69, -7.46, 2.10, Forward
1761480479334, -1.66, -7.48, 2.10, Forward
1761480479382, -1.59, -7.64, 2.14, Forward
1761480479428, -1.51, -7.21, 2.05, Forward
1761480479474, -1.43, -7.14, 2.03, Forward
1761480479519, -1.37, -7.11, 2.03, Forward
1761480479567, -1.33, -7.19, 2.04, Forward
1761480479614, -1.30, -7.19, 2.03, Forward
1761480479660, -1.33, -7.45, 2.08, Forward
1761480479709, -1.48, -7.96, 2.16, Forward
1761480479753, -1.75, -8.67, 2.27, Forward
1761480479803, -1.87, -8.86, 2.32, Forward
1761480479847, -2.07, -9.15, 2.37, Forward
1761480479893, -2.15, -9.46, 2.42, Forward
1761480479939, -2.12, -9.58, 2.39, Forward
1761480479986, -2.13, -9.55, 2.28, Forward
1761480480033, -2.04, -9.31, 2.15, Forward
1761480480080, -1.98, -9.34, 2.10, Forward
1761480480124, -1.92, -9.33, 2.05, Forward
1761480480171, -1.83, -9.44, 2.05, Forward
1761480480217, -1.70, -9.34, 2.00, Forward
1761480480264, -1.77, -9.59, 2.02, Forward
1761480480310, -1.68, -9.35, 1.93, Forward
1761480480355, -1.60, -9.12, 1.88, Forward
1761480480405, -1.63, -9.03, 1.92, Forward
1761480480452, -1.56, -8.79, 1.96, Forward
1761480480500, -1.51, -8.57, 2.00, Forward
1761480480545, -1.46, -8.32, 2.02, Forward
1761480480588, -1.38, -7.90, 1.97, Forward
1761480480635, -1.51, -7.63, 1.97, Forward
1761480480685, -1.66, -7.44, 1.96, Forward
1761480480729, -1.58, -6.92, 1.89, Forward
1761480480775, -1.62, -6.96, 1.93, Forward
1761480480820, -1.66, -7.00, 1.96, Forward
1761480480868, -1.57, -6.40, 1.84, Forward
1761480480914, -1.55, -6.24, 1.83, Forward
1761480480959, -1.65, -6.46, 1.88, Forward
1761480481007, -1.74, -6.40, 1.87, Forward
1761480481054, -1.91, -6.95, 2.02, Forward
1761480481101, -1.89, -7.22, 2.11, Forward
1761480481149, -1.73, -7.20, 2.13, Forward
1761480481196, -1.71, -7.58, 2.19, Forward
1761480481241, -1.71, -7.92, 2.26, Forward
1761480481286, -1.71, -8.03, 2.23, Forward
1761480481334, -1.79, -8.48, 2.29, Forward
1761480481380, -1.90, -8.69, 2.32, Forward
1761480481424, -1.90, -8.73, 2.31, Forward
1761480481471, -1.89, -8.90, 2.33, Forward
1761480481517, -1.85, -8.81, 2.31, Forward
1761480481563, -1.84, -8.83, 2.29, Forward
1761480481611, -1.91, -8.78, 2.27, Forward
1761480481657, -2.00, -8.95, 2.32, Forward
1761480481704, -2.02, -8.76, 2.28, Forward
1761480481753, -2.04, -8.68, 2.31, Forward
1761480481796, -2.06, -8.63, 2.35, Forward
1761480481845, -2.01, -8.64, 2.38, Forward
1761480481890, -1.99, -8.51, 2.38, Forward
1761480481936, -1.98, -8.43, 2.38, Forward
1761480481985, -1.97, -8.36, 2.40, Forward
1761480482031, -1.77, -7.96, 2.32, Forward
1761480482077, -1.62, -7.65, 2.27, Forward
1761480482122, -1.43, -7.18, 2.20, Forward
1761480482169, -1.29, -6.87, 2.18, Forward
1761480482217, -1.17, -6.98, 2.22, Forward
1761480482261, -1.09, -6.87, 2.22, Forward
1761480482309, -1.02, -6.77, 2.18, Forward
1761480482353, -3.17, -8.46, 19.60, Forward
1761480482400, -3.24, -8.36, 19.53, Forward
1761480482450, -3.19, -8.19, 19.46, Forward
1761480482493, -3.35, -8.35, 19.46, Forward
1761480482542, -3.51, -8.88, 19.52, Forward
1761480482587, -3.64, -8.99, 19.54, Forward
1761480482633, -3.74, -9.06, 19.51, Forward
1761480482682, -3.82, -8.82, 19.43, Forward
1761480482726, -3.86, -8.74, 19.34, Forward
1761480482773, -3.91, -8.71, 19.31, Forward
1761480482821, -1.75, -6.79, 1.80, Forward
1761480482869, -3.92, -8.31, 19.25, Forward
1761480482915, -6.09, -9.93, 36.68, Forward
1761480482965, -6.13, -9.90, 36.65, Forward
1761480483009, -6.15, -9.69, 36.59, Forward
1761480483053, -6.18, -9.87, 36.58, Forward
1761480483102, -6.28, -10.04, 36.61, Left
1761480483148, -6.39, -10.19, 36.66, Left
1761480483192, -6.46, -10.03, 36.67, Left
1761480483239, -6.56, -10.21, 36.72, Left
1761480483286, -6.58, -10.24, 36.73, Left
1761480483334, -4.33, -8.58, 19.27, Forward
1761480483382, -2.18, -6.72, 1.81, Forward
1761480483428, -2.14, -6.57, 1.82, Forward
1761480483475, -2.10, -6.42, 1.81, Forward
1761480483522, -2.07, -6.07, 1.75, Forward
1761480483569, -1.99, -5.88, 1.69, Forward
1761480483615, -1.91, -5.66, 1.61, Forward
1761480483660, -1.90, -5.93, 1.63, Forward
1761480483707, -1.84, -5.65, 1.55, Forward
1761480483753, -1.86, -5.52, 1.52, Forward
1761480483797, -1.89, -5.46, 1.42, Forward
1761480483846, -1.85, -5.42, 1.31, Forward
1761480483890, -1.87, -5.44, 1.22, Forward
1761480483936, -1.88, -5.49, 1.17, Forward
1761480483984, -1.89, -5.50, 1.12, Forward
1761480484032, -1.98, -5.46, 1.08, Forward
1761480484078, -2.08, -5.42, 1.03, Forward
1761480484124, -2.18, -5.41, 0.96, Forward
1761480484171, -2.21, -5.46, 0.90, Forward
1761480484218, -2.26, -5.56, 0.87, Forward
1761480484265, -2.25, -5.76, 0.95, Forward
1761480484310, -2.29, -5.71, 0.96, Forward
1761480484356, -2.27, -5.59, 0.95, Forward
1761480484403, -2.24, -5.35, 0.92, Forward
1761480484451, -2.25, -5.40, 0.92, Forward
1761480484498, -2.18, -5.43, 0.93, Forward
1761480484544, -2.09, -5.41, 0.95, Forward
1761480484590, -1.94, -5.29, 1.00, Forward
1761480484637, -1.91, -5.64, 1.15, Forward
1761480484685, -1.89, -6.02, 1.30, Forward
1761480484732, -1.90, -6.23, 1.38, Forward
1761480484779, -1.93, -6.67, 1.52, Forward
1761480484824, -1.96, -7.12, 1.65, Forward
1761480484871, -1.98, -7.41, 1.78, Forward
1761480484919, -1.99, -7.77, 1.91, Forward
1761480484967, -2.00, -8.13, 2.05, Forward
1761480485011, -2.03, -8.54, 2.16, Forward
1761480485055, -2.06, -8.81, 2.23, Forward
1761480485103, -2.03, -8.67, 2.21, Forward
1761480485149, -2.04, -8.52, 2.17, Forward
1761480485196, -2.01, -8.05, 2.07, Forward
1761480485241, -2.00, -7.84, 2.02, Forward
1761480485289, -1.98, -7.55, 1.99, Forward
1761480485337, -1.93, -7.29, 1.94, Forward
1761480485382, -1.89, -7.10, 1.90, Forward
1761480485427, -1.88, -6.91, 1.84, Forward
1761480485473, -1.85, -6.62, 1.79, Forward
1761480485518, -1.84, -6.49, 1.76, Forward
1761480485567, -1.84, -6.33, 1.73, Forward
1761480485616, -1.87, -6.44, 1.75, Forward
1761480485661, -1.94, -6.87, 1.84, Forward
1761480485708, -1.94, -7.07, 1.91, Forward
1761480485756, -2.04, -7.35, 1.92, Forward
1761480485801, -2.13, -7.75, 1.98, Forward
1761480485847, -2.14, -7.79, 1.99, Forward
1761480485893, -2.12, -7.83, 2.02, Forward
1761480485938, -2.09, -7.70, 1.99, Forward
1761480485986, -2.10, -7.63, 2.00, Forward
1761480486033, -2.11, -7.59, 2.00, Forward
1761480486078, -2.08, -7.62, 2.03, Forward
1761480486125, -2.07, -7.63, 2.02, Forward
1761480486171, -2.13, -7.56, 2.00, Forward
1761480486218, -2.07, -7.57, 2.06, Forward
1761480486264, -2.05, -7.56, 2.10, Forward
1761480486310, -2.08, -7.69, 2.13, Forward
1761480486356, -2.10, -7.87, 2.16, Forward
1761480486403, -2.19, -8.32, 2.21, Forward
1761480486448, -2.29, -8.85, 2.28, Forward
1761480486495, -2.32, -9.18, 2.35, Forward
1761480486540, -2.34, -9.22, 2.30, Forward
1761480486587, -2.28, -9.13, 2.31, Forward
1761480486634, -2.19, -8.65, 2.21, Forward
1761480486681, -2.01, -8.45, 2.14, Forward
1761480486726, -1.89, -8.15, 2.05, Forward
1761480486772, -1.84, -8.42, 2.08, Forward
1761480486818, -1.83, -8.59, 2.09, Forward
1761480486864, -1.79, -8.74, 2.10, Forward
1761480486912, -1.76, -8.63, 2.06, Forward
1761480486957, -1.76, -8.80, 2.06, Forward
1761480487005, -1.69, -8.68, 2.05, Forward
1761480487051, -1.72, -8.83, 2.07, Forward
1761480487097, -1.72, -9.15, 2.12, Forward
1761480487144, -1.88, -9.09, 2.09, Forward
1761480487190, -1.99, -9.46, 2.16, Forward
1761480487238, -2.04, -9.20, 2.13, Forward
1761480487283, -2.02, -8.70, 2.08, Forward
1761480487346, -2.02, -8.24, 2.02, Forward
1761480487390, -1.95, -8.03, 2.03, Forward
1761480487438, -1.93, -7.57, 1.98, Forward
1761480487485, -1.94, -7.38, 1.98, Forward
1761480487531, -1.91, -7.04, 1.94, Forward
1761480487576, -1.92, -6.98, 1.95, Forward
1761480487623, -1.89, -6.98, 1.99, Forward
1761480487671, -1.87, -6.65, 1.95, Forward
1761480487716, -1.84, -6.40, 1.91, Forward
1761480487762, -1.89, -6.34, 1.88, Forward
1761480487808, -1.85, -6.37, 1.90, Forward
1761480487856, -1.92, -6.25, 1.88, Forward
1761480487902, -1.91, -6.17, 1.87, Forward
1761480487950, -1.95, -5.89, 1.80, Forward
1761480487994, -2.03, -6.08, 1.81, Forward
1761480488043, -2.11, -6.26, 1.83, Forward
1761480488089, -2.18, -6.19, 1.82, Forward
1761480488138, -2.23, -6.08, 1.77, Forward
1761480488184, -2.28, -5.89, 1.71, Forward
1761480488227, -2.31, -6.14, 1.75, Forward
1761480488275, -2.40, -6.27, 1.76, Forward
1761480488320, -2.32, -6.12, 1.74, Forward
1761480488370, -2.34, -6.24, 1.75, Forward
1761480488414, -2.31, -6.51, 1.82, Forward
1761480488458, -2.24, -6.40, 1.82, Forward
1761480488506, -2.16, -6.31, 1.80, Forward
1761480488553, -2.12, -6.57, 1.85, Forward
1761480488600, -2.08, -6.80, 1.93, Forward
1761480488648, -2.04, -7.07, 2.00, Forward
1761480488693, -1.96, -6.86, 1.98, Forward
1761480488740, -1.94, -7.06, 2.05, Forward
1761480488787, -1.98, -7.26, 2.08, Forward
1761480488836, -2.00, -7.31, 2.09, Forward
1761480488883, -2.05, -7.68, 2.16, Forward
1761480488927, -2.12, -8.00, 2.23, Forward
1761480488972, -2.15, -8.20, 2.26, Forward
1761480489019, -2.22, -8.28, 2.26, Forward
1761480489068, -2.27, -8.19, 2.24, Forward
1761480489112, -2.31, -8.07, 2.23, Forward
1761480489158, -2.36, -8.09, 2.26, Forward
1761480489205, -2.38, -8.01, 2.24, Forward
1761480489252, -2.43, -8.20, 2.27, Forward
1761480489300, -2.51, -8.65, 2.34, Forward
1761480489347, -2.52, -8.61, 2.32, Forward
1761480489392, -2.62, -8.72, 2.35, Forward
1761480489439, -2.74, -8.83, 2.35, Forward
1761480489486, -2.73, -9.01, 2.39, Forward
1761480489532, -2.78, -9.50, 2.46, Forward
1761480489580, -2.84, -10.00, 2.52, Left
1761480489625, -2.89, -10.48, 2.59, Left
1761480489671, -2.92, -10.53, 2.61, Left
1761480489719, -2.94, -10.72, 2.63, Left
1761480489764, -2.87, -10.52, 2.61, Left
1761480489809, -2.87, -10.48, 2.61, Left
1761480489856, -2.76, -9.91, 2.51, Forward
1761480489903, -2.69, -9.79, 2.52, Forward
1761480489952, -2.68, -9.40, 2.49, Forward
1761480489998, -2.62, -8.91, 2.42, Forward
1761480490043, -2.59, -8.58, 2.38, Forward
1761480490089, -2.61, -8.54, 2.39, Forward
1761480490139, -2.61, -8.73, 2.40, Forward
1761480490184, -2.59, -8.66, 2.40, Forward
1761480490231, -2.63, -8.55, 2.37, Forward
1761480490278, -2.62, -8.74, 2.40, Forward
1761480490323, -2.63, -9.19, 2.45, Forward
1761480490369, -2.57, -9.17, 2.42, Forward
1761480490418, -2.48, -9.40, 2.43, Forward
1761480490462, -2.49, -9.74, 2.49, Forward
1761480490508, -2.52, -9.75, 2.47, Forward
1761480490555, -2.41, -9.47, 2.41, Forward
1761480490605, -2.26, -8.87, 2.30, Forward
1761480490653, -2.19, -8.82, 2.28, Forward
1761480490698, -2.13, -8.94, 2.28, Forward
1761480490745, -2.03, -8.77, 2.22, Forward
1761480490789, -2.02, -8.68, 2.18, Forward
1761480490836, -2.21, -9.42, 2.32, Forward
1761480490884, -2.43, -10.03, 2.42, Left
1761480490932, -2.66, -10.71, 2.55, Left
1761480490981, -2.81, -11.36, 2.68, Left
1761480491039, -3.07, -12.01, 2.80, Left
1761480491086, -3.36, -13.07, 3.03, Left
1761480491132, -3.69, -13.82, 3.21, Left
1761480491178, -3.95, -14.16, 3.35, Left
1761480491223, -4.23, -14.27, 3.46, Left
1761480491271, -4.49, -14.46, 3.59, Left
1761480491317, -4.64, -13.93, 3.58, Left
1761480491367, -4.78, -13.20, 3.53, Left
1761480491410, -4.84, -12.03, 3.38, Left
1761480491456, -5.11, -11.77, 3.42, Left
1761480491503, -5.33, -11.15, 3.37, Left
1761480491550, -5.47, -10.02, 3.20, Left
1761480491596, -5.54, -9.19, 3.05, Forward
1761480491644, -7.65, -10.52, 20.33, Left
1761480491689, -7.73, -10.54, 20.33, Left
1761480491737, -7.64, -10.27, 20.24, Left
1761480491784, -7.51, -9.87, 20.14, Forward
1761480491830, -7.35, -10.01, 20.12, Left
1761480491876, -7.20, -10.31, 20.09, Left
1761480491921, -6.84, -9.85, 19.93, Forward
1761480491969, -6.49, -9.50, 19.79, Forward
1761480492017, -6.20, -9.37, 19.70, Forward
1761480492063, -5.94, -9.06, 19.60, Forward
1761480492108, -3.62, -6.94, 2.14, Forward
1761480492155, -3.47, -6.56, 2.05, Forward
1761480492203, -3.33, -6.36, 2.01, Forward
1761480492251, -3.21, -6.16, 1.90, Forward
1761480492297, -3.17, -5.94, 1.82, Forward
1761480492342, -3.10, -5.78, 1.80, Forward
1761480492388, -3.11, -5.77, 1.80, Forward
1761480492436, -3.14, -5.99, 1.84, Forward
1761480492483, -3.20, -6.33, 1.91, Forward
1761480492529, -3.23, -6.44, 1.94, Forward
1761480492579, -3.33, -6.59, 1.95, Forward
1761480492621, -3.29, -6.75, 1.95, Forward
1761480492670, -3.31, -6.71, 1.92, Forward
1761480492717, -3.32, -6.96, 2.00, Forward
1761480492763, -3.26, -6.73, 1.97, Forward
1761480492809, -5.35, -8.42, 19.46, Forward
1761480492855, -5.32, -8.38, 19.46, Forward
1761480492902, -5.25, -8.17, 19.43, Forward
1761480492950, -7.26, -9.86, 36.95, Forward
1761480492999, -7.24, -9.76, 36.96, Forward
1761480493042, -7.20, -9.78, 36.98, Forward
1761480493088, -7.22, -9.63, 36.99, Forward
1761480493135, -7.24, -9.67, 37.01, Forward
1761480493183, -7.25, -9.62, 37.01, Forward
1761480493227, -7.31, -9.74, 37.07, Forward
1761480493275, -5.17, -7.96, 19.62, Forward
1761480493320, -7.15, -9.68, 37.14, Forward
1761480493368, -9.24, -11.64, 54.69, Left
1761480493414, -7.25, -9.98, 37.23, Forward
1761480493461, -7.28, -10.08, 37.26, Left
1761480493507, -7.33, -10.05, 37.29, Left
1761480493553, -7.39, -9.84, 37.27, Forward
1761480493600, -7.44, -10.02, 37.32, Left
1761480493649, -7.41, -9.74, 37.27, Forward
1761480493696, -7.45, -9.85, 37.29, Forward
1761480493741, -7.48, -9.82, 37.26, Forward
1761480493787, -5.52, -8.23, 19.76, Forward
1761480493835, -3.45, -6.57, 2.27, Forward
1761480493884, -3.42, -6.79, 2.28, Forward
1761480493927, -3.37, -6.88, 2.27, Forward
1761480493976, -3.31, -6.85, 2.24, Forward
1761480494022, -3.24, -7.17, 2.27, Forward
1761480494070, -3.12, -6.93, 2.23, Forward
1761480494115, -3.05, -7.14, 2.30, Forward
1761480494162, -3.01, -7.08, 2.29, Forward
1761480494207, -3.03, -7.50, 2.35, Forward
1761480494254, -3.03, -7.64, 2.37, Forward
1761480494301, -2.94, -7.48, 2.34, Forward
1761480494349, -2.83, -7.16, 2.28, Forward
1761480494396, -2.75, -7.01, 2.26, Forward
1761480494442, -2.67, -6.93, 2.24, Forward
1761480494487, -2.63, -6.84, 2.25, Forward
1761480494538, -2.65, -7.02, 2.28, Forward
1761480494584, -2.75, -7.20, 2.29, Forward
1761480494629, -2.74, -7.23, 2.29, Forward
1761480494672, -2.71, -7.00, 2.25, Forward
1761480494722, -2.71, -6.88, 2.26, Forward
1761480494770, -2.83, -7.05, 2.31, Forward
1761480494817, -2.91, -6.97, 2.30, Forward
1761480494862, -2.97, -6.97, 2.28, Forward
1761480494911, -3.02, -6.99, 2.26, Forward
1761480494956, -3.05, -6.75, 2.20, Forward
1761480495004, -3.10, -6.51, 2.14, Forward
1761480495052, -3.07, -6.25, 2.10, Forward
1761480495098, -3.10, -6.35, 2.13, Forward
1761480495144, -3.13, -6.48, 2.15, Forward
1761480495193, -3.10, -6.35, 2.13, Forward
1761480495238, -3.10, -6.39, 2.12, Forward
1761480495284, -3.10, -6.52, 2.13, Forward
1761480495327, -3.15, -6.67, 2.17, Forward
1761480495372, -3.17, -6.75, 2.20, Forward
1761480495421, -3.19, -6.99, 2.23, Forward
1761480495466, -3.19, -7.30, 2.25, Forward
1761480495512, -3.19, -7.62, 2.28, Forward
1761480495556, -3.13, -7.47, 2.25, Forward
1761480495605, -3.09, -7.31, 2.21, Forward
1761480495653, -3.09, -7.46, 2.21, Forward
1761480495695, -3.09, -7.60, 2.21, Forward
1761480495744, -3.03, -7.89, 2.25, Forward
1761480495789, -2.92, -7.77, 2.23, Forward
1761480495836, -2.83, -7.73, 2.20, Forward
1761480495884, -2.86, -7.83, 2.21, Forward
1761480495928, -2.74, -7.31, 2.13, Forward
1761480495974, -2.68, -7.22, 2.15, Forward
1761480496021, -2.62, -7.22, 2.12, Forward
1761480496067, -2.56, -7.27, 2.14, Forward
1761480496113, -2.50, -7.25, 2.12, Forward
1761480496157, -2.39, -7.06, 2.06, Forward
1761480496204, -2.35, -6.71, 1.98, Forward
1761480496251, -2.34, -6.76, 1.95, Forward
1761480496296, -2.34, -6.70, 1.92, Forward
1761480496345, -2.22, -6.44, 1.88, Forward
1761480496390, -2.27, -6.79, 1.94, Forward
1761480496436, -2.28, -6.61, 1.84, Forward
1761480496484, -2.19, -6.50, 1.74, Forward
1761480496530, -2.15, -6.50, 1.68, Forward
1761480496577, -2.10, -6.36, 1.62, Forward
1761480496623, -2.10, -6.43, 1.61, Forward
1761480496670, -2.07, -6.61, 1.61, Forward
1761480496716, -2.02, -6.65, 1.61, Forward
1761480496761, -2.07, -6.85, 1.60, Forward
1761480496807, -2.08, -7.29, 1.64, Forward
1761480496854, -2.04, -7.40, 1.60, Forward
1761480496901, -2.00, -7.67, 1.67, Forward
1761480496951, -2.07, -7.88, 1.75, Forward
1761480496992, -2.06, -7.78, 1.75, Forward
1761480497041, -2.05, -7.71, 1.76, Forward
1761480497088, -2.01, -7.22, 1.69, Forward
1761480497134, -2.00, -6.84, 1.66, Forward
1761480497181, -2.05, -6.59, 1.67, Forward
1761480497228, -2.00, -6.61, 1.74, Forward
1761480497271, -2.03, -6.43, 1.73, Forward
1761480497320, -2.02, -6.18, 1.74, Forward
1761480497367, -2.08, -5.81, 1.68, Forward
1761480497413, -2.13, -5.84, 1.71, Forward
1761480497459, -2.27, -6.05, 1.78, Forward
1761480497504, -2.33, -6.26, 1.86, Forward
1761480497552, -2.28, -6.56, 1.91, Forward
1761480497599, -2.32, -6.88, 1.90, Forward
1761480497643, -2.37, -7.07, 1.83, Forward
1761480497691, -2.42, -7.09, 1.74, Forward
1761480497737, -2.45, -6.94, 1.62, Forward
1761480497786, -2.51, -7.08, 1.55, Forward
1761480497831, -2.46, -7.32, 1.54, Forward
1761480497877, -2.36, -7.02, 1.44, Forward
1761480497923, -2.30, -7.05, 1.39, Forward
1761480497971, -2.31, -7.08, 1.34, Forward
1761480498017, -2.43, -7.21, 1.37, Forward
1761480498064, -2.43, -7.13, 1.38, Forward
1761480498111, -2.41, -7.32, 1.48, Forward
1761480498157, -2.38, -7.32, 1.52, Forward
1761480498206, -2.33, -7.32, 1.59, Forward
1761480498251, -2.38, -7.36, 1.62, Forward
1761480498297, -2.39, -7.32, 1.62, Forward
1761480498345, -2.55, -7.15, 1.55, Forward
1761480498391, -2.59, -6.85, 1.45, Forward
1761480498438, -2.61, -6.68, 1.40, Forward
1761480498486, -2.56, -6.46, 1.38, Forward
1761480498551, -2.58, -6.66, 1.41, Forward
1761480498596, -2.64, -6.48, 1.33, Forward
1761480498640, -2.70, -6.29, 1.26, Forward
1761480498687, -2.79, -6.17, 1.19, Forward
1761480498734, -2.78, -6.31, 1.22, Forward
1761480498783, -2.78, -6.36, 1.22, Forward
1761480498827, -2.78, -6.27, 1.22, Forward
1761480498875, -2.77, -6.37, 1.27, Forward
1761480498921, -2.80, -6.25, 1.27, Forward
1761480498970, -2.85, -6.16, 1.22, Forward
1761480499015, -2.85, -5.86, 1.18, Forward
1761480499062, -2.81, -5.73, 1.15, Forward
1761480499106, -2.86, -5.68, 1.15, Forward
1761480499154, -2.87, -5.86, 1.19, Forward
1761480499201, -2.89, -5.69, 1.19, Forward
1761480499248, -2.92, -5.52, 1.19, Forward
1761480499293, -2.87, -5.91, 1.27, Forward
1761480499340, -2.85, -5.73, 1.25, Forward
1761480499387, -2.85, -5.76, 1.22, Forward
1761480499434, -2.94, -5.88, 1.23, Forward
1761480499479, -3.08, -5.97, 1.23, Forward
1761480499525, -3.20, -6.30, 1.31, Forward
1761480499573, -3.16, -6.34, 1.34, Forward
1761480499621, -3.10, -6.07, 1.32, Forward
1761480499667, -3.07, -5.96, 1.29, Forward
1761480499715, -3.07, -5.99, 1.29, Forward
1761480499759, -3.10, -6.06, 1.31, Forward
1761480499805, -3.13, -6.26, 1.36, Forward
1761480499852, -3.08, -6.37, 1.40, Forward
1761480499899, -3.06, -6.61, 1.44, Forward
1761480499947, -3.00, -6.70, 1.46, Forward
1761480499994, -2.98, -6.59, 1.41, Forward
1761480500041, -3.00, -6.89, 1.47, Forward
1761480500089, -3.00, -7.09, 1.49, Forward
1761480500139, -3.04, -7.44, 1.55, Forward
1761480500182, -3.03, -7.52, 1.55, Forward
1761480500231, -2.99, -7.31, 1.52, Forward
1761480500276, -2.93, -7.50, 1.58, Forward
1761480500323, -2.89, -7.26, 1.59, Forward
1761480500371, -2.77, -7.08, 1.59, Forward
1761480500419, -2.65, -7.02, 1.63, Forward
1761480500464, -2.58, -6.89, 1.66, Forward
1761480500513, -2.55, -6.66, 1.64, Forward
1761480500556, -2.46, -6.67, 1.72, Forward
1761480500603, -2.33, -6.39, 1.71, Forward
1761480500652, -2.28, -6.34, 1.75, Forward
1761480500698, -2.23, -6.42, 1.81, Forward
1761480500745, -2.22, -6.25, 1.81, Forward
1761480500791, -2.24, -6.53, 1.88, Forward
1761480500838, -2.24, -6.30, 1.88, Forward
1761480500884, -2.20, -6.24, 1.90, Forward
1761480500949, -1.93, -5.68, 1.84, Forward
1761480500991, -1.65, -5.15, 1.80, Forward
1761480501039, -1.54, -4.74, 1.69, Forward
1761480501088, -1.33, -4.26, 1.58, Forward
1761480501135, -1.04, -3.83, 1.46, Forward
1761480501179, -0.84, -3.47, 1.29, Forward
1761480501224, -0.23, -3.29, 1.00, Forward
1761480501272, 0.46, -2.87, 0.58, Forward
1761480501318, 1.14, -2.80, 0.24, Forward
1761480501362, 1.87, -2.42, -0.15, Forward
1761480501407, 2.39, -2.24, -0.49, Forward
1761480501453, 3.05, -2.00, -0.85, Forward
1761480501500, 3.72, -1.73, -1.11, Forward
1761480501548, 4.29, -1.38, -1.37, Forward
1761480501594, 4.92, -1.70, -1.51, Forward
1761480501641, 5.61, -2.11, -1.60, Forward
1761480501687, 5.87, -2.13, -1.64, Forward
1761480501734, 5.99, -2.32, -1.55, Forward
1761480501781, 6.20, -2.55, -1.46, Forward
1761480501826, 6.27, -2.73, -1.32, Forward
1761480501872, 6.26, -3.59, -1.13, Forward
1761480501919, 6.13, -4.27, -0.94, Forward
1761480501964, 5.97, -5.25, -0.72, Forward
1761480502010, 5.83, -6.09, -0.49, Forward
1761480502057, 5.47, -6.30, -0.31, Forward
1761480502104, 5.14, -6.37, -0.12, Forward
1761480502152, 4.86, -6.45, 0.13, Forward
1761480502199, 4.51, -6.65, 0.39, Forward
1761480502245, 4.09, -6.50, 0.63, Forward
1761480502290, 3.60, -6.92, 0.90, Forward
1761480502337, 3.15, -6.64, 1.13, Forward
1761480502384, 2.54, -6.51, 1.36, Forward
1761480502432, 2.03, -6.38, 1.56, Forward
1761480502476, 1.46, -6.43, 1.72, Forward
1761480502525, 0.89, -6.64, 1.85, Forward
1761480502573, 0.35, -6.87, 1.97, Forward
1761480502619, -0.18, -7.07, 2.04, Forward
1761480502665, -0.64, -6.79, 2.02, Forward
1761480502712, -1.17, -7.23, 2.04, Forward
1761480502758, -1.58, -7.40, 2.07, Forward
1761480502804, -1.93, -7.69, 2.06, Forward
1761480502852, -2.21, -8.24, 2.15, Forward
1761480502900, -2.51, -8.42, 2.16, Forward
1761480502948, -2.73, -8.64, 2.17, Forward
1761480502993, -2.91, -8.48, 2.01, Forward
1761480503039, -2.99, -8.34, 1.83, Forward
1761480503104, -3.21, -8.42, 1.65, Forward
1761480503151, -3.32, -8.59, 1.46, Forward
1761480503198, -3.39, -8.40, 1.23, Forward
1761480503241, -3.41, -7.87, 0.88, Forward
1761480503289, -3.38, -7.46, 0.52, Forward
1761480503339, -3.38, -5.58, -0.19, Forward
1761480503383, -3.40, -4.23, -0.79, Forward
1761480503428, -3.41, -2.74, -1.38, Forward
1761480503476, -3.41, -2.01, -1.66, Forward
1761480503523, -3.61, -1.09, -1.96, Forward
1761480503568, -3.80, -0.04, -2.24, Forward
1761480503615, -4.11, 0.31, -2.40, Forward
1761480503661, -4.42, 1.17, -2.61, Forward
1761480503710, -4.88, 1.47, -2.64, Forward
1761480503756, -5.21, 1.86, -2.62, Forward
1761480503803, -5.42, 0.59, -2.30, Forward
1761480503851, -5.73, -0.28, -2.01, Forward
1761480503896, -6.07, -1.05, -1.75, Forward
1761480503943, -6.53, -1.79, -1.55, Forward
1761480503988, -6.80, -2.40, -1.38, Forward
1761480504035, -6.87, -3.11, -1.23, Forward
1761480504082, -6.96, -3.59, -1.12, Forward
1761480504128, -6.95, -4.29, -0.96, Forward
1761480504175, -6.83, -4.66, -0.93, Forward
1761480504220, -6.77, -5.01, -0.96, Forward
1761480504268, -6.59, -4.91, -1.05, Forward
1761480504316, -6.30, -4.87, -1.16, Forward
1761480504360, -5.99, -5.50, -1.16, Forward
1761480504407, -5.14, -5.33, -1.22, Forward
1761480504456, -4.32, -4.98, -1.30, Forward
1761480504502, -3.59, -4.54, -1.34, Forward
1761480504550, -2.81, -4.03, -1.38, Forward
1761480504595, -2.14, -4.00, -1.34, Forward
1761480504640, -1.50, -3.90, -1.30, Forward
1761480504687, -0.93, -4.06, -1.19, Forward
1761480504733, -0.46, -4.31, -1.08, Forward
1761480504784, 0.01, -4.06, -1.08, Forward
1761480504827, 0.44, -3.47, -1.16, Forward
1761480504876, 0.48, -3.48, -1.20, Forward
1761480504923, 0.42, -3.89, -1.14, Forward
1761480504970, 0.37, -4.32, -1.10, Forward
1761480505018, 0.39, -4.31, -1.12, Forward
1761480505062, 0.46, -4.01, -1.16, Forward
1761480505109, 0.46, -3.95, -1.13, Forward
1761480505155, 0.53, -3.54, -1.13, Forward
1761480505202, 0.55, -3.03, -1.15, Forward
1761480505249, 0.61, -3.06, -0.98, Forward
1761480505294, 0.64, -2.97, -0.85, Forward
1761480505340, 0.76, -2.55, -0.77, Forward
1761480505386, 0.91, -2.22, -0.71, Forward
1761480505433, 1.03, -1.91, -0.66, Forward
1761480505480, 1.10, -1.82, -0.65, Forward
1761480505526, 1.10, -2.00, -0.58, Forward
1761480505572, 1.23, -1.97, -0.62, Forward
1761480505620, 1.37, -1.95, -0.67, Forward
1761480505670, 1.54, -2.54, -0.55, Forward
1761480505715, 1.59, -2.94, -0.52, Forward
1761480505758, 1.72, -3.60, -0.44, Forward
1761480505806, 1.94, -4.34, -0.36, Forward
1761480505853, 1.37, -9.16, 17.60, Forward
1761480505900, 1.50, -14.25, -0.27, Left
1761480505946, 1.90, -19.63, -17.93, Left
1761480505991, 2.27, -22.98, -17.74, Left
1761480506038, 2.74, -26.58, -17.66, Left
1761480506084, 3.39, -30.53, -17.37, Left
1761480506149, 4.19, -34.23, -17.22, Left
1761480506194, 5.01, -37.74, -17.19, Left
1761480506240, 5.87, -41.18, -16.97, Left
1761480506288, 6.64, -44.38, -16.80, Left
1761480506334, 8.11, -43.47, -34.53, Left
1761480506382, 8.98, -42.23, -16.41, Left
1761480506428, 9.98, -40.79, 1.73, Left
1761480506476, 11.00, -40.96, 1.86, Left
1761480506524, 11.48, -40.92, 2.07, Left
1761480506571, 13.26, -29.81, -6.70, Left
1761480506617, 14.45, -18.28, -8.37, Left
1761480506665, 15.92, -6.93, -12.38, Up
1761480506711, 13.48, -5.28, 4.50, Up
1761480506758, 14.27, -6.05, -12.82, Up
1761480506804, 15.16, -6.78, -29.97, Up
1761480506852, 15.76, -7.38, -47.36, Up
1761480506898, 15.71, -6.43, -47.11, Up
1761480506944, 15.67, -5.61, -46.82, Up
1761480506990, 15.99, -4.66, -46.47, Up
1761480507036, 14.74, -14.64, -37.37, Left
1761480507084, 14.04, -24.84, -35.34, Left
1761480507129, 12.82, -34.96, -31.04, Left
1761480507174, 15.52, -35.47, -47.85, Left
1761480507221, 15.14, -33.63, -30.35, Left
1761480507267, 14.63, -31.75, -13.01, Left
1761480507314, 14.30, -29.99, 4.56, Left
1761480507362, 14.06, -29.81, 4.21, Left
1761480507407, 13.99, -29.67, 3.97, Left
1761480507453, 13.89, -29.76, 3.68, Left
1761480507502, 13.74, -29.76, 3.30, Left
1761480507548, 13.52, -29.65, 2.83, Left
1761480507593, 13.50, -29.50, 2.46, Left
1761480507641, 13.44, -28.88, 2.02, Left
1761480507687, 12.90, -28.29, 1.31, Left
1761480507735, 12.31, -27.43, 0.67, Left
1761480507783, 11.68, -26.11, -0.06, Left
1761480507828, 10.98, -23.88, -0.65, Left
1761480507877, 9.83, -21.37, -1.17, Left
1761480507921, 8.78, -18.84, -1.52, Left
1761480507969, 7.78, -16.36, -1.65, Left
1761480508018, 6.70, -13.89, -1.73, Left
1761480508063, 5.68, -10.91, -1.81, Left
1761480508111, 4.71, -8.25, -1.82, Forward
1761480508156, 3.97, -5.75, -1.65, Forward
1761480508200, 3.18, -3.00, -1.57, Forward
1761480508249, 2.38, -0.47, -1.37, Forward
1761480508292, 1.91, 0.90, -1.12, Forward
1761480508342, 1.91, 2.08, -1.03, Forward
1761480508385, 1.86, 3.31, -1.02, Forward
1761480508434, 1.74, 4.77, -1.15, Forward
1761480508481, 1.56, 6.48, -1.32, Forward
1761480508529, 1.40, 7.36, -1.32, Forward
1761480508574, 0.96, 8.90, -1.33, Forward
1761480508620, 0.57, 10.31, -1.32, Right
1761480508664, 0.38, 11.02, -1.24, Right
1761480508713, 0.25, 11.54, -1.20, Right
1761480508759, 0.13, 12.17, -1.21, Right
1761480508806, -0.10, 12.65, -1.22, Right
1761480508853, -0.32, 13.12, -1.24, Right
1761480508900, -0.56, 13.43, -1.17, Right
1761480508947, -0.61, 12.91, -1.09, Right
1761480508993, -0.77, 12.82, -1.13, Right
1761480509043, -0.81, 12.30, -1.11, Right
1761480509089, -0.91, 12.29, -1.19, Right
1761480509133, -1.12, 12.63, -1.30, Right
1761480509178, -1.38, 12.95, -1.40, Right
1761480509227, -1.72, 13.32, -1.50, Right
1761480509273, -2.18, 14.05, -1.70, Right
1761480509321, -2.65, 14.70, -1.93, Right
1761480509369, -2.99, 15.28, -2.16, Right
1761480509414, -3.43, 16.40, -2.40, Right
1761480509461, -3.80, 17.38, -2.64, Right
1761480509507, -4.23, 18.32, -2.88, Right
1761480509554, -4.54, 18.96, -3.04, Right
1761480509602, -4.76, 19.39, -3.19, Right
1761480509649, -4.86, 19.52, -3.24, Right
1761480509696, -5.02, 19.60, -3.28, Right
1761480509745, -5.04, 19.23, -3.22, Right
1761480509790, -4.99, 18.60, -3.16, Right
1761480509836, -5.19, 18.57, -3.18, Right
1761480509884, -5.39, 18.50, -3.14, Right
1761480509932, -5.55, 18.20, -3.05, Right
1761480509977, -5.75, 16.27, -2.69, Right
1761480510022, -6.05, 13.61, -2.24, Right
1761480510070, -6.36, 11.61, -1.79, Right
1761480510118, -6.79, 9.24, -1.43, Forward
1761480510164, -7.40, 6.90, -1.08, Forward
1761480510210, -8.10, 4.47, -0.67, Forward
1761480510257, -8.77, 2.45, -0.28, Forward
1761480510302, -9.24, 0.02, 0.16, Forward
1761480510348, -9.82, -1.85, 0.48, Forward
1761480510395, -10.41, -3.96, 0.88, Down
1761480510440, -10.70, -4.91, 1.06, Down
1761480510487, -11.12, -5.30, 1.20, Down
1761480510533, -11.42, -6.36, 1.34, Down
1761480510582, -11.72, -6.87, 1.46, Down
1761480510625, -11.87, -7.22, 1.50, Down
1761480510673, -12.04, -7.23, 1.51, Down
1761480510721, -12.23, -7.40, 1.54, Down
1761480510766, -12.55, -8.13, 1.61, Down
1761480510815, -13.93, -10.37, 19.39, Left
1761480510861, -14.01, -11.28, 19.52, Left
1761480510907, -14.18, -11.92, 19.57, Left
1761480510954, -15.53, -13.29, 37.18, Left
1761480511002, -15.68, -13.85, 37.23, Left
1761480511051, -15.65, -14.25, 37.31, Left
1761480511098, -16.97, -15.76, 54.96, Left
1761480511142, -16.92, -16.10, 55.05, Left
1761480511189, -18.31, -17.58, 72.66, Left
1761480511235, -18.11, -17.70, 72.74, Left
1761480511283, -18.11, -17.80, 72.74, Left
1761480511327, -18.01, -17.73, 72.76, Left
1761480511378, -17.93, -17.90, 72.84, Left
1761480511420, -16.30, -16.84, 55.32, Left
1761480511468, -16.10, -17.00, 55.39, Left
1761480511514, -15.93, -17.29, 55.44, Left
1761480511562, -14.35, -16.35, 37.95, Left
1761480511606, -15.34, -17.96, 55.49, Left
1761480511654, -13.78, -16.96, 37.99, Left
1761480511700, -13.84, -17.07, 37.95, Left
1761480511748, -12.61, -16.00, 20.35, Left
1761480511792, -12.73, -16.02, 20.32, Left
1761480511839, -12.84, -15.72, 20.22, Left
1761480511887, -13.10, -15.82, 20.14, Left
1761480511935, -13.33, -15.63, 20.02, Left
1761480511982, -15.00, -16.39, 37.36, Left
1761480512026, -15.34, -16.32, 37.25, Left
1761480512076, -14.38, -14.62, 19.56, Left
1761480512121, -14.78, -14.72, 19.40, Left
1761480512168, -16.38, -15.56, 36.74, Left
1761480512213, -17.73, -16.62, 54.09, Left
1761480512259, -19.26, -17.44, 71.46, Left
1761480512306, -20.74, -18.25, 88.82, Left
1761480512353, -22.28, -19.15, 106.12, Left
1761480512399, -23.67, -19.69, 123.49, Left
1761480512447, -23.68, -19.30, 123.35, Left
1761480512495, -24.92, -19.88, 140.75, Left
1761480512542, -24.76, -19.60, 140.61, Left
1761480512586, -24.45, -19.06, 140.46, Left
1761480512635, -22.64, -17.92, 122.91, Left
1761480512680, -21.03, -16.66, 105.33, Left
1761480512726, -19.29, -15.49, 87.70, Left
1761480512775, -17.46, -14.40, 70.13, Left
1761480512821, -15.63, -12.75, 52.59, Left
1761480512871, -13.96, -11.51, 34.99, Left
1761480512916, -12.19, -10.38, 17.43, Left
1761480512965, -10.34, -8.62, -0.19, Down
1761480513007, -9.98, -8.47, -0.17, Forward
1761480513054, -9.65, -7.86, -0.22, Forward
1761480513101, -9.38, -7.42, -0.25, Forward
1761480513146, -9.19, -7.45, -0.21, Forward
1761480513192, -8.98, -7.61, -0.18, Forward
1761480513240, -8.89, -7.38, -0.21, Forward
1761480513286, -8.88, -7.52, -0.16, Forward
1761480513335, -8.77, -7.73, -0.12, Forward
1761480513392, -8.67, -7.25, -0.08, Forward
1761480513440, -8.64, -7.33, -0.08, Forward
1761480513486, -8.80, -7.93, 0.04, Forward
1761480513534, -8.94, -8.83, 0.22, Forward
1761480513580, -9.22, -9.32, 0.33, Forward
1761480513627, -9.35, -9.46, 0.43, Forward
1761480513674, -9.55, -9.66, 0.53, Forward
1761480513721, -9.66, -10.09, 0.68, Left
1761480513769, -9.76, -10.55, 0.77, Left
1761480513813, -10.04, -11.11, 0.86, Left
1761480513862, -10.26, -12.11, 0.97, Left
1761480513907, -10.69, -13.11, 1.12, Left
1761480513953, -10.95, -13.21, 1.13, Left
1761480514001, -11.01, -13.46, 1.15, Left
1761480514047, -11.09, -13.57, 1.15, Left
1761480514093, -11.33, -13.77, 1.12, Left
1761480514150, -12.97, -15.01, 18.58, Left
1761480514201, -13.38, -15.45, 18.58, Left
1761480514249, -13.65, -15.91, 18.60, Left
1761480514293, -13.81, -16.04, 18.61, Left
1761480514340, -14.11, -16.25, 18.59, Left
1761480514386, -15.73, -17.74, 35.90, Left
1761480514434, -17.60, -19.24, 53.12, Left
1761480514480, -19.56, -20.66, 70.31, Left
1761480514526, -21.46, -22.22, 87.53, Left
1761480514574, -23.17, -23.82, 104.75, Left
1761480514617, -23.48, -24.35, 104.51, Left
1761480514666, -25.14, -25.92, 121.71, Left
1761480514713, -26.85, -27.46, 138.91, Left
1761480514758, -28.61, -29.00, 156.08, Left
1761480514806, -30.45, -30.70, 173.18, Left
1761480514852, -30.99, -31.29, 172.96, Left
1761480514896, -31.20, -31.71, 172.92, Left
1761480514943, -31.53, -32.20, 172.86, Left
1761480514989, -31.76, -32.49, 172.83, Left
1761480515036, -31.99, -32.66, 172.85, Left
1761480515087, -32.15, -32.60, 172.90, Left
1761480515130, -31.92, -32.72, 172.94, Left
1761480515176, -31.63, -33.06, 172.94, Left
1761480515224, -31.16, -33.25, 173.01, Left
1761480515270, -30.79, -32.78, 173.17, Left
1761480515318, -29.04, -30.61, 156.11, Left
1761480515362, -27.35, -28.55, 138.96, Left
1761480515407, -25.59, -26.24, 121.86, Left
1761480515453, -23.93, -24.10, 104.68, Left
1761480515503, -22.67, -21.54, 87.38, Left
1761480515551, -21.33, -19.63, 70.07, Left
1761480515608, -20.24, -17.39, 52.77, Left
1761480515655, -19.22, -14.78, 35.47, Left
1761480515702, -21.02, -14.15, 35.08, Left
1761480515748, -19.98, -11.97, 17.60, Left
1761480515794, -20.28, -11.49, 17.28, Left
1761480515840, -20.75, -10.09, 16.81, Left
1761480515886, -21.05, -9.33, 16.39, Down
1761480515935, -21.35, -8.42, 15.98, Down
1761480515979, -21.35, -8.00, 15.72, Down
1761480516028, -21.39, -7.10, 15.38, Down
1761480516073, -21.69, -6.22, 15.05, Down
1761480516120, -22.01, -5.39, 14.76, Down
1761480516171, -19.56, -2.88, -2.44, Down
1761480516214, -19.67, -1.90, -2.60, Down
1761480516260, -23.93, -3.09, 14.73, Down
1761480516307, -28.07, -5.35, 32.07, Down
1761480518619, -27.71, -5.05, 32.12, Down
1761480518675, -27.43, -4.80, 32.14, Down
1761480518724, -27.14, -4.49, 32.07, Down
1761480518770, -26.95, -4.20, 31.99, Down
1761480518818, -26.56, -4.48, 31.73, Down
1761480518870, -26.14, -4.47, 31.43, Down
1761480518926, -25.56, -4.41, 31.10, Down
1761480518972, -25.10, -4.85, 30.84, Down
1761480519016, -20.37, -3.15, 13.14, Down
1761480519063, -15.47, -1.47, -4.29, Down
1761480519112, -15.17, -2.07, -4.47, Down
1761480519156, -14.89, -3.29, -4.29, Down
1761480519203, -14.59, -4.53, -3.98, Down
1761480519251, -14.30, -5.91, -3.63, Down
1761480519296, -14.31, -6.77, -2.88, Down
1761480519342, -14.33, -8.12, -2.05, Down
1761480519390, -14.43, -9.40, -1.05, Down
1761480519436, -14.54, -10.81, -0.06, Left
1761480519483, -14.69, -12.29, 1.28, Left
1761480519539, -14.74, -13.50, 2.57, Left
1761480519593, -14.93, -14.64, 3.84, Left
1761480519642, -15.14, -14.95, 4.79, Left
1761480519687, -15.24, -15.34, 5.74, Left
1761480519734, -15.32, -15.60, 6.61, Left
1761480519812, -15.06, -15.73, 7.25, Left
1761480519860, -14.98, -15.86, 7.86, Left
1761480519906, -14.96, -15.97, 8.26, Left
1761480519950, -15.04, -15.99, 8.63, Left
1761480519998, -15.03, -16.00, 8.67, Left
1761480520045, -15.32, -16.08, 8.59, Left
1761480520091, -15.51, -15.91, 8.42, Left
1761480520138, -15.59, -15.90, 8.20, Left
1761480520186, -15.76, -15.80, 7.93, Left
1761480520233, -15.97, -15.77, 7.69, Left
1761480520279, -16.24, -15.73, 7.47, Left
1761480520329, -16.46, -15.54, 7.21, Left
1761480520374, -16.63, -15.38, 6.98, Left
1761480520420, -16.79, -14.62, 6.61, Left
1761480520466, -16.98, -13.64, 6.24, Left
1761480520515, -17.07, -12.38, 5.86, Left
1761480520558, -17.11, -11.32, 5.62, Left
1761480520606, -17.18, -10.44, 5.35, Left
1761480520654, -17.18, -9.73, 5.10, Down
1761480520698, -17.10, -8.93, 4.84, Down
1761480520746, -17.27, -7.87, 4.48, Down
1761480520805, -17.33, -6.56, 4.02, Down
1761480520856, -17.59, -5.46, 3.53, Down
1761480520903, -17.66, -4.82, 3.17, Down
1761480520951, -17.79, -4.44, 2.80, Down
1761480520997, -17.93, -4.27, 2.49, Down
1761480521044, -18.08, -3.86, 2.09, Down
1761480521089, -18.16, -3.57, 1.72, Down
1761480521140, -18.23, -3.15, 1.35, Down
1761480521184, -18.42, -2.92, 1.06, Down
1761480521231, -18.26, -2.84, 0.81, Down
1761480521276, -19.94, -4.33, 18.28, Down
1761480521322, -19.81, -4.53, 18.17, Down
1761480521367, -21.37, -5.94, 35.60, Down
1761480521416, -21.21, -6.08, 35.50, Down
1761480521474, -21.18, -5.94, 35.34, Down
1761480521524, -21.25, -6.01, 35.19, Down
1761480521569, -22.74, -7.14, 52.76, Down
1761480521615, -22.67, -7.44, 52.78, Down
1761480521663, -22.55, -7.72, 52.75, Down
1761480521711, -22.52, -8.14, 52.85, Down
1761480521755, -20.70, -7.16, 35.29, Down
1761480521803, -20.68, -7.30, 35.34, Down
1761480521849, -19.03, -6.17, 17.83, Down
1761480521895, -19.10, -6.29, 17.89, Down
1761480521941, -18.95, -6.61, 17.93, Down
1761480521988, -18.92, -6.84, 18.03, Down
1761480522035, -17.33, -6.12, 0.49, Down
1761480522085, -17.49, -5.99, 0.46, Down
1761480522130, -17.46, -5.93, 0.39, Down
1761480522174, -17.52, -6.24, 0.34, Down
1761480522221, -17.52, -6.56, 0.39, Down
1761480522268, -17.48, -7.03, 0.47, Down
1761480522313, -17.29, -7.70, 0.61, Down
1761480522360, -16.95, -8.24, 0.72, Down
1761480522407, -16.77, -8.81, 0.87, Down
1761480522452, -16.34, -9.57, 1.03, Down
1761480522500, -16.06, -10.10, 1.17, Left
1761480522545, -15.60, -10.75, 1.37, Left
1761480522590, -15.23, -11.30, 1.56, Left
1761480522636, -14.90, -11.42, 1.63, Left
1761480522684, -14.51, -11.80, 1.72, Left
1761480522728, -14.26, -11.82, 1.76, Left
1761480522774, -15.87, -13.68, 18.88, Left
1761480522821, -15.67, -13.69, 18.90, Left
1761480522870, -15.49, -13.79, 18.94, Left
1761480522913, -15.32, -13.72, 18.94, Left
1761480522964, -16.93, -15.40, 36.09, Left
1761480523007, -18.57, -17.06, 53.21, Left
1761480523056, -18.52, -17.06, 53.26, Left
1761480523101, -18.42, -17.13, 53.34, Left
1761480523147, -18.28, -17.06, 53.40, Left
1761480523193, -18.14, -17.22, 53.43, Left
1761480523241, -16.23, -15.52, 36.37, Left
1761480523289, -16.24, -15.59, 36.41, Left
1761480523338, -17.92, -17.41, 53.55, Left
1761480523383, -19.49, -19.33, 70.76, Left
1761480523429, -19.21, -19.50, 70.78, Left
1761480523475, -18.86, -19.68, 70.86, Left
1761480523521, -20.37, -21.66, 87.95, Left
1761480523568, -21.82, -23.72, 105.05, Left
1761480523614, -23.32, -25.75, 122.11, Left
1761480523658, -24.73, -27.71, 139.22, Left
1761480523706, -26.11, -29.72, 156.28, Left
1761480523754, -27.54, -31.58, 173.43, Left
1761480523800, -27.36, -31.89, 173.41, Left
1761480523850, -27.14, -31.98, 173.46, Left
1761480523893, -27.14, -32.08, 173.46, Left
1761480523939, -27.34, -32.29, 173.36, Left
1761480523986, -27.26, -32.40, 173.37, Left
1761480524034, -27.24, -32.39, 173.36, Left
1761480524079, -27.25, -32.46, 173.37, Left
1761480524126, -27.26, -32.75, 173.33, Left
1761480524173, -27.36, -32.93, 173.29, Left
1761480524220, -27.36, -33.16, 173.24, Left
1761480524266, -27.34, -33.28, 173.24, Left
1761480524312, -27.39, -33.64, 173.11, Left
1761480524358, -27.40, -33.90, 173.00, Left
1761480524404, -27.19, -33.93, 173.03, Left
1761480524451, -27.12, -33.85, 173.05, Left
1761480524500, -27.11, -33.98, 173.04, Left
1761480524544, -26.89, -33.99, 173.06, Left
1761480524591, -26.66, -33.85, 173.15, Left
1761480524638, -26.47, -33.77, 173.20, Left
1761480524685, -26.37, -33.75, 173.21, Left
1761480524736, -26.17, -33.77, 173.23, Left
1761480524779, -26.07, -33.59, 173.25, Left
1761480524825, -26.02, -33.35, 173.33, Left
1761480524873, -26.05, -33.27, 173.34, Left
1761480524919, -26.21, -33.11, 173.34, Left
1761480524964, -26.19, -32.90, 173.38, Left
1761480525012, -26.47, -32.73, 173.33, Left
1761480525057, -26.69, -32.50, 173.32, Left
1761480525101, -26.82, -32.15, 173.38, Left
1761480525150, -26.87, -31.86, 173.42, Left
1761480525193, -26.84, -31.51, 173.51, Left
1761480525240, -26.90, -31.38, 173.55, Left
1761480525288, -26.94, -31.28, 173.55, Left
1761480525337, -26.92, -31.24, 173.55, Left
1761480525382, -26.84, -31.27, 173.54, Left
1761480525427, -26.97, -31.30, 173.50, Left
1761480525474, -26.81, -31.05, 173.61, Left
1761480525520, -26.86, -31.12, 173.55, Left
1761480525568, -26.82, -31.06, 173.54, Left
1761480525613, -26.91, -31.20, 173.46, Left
1761480525660, -27.02, -31.27, 173.39, Left
1761480525706, -27.13, -31.18, 173.40, Left
1761480525752, -27.11, -31.20, 173.41, Left
1761480525798, -27.17, -31.07, 173.44, Left
1761480525847, -27.12, -31.08, 173.45, Left
1761480525893, -26.95, -30.88, 173.55, Left
1761480525939, -26.48, -30.45, 173.71, Left
1761480525986, -25.86, -29.54, 173.94, Left
1761480526032, -25.75, -29.56, 173.96, Left
1761480526079, -25.47, -29.08, 174.08, Left
1761480526124, -25.05, -28.60, 174.20, Left
1761480526171, -24.64, -28.00, 174.35, Left
1761480526218, -24.21, -27.41, 174.47, Left
1761480526264, -23.43, -26.12, 174.69, Left
1761480526311, -22.82, -24.59, 174.96, Left
1761480526357, -22.19, -23.43, 175.14, Left
1761480526405, -22.08, -22.74, 175.18, Left
1761480526454, -21.87, -21.67, 175.32, Left
1761480526502, -21.27, -19.68, 175.61, Left
1761480526545, -20.75, -18.30, 175.83, Left
1761480526591, -20.26, -16.66, 176.05, Left
1761480526639, -19.75, -13.45, 176.46, Left
1761480526686, -19.28, -9.72, 176.96, Down
1761480526730, -19.34, -6.50, 141.44, Down
1761480526777, -19.54, -3.63, 105.84, Down
1761480526823, -19.95, -0.39, 70.29, Down
1761480526870, -20.23, 2.88, 34.73, Down
1761480526916, -20.75, 5.65, -0.82, Down
1761480526964, -21.26, 8.27, -36.39, Down
1761480527010, -21.89, 11.03, -72.02, Right
1761480527056, -22.56, 13.65, -107.64, Right
1761480527103, -23.19, 14.68, -143.45, Right
1761480527152, -23.82, 15.21, -179.33, Right
1761480527197, -24.31, 15.46, -179.29, Right
1761480527243, -24.46, 16.04, -179.12, Right
1761480527290, -24.45, 16.26, -179.05, Right
1761480527337, -24.74, 15.71, -143.23, Right
1761480527381, -24.87, 14.18, -107.75, Right
1761480527432, -24.75, 12.43, -72.40, Right
1761480527477, -24.97, 10.35, -37.02, Right
1761480527523, -25.53, 7.62, -1.85, Down
1761480527570, -26.14, 4.86, 33.27, Down
1761480527617, -26.66, 1.83, 68.31, Down
1761480527664, -27.19, -1.03, 103.30, Down
1761480527711, -27.67, -3.31, 137.99, Down
1761480527757, -28.23, -5.12, 172.66, Down
1761480527803, -28.73, -6.50, 171.43, Down
1761480527849, -29.12, -7.67, 170.24, Down
1761480527899, -29.79, -8.22, 169.27, Down
1761480527943, -30.05, -8.31, 168.32, Down
1761480527990, -29.98, -7.69, 167.60, Down
1761480528038, -29.49, -5.59, 167.33, Down
1761480528086, -29.06, -3.54, 167.08, Down
1761480528130, -28.64, -1.99, 166.85, Down
1761480528177, -28.32, -0.09, 167.15, Down
1761480528223, -27.83, 1.04, 167.46, Down
1761480528270, -27.32, 2.03, 167.90, Down
1761480528319, -27.01, 4.43, 168.72, Down
1761480528365, -26.89, 5.71, 169.34, Down
1761480528411, -25.16, 6.70, 151.87, Down
1761480528456, -23.63, 7.11, 134.42, Down
1761480528506, -22.58, 5.90, 116.55, Down
1761480528550, -21.48, 4.85, 98.76, Down
1761480528595, -20.29, 4.09, 81.07, Down
1761480528640, -19.25, 2.51, 63.09, Down
1761480528688, -18.21, 1.44, 45.28, Down
1761480528737, -16.98, 0.61, 27.60, Down
1761480528781, -15.84, -1.45, 10.02, Down
1761480528831, -14.40, -2.98, -7.30, Down
1761480528879, -14.66, -4.04, -6.52, Down
1761480528922, -17.23, -6.31, 11.33, Down
1761480528971, -17.32, -6.91, 12.03, Down
1761480529016, -17.40, -7.54, 12.79, Down
1761480529065, -17.58, -8.11, 13.43, Down
1761480529107, -17.83, -8.54, 13.95, Down
1761480529156, -18.26, -8.78, 14.36, Down
1761480529204, -18.71, -8.76, 14.66, Down
1761480529251, -18.97, -8.51, 14.80, Down
1761480529300, -18.99, -8.31, 14.86, Down
1761480529346, -18.96, -7.86, 14.91, Down
1761480529392, -16.45, -5.72, -2.22, Down
1761480529439, -16.34, -5.46, -2.10, Down
1761480529486, -16.29, -4.85, -2.01, Down
1761480529534, -16.25, -4.36, -1.86, Down
1761480529580, -15.97, -4.00, -1.64, Down
1761480529623, -15.60, -4.08, -1.34, Down
1761480529673, -15.26, -4.20, -1.01, Down
1761480529717, -14.91, -4.06, -0.82, Down
1761480529765, -14.89, -3.60, -0.67, Down
1761480529810, -14.85, -3.77, -0.42, Down
1761480529856, -14.89, -3.99, -0.15, Down
1761480529904, -14.87, -3.79, -0.02, Down
1761480529951, -14.86, -3.87, 0.09, Down
1761480529997, -14.81, -4.04, 0.22, Down
1761480530043, -14.77, -4.22, 0.30, Down
1761480530090, -14.67, -4.34, 0.41, Down
1761480530153, -14.54, -4.37, 0.41, Down
1761480530202, -14.40, -4.56, 0.49, Down
1761480530249, -14.28, -4.77, 0.54, Down
1761480530293, -14.18, -4.72, 0.50, Down
1761480530340, -14.00, -4.66, 0.43, Down
1761480530385, -13.87, -4.80, 0.39, Down
1761480530429, -13.75, -4.90, 0.34, Down
1761480530478, -13.73, -4.88, 0.23, Down
1761480530523, -13.64, -4.93, 0.20, Down
1761480530571, -13.60, -4.75, 0.09, Down
1761480530617, -13.56, -4.93, 0.14, Down
1761480530662, -13.63, -4.82, 0.10, Down
1761480530709, -13.64, -4.65, 0.03, Down
1761480530755, -13.48, -4.54, 0.03, Down
1761480530802, -13.45, -4.52, -0.01, Down
1761480530847, -13.44, -4.49, 0.03, Down
1761480530894, -13.59, -4.47, 0.08, Down
1761480530940, -13.62, -4.33, 0.14, Down
1761480530987, -13.67, -4.03, 0.17, Down
1761480531035, -13.88, -3.95, 0.18, Down
1761480531082, -14.06, -3.61, 0.12, Down
1761480531129, -14.03, -3.34, 0.02, Down
1761480531175, -14.14, -3.07, -0.08, Down
1761480531219, -14.31, -2.93, -0.13, Down
1761480531267, -14.42, -2.73, -0.19, Down
1761480531312, -14.50, -2.33, -0.33, Down
1761480531358, -14.41, -1.90, -0.50, Down
1761480531406, -14.32, -1.58, -0.68, Down
1761480531453, -14.37, -1.27, -0.85, Down
1761480531499, -14.35, -0.92, -0.94, Down
1761480531546, -14.39, -0.42, -1.06, Down
1761480531592, -14.47, -0.19, -1.08, Down
1761480531640, -14.55, 0.01, -1.06, Down
1761480531687, -14.59, 0.40, -1.16, Down
1761480531734, -14.62, 0.97, -1.21, Down
1761480531782, -14.69, 1.09, -1.21, Down
1761480531827, -14.84, 1.37, -1.23, Down
1761480531874, -15.23, 1.84, -1.25, Down
1761480531920, -15.53, 1.79, -1.21, Down
1761480531968, -15.53, 1.66, -1.13, Down
1761480532015, -15.46, 1.40, -1.05, Down
1761480532061, -15.55, 1.35, -0.98, Down
1761480532108, -15.56, 1.20, -0.94, Down
1761480532155, -15.63, 0.91, -0.83, Down
1761480532204, -15.60, 0.42, -0.72, Down
1761480532251, -15.56, 0.40, -0.69, Down
1761480532297, -15.54, 0.12, -0.66, Down
1761480532346, -15.11, -0.37, -0.58, Down
1761480532389, -16.98, -1.94, 17.04, Down
1761480532434, -16.90, -1.83, 17.00, Down
1761480532481, -16.90, -1.73, 16.95, Down
1761480532527, -7.95, 1.38, 12.28, Forward
1761480532573, -7.76, 1.66, 12.22, Forward
1761480532620, -7.73, 1.70, 12.23, Forward
1761480532665, -7.78, 1.83, 12.18, Forward
1761480532715, -7.82, 1.58, 12.17, Forward
1761480532773, -7.70, 1.71, 12.13, Forward
1761480532820, -7.83, 1.79, 12.08, Forward
1761480532866, -5.98, 3.55, -5.63, Forward
1761480532915, -6.01, 3.48, -5.64, Forward
1761480532959, -5.99, 3.32, -5.63, Forward
1761480533006, -14.82, -0.03, -0.95, Down
1761480533052, -14.92, -0.39, -0.90, Down
1761480533097, -14.92, -0.39, -0.92, Down
1761480533144, -17.11, -1.98, 16.69, Down
1761480533193, -8.30, 1.36, 13.84, Forward
1761480533237, -10.46, -0.03, 31.59, Down
1761480533285, -10.39, -0.03, 31.61, Down
1761480533330, -10.02, -0.30, 31.74, Down
1761480533380, -12.13, -1.77, 49.34, Down
1761480533426, -12.10, -1.81, 49.36, Down
1761480533472, -12.13, -1.50, 49.29, Down
1761480533519, -12.15, -1.42, 49.28, Down
1761480533566, -12.15, -1.34, 49.25, Down
1761480533612, -9.97, 0.30, 31.65, Forward
1761480533658, -18.79, -3.02, 34.53, Down
1761480533706, -16.68, -1.73, 16.84, Down
1761480533752, -16.74, -1.75, 16.85, Down
1761480533801, -16.78, -1.79, 16.84, Down
1761480533844, -14.69, -0.24, -0.75, Down
1761480533889, -14.81, -0.06, -0.79, Down
1761480533937, -14.86, -0.06, -0.79, Down
1761480533985, -14.92, -0.04, -0.81, Down
1761480534031, -14.92, -0.07, -0.82, Down
1761480534080, -14.96, -0.20, -0.79, Down
1761480534126, -15.02, -0.12, -0.83, Down
1761480534172, -15.03, -0.02, -0.87, Down
1761480534216, -15.04, 0.15, -0.91, Down
1761480534264, -15.08, 0.20, -0.92, Down
1761480534309, -15.24, 0.58, -1.00, Down
1761480534354, -15.57, 0.65, -0.99, Down
1761480534403, -15.54, 0.52, -0.91, Down
1761480534449, -15.40, 0.67, -0.89, Down
1761480534495, -15.36, 0.70, -0.84, Down
1761480534542, -15.34, 0.84, -0.81, Down
1761480534588, -15.29, 1.05, -0.79, Down
1761480534637, -15.31, 0.93, -0.71, Down
1761480534681, -15.21, 1.09, -0.70, Down
1761480534727, -15.15, 1.23, -0.72, Down
1761480534774, -14.95, 1.07, -0.71, Down
1761480534820, -16.66, -0.07, 17.05, Down
1761480534869, -16.67, 0.17, 16.92, Down
1761480534915, -18.88, -0.53, 34.82, Down
1761480534959, -18.82, -0.32, 34.70, Down
1761480535008, -18.81, -0.12, 34.56, Down
1761480535055, -18.76, -0.08, 34.45, Down
1761480535102, -18.73, 0.29, 34.30, Down
1761480535150, -18.74, 0.30, 34.23, Down
1761480535195, -18.67, 0.42, 34.15, Down
1761480535241, -18.59, 0.42, 34.09, Down
1761480535290, -16.48, 1.70, 16.20, Down
1761480535344, -16.46, 1.83, 16.15, Down
1761480535398, -14.38, 2.75, -1.84, Down
1761480535444, -14.46, 2.91, -1.88, Down
1761480535490, -14.45, 3.04, -1.91, Down
1761480535536, -14.45, 3.30, -1.97, Down
1761480535582, -14.53, 3.18, -1.96, Down
1761480535627, -14.61, 3.39, -1.98, Down
1761480535676, -14.77, 3.46, -2.03, Down
1761480535722, -14.89, 3.82, -2.11, Down
1761480535771, -14.88, 4.00, -2.06, Down
1761480535817, -14.86, 4.21, -2.07, Down
1761480535862, -15.19, 4.43, -2.04, Down
1761480535908, -15.10, 4.56, -2.03, Down
1761480535957, -15.13, 4.41, -1.94, Down
1761480536002, -15.06, 4.22, -1.82, Down
1761480536048, -14.97, 4.47, -1.82, Down
1761480536097, -14.94, 4.14, -1.73, Down
1761480536143, -14.93, 3.94, -1.60, Down
1761480536187, -14.93, 3.65, -1.44, Down
1761480536236, -14.95, 3.78, -1.41, Down
1761480536283, -14.96, 3.77, -1.35, Down
1761480536328, -14.59, 3.81, -1.38, Down
1761480536375, -14.69, 3.77, -1.35, Down
1761480536420, -14.57, 4.24, -1.43, Down
1761480536470, -14.60, 4.27, -1.44, Down
1761480536515, -14.63, 4.39, -1.44, Down
1761480536561, -14.56, 4.81, -1.50, Down
1761480536608, -14.49, 5.22, -1.58, Down
1761480536655, -14.42, 5.29, -1.59, Down
1761480536702, -14.49, 5.07, -1.57, Down
1761480536747, -14.61, 4.83, -1.52, Down
1761480536793, -14.68, 4.44, -1.45, Down
1761480536840, -14.68, 4.34, -1.42, Down
1761480536887, -14.76, 3.96, -1.32, Down
1761480536934, -14.88, 4.17, -1.37, Down
1761480536981, -14.83, 3.81, -1.29, Down
1761480537028, -14.90, 3.89, -1.28, Down
1761480537074, -14.96, 3.68, -1.25, Down
1761480537120, -14.98, 3.51, -1.23, Down
1761480537166, -15.03, 3.41, -1.20, Down
1761480537212, -15.00, 3.51, -1.23, Down
1761480537258, -14.96, 3.61, -1.24, Down
1761480537305, -15.03, 3.59, -1.26, Down
1761480537353, -15.05, 3.69, -1.31, Down
1761480537400, -14.95, 3.81, -1.36, Down
1761480537446, -14.94, 3.91, -1.40, Down
1761480537491, -14.99, 3.45, -1.31, Down
1761480537537, -14.96, 3.50, -1.35, Down
1761480537586, -15.02, 3.41, -1.34, Down
1761480537632, -15.03, 3.38, -1.34, Down
1761480537679, -15.02, 3.28, -1.31, Down
1761480537725, -15.07, 3.36, -1.34, Down
1761480537772, -15.01, 3.21, -1.33, Down
1761480537819, -15.01, 3.14, -1.33, Down
1761480537864, -15.04, 3.08, -1.32, Down
1761480537911, -15.07, 3.32, -1.40, Down
1761480537955, -15.12, 3.36, -1.44, Down
1761480538005, -15.14, 3.34, -1.41, Down
1761480538049, -15.11, 3.51, -1.42, Down
1761480538097, -15.00, 3.66, -1.46, Down
1761480538140, -14.98, 3.88, -1.58, Down
1761480538188, -14.96, 3.77, -1.59, Down
1761480538237, -15.03, 3.84, -1.60, Down
1761480538284, -15.06, 3.85, -1.62, Down
1761480538330, -15.24, 3.34, -1.50, Down
1761480538379, -15.34, 3.02, -1.46, Down
1761480538426, -15.39, 2.85, -1.44, Down
1761480538472, -15.32, 3.03, -1.49, Down
1761480538520, -15.21, 3.48, -1.63, Down
1761480538566, -15.19, 3.56, -1.64, Down
1761480538612, -15.11, 3.39, -1.50, Down
1761480538656, -15.21, 3.40, -1.41, Down
1761480538704, -15.31, 3.53, -1.38, Down
1761480538751, -15.23, 3.75, -1.38, Down
1761480538798, -14.77, 4.46, -1.58, Down
1761480538846, -15.16, 5.22, 16.35, Down
1761480538892, -15.58, 6.20, 34.14, Down
1761480538938, -16.29, 6.94, 52.10, Down
1761480538986, -17.32, 7.60, 70.10, Down
1761480539034, -18.54, 8.41, 87.99, Down
1761480539082, -19.76, 9.31, 105.80, Down
1761480539126, -17.60, 9.98, 104.93, Down
1761480539173, -15.34, 10.40, 104.07, Right
1761480539221, -13.39, 10.43, 103.29, Right
1761480539267, -11.64, 10.47, 102.57, Right
1761480539313, -9.01, 10.12, 83.82, Right
1761480539360, -6.20, 9.75, 65.16, Forward
1761480539406, -3.18, 9.18, 46.33, Forward
1761480539454, 0.20, 8.66, 27.45, Forward
1761480539502, 3.85, 8.49, 8.52, Forward
1761480539546, 7.48, 8.50, -10.46, Forward
1761480539594, 7.92, 8.82, -10.84, Forward
1761480539640, 8.31, 9.59, -11.24, Forward
1761480539690, 8.81, 10.45, -11.64, Right
1761480539736, 9.25, 11.27, -11.98, Right
1761480539781, 9.60, 12.39, -12.37, Right
1761480539826, 9.79, 13.18, -12.67, Right
1761480539876, 9.98, 13.68, -12.84, Right
1761480539933, 10.08, 14.06, -12.95, Right
1761480539982, 10.13, 14.33, -13.07, Right
1761480540027, 10.19, 14.46, -13.11, Right
1761480540075, 10.22, 14.67, -13.12, Right
1761480540122, 10.12, 14.89, -13.10, Right
1761480540169, 9.80, 15.20, -12.79, Right
1761480540214, 9.52, 15.13, -12.31, Right
1761480540261, 9.11, 14.59, -11.63, Right
1761480540308, 8.71, 14.04, -10.94, Right
1761480540355, 8.20, 13.59, -10.20, Right
1761480540401, 7.73, 13.27, -9.42, Right
1761480540448, 7.22, 12.76, -8.55, Right
1761480540494, 3.67, 11.86, 10.64, Right
1761480540540, 3.39, 11.17, 11.62, Right
1761480540585, -0.17, 8.58, 30.63, Forward
1761480540634, -3.40, 7.06, 49.56, Forward
1761480540678, -6.75, 5.42, 68.26, Forward
1761480540725, -10.02, 2.34, 86.39, Down
1761480540771, -13.40, -0.73, 104.33, Down
1761480540818, -16.70, -3.77, 122.19, Down
1761480540864, -20.04, -7.00, 140.03, Down
1761480540910, -23.39, -10.12, 157.86, Left
1761480540957, -23.65, -13.12, 157.30, Left
1761480541005, -27.10, -16.14, 175.05, Left
1761480541049, -27.17, -17.89, 174.75, Left
1761480541095, -24.37, -17.86, 156.76, Left
1761480541139, -21.50, -17.43, 138.83, Left
1761480541187, -18.60, -15.13, 121.28, Left
1761480541232, -18.62, -15.21, 121.35, Left
1761480541281, -18.59, -15.39, 121.33, Left
1761480541325, -18.56, -15.36, 121.35, Left
1761480541370, -18.43, -15.41, 121.33, Left
1761480541418, -18.32, -15.03, 121.42, Left
1761480541465, -18.27, -14.97, 121.41, Left
1761480541510, -18.21, -14.46, 121.47, Left
1761480541557, -21.23, -16.98, 138.93, Left
1761480541606, -24.15, -17.61, 156.84, Left
1761480541655, -27.05, -19.85, 174.40, Left
1761480541702, -26.90, -19.39, 174.40, Left
1761480541747, -26.92, -18.82, 174.46, Left
1761480541792, -26.90, -18.26, 174.52, Left
1761480541840, -26.84, -17.52, 174.59, Left
1761480541888, -26.87, -17.07, 174.57, Left
1761480541933, -26.88, -15.99, 174.77, Left
1761480541978, -26.86, -15.42, 174.86, Left
1761480542024, -26.84, -15.52, 174.81, Left
1761480542074, -26.92, -17.37, 174.37, Left
1761480542118, -27.00, -17.82, 174.27, Left
1761480542164, -27.04, -18.53, 174.13, Left
1761480542210, -27.04, -18.79, 174.08, Left
1761480542257, -27.00, -19.20, 174.01, Left
1761480542305, -27.03, -19.85, 173.87, Left
1761480542352, -27.08, -20.01, 173.88, Left
1761480542396, -27.20, -20.79, 173.73, Left
1761480542442, -27.25, -21.51, 173.62, Left
1761480542491, -27.21, -21.35, 173.69, Left
1761480542539, -27.27, -21.02, 173.78, Left
1761480542584, -27.28, -20.72, 173.88, Left
1761480542632, -27.35, -20.47, 173.94, Left
1761480542676, -27.35, -20.87, 173.85, Left
1761480542722, -27.48, -21.24, 173.78, Left
1761480542772, -27.59, -21.40, 173.77, Left
1761480542817, -27.72, -21.71, 173.67, Left
1761480542865, -27.68, -22.31, 173.51, Left
1761480542913, -27.72, -22.49, 173.45, Left
1761480542957, -24.85, -20.15, 155.94, Left
1761480543004, -24.79, -20.53, 155.88, Left
1761480543051, -24.75, -20.75, 155.82, Left
1761480543100, -24.70, -20.82, 155.84, Left
1761480543147, -24.69, -20.59, 155.91, Left
1761480543190, -24.66, -20.52, 155.94, Left
1761480543240, -24.62, -20.52, 155.96, Left
1761480543283, -24.53, -20.57, 156.01, Left
1761480543350, -24.51, -20.22, 156.09, Left
1761480543409, -21.57, -17.58, 138.61, Left
1761480543454, -21.61, -17.69, 138.63, Left
1761480543502, -21.65, -17.62, 138.61, Left
1761480543548, -21.69, -17.51, 138.62, Left
1761480543593, -21.79, -17.34, 138.60, Left
1761480543642, -21.84, -17.24, 138.62, Left
1761480543689, -21.92, -17.01, 138.68, Left
1761480543733, -22.07, -16.62, 138.74, Left
1761480543783, -22.17, -16.21, 138.85, Left
1761480543828, -22.26, -16.23, 138.88, Left
1761480543875, -22.36, -16.39, 138.95, Left
1761480543922, -22.44, -16.37, 138.99, Left
1761480543968, -19.33, -14.02, 121.69, Left
1761480544015, -16.32, -12.27, 104.46, Left
1761480544059, -13.27, -10.05, 87.25, Left
1761480544109, -10.22, -8.08, 70.08, Down
1761480544156, -6.98, -5.90, 52.89, Forward
1761480544203, -3.77, -3.71, 35.68, Forward
1761480544248, -0.51, -1.66, 18.37, Forward
1761480544294, 2.98, 0.58, 1.12, Forward
1761480544341, 3.32, 0.62, 1.32, Forward
1761480544386, 3.70, 0.50, 1.58, Forward
1761480544432, 3.72, 0.21, 1.74, Forward
1761480544480, 3.92, 0.27, 1.85, Forward
1761480544526, 4.02, -0.16, 2.02, Forward
1761480544575, 4.16, -0.23, 2.13, Forward
1761480544620, 4.17, -0.62, 2.25, Forward
1761480544665, 4.12, -1.70, 2.44, Forward
1761480544712, 4.01, -2.83, 2.65, Forward
1761480544755, 3.83, -3.52, 2.84, Forward
1761480544804, 3.86, -4.45, 3.06, Forward
1761480544850, 3.91, -5.17, 3.20, Forward
1761480544896, 4.05, -5.70, 3.26, Forward
1761480544942, 4.12, -6.04, 3.23, Forward
1761480544990, 4.26, -6.24, 3.14, Forward
1761480545038, 4.45, -6.59, 2.96, Forward
1761480545084, 4.62, -6.74, 2.69, Forward
1761480545129, 4.81, -6.59, 2.37, Forward
1761480545175, 4.98, -6.12, 1.95, Forward
1761480545222, 4.93, -6.22, 1.61, Forward
1761480545271, 4.84, -5.89, 1.13, Forward
1761480545317, 4.71, -5.77, 0.66, Forward
1761480545364, 4.35, -5.50, 0.12, Forward
1761480545413, 3.90, -5.50, -0.36, Forward
1761480545459, 3.46, -5.46, -0.72, Forward
1761480545506, 2.94, -4.96, -1.09, Forward
1761480545553, 2.47, -5.10, -1.28, Forward
1761480545597, 2.00, -5.05, -1.48, Forward
1761480545644, 1.54, -5.05, -1.68, Forward
1761480545691, 1.11, -4.94, -1.87, Forward
1761480545736, 0.54, -5.10, -2.04, Forward
1761480545783, -0.15, -5.64, -2.08, Forward
1761480545828, -0.55, -6.23, -2.05, Forward
1761480545876, -0.91, -7.03, -1.92, Forward
1761480545922, -1.15, -7.86, -1.79, Forward
1761480545966, -1.39, -9.08, -1.59, Forward
1761480546015, -1.70, -9.94, -1.38, Forward
1761480546063, -1.87, -10.66, -1.11, Left
1761480546109, -2.00, -11.89, -0.80, Left
1761480546156, -2.22, -12.78, -0.56, Left
1761480546199, -2.08, -13.64, -0.21, Left
1761480546250, -1.99, -14.32, -0.05, Left
1761480546296, -1.85, -15.35, -0.02, Left
1761480546341, -1.69, -16.01, -0.25, Left
1761480546389, -1.61, -16.94, -0.54, Left
1761480546435, -1.13, -18.94, -0.78, Left
1761480546484, -0.50, -20.70, -1.04, Left
1761480546529, -0.04, -22.74, -1.44, Left
1761480546575, 0.60, -24.66, -1.80, Left
1761480546623, 1.47, -26.87, -2.06, Left
1761480546668, 2.27, -29.17, -2.23, Left
1761480546714, 3.02, -31.35, -2.37, Left
1761480546762, 3.60, -33.55, -2.25, Left
1761480546807, 4.21, -35.53, -1.73, Left
1761480546855, 4.80, -37.10, -1.16, Left
1761480546901, 5.19, -37.56, -0.56, Left
1761480546947, 5.93, -39.81, -17.74, Left
1761480546994, 6.62, -41.82, -34.92, Left
1761480547039, 7.22, -43.78, -51.94, Left
1761480547088, 7.14, -44.11, -51.24, Left
1761480547134, 7.05, -44.36, -50.63, Left
1761480547180, 6.84, -44.14, -49.90, Left
1761480547226, 6.71, -43.72, -49.29, Left
1761480547275, 6.57, -43.39, -48.90, Left
1761480547320, 6.39, -43.16, -48.59, Left
1761480547367, 5.96, -43.13, -48.37, Left
1761480547413, 5.03, -41.38, -30.39, Left
1761480547458, 4.13, -39.94, -12.34, Left
1761480547505, 3.20, -38.13, 5.56, Left
1761480547553, 2.74, -38.04, 5.64, Left
1761480547598, 2.33, -37.79, 5.70, Left
1761480547646, 2.33, -37.77, 5.73, Left
1761480547693, 2.57, -37.94, 5.93, Left
1761480547739, 2.82, -38.05, 6.03, Left
1761480547786, 3.18, -38.12, 6.15, Left
1761480547832, 3.61, -38.03, 6.26, Left
1761480547882, 4.08, -37.97, 6.36, Left
1761480547926, 4.81, -37.64, 6.50, Left
1761480547971, 5.42, -37.73, 6.63, Left
1761480548019, 6.01, -37.51, 6.73, Left
1761480548067, 6.62, -37.36, 6.82, Left
1761480548114, 7.11, -37.19, 6.84, Left
1761480548160, 7.31, -36.88, 6.74, Left
1761480548207, 7.38, -36.70, 6.61, Left
1761480548254, 7.52, -36.73, 6.56, Left
1761480548299, 7.55, -36.87, 6.47, Left
1761480548349, 7.56, -36.80, 6.36, Left
1761480548394, 7.34, -36.86, 6.22, Left
1761480548441, 7.15, -36.84, 6.20, Left
1761480548488, 6.71, -37.14, 6.09, Left
1761480548535, 6.22, -37.49, 6.00, Left
1761480548581, 5.73, -37.83, 5.92, Left
1761480548629, 5.30, -38.23, 5.95, Left
1761480548675, 4.90, -38.60, 6.07, Left
1761480548722, 4.51, -38.74, 6.08, Left
1761480548771, 4.16, -38.63, 6.06, Left
1761480548815, 3.84, -38.42, 5.96, Left
1761480548863, 2.92, -38.34, 5.72, Left
1761480548909, 1.87, -37.94, 5.40, Left
1761480548955, 1.02, -37.46, 5.28, Left
1761480549001, 0.06, -36.97, 5.14, Left
1761480549047, -0.80, -36.58, 5.06, Left
1761480549096, -1.56, -36.16, 4.97, Left
1761480549142, -2.28, -35.69, 4.80, Left
1761480549188, -3.09, -35.30, 4.68, Left
1761480549236, -3.69, -35.07, 4.59, Left
1761480549282, -4.33, -35.14, 4.51, Left
1761480549326, -4.23, -34.99, 4.59, Left
1761480549374, -3.94, -35.14, 4.60, Left
1761480549421, -3.54, -35.00, 4.54, Left
1761480549467, -3.16, -34.97, 4.47, Left
1761480549515, -2.83, -34.90, 4.36, Left
1761480549560, -2.51, -34.54, 4.21, Left
1761480549609, -2.16, -34.30, 4.10, Left
1761480549654, -1.72, -33.83, 3.99, Left
1761480549702, -1.50, -33.48, 3.85, Left
1761480549749, -1.17, -32.82, 3.81, Left
1761480549795, -0.62, -32.05, 3.72, Left
1761480549843, -0.22, -31.24, 3.57, Left
1761480549891, 0.22, -30.30, 3.36, Left
1761480549937, 0.72, -28.74, 2.95, Left
1761480549982, 1.23, -26.89, 2.49, Left
1761480550030, 1.76, -25.19, 1.98, Left
1761480550078, 2.24, -23.23, 1.42, Left
1761480550124, 2.68, -21.31, 0.83, Left
1761480550170, 3.18, -19.35, 0.12, Left
1761480550217, 3.58, -17.40, -0.74, Left
1761480550263, 3.50, -15.91, -1.72, Left
1761480550312, 3.50, -14.08, -2.75, Left
1761480550359, 3.36, -12.35, -3.80, Left
1761480550405, 3.11, -11.37, -4.67, Left
1761480550450, 2.71, -10.72, -5.54, Left
1761480550496, 2.23, -10.22, -6.46, Left
1761480550544, 1.73, -9.58, -7.35, Forward
1761480550591, 1.29, -9.12, -8.24, Forward
1761480550637, 0.98, -8.08, -9.09, Forward
1761480550683, 0.63, -7.64, -9.68, Forward
1761480550732, 0.42, -6.87, -10.18, Forward
1761480550776, 0.40, -6.21, -10.57, Forward
1761480550822, 0.42, -5.97, -10.79, Forward
1761480550869, 0.51, -5.23, -11.02, Forward
1761480550916, 0.76, -4.81, -11.12, Forward
1761480550962, 1.01, -4.05, -11.23, Forward
1761480551009, 1.15, -3.56, -11.23, Forward
1761480551054, 1.11, -3.66, -11.10, Forward
1761480551102, 0.96, -4.36, -10.81, Forward
1761480551148, 0.90, -4.32, -10.71, Forward
1761480551193, 0.96, -4.15, -10.57, Forward
1761480551243, 0.87, -4.30, -10.35, Forward
1761480551289, 0.81, -4.44, -10.12, Forward
1761480551335, 0.72, -5.08, -9.86, Forward
1761480551380, 0.75, -5.00, -9.71, Forward
1761480551427, 0.69, -5.25, -9.48, Forward
1761480551475, 0.67, -5.56, -9.35, Forward
1761480551520, 0.71, -5.17, -9.34, Forward
1761480551567, 0.68, -4.89, -9.32, Forward
1761480551614, 0.75, -4.80, -9.27, Forward
1761480551659, 0.66, -4.86, -9.22, Forward
1761480551708, 0.64, -4.27, -9.29, Forward
1761480551755, 0.61, -3.78, -9.37, Forward
1761480551804, 0.73, -2.77, -9.51, Forward
1761480551850, 0.65, -1.95, -9.55, Forward
1761480551897, 0.68, -1.28, -9.51, Forward
1761480551945, 0.73, -0.36, -9.49, Forward
1761480551992, 0.74, 0.59, -9.44, Forward
1761480552035, 0.82, 1.57, -9.28, Forward
1761480552083, 0.72, 2.29, -9.08, Forward
1761480552130, 0.83, 2.89, -8.83, Forward
1761480552175, 0.72, 2.42, -8.42, Forward
1761480552221, 0.64, 1.69, -7.92, Forward
1761480552269, 0.32, 0.08, -7.23, Forward
1761480552316, -0.22, -2.32, -6.59, Forward
1761480552363, -0.79, -4.62, -5.94, Forward
1761480552409, -1.28, -7.73, -5.18, Forward
1761480552456, -1.70, -11.07, -4.46, Left
1761480552502, -2.02, -13.95, -3.93, Left
1761480552547, -2.28, -16.56, -3.43, Left
1761480552594, -2.58, -18.69, -2.98, Left
1761480552644, -2.71, -19.83, -2.65, Left
1761480552689, -2.58, -20.51, -2.40, Left
1761480552735, -2.39, -20.52, -2.31, Left
1761480552782, -2.21, -20.31, -1.84, Left
1761480552826, -2.23, -20.00, -1.34, Left
1761480552876, -2.25, -19.21, -0.82, Left
1761480552922, -2.36, -18.07, -0.22, Left
1761480552970, -2.52, -17.06, 0.41, Left
1761480553016, -2.71, -16.18, 1.07, Left
1761480553065, -2.96, -15.75, 1.79, Left
1761480553109, -3.25, -15.65, 2.53, Left
1761480553156, -3.81, -15.32, 3.05, Left
1761480553204, -4.21, -14.62, 3.57, Left
1761480553253, -4.57, -13.88, 3.72, Left
1761480553300, -4.78, -13.34, 3.67, Left
1761480553343, -4.95, -12.67, 3.54, Left
1761480553390, -5.17, -12.27, 3.36, Left
1761480553436, -5.52, -12.13, 3.15, Left
1761480553484, -5.85, -12.00, 2.89, Left
1761480553531, -6.31, -11.98, 2.60, Left
1761480553576, -6.70, -11.98, 2.35, Left
1761480553625, -7.01, -12.18, 2.24, Left
1761480553672, -7.36, -12.78, 2.14, Left
1761480553717, -7.45, -13.06, 2.07, Left
1761480553767, -7.47, -13.35, 2.04, Left
1761480553813, -7.58, -13.60, 1.98, Left
1761480553859, -7.59, -13.93, 1.92, Left
1761480553905, -7.53, -13.87, 1.83, Left
1761480553951, -7.50, -13.89, 1.77, Left
1761480553998, -7.34, -14.01, 1.67, Left
1761480554045, -7.24, -13.98, 1.51, Left
1761480554093, -7.09, -13.92, 1.37, Left
1761480554138, -6.73, -14.08, 1.29, Left
1761480554182, -6.41, -14.60, 1.18, Left
1761480554229, -6.09, -14.86, 1.04, Left
1761480554274, -5.68, -15.44, 0.96, Left
1761480554321, -5.23, -15.86, 0.86, Left
1761480554369, -4.83, -16.56, 0.81, Left
1761480554415, -4.45, -17.22, 0.80, Left
1761480554460, -4.05, -17.51, 0.83, Left
1761480554508, -3.55, -18.06, 0.99, Left
1761480554554, -3.08, -18.74, 1.13, Left
1761480554600, -2.86, -19.30, 1.24, Left
1761480554649, -2.64, -19.26, 1.34, Left
1761480554696, -2.55, -19.36, 1.50, Left
1761480554741, -2.62, -19.71, 1.68, Left
1761480554786, -2.73, -20.14, 1.93, Left
1761480554837, -2.94, -20.34, 2.18, Left
1761480554883, -3.10, -20.66, 2.46, Left
1761480554927, -3.23, -20.77, 2.65, Left
1761480554977, -3.54, -20.77, 2.73, Left
1761480555022, -3.84, -20.63, 2.76, Left
1761480555068, -4.17, -20.46, 2.74, Left
1761480555116, -4.49, -20.21, 2.68, Left
1761480555163, -4.77, -20.00, 2.60, Left
1761480555210, -4.90, -19.51, 2.46, Left
1761480555254, -5.01, -18.99, 2.25, Left
1761480555302, -4.97, -18.75, 2.06, Left
1761480555348, -4.83, -18.29, 1.86, Left
1761480555396, -4.50, -18.11, 1.73, Left
1761480555441, -4.51, -19.01, 1.75, Left
1761480555488, -4.59, -20.07, 1.83, Left
1761480555536, -4.25, -21.55, 2.08, Left
1761480555581, -3.61, -24.91, -15.48, Left
1761480555628, -2.88, -28.35, -32.99, Left
1761480555675, -2.27, -31.75, -50.55, Left
1761480555720, -2.08, -33.39, -50.26, Left
1761480555765, -2.19, -35.22, -50.07, Left
1761480555811, -2.35, -36.92, -49.89, Left
1761480555855, -2.70, -37.95, -49.59, Left
1761480555903, -2.47, -37.29, -49.37, Left
1761480555949, -2.16, -35.99, -49.13, Left
1761480555995, -2.26, -34.27, -49.06, Left
1761480556044, -2.57, -30.90, -31.13, Left
1761480556089, -2.93, -27.39, -13.26, Left
1761480556137, -3.27, -23.82, 4.63, Left
1761480556183, -3.12, -21.68, 4.70, Left
1761480556232, -2.67, -19.41, 4.91, Left
1761480556278, -2.14, -17.24, 5.07, Left
1761480556325, -1.98, -16.20, 5.11, Left
1761480556371, -1.76, -16.00, 5.15, Left
1761480556417, -1.76, -17.02, 5.05, Left
1761480556460, -1.86, -18.48, 4.80, Left
1761480556511, -2.07, -20.30, 4.49, Left
1761480556555, -2.13, -22.30, 4.21, Left
1761480556604, -1.73, -24.90, 4.23, Left
1761480556650, -1.33, -28.11, 4.34, Left
1761480556696, -0.13, -33.25, -12.95, Left
1761480556743, 1.05, -38.73, -30.02, Left
1761480556791, 2.56, -43.84, -47.12, Left
1761480556837, 3.91, -48.96, -64.14, Left
1761480556886, 5.60, -53.26, -80.88, Left
1761480556930, 6.99, -56.59, -97.97, Left
1761480556979, 8.59, -58.84, -114.89, Left
1761480557023, 9.51, -58.93, -114.35, Left
1761480557074, 9.78, -58.03, -114.40, Left
1761480557119, 9.67, -56.34, -114.75, Left
1761480557167, 8.92, -51.94, -97.82, Left
1761480557212, 8.13, -46.82, -81.28, Left
1761480557259, 7.67, -40.82, -65.03, Left
1761480557305, 7.10, -34.61, -48.98, Left
1761480557353, 6.47, -28.27, -33.10, Left
1761480557398, 6.05, -22.48, -16.73, Left
1761480557447, 5.48, -17.58, -0.37, Left
1761480557491, 5.44, -14.61, -1.55, Left
1761480557539, 5.70, -11.98, -2.35, Left
1761480557584, 6.26, -9.84, -2.92, Forward
1761480557629, 6.30, -9.45, -3.26, Forward
1761480557677, 6.18, -9.57, -3.44, Forward
1761480557722, 5.73, -10.16, -3.38, Left
1761480557766, 5.49, -10.58, -3.30, Left
1761480557812, 5.26, -11.35, -3.19, Left
1761480557860, 5.33, -11.96, -3.01, Left
1761480557909, 5.42, -12.42, -2.83, Left
1761480557954, 5.57, -13.05, -2.49, Left
1761480558001, 5.60, -13.95, -2.13, Left
1761480558051, 5.63, -15.03, -1.79, Left
1761480558095, 6.09, -14.90, -1.59, Left
1761480558142, 6.52, -14.92, -1.30, Left
1761480558187, 7.05, -15.28, -0.99, Left
1761480558235, 7.47, -15.64, -0.67, Left
1761480558285, 7.62, -15.77, -0.45, Left
1761480558330, 7.73, -15.44, -0.39, Left
1761480558378, 7.70, -15.25, -0.39, Left
1761480558424, 7.63, -14.77, -0.58, Left
1761480558469, 7.59, -14.06, -0.79, Left
1761480558516, 7.50, -13.12, -1.02, Left
1761480558559, 7.31, -12.27, -1.28, Left
1761480558608, 7.30, -11.21, -1.60, Left
1761480558654, 7.18, -10.02, -1.87, Left
1761480558700, 6.95, -8.89, -2.16, Forward
1761480558748, 6.91, -7.87, -2.36, Forward
1761480558795, 6.74, -7.44, -2.44, Forward
1761480558842, 6.72, -6.88, -2.57, Forward
1761480558888, 6.63, -6.45, -2.58, Forward
1761480558934, 6.74, -5.97, -2.67, Forward
1761480558982, 6.81, -5.52, -2.73, Forward
1761480559026, 6.88, -4.97, -2.83, Forward
1761480559074, 6.87, -4.65, -2.95, Forward
1761480559122, 6.91, -4.37, -3.07, Forward
1761480559166, 6.97, -4.15, -3.11, Forward
1761480559215, 7.02, -4.16, -3.10, Forward
1761480559260, 7.09, -4.21, -3.14, Forward
1761480559305, 7.05, -4.18, -3.13, Forward
1761480559351, 6.99, -4.80, -3.00, Forward
1761480559397, 6.92, -5.31, -2.81, Forward
1761480559446, 6.45, -6.76, -2.35, Forward
1761480559494, 5.87, -8.38, -1.81, Forward
1761480559538, 5.48, -9.83, -1.19, Forward
1761480559586, 5.04, -11.49, -0.54, Left
1761480559633, 4.59, -13.20, 0.07, Left
1761480559680, 4.02, -14.97, 0.66, Left
1761480559725, 3.59, -16.58, 1.27, Left
1761480559772, 3.42, -18.19, 1.95, Left
1761480559819, 3.11, -19.31, 2.41, Left
1761480559864, 2.85, -20.27, 2.88, Left
1761480559908, 2.88, -20.39, 3.00, Left
1761480559956, 3.14, -20.52, 3.14, Left
1761480560006, 3.27, -20.75, 3.27, Left
1761480560050, 3.27, -20.72, 3.38, Left
1761480560097, 3.21, -21.02, 3.58, Left
1761480560143, 3.33, -21.09, 3.84, Left
1761480560190, 3.50, -21.26, 4.15, Left
1761480560239, 3.25, -21.68, 4.29, Left
1761480560281, 3.17, -21.89, 4.47, Left
1761480560329, 2.98, -22.30, 4.63, Left
1761480560374, 2.88, -22.62, 4.83, Left
1761480560421, 2.58, -23.14, 4.97, Left
1761480560467, 2.35, -23.51, 5.12, Left
1761480560514, 2.08, -24.21, 5.23, Left
1761480560561, 2.03, -24.55, 5.30, Left
1761480560608, 1.85, -24.91, 5.27, Left
1761480560653, 1.51, -25.35, 5.19, Left
1761480560700, 1.43, -25.57, 5.18, Left
1761480560745, 1.41, -25.95, 5.22, Left
1761480560793, 1.17, -26.32, 5.15, Left
1761480560840, 0.98, -26.82, 5.10, Left
1761480560885, 0.94, -27.13, 5.18, Left
1761480560933, 0.75, -27.45, 5.14, Left
1761480560977, 0.64, -27.62, 5.14, Left
1761480561024, 0.29, -28.03, 5.19, Left
1761480561072, 0.10, -28.07, 5.30, Left
1761480561118, 0.07, -27.83, 5.39, Left
1761480561163, 0.14, -27.62, 5.50, Left
1761480561210, 0.22, -26.02, 4.92, Left
1761480561258, 0.42, -24.58, 4.36, Left
1761480561305, 0.59, -22.68, 3.72, Left
1761480561351, 0.67, -20.15, 2.90, Left
1761480561396, 0.85, -17.53, 2.14, Left
1761480561443, 1.29, -14.55, 1.30, Left
1761480561489, 1.87, -11.38, 0.41, Left
1761480561536, 2.34, -8.22, -0.57, Forward
1761480561582, 2.75, -5.12, -1.56, Forward
1761480561631, 2.98, -1.89, -2.63, Forward
1761480561676, 3.27, 0.21, -3.04, Forward
1761480561723, 3.57, 2.38, -3.41, Forward
1761480561770, 3.98, 4.11, -3.76, Forward
1761480561816, 4.36, 5.14, -3.98, Forward
1761480561861, 4.57, 6.14, -4.28, Forward
1761480561907, 4.70, 6.76, -4.55, Forward
1761480561955, 4.86, 7.48, -4.83, Forward
1761480562002, 5.06, 7.90, -5.06, Forward
1761480562050, 5.09, 8.03, -5.17, Forward
1761480562094, 5.20, 7.82, -5.24, Forward
1761480562141, 5.29, 7.75, -5.36, Forward
1761480562189, 5.40, 7.65, -5.42, Forward
1761480562235, 5.39, 7.81, -5.44, Forward
1761480562282, 5.47, 7.30, -5.38, Forward
1761480562327, 5.65, 6.83, -5.27, Forward
1761480562377, 5.81, 6.36, -5.12, Forward
1761480562420, 5.98, 5.62, -4.97, Forward
1761480562469, 6.05, 5.03, -4.86, Forward
1761480562515, 6.14, 4.06, -4.79, Forward
1761480562560, 6.19, 3.61, -4.74, Forward
1761480562607, 6.14, 2.49, -4.59, Forward
1761480562650, 6.06, 2.07, -4.42, Forward
1761480562700, 6.15, 1.08, -4.14, Forward
1761480562746, 6.12, 0.76, -3.94, Forward
1761480562791, 6.16, 0.54, -3.74, Forward
1761480562841, 6.16, 0.47, -3.51, Forward
1761480562885, 6.11, 0.47, -3.17, Forward
1761480562935, 6.17, 0.28, -2.73, Forward
1761480562978, 6.37, 0.43, -2.32, Forward
1761480563026, 6.61, 0.50, -1.89, Forward
1761480563074, 6.82, 0.86, -1.48, Forward
1761480563118, 7.11, 0.54, -1.11, Forward
1761480563163, 7.22, 0.47, -0.78, Forward
1761480563212, 7.39, 0.53, -0.42, Forward
1761480563257, 7.20, 0.69, -0.04, Forward
1761480563306, 7.07, 0.65, 0.31, Forward
1761480563350, 6.81, 0.52, 0.59, Forward
1761480563399, 6.50, 0.51, 0.79, Forward
1761480563445, 6.16, 0.48, 1.01, Forward
1761480563489, 5.66, 0.33, 1.22, Forward
1761480563538, 5.21, 0.22, 1.41, Forward
1761480563584, 4.76, 0.19, 1.56, Forward
1761480563628, 4.12, 0.10, 1.74, Forward
1761480563675, 3.56, 0.25, 1.83, Forward
1761480563721, 3.25, 0.31, 1.96, Forward
1761480563769, 2.76, 0.30, 2.21, Forward
1761480563815, 2.40, 0.40, 2.44, Forward
1761480563860, 2.06, 0.68, 2.69, Forward
1761480563909, 1.71, 0.96, 2.91, Forward
1761480563956, 1.46, 1.25, 3.26, Forward
1761480564005, 1.16, 1.39, 3.64, Forward
1761480564052, 0.97, 1.29, 4.10, Forward
1761480564098, 0.93, 1.63, 4.40, Forward
1761480564147, 0.90, 1.48, 4.76, Forward
1761480564191, 0.90, 1.18, 5.09, Forward
1761480564237, 0.93, 0.90, 5.32, Forward
1761480564284, 0.82, 0.34, 5.56, Forward
1761480564331, 0.61, -0.94, 5.94, Forward
1761480564379, 0.39, -2.05, 6.45, Forward
1761480564424, 0.14, -2.86, 6.77, Forward
1761480564474, -0.20, -3.66, 7.15, Forward
1761480564518, -0.76, -4.33, 7.48, Forward
1761480564564, -1.24, -5.26, 7.91, Forward
1761480564615, -1.89, -6.09, 8.28, Forward
1761480564658, -2.54, -7.07, 8.66, Forward
1761480564707, -3.09, -7.53, 8.95, Forward
1761480564751, -3.53, -7.98, 9.15, Forward
1761480564796, -3.89, -7.99, 9.18, Forward
1761480564845, -4.27, -7.81, 9.00, Forward
1761480564891, -4.61, -8.40, 8.95, Forward
1761480564936, -4.91, -9.03, 8.79, Forward
1761480564986, -5.11, -9.48, 8.61, Forward
1761480565031, -5.36, -10.02, 8.37, Left
1761480565079, -5.52, -10.46, 8.14, Left
1761480565125, -5.63, -10.61, 7.87, Left
1761480565173, -5.83, -11.04, 7.62, Left
1761480565219, -6.07, -11.38, 7.45, Left
1761480565266, -6.37, -11.64, 7.29, Left
1761480565312, -6.67, -12.27, 7.27, Left
1761480565359, -6.99, -12.41, 7.12, Left
1761480565404, -7.50, -12.53, 6.91, Left
1761480565452, -7.99, -12.78, 6.76, Left
1761480565496, -8.47, -12.82, 6.61, Left
1761480565544, -9.00, -12.84, 6.39, Left
1761480565591, -9.65, -13.07, 6.19, Left
1761480565639, -10.29, -13.46, 6.03, Left
1761480565683, -10.96, -13.88, 5.84, Left
1761480565729, -11.51, -14.40, 5.72, Left
1761480565777, -11.93, -14.61, 5.41, Left
1761480565825, -12.53, -14.84, 5.15, Left
1761480565870, -12.89, -14.69, 4.96, Left
1761480565916, -13.24, -14.41, 4.70, Left
1761480565960, -15.10, -15.21, 22.02, Left
1761480566009, -16.79, -16.36, 39.35, Left
1761480566054, -18.63, -17.02, 56.72, Left
1761480566101, -18.88, -16.40, 56.44, Left
1761480566150, -18.85, -15.79, 56.21, Left
1761480566194, -18.84, -14.77, 55.87, Left
1761480566245, -20.56, -14.85, 73.27, Left
1761480566290, -20.51, -13.75, 73.05, Left
1761480566336, -20.36, -13.11, 72.83, Left
1761480566382, -20.20, -12.62, 72.61, Left
1761480566429, -18.45, -11.28, 54.91, Left
1761480566475, -16.61, -9.78, 37.25, Down
1761480566522, -14.74, -8.87, 19.56, Down
1761480566568, -14.24, -9.24, 19.55, Down
1761480566617, -13.96, -9.10, 19.49, Down
1761480566663, -13.72, -9.24, 19.49, Down
1761480566709, -11.88, -8.49, 1.89, Down
1761480566755, -11.56, -9.02, 1.92, Down
1761480566801, -11.24, -9.00, 1.92, Down
1761480566849, -10.85, -8.93, 1.92, Down
1761480566892, -10.55, -8.81, 1.89, Down
1761480566943, -10.40, -8.48, 1.87, Down
1761480566986, -10.09, -7.95, 1.81, Down
1761480567037, -9.99, -7.30, 1.74, Forward
1761480567080, -9.78, -6.70, 1.70, Forward
1761480567127, -9.55, -6.41, 1.67, Forward
1761480567175, -9.19, -6.63, 1.63, Forward
1761480567223, -8.89, -6.94, 1.69, Forward
1761480567267, -8.68, -7.28, 1.73, Forward
1761480567313, -8.61, -8.11, 1.77, Forward
1761480567358, -8.51, -9.07, 1.82, Forward
1761480567406, -8.37, -9.97, 1.91, Forward
1761480567454, -7.96, -11.04, 1.90, Left
1761480567500, -7.43, -11.94, 1.86, Left
1761480567547, -6.58, -13.18, 1.62, Left
1761480567593, -5.93, -14.42, 1.29, Left
1761480567639, -5.36, -14.82, 0.89, Left
1761480567686, -4.77, -15.36, 0.46, Left
1761480567731, -4.25, -16.17, 0.02, Left
1761480567776, -3.63, -16.39, -0.42, Left
1761480567822, -2.96, -16.39, -0.89, Left
1761480567872, -2.12, -16.70, -1.37, Left
1761480567917, -1.57, -16.94, -1.84, Left
1761480567965, -1.16, -17.28, -2.29, Left
1761480568011, -1.20, -17.43, -2.61, Left
1761480568059, -1.14, -17.24, -2.87, Left
1761480568104, -1.13, -17.34, -3.09, Left
1761480568150, -1.03, -17.15, -3.27, Left
1761480568195, -0.86, -16.70, -3.39, Left
1761480568242, -0.68, -16.21, -3.47, Left
1761480568288, -0.82, -15.99, -3.37, Left
1761480568337, -1.29, -15.42, -3.26, Left
1761480568381, -1.73, -15.02, -3.05, Left
1761480568429, -2.26, -14.99, -2.80, Left
1761480568476, -2.75, -14.89, -2.56, Left
1761480568522, -3.26, -14.89, -2.19, Left
1761480568578, -4.04, -15.15, -1.84, Left
1761480568629, -4.95, -15.26, -1.53, Left
1761480568675, -5.86, -15.71, -1.26, Left
1761480568721, -6.92, -16.27, -1.04, Left
1761480568767, -7.75, -16.64, -0.95, Left
1761480568813, -8.37, -17.22, -0.91, Left
1761480568861, -8.83, -17.72, -0.95, Left
1761480568908, -9.21, -18.08, -1.00, Left
1761480568951, -9.59, -18.50, -1.04, Left
1761480569000, -10.16, -19.12, -1.18, Left
1761480569044, -12.00, -20.66, 15.84, Left
1761480569090, -13.85, -22.49, 32.85, Left
1761480569140, -15.81, -24.09, 49.87, Left
1761480569187, -17.63, -25.85, 66.89, Left
1761480569234, -19.82, -26.93, 83.84, Left
1761480569280, -22.21, -28.48, 100.61, Left
1761480569327, -22.59, -28.82, 100.61, Left
1761480569374, -25.00, -30.28, 117.34, Left
1761480569422, -27.57, -31.57, 133.96, Left
1761480569469, -29.83, -32.98, 150.54, Left
1761480569516, -30.50, -33.04, 150.06, Left
1761480569561, -31.24, -32.62, 149.48, Left
1761480569609, -32.22, -32.06, 148.90, Left
1761480569653, -33.35, -31.36, 148.29, Left
1761480569698, -34.24, -31.16, 147.67, Left
1761480569745, -34.82, -30.67, 147.22, Left
1761480569792, -37.46, -31.20, 163.62, Left
1761480569841, -37.43, -30.58, 163.20, Left
1761480569885, -37.30, -30.10, 162.97, Left
1761480569931, -37.49, -29.97, 162.30, Left
1761480569978, -37.77, -30.14, 161.39, Left
1761480570025, -37.81, -31.03, 160.47, Left
1761480570073, -37.61, -32.15, 159.51, Left
1761480570119, -34.81, -32.16, 142.18, Left
1761480570165, -31.87, -32.09, 124.84, Left
1761480570213, -29.04, -32.17, 107.61, Left
1761480570258, -26.16, -32.53, 90.32, Left
1761480570306, -22.96, -33.58, 73.43, Left
1761480570353, -19.67, -34.87, 56.58, Left
1761480570395, -16.07, -35.68, 40.21, Left
1761480570444, -13.05, -38.70, 41.17, Left
1761480570490, -9.39, -39.18, 24.99, Left
1761480570533, -5.62, -39.74, 8.85, Left
1761480570582, -4.30, -41.31, 9.12, Left
1761480570626, -2.79, -43.05, 9.50, Left
1761480570676, -0.79, -46.24, 28.35, Left
1761480570721, 1.51, -48.70, 11.39, Left
1761480570767, 3.36, -50.04, -5.72, Left
1761480570814, 7.52, -52.71, -20.80, Left
1761480570858, 8.54, -51.28, -20.61, Left
1761480570907, 10.20, -47.04, -37.64, Left
1761480570952, 11.17, -44.70, -37.36, Left
1761480571000, 12.27, -40.99, -36.94, Left
1761480571044, 13.35, -37.10, -36.54, Left
1761480571091, 14.41, -33.06, -36.18, Left
1761480571138, 14.85, -27.10, -54.36, Left
1761480571184, 15.01, -21.14, -36.84, Left
1761480571230, 14.72, -15.58, -19.45, Left
1761480571278, 12.09, -8.17, -4.20, Up
1761480571324, 12.71, -4.68, -4.14, Up
1761480571368, 13.13, -0.85, -4.01, Up
1761480571415, 13.30, 2.73, -3.93, Up
1761480571461, 13.44, 4.96, -3.95, Up
1761480571510, 13.55, 6.94, -3.98, Up
1761480571555, 13.41, 8.85, -4.05, Up
1761480571600, 13.35, 10.65, -4.09, Right
1761480571649, 13.07, 12.03, -4.01, Right
1761480571695, 12.79, 13.14, -3.90, Right
1761480571741, 12.29, 13.52, -3.75, Right
1761480571786, 11.65, 13.77, -3.67, Right
1761480571830, 11.12, 13.02, -3.64, Right
1761480571880, 10.66, 12.48, -3.64, Right
1761480571925, 10.02, 11.91, -3.54, Right
1761480571970, 9.45, 11.09, -3.34, Right
1761480572018, 8.81, 9.83, -3.03, Forward
1761480572066, 8.04, 8.58, -2.65, Forward
1761480572112, 7.32, 6.64, -2.01, Forward
1761480572159, 6.68, 4.90, -1.46, Forward
1761480572205, 6.26, 3.57, -0.89, Forward
1761480572254, 5.81, 2.37, -0.33, Forward
1761480572298, 5.44, 1.30, 0.33, Forward
1761480572347, 5.14, -0.17, 1.01, Forward
1761480572393, 4.95, -1.45, 1.57, Forward
1761480572440, 4.67, -2.49, 2.10, Forward
1761480572486, 4.55, -3.51, 2.60, Forward
1761480572532, 4.49, -4.51, 3.04, Forward
1761480572581, 4.45, -4.89, 3.24, Forward
1761480572626, 4.34, -5.15, 3.47, Forward
1761480572674, 4.19, -5.30, 3.62, Forward
1761480572720, 4.01, -5.84, 3.82, Forward
1761480572766, 3.72, -6.19, 3.93, Forward
1761480572813, 3.27, -6.73, 3.89, Forward
1761480572862, 2.74, -7.50, 3.89, Forward
1761480572909, 2.10, -8.51, 3.88, Forward
1761480572953, 1.33, -9.08, 3.70, Forward
1761480573001, 0.58, -9.87, 3.46, Forward
1761480573049, -0.34, -10.75, 3.20, Left
1761480573093, -1.19, -11.55, 2.93, Left
1761480573137, -2.13, -12.82, 2.71, Left
1761480573183, -3.02, -13.75, 2.46, Left
1761480573229, -3.94, -14.91, 2.20, Left
1761480573277, -4.72, -15.97, 2.07, Left
1761480573322, -5.36, -16.78, 1.91, Left
1761480573369, -5.79, -17.45, 1.75, Left
1761480573419, -6.11, -18.24, 1.69, Left
1761480573463, -6.48, -19.19, 1.67, Left
1761480573510, -6.69, -19.83, 1.60, Left
1761480573558, -6.98, -20.69, 1.50, Left
1761480573606, -7.14, -21.21, 1.37, Left
1761480573651, -7.31, -21.62, 1.21, Left
1761480573697, -7.40, -22.06, 1.14, Left
1761480573745, -7.44, -22.18, 0.99, Left
1761480573788, -7.59, -22.27, 0.90, Left
1761480573836, -7.87, -22.32, 0.77, Left
1761480573881, -8.16, -22.14, 0.61, Left
1761480573928, -8.37, -21.60, 0.44, Left
1761480573975, -8.73, -21.24, 0.30, Left
1761480574023, -9.14, -20.88, 0.17, Left
1761480574070, -9.31, -20.37, 0.15, Left
1761480574113, -9.52, -19.83, 0.13, Left
1761480574179, -9.62, -18.92, 0.03, Left
1761480574223, -9.67, -18.32, 0.01, Left
1761480574271, -9.83, -17.93, -0.02, Left
1761480574315, -9.92, -17.67, -0.00, Left
1761480574363, -9.92, -17.52, -0.00, Left
1761480574410, -9.91, -17.38, 0.04, Left
1761480574456, -9.56, -17.32, 0.20, Left
1761480574502, -9.29, -16.95, 0.36, Left
1761480574548, -9.34, -17.01, 0.48, Left
1761480574596, -9.20, -17.03, 0.66, Left
1761480574642, -9.12, -17.24, 0.88, Left
1761480574687, -8.96, -17.35, 1.13, Left
1761480574734, -8.73, -17.30, 1.35, Left
1761480574781, -8.39, -17.18, 1.55, Left
1761480574827, -8.14, -17.18, 1.71, Left
1761480574876, -7.97, -17.29, 1.86, Left
1761480574921, -7.91, -17.37, 1.90, Left
1761480574968, -7.76, -17.80, 1.92, Left
1761480575012, -7.36, -18.01, 1.90, Left
1761480575058, -7.04, -18.63, 1.81, Left
1761480575107, -6.74, -19.38, 1.58, Left
1761480575152, -6.37, -20.33, 1.14, Left
1761480575199, -5.92, -21.54, 0.74, Left
1761480575246, -5.53, -22.63, 0.34, Left
1761480575290, -5.14, -23.82, 0.00, Left
1761480575339, -4.72, -25.04, -0.42, Left
1761480575386, -4.40, -26.27, -0.84, Left
1761480575429, -3.93, -27.15, -1.32, Left
1761480575476, -3.52, -27.97, -1.81, Left
1761480575524, -3.25, -28.47, -2.24, Left
1761480575571, -3.08, -28.99, -2.53, Left
1761480575619, -3.16, -29.29, -2.66, Left
1761480575664, -3.25, -29.32, -2.79, Left
1761480575712, -3.33, -29.50, -2.94, Left
1761480575758, -3.36, -29.32, -3.11, Left
1761480575804, -3.39, -29.05, -3.29, Left
1761480575850, -3.31, -28.70, -3.44, Left
1761480575899, -3.47, -28.66, -3.44, Left
1761480575946, -3.61, -28.64, -3.33, Left
1761480575992, -3.79, -28.66, -3.33, Left
1761480576040, -3.72, -28.43, -3.34, Left
1761480576085, -3.56, -28.12, -3.30, Left
1761480576133, -3.40, -27.82, -3.32, Left
1761480576178, -3.34, -27.46, -3.32, Left
1761480576224, -3.31, -27.13, -3.30, Left
1761480576271, -3.18, -26.77, -3.25, Left
1761480576317, -3.13, -26.45, -3.21, Left
1761480576362, -2.88, -26.00, -3.23, Left
1761480576410, -2.72, -25.52, -3.34, Left
1761480576459, -2.47, -25.13, -3.43, Left
1761480576504, -2.36, -24.74, -3.57, Left
1761480576548, -2.29, -24.63, -3.74, Left
1761480576598, -2.15, -24.44, -3.80, Left
1761480576645, -2.01, -24.24, -3.82, Left
1761480576691, -1.90, -24.19, -3.84, Left
1761480576735, -1.85, -24.29, -3.79, Left
1761480576783, -1.90, -24.56, -3.72, Left
1761480576829, -2.02, -24.72, -3.65, Left
1761480576878, -2.08, -24.78, -3.50, Left
1761480576925, -2.17, -25.22, -3.27, Left
1761480576970, -2.32, -26.13, -2.95, Left
1761480577016, -2.36, -26.84, -2.63, Left
1761480577062, -2.47, -27.85, -2.29, Left
1761480577109, -2.58, -29.04, -2.03, Left
1761480577155, -2.63, -30.50, -1.67, Left
1761480577200, -2.62, -31.83, -1.25, Left
1761480577247, -2.36, -32.80, -0.80, Left
1761480577292, -1.65, -35.83, -18.34, Left
1761480577340, -1.07, -37.09, -17.93, Left
1761480577388, -0.38, -37.95, -17.62, Left
1761480577432, 0.42, -38.39, -17.51, Left
1761480577481, 1.19, -38.35, -17.59, Left
1761480577526, 1.95, -37.98, -17.93, Left
1761480577574, 2.58, -37.41, -18.38, Left
1761480577621, 3.18, -36.12, -18.95, Left
1761480577667, 3.75, -33.19, -19.53, Left
1761480577716, 3.92, -30.32, -20.16, Left
1761480577762, 3.65, -25.34, -2.74, Left
1761480577810, 3.41, -22.12, -3.27, Left
1761480577854, 3.39, -17.04, -3.88, Left
1761480577903, 3.33, -11.25, -4.41, Left
1761480577949, 3.01, -5.48, -4.80, Forward
1761480577995, 2.52, -0.58, -4.92, Forward
1761480578043, 1.89, 4.78, -4.99, Forward
1761480578088, 0.98, 8.85, -4.71, Forward
1761480578135, -0.43, 10.40, -4.52, Right
1761480578180, -1.94, 10.86, -4.30, Right
1761480578227, -3.77, 10.82, -4.38, Right
1761480587800, -7.10, 13.09, -3.81, Right
1761480587910, -10.04, 14.36, -3.49, Right
1761480587967, -12.95, 14.89, 15.02, Right
1761480588014, -14.01, 10.39, 33.29, Right
1761480588063, -16.91, 9.40, 15.86, Down
1761480588109, -19.78, 7.39, -1.55, Down
1761480588156, -22.82, 5.75, 16.67, Down
1761480588201, -25.07, 5.59, -0.92, Down
1761480588248, -26.98, 6.13, -18.52, Down
1761480588297, -28.57, 6.73, -35.93, Down
1761480588342, -28.62, 4.96, -54.04, Down
1761480588389, -27.37, 3.08, -53.93, Down
1761480588438, -27.79, -0.38, -54.01, Down
1761480588483, -28.14, 1.49, -71.69, Down
1761480588531, -26.33, 0.82, -53.84, Down
1761480588577, -24.24, 0.70, -35.99, Down
1761480588624, -21.70, 2.03, -54.16, Down
1761480588671, -19.54, 3.13, -36.58, Down
1761480588716, -17.33, 5.21, -19.02, Down
1761480588765, -15.07, 7.74, -1.40, Down
1761480588812, -12.91, 9.55, 16.33, Down
1761480588855, -12.69, 10.72, 16.22, Right
1761480588905, -10.81, 13.49, -1.81, Right
1761480588950, -10.47, 15.95, -1.99, Right
1761480588995, -10.41, 18.31, -2.12, Right
1761480589041, -10.37, 20.49, -2.22, Right
1761480589090, -10.33, 21.77, -2.23, Right
1761480589138, -10.22, 22.60, -2.22, Right
1761480589181, -10.19, 22.75, -2.21, Right
1761480589231, -10.18, 22.91, -2.24, Right
1761480589279, -10.16, 23.85, -2.36, Right
1761480589321, -10.23, 24.66, -2.47, Right
1761480589372, -10.26, 25.34, -2.61, Right
1761480589417, -10.48, 25.14, -2.68, Right
1761480589463, -10.38, 24.93, -2.85, Right
1761480589512, -10.36, 24.99, -3.01, Right
1761480589557, -10.35, 24.82, -3.17, Right
1761480589604, -10.38, 24.81, -3.28, Right
1761480589653, -10.37, 24.64, -3.35, Right
1761480589697, -10.23, 23.97, -3.42, Right
1761480589744, -9.87, 23.00, -3.53, Right
1761480589791, -9.29, 21.82, -3.68, Right
1761480589837, -8.64, 20.23, -3.82, Right
1761480589885, -7.97, 19.35, -4.03, Right
1761480589931, -7.46, 18.15, -4.13, Right
1761480589979, -6.79, 16.82, -4.26, Right
1761480590027, -6.07, 15.25, -4.34, Right
1761480590073, -5.39, 13.67, -4.50, Right
1761480590120, -6.88, 11.29, 13.71, Right
1761480590217, -7.43, 10.14, 13.55, Right
1761480590276, -8.48, 9.40, 13.32, Forward
1761480594350, -11.44, 9.34, 12.72, Down
1761480594391, -11.16, 13.67, 28.55, Right
1761480594439, -11.07, 17.89, 44.28, Right
1761480594485, -14.24, 18.60, 43.49, Right
1761480594534, -17.46, 19.27, 42.77, Right
1761480594580, -20.74, 20.20, 41.90, Right
1761480594627, -21.74, 25.36, 57.95, Right
1761480594671, -20.84, 31.45, 55.83, Right
1761480594721, -22.38, 36.75, 72.74, Right
1761480594766, -24.45, 37.26, 71.87, Right
1761480594814, -24.82, 37.39, 71.45, Right
1761480594860, -28.46, 33.60, 54.50, Right
1761480594909, -32.06, 29.52, 37.69, Right
1761480607648, -31.79, 25.42, 38.04, Right
1761480607707, -31.31, 21.55, 38.56, Right
1761480607822, -29.32, 18.81, 39.70, Right
1761480607876, -29.60, 12.11, 23.96, Right
1761480607923, -29.44, 5.45, 8.03, Down
1761480607969, -27.88, -1.35, -8.47, Down
1761480608017, -25.03, -4.10, -6.94, Down
1761480608062, -22.20, -7.22, -5.51, Down
1761480608110, -19.31, -10.14, -3.95, Left
1761480608157, -16.29, -12.98, -2.44, Left
1761480608204, -13.76, -12.26, -1.58, Left
1761480608249, -11.15, -11.05, -1.04, Left
1761480608296, -9.97, -11.12, -0.97, Left
1761480608342, -8.72, -10.91, -1.01, Left
1761480608391, -7.38, -11.24, -1.17, Left
1761480608437, -6.30, -11.76, -1.37, Left
1761480608482, -5.84, -12.11, -1.78, Left
1761480608530, -5.28, -12.00, -2.18, Left
1761480608575, -4.99, -12.41, -2.55, Left
1761480608622, -4.67, -12.73, -2.89, Left
1761480608671, -4.60, -13.42, -3.21, Left
1761480608715, -4.75, -14.59, -3.43, Left
1761480608764, -5.19, -15.90, -3.68, Left
1761480608816, -5.76, -17.78, -3.81, Left
1761480608875, -6.45, -18.88, -3.86, Left
1761480608919, -7.07, -19.98, -3.92, Left
1761480608965, -7.29, -20.40, -3.87, Left
1761480609012, -7.61, -21.08, -3.76, Left
1761480609058, -7.83, -21.31, -3.73, Left
1761480609102, -7.95, -21.08, -3.63, Left
1761480609149, -7.93, -20.27, -3.52, Left
1761480609197, -7.91, -19.08, -3.39, Left
1761480609246, -7.70, -17.72, -3.20, Left
1761480609293, -7.49, -16.82, -2.94, Left
1761480609339, -7.43, -15.92, -2.70, Left
1761480609382, -7.24, -14.75, -2.42, Left
1761480609430, -7.39, -13.73, -2.09, Left
1761480609479, -7.48, -12.85, -1.74, Left
1761480609525, -7.48, -11.77, -1.40, Left
1761480609572, -7.68, -11.24, -1.06, Left
1761480609619, -8.04, -10.92, -0.77, Left
1761480609667, -8.33, -10.96, -0.47, Left
1761480609714, -8.62, -9.61, -0.26, Forward
1761480609759, -8.75, -6.70, -0.25, Forward
1761480609806, -8.90, -4.11, -0.25, Forward
1761480609852, -9.15, -1.05, -0.31, Forward
1761480609898, -9.25, 1.70, -0.50, Forward
1761480609946, -9.23, 4.77, -0.78, Forward
1761480609991, -9.25, 7.39, -1.02, Forward
1761480610038, -9.22, 10.23, -1.30, Right
1761480610084, -9.06, 13.06, -1.56, Right
1761480610132, -9.16, 16.03, -1.86, Right
1761480610178, -9.37, 17.97, -2.04, Right
1761480610226, -9.61, 18.54, -2.12, Right
1761480610272, -9.86, 18.88, -2.15, Right
1761480610318, -10.02, 18.54, -2.11, Right
1761480610364, -10.16, 17.11, -1.97, Right
1761480610411, -10.52, 15.31, -1.76, Right
1761480610455, -10.88, 13.26, -1.59, Right
1761480610501, -11.39, 9.27, -1.35, Down
1761480610550, -11.90, 5.32, -1.06, Down
1761480610595, -12.33, 1.02, -0.75, Down
1761480610642, -12.56, -3.60, -0.52, Down
1761480610690, -12.84, -8.07, -0.25, Down
1761480610735, -13.24, -12.45, -0.07, Left
1761480610783, -13.60, -16.67, 0.09, Left
1761480610830, -13.98, -19.80, 0.09, Left
1761480610879, -14.18, -22.40, 0.03, Left
1761480610923, -14.40, -24.67, -0.02, Left
1761480610970, -14.46, -25.11, -0.13, Left
1761480611016, -14.50, -25.29, -0.25, Left
1761480611059, -14.45, -25.41, -0.35, Left
1761480611107, -14.44, -25.37, -0.42, Left
1761480611155, -14.45, -25.33, -0.50, Left
1761480611201, -14.25, -25.15, -0.45, Left
1761480611246, -14.07, -24.87, -0.44, Left
1761480611294, -13.93, -24.41, -0.37, Left
1761480611342, -13.79, -24.14, -0.22, Left
1761480611388, -13.64, -23.82, -0.05, Left
1761480611434, -13.49, -23.46, 0.15, Left
1761480611482, -13.31, -23.23, 0.35, Left
1761480611528, -13.35, -23.19, 0.55, Left
1761480611577, -13.39, -23.03, 0.73, Left
1761480611621, -13.37, -22.82, 0.95, Left
1761480611667, -13.39, -22.72, 1.05, Left
1761480611715, -13.39, -22.64, 1.19, Left
1761480611760, -13.41, -22.66, 1.35, Left
1761480611808, -13.42, -22.55, 1.46, Left
1761480611852, -13.49, -22.57, 1.55, Left
1761480611898, -13.70, -22.46, 1.59, Left
1761480611948, -13.82, -22.42, 1.65, Left
1761480611994, -13.83, -22.16, 1.69, Left
1761480612039, -13.87, -22.10, 1.75, Left
1761480612084, -14.02, -22.04, 1.75, Left
1761480612129, -14.04, -24.54, -16.20, Left
1761480612176, -14.24, -24.24, -16.14, Left
1761480612224, -14.41, -23.87, -16.05, Left
1761480612267, -14.66, -23.78, -15.96, Left
1761480612315, -14.91, -23.47, -15.90, Left
1761480612363, -15.04, -23.33, -15.82, Left
1761480612411, -15.07, -25.92, -33.76, Left
1761480612455, -14.98, -28.64, -51.68, Left
1761480612502, -14.77, -31.32, -69.58, Left
1761480612550, -14.91, -31.16, -69.54, Left
1761480612594, -14.90, -31.15, -69.49, Left
1761480612642, -14.55, -34.04, -87.34, Left
1761480612690, -14.21, -37.05, -105.22, Left
1761480612737, -14.21, -37.07, -105.22, Left
1761480612784, -14.11, -37.27, -105.15, Left
1761480612830, -13.98, -37.43, -105.10, Left
1761480612878, -14.18, -34.93, -87.13, Left
1761480612925, -14.44, -32.28, -69.21, Left
1761480612970, -14.78, -29.71, -51.36, Left
1761480613016, -14.68, -29.86, -51.38, Left
1761480613062, -14.87, -27.14, -33.39, Left
1761480613108, -14.96, -27.26, -33.50, Left
1761480613155, -15.40, -24.46, -15.66, Left
1761480613199, -15.45, -24.51, -15.72, Left
1761480613249, -15.55, -24.51, -15.76, Left
1761480613294, -15.58, -24.62, -15.83, Left
1761480613340, -15.61, -24.65, -15.87, Left
1761480613386, -15.60, -24.74, -15.90, Left
1761480613436, -15.61, -24.84, -15.87, Left
1761480613480, -15.61, -24.99, -15.88, Left
1761480613526, -15.67, -25.17, -15.93, Left
1761480613572, -15.92, -22.48, 2.01, Left
1761480613617, -15.82, -22.69, 1.98, Left
1761480613679, -15.69, -22.87, 1.94, Left
1761480613739, -15.57, -23.10, 1.79, Left
1761480613801, -15.53, -23.24, 1.73, Left
1761480613863, -15.40, -23.27, 1.67, Left
1761480613928, -14.96, -22.30, 1.58, Left
1761480613987, -14.57, -21.32, 1.44, Left
1761480614048, -14.17, -20.36, 1.29, Left
1761480614111, -13.64, -19.44, 1.11, Left
1761480614171, -13.08, -18.39, 0.87, Left
1761480614233, -12.52, -17.36, 0.70, Left
1761480614295, -11.91, -16.22, 0.52, Left
1761480614360, -10.65, -14.14, 0.47, Left
1761480614418, -9.40, -12.29, 0.33, Left
1761480614483, -8.21, -10.64, 0.25, Left
1761480614544, -7.43, -9.89, 0.09, Forward
1761480614606, -6.71, -9.53, -0.05, Forward
1761480614670, -6.06, -9.13, -0.17, Forward
1761480614731, -5.57, -8.66, -0.23, Forward
1761480614792, -4.94, -8.62, -0.07, Forward
1761480614855, -4.38, -8.24, 0.08, Forward
1761480614917, -3.98, -8.20, 0.21, Forward
1761480614980, -4.21, -9.04, 0.43, Forward
1761480615042, -4.46, -9.52, 0.70, Forward
1761480615105, -4.67, -9.94, 0.94, Forward
1761480615169, -4.71, -10.44, 1.33, Left
1761480615228, -4.61, -10.56, 1.77, Left
1761480615292, -4.42, -10.71, 2.26, Left
1761480615356, -4.20, -11.15, 2.75, Left
